edge_id,registration_number_1,registration_number_2,interaction_count,interaction_type
E00001,RA2311003010001,RA2311003010003,2,Event
E00002,RA2311003010001,RA2311003010004,1,Social
E00003,RA2311003010001,RA2311003010005,6,Social
E00004,RA2311003010001,RA2311003010006,5,Academic
E00005,RA2311003010001,RA2311003010008,1,Event
E00006,RA2311003010001,RA2311003010009,4,Social
E00007,RA2311003010001,RA2311003010011,5,Project
E00008,RA2311003010001,RA2311003010015,4,Event
E00009,RA2311003010001,RA2311003010016,2,Social
E00010,RA2311003010001,RA2311003010020,3,Project
E00011,RA2311003010001,RA2311003010021,2,Event
E00012,RA2311003010002,RA2311003010003,6,Social
E00013,RA2311003010002,RA2311003010005,6,Academic
E00014,RA2311003010002,RA2311003010006,1,Academic
E00015,RA2311003010002,RA2311003010010,2,Event
E00016,RA2311003010002,RA2311003010012,1,Social
E00017,RA2311003010002,RA2311003010014,7,Event
E00018,RA2311003010002,RA2311003010015,14,Project
E00019,RA2311003010002,RA2311003010016,1,Event
E00020,RA2311003010002,RA2311003010017,1,Academic
E00021,RA2311003010002,RA2311003010018,4,Event
E00022,RA2311003010002,RA2311003010019,3,Event
E00023,RA2311003010002,RA2311003010022,4,Academic
E00024,RA2311003010002,RA2311003010023,5,Social
E00025,RA2311003010003,RA2311003010004,3,Social
E00026,RA2311003010003,RA2311003010005,10,Social
E00027,RA2311003010003,RA2311003010008,7,Academic
E00028,RA2311003010003,RA2311003010009,1,Project
E00029,RA2311003010003,RA2311003010011,4,Academic
E00030,RA2311003010003,RA2311003010012,8,Academic
E00031,RA2311003010003,RA2311003010015,2,Academic
E00032,RA2311003010003,RA2311003010016,1,Academic
E00033,RA2311003010003,RA2311003010017,10,Academic
E00034,RA2311003010003,RA2311003010018,1,Project
E00035,RA2311003010003,RA2311003010019,2,Project
E00036,RA2311003010003,RA2311003010021,8,Project
E00037,RA2311003010004,RA2311003010006,3,Social
E00038,RA2311003010004,RA2311003010008,2,Academic
E00039,RA2311003010004,RA2311003010009,4,Academic
E00040,RA2311003010004,RA2311003010010,1,Project
E00041,RA2311003010004,RA2311003010012,7,Academic
E00042,RA2311003010004,RA2311003010014,2,Project
E00043,RA2311003010004,RA2311003010015,5,Project
E00044,RA2311003010004,RA2311003010017,5,Project
E00045,RA2311003010004,RA2311003010019,4,Academic
E00046,RA2311003010004,RA2311003010020,3,Event
E00047,RA2311003010005,RA2311003010006,5,Event
E00048,RA2311003010005,RA2311003010009,1,Project
E00049,RA2311003010005,RA2311003010010,1,Event
E00050,RA2311003010005,RA2311003010011,3,Academic
E00051,RA2311003010005,RA2311003010013,4,Academic
E00052,RA2311003010005,RA2311003010014,9,Academic
E00053,RA2311003010005,RA2311003010017,3,Event
E00054,RA2311003010005,RA2311003010020,12,Academic
E00055,RA2311003010005,RA2311003010021,2,Event
E00056,RA2311003010006,RA2311003010010,2,Project
E00057,RA2311003010006,RA2311003010012,5,Academic
E00058,RA2311003010006,RA2311003010013,3,Event
E00059,RA2311003010006,RA2311003010015,6,Academic
E00060,RA2311003010006,RA2311003010016,4,Academic
E00061,RA2311003010006,RA2311003010017,8,Academic
E00062,RA2311003010006,RA2311003010018,4,Academic
E00063,RA2311003010006,RA2311003010019,8,Social
E00064,RA2311003010006,RA2311003010020,2,Social
E00065,RA2311003010006,RA2311003010021,3,Social
E00066,RA2311003010008,RA2311003010009,1,Academic
E00067,RA2311003010008,RA2311003010010,1,Social
E00068,RA2311003010008,RA2311003010011,7,Academic
E00069,RA2311003010008,RA2311003010012,3,Project
E00070,RA2311003010008,RA2311003010013,4,Social
E00071,RA2311003010008,RA2311003010016,8,Social
E00072,RA2311003010008,RA2311003010017,2,Project
E00073,RA2311003010008,RA2311003010020,4,Social
E00074,RA2311003010008,RA2311003010022,3,Social
E00075,RA2311003010008,RA2311003010023,1,Academic
E00076,RA2311003010009,RA2311003010010,1,Social
E00077,RA2311003010009,RA2311003010011,4,Project
E00078,RA2311003010009,RA2311003010012,3,Event
E00079,RA2311003010009,RA2311003010013,1,Academic
E00080,RA2311003010009,RA2311003010016,6,Academic
E00081,RA2311003010009,RA2311003010017,3,Project
E00082,RA2311003010009,RA2311003010018,7,Social
E00083,RA2311003010009,RA2311003010022,4,Project
E00084,RA2311003010009,RA2311003010023,10,Event
E00085,RA2311003010010,RA2311003010013,10,Project
E00086,RA2311003010010,RA2311003010016,5,Social
E00087,RA2311003010010,RA2311003010017,2,Project
E00088,RA2311003010010,RA2311003010019,6,Academic
E00089,RA2311003010010,RA2311003010020,2,Event
E00090,RA2311003010010,RA2311003010023,2,Project
E00091,RA2311003010011,RA2311003010012,9,Academic
E00092,RA2311003010011,RA2311003010013,4,Event
E00093,RA2311003010011,RA2311003010015,1,Academic
E00094,RA2311003010011,RA2311003010017,1,Social
E00095,RA2311003010011,RA2311003010018,5,Social
E00096,RA2311003010011,RA2311003010019,2,Academic
E00097,RA2311003010011,RA2311003010020,1,Social
E00098,RA2311003010011,RA2311003010021,2,Project
E00099,RA2311003010011,RA2311003010022,4,Social
E00100,RA2311003010012,RA2311003010013,3,Social
E00101,RA2311003010012,RA2311003010015,3,Social
E00102,RA2311003010012,RA2311003010016,4,Event
E00103,RA2311003010012,RA2311003010018,2,Social
E00104,RA2311003010012,RA2311003010020,3,Project
E00105,RA2311003010012,RA2311003010021,3,Social
E00106,RA2311003010012,RA2311003010022,3,Project
E00107,RA2311003010013,RA2311003010017,1,Social
E00108,RA2311003010013,RA2311003010019,2,Social
E00109,RA2311003010013,RA2311003010020,1,Academic
E00110,RA2311003010013,RA2311003010022,3,Academic
E00111,RA2311003010014,RA2311003010015,3,Event
E00112,RA2311003010014,RA2311003010016,7,Academic
E00113,RA2311003010014,RA2311003010020,1,Event
E00114,RA2311003010014,RA2311003010021,3,Academic
E00115,RA2311003010015,RA2311003010017,4,Event
E00116,RA2311003010015,RA2311003010019,7,Event
E00117,RA2311003010015,RA2311003010021,5,Social
E00118,RA2311003010015,RA2311003010023,4,Event
E00119,RA2311003010016,RA2311003010017,5,Academic
E00120,RA2311003010016,RA2311003010018,2,Social
E00121,RA2311003010016,RA2311003010019,1,Project
E00122,RA2311003010016,RA2311003010020,5,Project
E00123,RA2311003010016,RA2311003010021,2,Event
E00124,RA2311003010016,RA2311003010022,1,Academic
E00125,RA2311003010016,RA2311003010023,6,Academic
E00126,RA2311003010017,RA2311003010019,8,Academic
E00127,RA2311003010017,RA2311003010020,6,Event
E00128,RA2311003010017,RA2311003010022,3,Project
E00129,RA2311003010017,RA2311003010023,1,Event
E00130,RA2311003010018,RA2311003010019,5,Event
E00131,RA2311003010018,RA2311003010023,4,Event
E00132,RA2311003010019,RA2311003010021,1,Event
E00133,RA2311003010019,RA2311003010022,2,Academic
E00134,RA2311003010019,RA2311003010023,2,Event
E00135,RA2311003010020,RA2311003010022,2,Event
E00136,RA2311003010020,RA2311003010023,5,Academic
E00137,RA2311003010021,RA2311003010022,2,Social
E00138,RA2311003010021,RA2311003010023,5,Academic
E00139,RA2411003010024,RA2411003010025,4,Academic
E00140,RA2411003010024,RA2411003010027,4,Event
E00141,RA2411003010024,RA2411003010029,3,Project
E00142,RA2411003010024,RA2411003010030,1,Social
E00143,RA2411003010024,RA2411003010032,5,Academic
E00144,RA2411003010024,RA2411003010034,1,Social
E00145,RA2411003010024,RA2411003010035,4,Social
E00146,RA2411003010024,RA2411003010037,1,Project
E00147,RA2411003010024,RA2411003010040,6,Social
E00148,RA2411003010024,RA2411003010041,6,Academic
E00149,RA2411003010024,RA2411003010042,2,Academic
E00150,RA2411003010024,RA2411003010043,1,Social
E00151,RA2411003010024,RA2411003010045,6,Event
E00152,RA2411003010024,RA2411003010046,4,Social
E00153,RA2411003010025,RA2411003010030,4,Social
E00154,RA2411003010025,RA2411003010035,2,Social
E00155,RA2411003010025,RA2411003010036,2,Academic
E00156,RA2411003010025,RA2411003010037,3,Event
E00157,RA2411003010025,RA2411003010039,6,Event
E00158,RA2411003010025,RA2411003010040,2,Project
E00159,RA2411003010025,RA2411003010041,7,Social
E00160,RA2411003010025,RA2411003010043,3,Academic
E00161,RA2411003010025,RA2411003010044,5,Project
E00162,RA2411003010025,RA2411003010045,5,Project
E00163,RA2411003010027,RA2411003010029,1,Academic
E00164,RA2411003010027,RA2411003010030,2,Project
E00165,RA2411003010027,RA2411003010032,3,Event
E00166,RA2411003010027,RA2411003010034,2,Social
E00167,RA2411003010027,RA2411003010035,2,Social
E00168,RA2411003010027,RA2411003010036,2,Project
E00169,RA2411003010027,RA2411003010040,8,Event
E00170,RA2411003010027,RA2411003010041,12,Social
E00171,RA2411003010027,RA2411003010043,1,Social
E00172,RA2411003010027,RA2411003010044,2,Project
E00173,RA2411003010027,RA2411003010046,4,Project
E00174,RA2411003010029,RA2411003010032,4,Academic
E00175,RA2411003010029,RA2411003010034,2,Event
E00176,RA2411003010029,RA2411003010036,1,Event
E00177,RA2411003010029,RA2411003010037,1,Event
E00178,RA2411003010029,RA2411003010039,6,Project
E00179,RA2411003010029,RA2411003010041,1,Project
E00180,RA2411003010029,RA2411003010043,5,Project
E00181,RA2411003010029,RA2411003010044,2,Event
E00182,RA2411003010029,RA2411003010045,2,Event
E00183,RA2411003010030,RA2411003010032,8,Academic
E00184,RA2411003010030,RA2411003010034,2,Project
E00185,RA2411003010030,RA2411003010035,1,Project
E00186,RA2411003010030,RA2411003010036,2,Academic
E00187,RA2411003010030,RA2411003010038,2,Academic
E00188,RA2411003010030,RA2411003010041,8,Project
E00189,RA2411003010030,RA2411003010046,4,Project
E00190,RA2411003010032,RA2411003010036,6,Project
E00191,RA2411003010032,RA2411003010037,3,Social
E00192,RA2411003010032,RA2411003010038,5,Social
E00193,RA2411003010032,RA2411003010040,3,Event
E00194,RA2411003010032,RA2411003010041,5,Event
E00195,RA2411003010032,RA2411003010042,1,Academic
E00196,RA2411003010032,RA2411003010045,14,Academic
E00197,RA2411003010034,RA2411003010035,5,Academic
E00198,RA2411003010034,RA2411003010036,7,Event
E00199,RA2411003010034,RA2411003010037,4,Event
E00200,RA2411003010034,RA2411003010038,3,Academic
E00201,RA2411003010034,RA2411003010039,4,Social
E00202,RA2411003010034,RA2411003010041,2,Event
E00203,RA2411003010034,RA2411003010044,1,Event
E00204,RA2411003010034,RA2411003010045,10,Academic
E00205,RA2411003010034,RA2411003010046,4,Academic
E00206,RA2411003010035,RA2411003010036,1,Event
E00207,RA2411003010035,RA2411003010037,4,Event
E00208,RA2411003010035,RA2411003010039,8,Project
E00209,RA2411003010035,RA2411003010040,1,Event
E00210,RA2411003010035,RA2411003010042,5,Project
E00211,RA2411003010035,RA2411003010043,3,Academic
E00212,RA2411003010035,RA2411003010044,3,Academic
E00213,RA2411003010035,RA2411003010045,3,Project
E00214,RA2411003010036,RA2411003010037,2,Social
E00215,RA2411003010036,RA2411003010038,2,Event
E00216,RA2411003010036,RA2411003010039,1,Event
E00217,RA2411003010036,RA2411003010040,6,Project
E00218,RA2411003010036,RA2411003010041,2,Event
E00219,RA2411003010036,RA2411003010043,2,Academic
E00220,RA2411003010036,RA2411003010044,6,Event
E00221,RA2411003010036,RA2411003010045,2,Event
E00222,RA2411003010036,RA2411003010046,3,Event
E00223,RA2411003010037,RA2411003010038,12,Project
E00224,RA2411003010037,RA2411003010039,2,Event
E00225,RA2411003010037,RA2411003010041,5,Event
E00226,RA2411003010037,RA2411003010043,3,Project
E00227,RA2411003010037,RA2411003010044,6,Social
E00228,RA2411003010037,RA2411003010046,1,Event
E00229,RA2411003010038,RA2411003010039,1,Project
E00230,RA2411003010038,RA2411003010041,4,Event
E00231,RA2411003010038,RA2411003010045,4,Social
E00232,RA2411003010039,RA2411003010040,4,Academic
E00233,RA2411003010039,RA2411003010041,14,Social
E00234,RA2411003010039,RA2411003010043,5,Academic
E00235,RA2411003010039,RA2411003010045,5,Project
E00236,RA2411003010040,RA2411003010041,2,Academic
E00237,RA2411003010040,RA2411003010042,2,Project
E00238,RA2411003010040,RA2411003010043,1,Project
E00239,RA2411003010040,RA2411003010044,4,Event
E00240,RA2411003010040,RA2411003010045,2,Project
E00241,RA2411003010041,RA2411003010042,7,Academic
E00242,RA2411003010041,RA2411003010043,4,Social
E00243,RA2411003010041,RA2411003010044,8,Event
E00244,RA2411003010041,RA2411003010046,5,Event
E00245,RA2411003010042,RA2411003010043,1,Social
E00246,RA2411003010042,RA2411003010044,1,Event
E00247,RA2411003010042,RA2411003010045,4,Social
E00248,RA2411003010043,RA2411003010044,2,Event
E00249,RA2411003010043,RA2411003010045,7,Academic
E00250,RA2511003010047,RA2511003010048,1,Social
E00251,RA2511003010047,RA2511003010049,4,Social
E00252,RA2511003010047,RA2511003010056,1,Event
E00253,RA2511003010047,RA2511003010057,1,Project
E00254,RA2511003010047,RA2511003010058,1,Event
E00255,RA2511003010047,RA2511003010059,3,Social
E00256,RA2511003010047,RA2511003010062,9,Event
E00257,RA2511003010047,RA2511003010063,6,Social
E00258,RA2511003010047,RA2511003010064,1,Academic
E00259,RA2511003010048,RA2511003010050,1,Event
E00260,RA2511003010048,RA2511003010051,2,Event
E00261,RA2511003010048,RA2511003010053,6,Event
E00262,RA2511003010048,RA2511003010055,3,Project
E00263,RA2511003010048,RA2511003010056,7,Social
E00264,RA2511003010048,RA2511003010057,4,Academic
E00265,RA2511003010048,RA2511003010058,4,Social
E00266,RA2511003010048,RA2511003010059,8,Academic
E00267,RA2511003010048,RA2511003010060,1,Event
E00268,RA2511003010048,RA2511003010061,2,Project
E00269,RA2511003010048,RA2511003010062,4,Event
E00270,RA2511003010048,RA2511003010067,1,Social
E00271,RA2511003010048,RA2511003010068,3,Event
E00272,RA2511003010048,RA2511003010069,1,Social
E00273,RA2511003010049,RA2511003010051,1,Social
E00274,RA2511003010049,RA2511003010052,8,Academic
E00275,RA2511003010049,RA2511003010054,4,Project
E00276,RA2511003010049,RA2511003010055,1,Academic
E00277,RA2511003010049,RA2511003010056,5,Project
E00278,RA2511003010049,RA2511003010057,4,Project
E00279,RA2511003010049,RA2511003010059,5,Project
E00280,RA2511003010049,RA2511003010060,6,Social
E00281,RA2511003010049,RA2511003010061,3,Project
E00282,RA2511003010049,RA2511003010063,1,Academic
E00283,RA2511003010049,RA2511003010064,4,Project
E00284,RA2511003010049,RA2511003010065,1,Social
E00285,RA2511003010049,RA2511003010067,3,Academic
E00286,RA2511003010049,RA2511003010069,3,Academic
E00287,RA2511003010050,RA2511003010051,5,Academic
E00288,RA2511003010050,RA2511003010054,1,Academic
E00289,RA2511003010050,RA2511003010055,3,Event
E00290,RA2511003010050,RA2511003010056,1,Event
E00291,RA2511003010050,RA2511003010057,1,Project
E00292,RA2511003010050,RA2511003010058,2,Social
E00293,RA2511003010050,RA2511003010059,3,Social
E00294,RA2511003010050,RA2511003010060,6,Academic
E00295,RA2511003010050,RA2511003010061,3,Project
E00296,RA2511003010050,RA2511003010063,2,Event
E00297,RA2511003010050,RA2511003010065,4,Social
E00298,RA2511003010050,RA2511003010066,4,Project
E00299,RA2511003010050,RA2511003010067,6,Academic
E00300,RA2511003010050,RA2511003010068,5,Academic
E00301,RA2511003010050,RA2511003010069,3,Project
E00302,RA2511003010051,RA2511003010052,4,Social
E00303,RA2511003010051,RA2511003010053,6,Event
E00304,RA2511003010051,RA2511003010056,1,Social
E00305,RA2511003010051,RA2511003010057,4,Project
E00306,RA2511003010051,RA2511003010058,2,Academic
E00307,RA2511003010051,RA2511003010059,5,Academic
E00308,RA2511003010051,RA2511003010060,6,Event
E00309,RA2511003010051,RA2511003010063,4,Academic
E00310,RA2511003010051,RA2511003010066,5,Social
E00311,RA2511003010051,RA2511003010067,2,Social
E00312,RA2511003010051,RA2511003010068,3,Project
E00313,RA2511003010051,RA2511003010069,5,Project
E00314,RA2511003010052,RA2511003010054,2,Project
E00315,RA2511003010052,RA2511003010055,2,Project
E00316,RA2511003010052,RA2511003010058,7,Academic
E00317,RA2511003010052,RA2511003010059,4,Academic
E00318,RA2511003010052,RA2511003010060,3,Event
E00319,RA2511003010052,RA2511003010061,1,Social
E00320,RA2511003010052,RA2511003010062,3,Social
E00321,RA2511003010052,RA2511003010063,3,Event
E00322,RA2511003010052,RA2511003010064,2,Project
E00323,RA2511003010052,RA2511003010065,1,Academic
E00324,RA2511003010052,RA2511003010069,1,Academic
E00325,RA2511003010053,RA2511003010055,3,Event
E00326,RA2511003010053,RA2511003010056,1,Social
E00327,RA2511003010053,RA2511003010058,3,Academic
E00328,RA2511003010053,RA2511003010059,4,Social
E00329,RA2511003010053,RA2511003010060,2,Event
E00330,RA2511003010053,RA2511003010061,1,Social
E00331,RA2511003010053,RA2511003010063,1,Social
E00332,RA2511003010053,RA2511003010065,3,Event
E00333,RA2511003010053,RA2511003010066,5,Social
E00334,RA2511003010053,RA2511003010067,1,Project
E00335,RA2511003010053,RA2511003010069,7,Project
E00336,RA2511003010054,RA2511003010055,2,Project
E00337,RA2511003010054,RA2511003010056,1,Project
E00338,RA2511003010054,RA2511003010057,1,Academic
E00339,RA2511003010054,RA2511003010059,4,Event
E00340,RA2511003010054,RA2511003010063,1,Social
E00341,RA2511003010054,RA2511003010064,4,Event
E00342,RA2511003010054,RA2511003010066,3,Social
E00343,RA2511003010054,RA2511003010067,1,Event
E00344,RA2511003010054,RA2511003010068,1,Social
E00345,RA2511003010055,RA2511003010057,3,Event
E00346,RA2511003010055,RA2511003010058,3,Academic
E00347,RA2511003010055,RA2511003010061,3,Event
E00348,RA2511003010055,RA2511003010063,12,Social
E00349,RA2511003010055,RA2511003010064,1,Project
E00350,RA2511003010055,RA2511003010067,2,Project
E00351,RA2511003010055,RA2511003010069,4,Social
E00352,RA2511003010056,RA2511003010057,1,Social
E00353,RA2511003010056,RA2511003010058,2,Event
E00354,RA2511003010056,RA2511003010063,7,Project
E00355,RA2511003010056,RA2511003010064,1,Event
E00356,RA2511003010056,RA2511003010066,4,Event
E00357,RA2511003010056,RA2511003010067,4,Project
E00358,RA2511003010057,RA2511003010059,3,Event
E00359,RA2511003010057,RA2511003010060,1,Social
E00360,RA2511003010057,RA2511003010061,1,Event
E00361,RA2511003010057,RA2511003010063,6,Social
E00362,RA2511003010057,RA2511003010064,4,Academic
E00363,RA2511003010057,RA2511003010066,1,Event
E00364,RA2511003010057,RA2511003010067,5,Project
E00365,RA2511003010057,RA2511003010068,4,Social
E00366,RA2511003010057,RA2511003010069,4,Event
E00367,RA2511003010058,RA2511003010061,2,Project
E00368,RA2511003010058,RA2511003010063,2,Project
E00369,RA2511003010058,RA2511003010066,5,Social
E00370,RA2511003010058,RA2511003010067,9,Event
E00371,RA2511003010059,RA2511003010060,1,Social
E00372,RA2511003010059,RA2511003010061,3,Social
E00373,RA2511003010059,RA2511003010062,2,Academic
E00374,RA2511003010059,RA2511003010064,6,Project
E00375,RA2511003010059,RA2511003010065,6,Project
E00376,RA2511003010059,RA2511003010068,3,Event
E00377,RA2511003010059,RA2511003010069,2,Academic
E00378,RA2511003010060,RA2511003010061,6,Academic
E00379,RA2511003010060,RA2511003010064,7,Social
E00380,RA2511003010060,RA2511003010065,5,Project
E00381,RA2511003010060,RA2511003010066,7,Academic
E00382,RA2511003010060,RA2511003010067,6,Project
E00383,RA2511003010060,RA2511003010068,1,Event
E00384,RA2511003010060,RA2511003010069,1,Social
E00385,RA2511003010061,RA2511003010062,1,Event
E00386,RA2511003010061,RA2511003010064,4,Academic
E00387,RA2511003010061,RA2511003010065,2,Project
E00388,RA2511003010061,RA2511003010066,2,Social
E00389,RA2511003010061,RA2511003010067,3,Academic
E00390,RA2511003010061,RA2511003010068,2,Academic
E00391,RA2511003010061,RA2511003010069,12,Event
E00392,RA2511003010062,RA2511003010063,2,Academic
E00393,RA2511003010062,RA2511003010064,5,Project
E00394,RA2511003010062,RA2511003010068,2,Academic
E00395,RA2511003010062,RA2511003010069,6,Project
E00396,RA2511003010063,RA2511003010066,6,Project
E00397,RA2511003010063,RA2511003010067,1,Event
E00398,RA2511003010063,RA2511003010068,7,Project
E00399,RA2511003010063,RA2511003010069,3,Social
E00400,RA2511003010064,RA2511003010066,1,Social
E00401,RA2511003010064,RA2511003010068,6,Academic
E00402,RA2511003010064,RA2511003010069,6,Academic
E00403,RA2511003010065,RA2511003010066,5,Event
E00404,RA2511003010065,RA2511003010068,3,Project
E00405,RA2511003010065,RA2511003010069,6,Social
E00406,RA2511003010066,RA2511003010068,3,Project
E00407,RA2511003010066,RA2511003010069,2,Academic
E00408,RA2511003010067,RA2511003010068,4,Event
E00409,RA2511003010067,RA2511003010069,2,Event
E00410,RA2511003010068,RA2511003010069,4,Social
E00411,RA2611003010070,RA2611003010071,1,Academic
E00412,RA2611003010070,RA2611003010073,9,Project
E00413,RA2611003010070,RA2611003010074,1,Event
E00414,RA2611003010070,RA2611003010075,2,Social
E00415,RA2611003010070,RA2611003010077,4,Project
E00416,RA2611003010070,RA2611003010079,4,Academic
E00417,RA2611003010070,RA2611003010080,2,Event
E00418,RA2611003010070,RA2611003010081,1,Academic
E00419,RA2611003010070,RA2611003010082,7,Event
E00420,RA2611003010070,RA2611003010083,5,Social
E00421,RA2611003010070,RA2611003010084,5,Social
E00422,RA2611003010070,RA2611003010086,6,Project
E00423,RA2611003010070,RA2611003010087,14,Event
E00424,RA2611003010071,RA2611003010072,7,Social
E00425,RA2611003010071,RA2611003010078,12,Academic
E00426,RA2611003010071,RA2611003010080,1,Event
E00427,RA2611003010071,RA2611003010081,3,Social
E00428,RA2611003010071,RA2611003010083,1,Academic
E00429,RA2611003010071,RA2611003010084,3,Event
E00430,RA2611003010071,RA2611003010087,4,Social
E00431,RA2611003010071,RA2611003010088,1,Social
E00432,RA2611003010071,RA2611003010091,5,Project
E00433,RA2611003010071,RA2611003010092,6,Academic
E00434,RA2611003010071,RA2611003010093,1,Social
E00435,RA2611003010072,RA2611003010073,2,Project
E00436,RA2611003010072,RA2611003010077,1,Social
E00437,RA2611003010072,RA2611003010078,3,Academic
E00438,RA2611003010072,RA2611003010079,1,Project
E00439,RA2611003010072,RA2611003010082,6,Academic
E00440,RA2611003010072,RA2611003010083,8,Academic
E00441,RA2611003010072,RA2611003010085,5,Project
E00442,RA2611003010072,RA2611003010086,3,Academic
E00443,RA2611003010072,RA2611003010088,3,Social
E00444,RA2611003010072,RA2611003010092,4,Academic
E00445,RA2611003010072,RA2611003010093,3,Event
E00446,RA2611003010073,RA2611003010074,2,Project
E00447,RA2611003010073,RA2611003010079,3,Social
E00448,RA2611003010073,RA2611003010080,3,Project
E00449,RA2611003010073,RA2611003010081,1,Project
E00450,RA2611003010073,RA2611003010082,6,Event
E00451,RA2611003010073,RA2611003010083,6,Project
E00452,RA2611003010073,RA2611003010086,3,Project
E00453,RA2611003010073,RA2611003010087,7,Event
E00454,RA2611003010073,RA2611003010088,8,Academic
E00455,RA2611003010073,RA2611003010089,1,Project
E00456,RA2611003010073,RA2611003010091,2,Academic
E00457,RA2611003010073,RA2611003010092,2,Event
E00458,RA2611003010073,RA2611003010093,3,Academic
E00459,RA2611003010074,RA2611003010078,1,Event
E00460,RA2611003010074,RA2611003010079,3,Social
E00461,RA2611003010074,RA2611003010080,5,Event
E00462,RA2611003010074,RA2611003010081,1,Academic
E00463,RA2611003010074,RA2611003010082,6,Social
E00464,RA2611003010074,RA2611003010083,5,Social
E00465,RA2611003010074,RA2611003010084,3,Event
E00466,RA2611003010074,RA2611003010085,5,Project
E00467,RA2611003010074,RA2611003010087,4,Project
E00468,RA2611003010074,RA2611003010088,8,Social
E00469,RA2611003010074,RA2611003010089,14,Event
E00470,RA2611003010074,RA2611003010092,3,Social
E00471,RA2611003010074,RA2611003010093,5,Event
E00472,RA2611003010075,RA2611003010076,2,Academic
E00473,RA2611003010075,RA2611003010079,4,Academic
E00474,RA2611003010075,RA2611003010080,5,Project
E00475,RA2611003010075,RA2611003010081,3,Project
E00476,RA2611003010075,RA2611003010084,1,Project
E00477,RA2611003010075,RA2611003010086,3,Academic
E00478,RA2611003010075,RA2611003010087,5,Event
E00479,RA2611003010075,RA2611003010088,7,Event
E00480,RA2611003010075,RA2611003010091,3,Project
E00481,RA2611003010075,RA2611003010092,3,Event
E00482,RA2611003010075,RA2611003010093,3,Project
E00483,RA2611003010076,RA2611003010077,4,Social
E00484,RA2611003010076,RA2611003010081,1,Event
E00485,RA2611003010076,RA2611003010082,2,Social
E00486,RA2611003010076,RA2611003010084,5,Social
E00487,RA2611003010076,RA2611003010086,2,Event
E00488,RA2611003010076,RA2611003010089,4,Academic
E00489,RA2611003010076,RA2611003010091,6,Event
E00490,RA2611003010077,RA2611003010078,9,Social
E00491,RA2611003010077,RA2611003010079,4,Event
E00492,RA2611003010077,RA2611003010081,8,Social
E00493,RA2611003010077,RA2611003010083,2,Project
E00494,RA2611003010077,RA2611003010085,1,Project
E00495,RA2611003010077,RA2611003010086,1,Event
E00496,RA2611003010077,RA2611003010088,2,Project
E00497,RA2611003010077,RA2611003010092,5,Project
E00498,RA2611003010077,RA2611003010093,4,Social
E00499,RA2611003010078,RA2611003010080,3,Project
E00500,RA2611003010078,RA2611003010084,8,Project
E00501,RA2611003010078,RA2611003010085,5,Event
E00502,RA2611003010078,RA2611003010086,7,Social
E00503,RA2611003010078,RA2611003010087,8,Academic
E00504,RA2611003010078,RA2611003010088,12,Event
E00505,RA2611003010078,RA2611003010089,7,Event
E00506,RA2611003010078,RA2611003010091,2,Event
E00507,RA2611003010078,RA2611003010093,4,Event
E00508,RA2611003010079,RA2611003010081,6,Social
E00509,RA2611003010079,RA2611003010082,1,Project
E00510,RA2611003010079,RA2611003010086,2,Academic
E00511,RA2611003010079,RA2611003010087,3,Project
E00512,RA2611003010079,RA2611003010089,2,Event
E00513,RA2611003010079,RA2611003010093,2,Academic
E00514,RA2611003010080,RA2611003010081,1,Project
E00515,RA2611003010080,RA2611003010082,1,Social
E00516,RA2611003010080,RA2611003010091,1,Project
E00517,RA2611003010080,RA2611003010092,3,Project
E00518,RA2611003010081,RA2611003010082,5,Event
E00519,RA2611003010081,RA2611003010087,3,Academic
E00520,RA2611003010081,RA2611003010088,1,Social
E00521,RA2611003010081,RA2611003010089,6,Academic
E00522,RA2611003010081,RA2611003010092,1,Project
E00523,RA2611003010082,RA2611003010083,5,Project
E00524,RA2611003010082,RA2611003010084,6,Event
E00525,RA2611003010082,RA2611003010085,3,Event
E00526,RA2611003010082,RA2611003010086,4,Event
E00527,RA2611003010082,RA2611003010087,2,Academic
E00528,RA2611003010082,RA2611003010091,3,Academic
E00529,RA2611003010082,RA2611003010093,8,Academic
E00530,RA2611003010083,RA2611003010084,1,Event
E00531,RA2611003010083,RA2611003010085,5,Project
E00532,RA2611003010083,RA2611003010088,3,Event
E00533,RA2611003010083,RA2611003010091,4,Academic
E00534,RA2611003010083,RA2611003010093,1,Social
E00535,RA2611003010084,RA2611003010086,5,Project
E00536,RA2611003010084,RA2611003010087,5,Academic
E00537,RA2611003010084,RA2611003010089,3,Event
E00538,RA2611003010084,RA2611003010092,1,Social
E00539,RA2611003010084,RA2611003010093,1,Academic
E00540,RA2611003010085,RA2611003010087,2,Academic
E00541,RA2611003010085,RA2611003010088,3,Academic
E00542,RA2611003010085,RA2611003010092,2,Academic
E00543,RA2611003010085,RA2611003010093,5,Project
E00544,RA2611003010086,RA2611003010088,2,Social
E00545,RA2611003010086,RA2611003010091,2,Social
E00546,RA2611003010087,RA2611003010088,2,Event
E00547,RA2611003010087,RA2611003010089,4,Project
E00548,RA2611003010087,RA2611003010091,1,Event
E00549,RA2611003010087,RA2611003010092,5,Event
E00550,RA2611003010087,RA2611003010093,2,Event
E00551,RA2611003010088,RA2611003010089,5,Project
E00552,RA2611003010088,RA2611003010091,2,Project
E00553,RA2611003010089,RA2611003010092,3,Event
E00554,RA2611003010089,RA2611003010093,2,Project
E00555,RA2611003010091,RA2611003010092,8,Academic
E00556,RA2611003010092,RA2611003010093,1,Project
E00557,RA2311027010094,RA2311027010095,7,Academic
E00558,RA2311027010094,RA2311027010097,3,Project
E00559,RA2311027010094,RA2311027010099,1,Academic
E00560,RA2311027010094,RA2311027010100,5,Academic
E00561,RA2311027010094,RA2311027010106,3,Project
E00562,RA2311027010094,RA2311027010108,2,Social
E00563,RA2311027010094,RA2311027010109,3,Event
E00564,RA2311027010094,RA2311027010113,2,Project
E00565,RA2311027010094,RA2311027010114,5,Project
E00566,RA2311027010095,RA2311027010097,2,Event
E00567,RA2311027010095,RA2311027010098,2,Project
E00568,RA2311027010095,RA2311027010100,2,Social
E00569,RA2311027010095,RA2311027010104,5,Project
E00570,RA2311027010095,RA2311027010106,5,Project
E00571,RA2311027010095,RA2311027010107,3,Academic
E00572,RA2311027010095,RA2311027010109,5,Academic
E00573,RA2311027010095,RA2311027010110,1,Project
E00574,RA2311027010095,RA2311027010111,3,Project
E00575,RA2311027010095,RA2311027010112,4,Event
E00576,RA2311027010095,RA2311027010113,1,Event
E00577,RA2311027010095,RA2311027010114,3,Social
E00578,RA2311027010097,RA2311027010098,6,Event
E00579,RA2311027010097,RA2311027010100,3,Academic
E00580,RA2311027010097,RA2311027010101,6,Social
E00581,RA2311027010097,RA2311027010102,1,Event
E00582,RA2311027010097,RA2311027010104,14,Project
E00583,RA2311027010097,RA2311027010106,4,Academic
E00584,RA2311027010097,RA2311027010109,2,Event
E00585,RA2311027010097,RA2311027010110,5,Academic
E00586,RA2311027010097,RA2311027010111,4,Event
E00587,RA2311027010097,RA2311027010112,7,Academic
E00588,RA2311027010097,RA2311027010114,2,Event
E00589,RA2311027010098,RA2311027010101,1,Academic
E00590,RA2311027010098,RA2311027010103,4,Project
E00591,RA2311027010098,RA2311027010107,2,Academic
E00592,RA2311027010098,RA2311027010108,4,Event
E00593,RA2311027010098,RA2311027010109,5,Event
E00594,RA2311027010098,RA2311027010110,3,Academic
E00595,RA2311027010098,RA2311027010112,2,Event
E00596,RA2311027010098,RA2311027010113,9,Event
E00597,RA2311027010098,RA2311027010114,5,Social
E00598,RA2311027010099,RA2311027010100,2,Project
E00599,RA2311027010099,RA2311027010102,1,Event
E00600,RA2311027010099,RA2311027010103,5,Project
E00601,RA2311027010099,RA2311027010104,2,Project
E00602,RA2311027010099,RA2311027010107,2,Event
E00603,RA2311027010099,RA2311027010108,8,Academic
E00604,RA2311027010099,RA2311027010109,1,Social
E00605,RA2311027010099,RA2311027010110,3,Event
E00606,RA2311027010099,RA2311027010111,1,Event
E00607,RA2311027010099,RA2311027010112,4,Academic
E00608,RA2311027010100,RA2311027010101,2,Event
E00609,RA2311027010100,RA2311027010102,4,Project
E00610,RA2311027010100,RA2311027010103,1,Event
E00611,RA2311027010100,RA2311027010104,3,Social
E00612,RA2311027010100,RA2311027010106,2,Event
E00613,RA2311027010100,RA2311027010107,2,Academic
E00614,RA2311027010100,RA2311027010110,3,Project
E00615,RA2311027010100,RA2311027010111,8,Academic
E00616,RA2311027010100,RA2311027010112,6,Event
E00617,RA2311027010100,RA2311027010113,3,Social
E00618,RA2311027010101,RA2311027010103,2,Social
E00619,RA2311027010101,RA2311027010106,1,Social
E00620,RA2311027010101,RA2311027010107,2,Social
E00621,RA2311027010101,RA2311027010109,2,Project
E00622,RA2311027010101,RA2311027010110,2,Event
E00623,RA2311027010101,RA2311027010112,4,Project
E00624,RA2311027010101,RA2311027010113,8,Event
E00625,RA2311027010101,RA2311027010114,6,Social
E00626,RA2311027010102,RA2311027010103,4,Event
E00627,RA2311027010102,RA2311027010104,2,Social
E00628,RA2311027010102,RA2311027010109,4,Event
E00629,RA2311027010102,RA2311027010110,3,Event
E00630,RA2311027010102,RA2311027010112,1,Academic
E00631,RA2311027010102,RA2311027010113,1,Social
E00632,RA2311027010102,RA2311027010114,9,Event
E00633,RA2311027010103,RA2311027010104,1,Event
E00634,RA2311027010103,RA2311027010106,3,Project
E00635,RA2311027010103,RA2311027010107,3,Project
E00636,RA2311027010103,RA2311027010108,2,Project
E00637,RA2311027010103,RA2311027010109,2,Academic
E00638,RA2311027010103,RA2311027010111,2,Project
E00639,RA2311027010103,RA2311027010112,3,Project
E00640,RA2311027010103,RA2311027010113,3,Academic
E00641,RA2311027010104,RA2311027010106,1,Social
E00642,RA2311027010104,RA2311027010108,4,Social
E00643,RA2311027010104,RA2311027010110,3,Project
E00644,RA2311027010104,RA2311027010111,3,Social
E00645,RA2311027010104,RA2311027010113,4,Event
E00646,RA2311027010104,RA2311027010114,2,Event
E00647,RA2311027010106,RA2311027010109,2,Event
E00648,RA2311027010106,RA2311027010111,4,Academic
E00649,RA2311027010106,RA2311027010113,2,Social
E00650,RA2311027010106,RA2311027010114,4,Social
E00651,RA2311027010107,RA2311027010108,4,Social
E00652,RA2311027010107,RA2311027010109,2,Academic
E00653,RA2311027010107,RA2311027010111,7,Social
E00654,RA2311027010107,RA2311027010112,2,Project
E00655,RA2311027010107,RA2311027010113,1,Academic
E00656,RA2311027010108,RA2311027010109,4,Event
E00657,RA2311027010108,RA2311027010110,1,Event
E00658,RA2311027010109,RA2311027010110,2,Event
E00659,RA2311027010109,RA2311027010111,4,Event
E00660,RA2311027010109,RA2311027010114,6,Project
E00661,RA2311027010110,RA2311027010112,2,Event
E00662,RA2311027010110,RA2311027010113,3,Event
E00663,RA2311027010110,RA2311027010114,6,Academic
E00664,RA2311027010111,RA2311027010112,2,Academic
E00665,RA2311027010111,RA2311027010113,5,Project
E00666,RA2311027010111,RA2311027010114,3,Event
E00667,RA2311027010112,RA2311027010113,2,Academic
E00668,RA2311027010112,RA2311027010114,3,Social
E00669,RA2411027010116,RA2411027010118,12,Project
E00670,RA2411027010116,RA2411027010119,2,Project
E00671,RA2411027010116,RA2411027010121,6,Social
E00672,RA2411027010116,RA2411027010122,5,Academic
E00673,RA2411027010116,RA2411027010123,6,Social
E00674,RA2411027010116,RA2411027010124,1,Event
E00675,RA2411027010116,RA2411027010125,6,Project
E00676,RA2411027010116,RA2411027010127,4,Social
E00677,RA2411027010116,RA2411027010128,2,Social
E00678,RA2411027010116,RA2411027010129,1,Academic
E00679,RA2411027010116,RA2411027010131,14,Academic
E00680,RA2411027010116,RA2411027010133,2,Project
E00681,RA2411027010117,RA2411027010118,4,Social
E00682,RA2411027010117,RA2411027010119,4,Academic
E00683,RA2411027010117,RA2411027010121,5,Social
E00684,RA2411027010117,RA2411027010123,2,Event
E00685,RA2411027010117,RA2411027010124,5,Academic
E00686,RA2411027010117,RA2411027010125,6,Social
E00687,RA2411027010117,RA2411027010127,6,Event
E00688,RA2411027010117,RA2411027010128,6,Social
E00689,RA2411027010117,RA2411027010129,3,Project
E00690,RA2411027010117,RA2411027010130,7,Social
E00691,RA2411027010117,RA2411027010132,1,Event
E00692,RA2411027010117,RA2411027010134,1,Event
E00693,RA2411027010117,RA2411027010136,7,Project
E00694,RA2411027010117,RA2411027010137,1,Social
E00695,RA2411027010118,RA2411027010119,2,Academic
E00696,RA2411027010118,RA2411027010121,4,Event
E00697,RA2411027010118,RA2411027010124,5,Academic
E00698,RA2411027010118,RA2411027010125,1,Event
E00699,RA2411027010118,RA2411027010126,1,Event
E00700,RA2411027010118,RA2411027010130,3,Project
E00701,RA2411027010118,RA2411027010131,5,Academic
E00702,RA2411027010118,RA2411027010132,2,Social
E00703,RA2411027010118,RA2411027010133,5,Event
E00704,RA2411027010118,RA2411027010135,1,Project
E00705,RA2411027010118,RA2411027010136,3,Project
E00706,RA2411027010119,RA2411027010121,4,Event
E00707,RA2411027010119,RA2411027010122,1,Project
E00708,RA2411027010119,RA2411027010123,4,Academic
E00709,RA2411027010119,RA2411027010124,2,Event
E00710,RA2411027010119,RA2411027010125,4,Social
E00711,RA2411027010119,RA2411027010126,5,Social
E00712,RA2411027010119,RA2411027010130,5,Project
E00713,RA2411027010119,RA2411027010131,5,Academic
E00714,RA2411027010119,RA2411027010133,1,Event
E00715,RA2411027010119,RA2411027010134,3,Academic
E00716,RA2411027010120,RA2411027010121,2,Event
E00717,RA2411027010120,RA2411027010126,1,Academic
E00718,RA2411027010120,RA2411027010127,8,Academic
E00719,RA2411027010120,RA2411027010128,4,Social
E00720,RA2411027010120,RA2411027010129,3,Event
E00721,RA2411027010120,RA2411027010130,2,Project
E00722,RA2411027010120,RA2411027010131,10,Project
E00723,RA2411027010120,RA2411027010132,2,Social
E00724,RA2411027010120,RA2411027010136,5,Event
E00725,RA2411027010121,RA2411027010122,8,Academic
E00726,RA2411027010121,RA2411027010123,2,Academic
E00727,RA2411027010121,RA2411027010126,5,Project
E00728,RA2411027010121,RA2411027010127,3,Social
E00729,RA2411027010121,RA2411027010130,5,Project
E00730,RA2411027010121,RA2411027010133,2,Academic
E00731,RA2411027010121,RA2411027010134,2,Academic
E00732,RA2411027010121,RA2411027010137,1,Social
E00733,RA2411027010122,RA2411027010124,2,Project
E00734,RA2411027010122,RA2411027010125,2,Academic
E00735,RA2411027010122,RA2411027010126,6,Academic
E00736,RA2411027010122,RA2411027010127,3,Academic
E00737,RA2411027010122,RA2411027010128,1,Project
E00738,RA2411027010122,RA2411027010130,2,Event
E00739,RA2411027010122,RA2411027010131,2,Social
E00740,RA2411027010122,RA2411027010132,1,Social
E00741,RA2411027010122,RA2411027010134,6,Project
E00742,RA2411027010122,RA2411027010137,6,Event
E00743,RA2411027010123,RA2411027010125,3,Academic
E00744,RA2411027010123,RA2411027010126,2,Project
E00745,RA2411027010123,RA2411027010129,4,Social
E00746,RA2411027010123,RA2411027010130,5,Project
E00747,RA2411027010123,RA2411027010131,1,Project
E00748,RA2411027010123,RA2411027010133,4,Social
E00749,RA2411027010123,RA2411027010135,1,Social
E00750,RA2411027010124,RA2411027010126,2,Project
E00751,RA2411027010124,RA2411027010129,1,Social
E00752,RA2411027010124,RA2411027010132,3,Social
E00753,RA2411027010124,RA2411027010134,4,Project
E00754,RA2411027010124,RA2411027010135,3,Academic
E00755,RA2411027010124,RA2411027010137,6,Social
E00756,RA2411027010125,RA2411027010127,2,Social
E00757,RA2411027010125,RA2411027010128,8,Academic
E00758,RA2411027010125,RA2411027010129,1,Academic
E00759,RA2411027010125,RA2411027010130,2,Event
E00760,RA2411027010125,RA2411027010131,9,Social
E00761,RA2411027010125,RA2411027010132,3,Social
E00762,RA2411027010125,RA2411027010134,6,Social
E00763,RA2411027010125,RA2411027010136,1,Social
E00764,RA2411027010126,RA2411027010128,4,Academic
E00765,RA2411027010126,RA2411027010129,1,Project
E00766,RA2411027010126,RA2411027010130,3,Event
E00767,RA2411027010126,RA2411027010131,3,Academic
E00768,RA2411027010126,RA2411027010133,1,Academic
E00769,RA2411027010126,RA2411027010135,6,Project
E00770,RA2411027010126,RA2411027010136,4,Academic
E00771,RA2411027010126,RA2411027010137,1,Academic
E00772,RA2411027010127,RA2411027010128,6,Event
E00773,RA2411027010127,RA2411027010129,1,Social
E00774,RA2411027010127,RA2411027010131,6,Event
E00775,RA2411027010127,RA2411027010132,2,Academic
E00776,RA2411027010127,RA2411027010133,1,Social
E00777,RA2411027010127,RA2411027010134,3,Social
E00778,RA2411027010127,RA2411027010135,4,Project
E00779,RA2411027010127,RA2411027010136,1,Event
E00780,RA2411027010127,RA2411027010137,11,Project
E00781,RA2411027010128,RA2411027010131,12,Academic
E00782,RA2411027010128,RA2411027010133,2,Event
E00783,RA2411027010128,RA2411027010134,2,Social
E00784,RA2411027010128,RA2411027010135,4,Social
E00785,RA2411027010128,RA2411027010136,1,Social
E00786,RA2411027010129,RA2411027010130,10,Project
E00787,RA2411027010129,RA2411027010131,2,Project
E00788,RA2411027010129,RA2411027010134,4,Project
E00789,RA2411027010129,RA2411027010136,1,Project
E00790,RA2411027010129,RA2411027010137,7,Social
E00791,RA2411027010130,RA2411027010131,8,Social
E00792,RA2411027010130,RA2411027010132,6,Project
E00793,RA2411027010130,RA2411027010135,3,Project
E00794,RA2411027010130,RA2411027010136,4,Project
E00795,RA2411027010130,RA2411027010137,1,Event
E00796,RA2411027010131,RA2411027010133,2,Project
E00797,RA2411027010131,RA2411027010134,1,Social
E00798,RA2411027010131,RA2411027010135,5,Project
E00799,RA2411027010132,RA2411027010134,4,Event
E00800,RA2411027010132,RA2411027010135,1,Social
E00801,RA2411027010132,RA2411027010136,6,Event
E00802,RA2411027010133,RA2411027010135,2,Social
E00803,RA2411027010133,RA2411027010136,2,Project
E00804,RA2411027010134,RA2411027010135,5,Project
E00805,RA2411027010135,RA2411027010136,1,Academic
E00806,RA2411027010135,RA2411027010137,4,Project
E00807,RA2411027010136,RA2411027010137,1,Event
E00808,RA2511027010138,RA2511027010140,1,Social
E00809,RA2511027010138,RA2511027010142,3,Social
E00810,RA2511027010138,RA2511027010144,5,Project
E00811,RA2511027010138,RA2511027010145,5,Academic
E00812,RA2511027010138,RA2511027010146,5,Event
E00813,RA2511027010138,RA2511027010149,2,Event
E00814,RA2511027010138,RA2511027010150,5,Event
E00815,RA2511027010138,RA2511027010151,1,Project
E00816,RA2511027010138,RA2511027010152,2,Academic
E00817,RA2511027010138,RA2511027010153,1,Academic
E00818,RA2511027010138,RA2511027010154,1,Event
E00819,RA2511027010138,RA2511027010155,2,Academic
E00820,RA2511027010138,RA2511027010159,4,Project
E00821,RA2511027010138,RA2511027010160,1,Academic
E00822,RA2511027010139,RA2511027010140,2,Project
E00823,RA2511027010139,RA2511027010141,4,Social
E00824,RA2511027010139,RA2511027010142,1,Academic
E00825,RA2511027010139,RA2511027010144,1,Event
E00826,RA2511027010139,RA2511027010145,1,Event
E00827,RA2511027010139,RA2511027010148,1,Academic
E00828,RA2511027010139,RA2511027010149,10,Social
E00829,RA2511027010139,RA2511027010150,2,Academic
E00830,RA2511027010139,RA2511027010151,7,Event
E00831,RA2511027010139,RA2511027010152,1,Event
E00832,RA2511027010139,RA2511027010154,1,Event
E00833,RA2511027010139,RA2511027010155,2,Social
E00834,RA2511027010139,RA2511027010156,1,Academic
E00835,RA2511027010139,RA2511027010158,6,Social
E00836,RA2511027010139,RA2511027010159,3,Project
E00837,RA2511027010140,RA2511027010142,4,Event
E00838,RA2511027010140,RA2511027010144,1,Social
E00839,RA2511027010140,RA2511027010147,1,Project
E00840,RA2511027010140,RA2511027010149,10,Project
E00841,RA2511027010140,RA2511027010151,1,Event
E00842,RA2511027010140,RA2511027010153,6,Project
E00843,RA2511027010140,RA2511027010154,1,Academic
E00844,RA2511027010140,RA2511027010155,6,Social
E00845,RA2511027010140,RA2511027010156,5,Academic
E00846,RA2511027010140,RA2511027010158,1,Event
E00847,RA2511027010140,RA2511027010159,8,Academic
E00848,RA2511027010140,RA2511027010160,5,Academic
E00849,RA2511027010141,RA2511027010146,4,Event
E00850,RA2511027010141,RA2511027010147,2,Project
E00851,RA2511027010141,RA2511027010148,1,Event
E00852,RA2511027010141,RA2511027010150,1,Project
E00853,RA2511027010141,RA2511027010151,7,Social
E00854,RA2511027010141,RA2511027010152,2,Social
E00855,RA2511027010141,RA2511027010157,10,Social
E00856,RA2511027010141,RA2511027010158,2,Social
E00857,RA2511027010141,RA2511027010159,1,Academic
E00858,RA2511027010141,RA2511027010160,5,Event
E00859,RA2511027010142,RA2511027010147,1,Project
E00860,RA2511027010142,RA2511027010149,1,Academic
E00861,RA2511027010142,RA2511027010151,2,Academic
E00862,RA2511027010142,RA2511027010152,5,Social
E00863,RA2511027010142,RA2511027010153,3,Event
E00864,RA2511027010142,RA2511027010155,2,Academic
E00865,RA2511027010142,RA2511027010156,1,Event
E00866,RA2511027010142,RA2511027010158,2,Social
E00867,RA2511027010142,RA2511027010160,2,Academic
E00868,RA2511027010144,RA2511027010145,6,Project
E00869,RA2511027010144,RA2511027010147,4,Project
E00870,RA2511027010144,RA2511027010149,3,Event
E00871,RA2511027010144,RA2511027010153,4,Project
E00872,RA2511027010144,RA2511027010154,2,Academic
E00873,RA2511027010144,RA2511027010155,5,Social
E00874,RA2511027010144,RA2511027010157,6,Event
E00875,RA2511027010144,RA2511027010158,3,Project
E00876,RA2511027010145,RA2511027010146,1,Academic
E00877,RA2511027010145,RA2511027010150,2,Social
E00878,RA2511027010145,RA2511027010151,2,Academic
E00879,RA2511027010145,RA2511027010152,6,Social
E00880,RA2511027010145,RA2511027010153,1,Social
E00881,RA2511027010145,RA2511027010154,7,Project
E00882,RA2511027010145,RA2511027010157,4,Social
E00883,RA2511027010146,RA2511027010147,2,Event
E00884,RA2511027010146,RA2511027010149,2,Project
E00885,RA2511027010146,RA2511027010153,3,Social
E00886,RA2511027010146,RA2511027010157,3,Academic
E00887,RA2511027010146,RA2511027010160,8,Project
E00888,RA2511027010147,RA2511027010150,5,Project
E00889,RA2511027010147,RA2511027010151,2,Social
E00890,RA2511027010147,RA2511027010152,6,Event
E00891,RA2511027010147,RA2511027010153,3,Academic
E00892,RA2511027010147,RA2511027010154,6,Academic
E00893,RA2511027010147,RA2511027010155,2,Social
E00894,RA2511027010147,RA2511027010157,2,Project
E00895,RA2511027010148,RA2511027010149,5,Project
E00896,RA2511027010148,RA2511027010150,2,Project
E00897,RA2511027010148,RA2511027010151,2,Event
E00898,RA2511027010148,RA2511027010153,3,Project
E00899,RA2511027010148,RA2511027010155,4,Event
E00900,RA2511027010148,RA2511027010156,2,Event
E00901,RA2511027010148,RA2511027010157,5,Project
E00902,RA2511027010149,RA2511027010150,4,Academic
E00903,RA2511027010149,RA2511027010152,2,Social
E00904,RA2511027010149,RA2511027010153,1,Social
E00905,RA2511027010149,RA2511027010155,3,Social
E00906,RA2511027010149,RA2511027010156,3,Social
E00907,RA2511027010149,RA2511027010158,2,Event
E00908,RA2511027010149,RA2511027010159,1,Event
E00909,RA2511027010149,RA2511027010160,1,Project
E00910,RA2511027010150,RA2511027010151,1,Project
E00911,RA2511027010150,RA2511027010154,5,Social
E00912,RA2511027010150,RA2511027010156,4,Academic
E00913,RA2511027010150,RA2511027010158,2,Academic
E00914,RA2511027010150,RA2511027010159,3,Social
E00915,RA2511027010150,RA2511027010160,2,Academic
E00916,RA2511027010151,RA2511027010154,2,Project
E00917,RA2511027010151,RA2511027010156,2,Academic
E00918,RA2511027010151,RA2511027010158,5,Project
E00919,RA2511027010152,RA2511027010153,2,Event
E00920,RA2511027010152,RA2511027010154,7,Event
E00921,RA2511027010152,RA2511027010156,1,Project
E00922,RA2511027010153,RA2511027010154,5,Academic
E00923,RA2511027010153,RA2511027010155,7,Academic
E00924,RA2511027010153,RA2511027010157,2,Social
E00925,RA2511027010153,RA2511027010158,7,Project
E00926,RA2511027010153,RA2511027010160,3,Social
E00927,RA2511027010154,RA2511027010155,1,Academic
E00928,RA2511027010154,RA2511027010156,2,Project
E00929,RA2511027010154,RA2511027010159,2,Academic
E00930,RA2511027010154,RA2511027010160,2,Academic
E00931,RA2511027010155,RA2511027010157,4,Event
E00932,RA2511027010155,RA2511027010158,4,Event
E00933,RA2511027010155,RA2511027010160,12,Academic
E00934,RA2511027010156,RA2511027010158,6,Event
E00935,RA2511027010156,RA2511027010160,5,Event
E00936,RA2511027010157,RA2511027010158,3,Project
E00937,RA2511027010157,RA2511027010159,3,Event
E00938,RA2511027010157,RA2511027010160,1,Social
E00939,RA2511027010158,RA2511027010160,10,Project
E00940,RA2611027010161,RA2611027010162,3,Academic
E00941,RA2611027010161,RA2611027010164,1,Event
E00942,RA2611027010161,RA2611027010167,4,Academic
E00943,RA2611027010161,RA2611027010168,6,Event
E00944,RA2611027010161,RA2611027010170,2,Event
E00945,RA2611027010161,RA2611027010171,1,Social
E00946,RA2611027010161,RA2611027010172,2,Event
E00947,RA2611027010161,RA2611027010173,3,Event
E00948,RA2611027010161,RA2611027010174,6,Academic
E00949,RA2611027010161,RA2611027010175,12,Academic
E00950,RA2611027010161,RA2611027010177,2,Event
E00951,RA2611027010161,RA2611027010178,6,Academic
E00952,RA2611027010162,RA2611027010163,9,Event
E00953,RA2611027010162,RA2611027010164,6,Academic
E00954,RA2611027010162,RA2611027010166,5,Event
E00955,RA2611027010162,RA2611027010167,1,Event
E00956,RA2611027010162,RA2611027010169,2,Social
E00957,RA2611027010162,RA2611027010172,5,Social
E00958,RA2611027010162,RA2611027010173,3,Project
E00959,RA2611027010162,RA2611027010176,4,Social
E00960,RA2611027010162,RA2611027010177,1,Event
E00961,RA2611027010162,RA2611027010179,1,Social
E00962,RA2611027010162,RA2611027010180,5,Academic
E00963,RA2611027010162,RA2611027010181,9,Project
E00964,RA2611027010162,RA2611027010182,3,Academic
E00965,RA2611027010163,RA2611027010164,8,Event
E00966,RA2611027010163,RA2611027010168,1,Project
E00967,RA2611027010163,RA2611027010170,3,Social
E00968,RA2611027010163,RA2611027010171,2,Project
E00969,RA2611027010163,RA2611027010174,1,Project
E00970,RA2611027010163,RA2611027010175,6,Social
E00971,RA2611027010163,RA2611027010176,5,Social
E00972,RA2611027010163,RA2611027010179,4,Social
E00973,RA2611027010163,RA2611027010181,3,Project
E00974,RA2611027010164,RA2611027010165,5,Academic
E00975,RA2611027010164,RA2611027010166,4,Event
E00976,RA2611027010164,RA2611027010168,6,Event
E00977,RA2611027010164,RA2611027010169,2,Academic
E00978,RA2611027010164,RA2611027010170,1,Academic
E00979,RA2611027010164,RA2611027010172,4,Social
E00980,RA2611027010164,RA2611027010173,5,Academic
E00981,RA2611027010164,RA2611027010174,2,Academic
E00982,RA2611027010164,RA2611027010175,5,Project
E00983,RA2611027010164,RA2611027010176,3,Project
E00984,RA2611027010164,RA2611027010180,2,Event
E00985,RA2611027010165,RA2611027010166,1,Academic
E00986,RA2611027010165,RA2611027010167,6,Event
E00987,RA2611027010165,RA2611027010172,5,Project
E00988,RA2611027010165,RA2611027010174,12,Project
E00989,RA2611027010165,RA2611027010175,5,Project
E00990,RA2611027010165,RA2611027010176,3,Academic
E00991,RA2611027010165,RA2611027010177,1,Project
E00992,RA2611027010165,RA2611027010179,5,Event
E00993,RA2611027010165,RA2611027010180,8,Project
E00994,RA2611027010165,RA2611027010181,3,Social
E00995,RA2611027010165,RA2611027010182,1,Social
E00996,RA2611027010166,RA2611027010168,3,Project
E00997,RA2611027010166,RA2611027010170,1,Event
E00998,RA2611027010166,RA2611027010171,4,Project
E00999,RA2611027010166,RA2611027010172,1,Social
E01000,RA2611027010166,RA2611027010174,1,Academic
E01001,RA2611027010166,RA2611027010175,7,Project
E01002,RA2611027010166,RA2611027010176,9,Project
E01003,RA2611027010166,RA2611027010178,2,Academic
E01004,RA2611027010166,RA2611027010179,1,Social
E01005,RA2611027010166,RA2611027010180,3,Social
E01006,RA2611027010166,RA2611027010181,1,Event
E01007,RA2611027010167,RA2611027010168,8,Academic
E01008,RA2611027010167,RA2611027010169,4,Academic
E01009,RA2611027010167,RA2611027010170,6,Project
E01010,RA2611027010167,RA2611027010171,1,Academic
E01011,RA2611027010167,RA2611027010175,5,Academic
E01012,RA2611027010167,RA2611027010176,5,Event
E01013,RA2611027010167,RA2611027010177,1,Academic
E01014,RA2611027010167,RA2611027010179,7,Project
E01015,RA2611027010167,RA2611027010180,4,Event
E01016,RA2611027010167,RA2611027010181,2,Academic
E01017,RA2611027010167,RA2611027010182,4,Academic
E01018,RA2611027010168,RA2611027010169,5,Academic
E01019,RA2611027010168,RA2611027010170,2,Academic
E01020,RA2611027010168,RA2611027010172,5,Social
E01021,RA2611027010168,RA2611027010173,6,Event
E01022,RA2611027010168,RA2611027010174,3,Project
E01023,RA2611027010168,RA2611027010175,6,Event
E01024,RA2611027010168,RA2611027010177,2,Project
E01025,RA2611027010169,RA2611027010170,1,Project
E01026,RA2611027010169,RA2611027010171,3,Event
E01027,RA2611027010169,RA2611027010173,1,Social
E01028,RA2611027010169,RA2611027010176,2,Project
E01029,RA2611027010169,RA2611027010178,4,Project
E01030,RA2611027010169,RA2611027010179,6,Academic
E01031,RA2611027010169,RA2611027010182,2,Academic
E01032,RA2611027010170,RA2611027010171,1,Academic
E01033,RA2611027010170,RA2611027010172,2,Social
E01034,RA2611027010170,RA2611027010174,4,Social
E01035,RA2611027010170,RA2611027010176,2,Event
E01036,RA2611027010170,RA2611027010179,6,Social
E01037,RA2611027010170,RA2611027010181,2,Social
E01038,RA2611027010170,RA2611027010182,2,Event
E01039,RA2611027010171,RA2611027010172,7,Social
E01040,RA2611027010171,RA2611027010173,5,Social
E01041,RA2611027010171,RA2611027010174,1,Academic
E01042,RA2611027010171,RA2611027010175,6,Social
E01043,RA2611027010171,RA2611027010176,2,Project
E01044,RA2611027010171,RA2611027010178,7,Academic
E01045,RA2611027010171,RA2611027010182,7,Project
E01046,RA2611027010172,RA2611027010173,4,Event
E01047,RA2611027010172,RA2611027010174,2,Event
E01048,RA2611027010172,RA2611027010177,3,Event
E01049,RA2611027010172,RA2611027010178,3,Social
E01050,RA2611027010172,RA2611027010182,5,Project
E01051,RA2611027010173,RA2611027010174,1,Project
E01052,RA2611027010173,RA2611027010179,1,Social
E01053,RA2611027010173,RA2611027010181,2,Social
E01054,RA2611027010173,RA2611027010182,3,Project
E01055,RA2611027010174,RA2611027010176,7,Event
E01056,RA2611027010174,RA2611027010177,1,Social
E01057,RA2611027010174,RA2611027010180,4,Social
E01058,RA2611027010174,RA2611027010181,4,Event
E01059,RA2611027010174,RA2611027010182,3,Academic
E01060,RA2611027010175,RA2611027010176,3,Project
E01061,RA2611027010175,RA2611027010177,3,Social
E01062,RA2611027010175,RA2611027010178,3,Academic
E01063,RA2611027010175,RA2611027010179,2,Project
E01064,RA2611027010175,RA2611027010180,1,Social
E01065,RA2611027010175,RA2611027010181,4,Social
E01066,RA2611027010176,RA2611027010178,5,Social
E01067,RA2611027010176,RA2611027010179,3,Event
E01068,RA2611027010176,RA2611027010180,1,Event
E01069,RA2611027010176,RA2611027010181,1,Project
E01070,RA2611027010176,RA2611027010182,1,Project
E01071,RA2611027010177,RA2611027010178,3,Project
E01072,RA2611027010177,RA2611027010179,7,Academic
E01073,RA2611027010178,RA2611027010179,6,Event
E01074,RA2611027010178,RA2611027010180,4,Event
E01075,RA2611027010179,RA2611027010180,1,Social
E01076,RA2611027010180,RA2611027010181,2,Academic
E01077,RA2611027010180,RA2611027010182,1,Academic
E01078,RA2611027010181,RA2611027010182,6,Event
E01079,RA2311028010183,RA2311028010184,3,Project
E01080,RA2311028010183,RA2311028010185,7,Academic
E01081,RA2311028010183,RA2311028010186,1,Academic
E01082,RA2311028010183,RA2311028010189,7,Academic
E01083,RA2311028010183,RA2311028010192,7,Social
E01084,RA2311028010183,RA2311028010194,5,Event
E01085,RA2311028010183,RA2311028010195,3,Academic
E01086,RA2311028010183,RA2311028010196,7,Project
E01087,RA2311028010183,RA2311028010197,2,Event
E01088,RA2311028010183,RA2311028010198,4,Academic
E01089,RA2311028010183,RA2311028010199,2,Academic
E01090,RA2311028010183,RA2311028010200,2,Social
E01091,RA2311028010183,RA2311028010201,4,Event
E01092,RA2311028010183,RA2311028010202,3,Event
E01093,RA2311028010183,RA2311028010203,5,Event
E01094,RA2311028010183,RA2311028010205,1,Event
E01095,RA2311028010184,RA2311028010185,2,Event
E01096,RA2311028010184,RA2311028010186,5,Social
E01097,RA2311028010184,RA2311028010187,6,Project
E01098,RA2311028010184,RA2311028010190,1,Project
E01099,RA2311028010184,RA2311028010191,6,Social
E01100,RA2311028010184,RA2311028010192,1,Academic
E01101,RA2311028010184,RA2311028010194,6,Academic
E01102,RA2311028010184,RA2311028010195,1,Event
E01103,RA2311028010184,RA2311028010196,1,Social
E01104,RA2311028010184,RA2311028010197,8,Event
E01105,RA2311028010184,RA2311028010198,5,Social
E01106,RA2311028010184,RA2311028010199,4,Project
E01107,RA2311028010184,RA2311028010200,6,Project
E01108,RA2311028010184,RA2311028010202,1,Project
E01109,RA2311028010184,RA2311028010203,4,Project
E01110,RA2311028010185,RA2311028010186,10,Academic
E01111,RA2311028010185,RA2311028010187,5,Social
E01112,RA2311028010185,RA2311028010188,2,Event
E01113,RA2311028010185,RA2311028010189,5,Academic
E01114,RA2311028010185,RA2311028010190,3,Academic
E01115,RA2311028010185,RA2311028010192,2,Social
E01116,RA2311028010185,RA2311028010194,3,Project
E01117,RA2311028010185,RA2311028010195,2,Academic
E01118,RA2311028010185,RA2311028010196,3,Academic
E01119,RA2311028010185,RA2311028010197,8,Social
E01120,RA2311028010185,RA2311028010202,9,Event
E01121,RA2311028010185,RA2311028010203,5,Project
E01122,RA2311028010186,RA2311028010187,7,Event
E01123,RA2311028010186,RA2311028010189,1,Social
E01124,RA2311028010186,RA2311028010193,2,Social
E01125,RA2311028010186,RA2311028010194,5,Academic
E01126,RA2311028010186,RA2311028010195,1,Social
E01127,RA2311028010186,RA2311028010198,3,Project
E01128,RA2311028010186,RA2311028010199,1,Social
E01129,RA2311028010186,RA2311028010202,2,Project
E01130,RA2311028010186,RA2311028010203,1,Social
E01131,RA2311028010186,RA2311028010205,6,Project
E01132,RA2311028010187,RA2311028010188,1,Academic
E01133,RA2311028010187,RA2311028010189,4,Event
E01134,RA2311028010187,RA2311028010191,6,Academic
E01135,RA2311028010187,RA2311028010192,3,Social
E01136,RA2311028010187,RA2311028010196,2,Social
E01137,RA2311028010187,RA2311028010198,3,Event
E01138,RA2311028010187,RA2311028010199,2,Social
E01139,RA2311028010187,RA2311028010201,5,Academic
E01140,RA2311028010187,RA2311028010202,1,Academic
E01141,RA2311028010187,RA2311028010203,2,Academic
E01142,RA2311028010187,RA2311028010205,1,Social
E01143,RA2311028010188,RA2311028010189,3,Social
E01144,RA2311028010188,RA2311028010190,1,Social
E01145,RA2311028010188,RA2311028010191,5,Event
E01146,RA2311028010188,RA2311028010192,2,Event
E01147,RA2311028010188,RA2311028010193,10,Project
E01148,RA2311028010188,RA2311028010198,1,Event
E01149,RA2311028010188,RA2311028010201,1,Academic
E01150,RA2311028010188,RA2311028010202,5,Social
E01151,RA2311028010188,RA2311028010203,2,Academic
E01152,RA2311028010189,RA2311028010190,3,Social
E01153,RA2311028010189,RA2311028010192,2,Social
E01154,RA2311028010189,RA2311028010193,2,Social
E01155,RA2311028010189,RA2311028010194,6,Social
E01156,RA2311028010189,RA2311028010196,10,Project
E01157,RA2311028010189,RA2311028010197,4,Social
E01158,RA2311028010189,RA2311028010198,7,Event
E01159,RA2311028010189,RA2311028010199,3,Social
E01160,RA2311028010189,RA2311028010205,6,Event
E01161,RA2311028010190,RA2311028010191,2,Project
E01162,RA2311028010190,RA2311028010192,5,Social
E01163,RA2311028010190,RA2311028010193,2,Event
E01164,RA2311028010190,RA2311028010194,5,Social
E01165,RA2311028010190,RA2311028010195,2,Event
E01166,RA2311028010190,RA2311028010196,1,Academic
E01167,RA2311028010190,RA2311028010197,8,Social
E01168,RA2311028010190,RA2311028010199,2,Project
E01169,RA2311028010190,RA2311028010200,3,Event
E01170,RA2311028010190,RA2311028010201,3,Event
E01171,RA2311028010190,RA2311028010203,1,Project
E01172,RA2311028010191,RA2311028010192,2,Project
E01173,RA2311028010191,RA2311028010193,1,Project
E01174,RA2311028010191,RA2311028010195,6,Social
E01175,RA2311028010191,RA2311028010196,3,Event
E01176,RA2311028010191,RA2311028010199,9,Project
E01177,RA2311028010191,RA2311028010201,4,Event
E01178,RA2311028010191,RA2311028010203,7,Social
E01179,RA2311028010191,RA2311028010205,6,Project
E01180,RA2311028010192,RA2311028010193,2,Social
E01181,RA2311028010192,RA2311028010194,1,Academic
E01182,RA2311028010192,RA2311028010197,3,Event
E01183,RA2311028010192,RA2311028010199,2,Event
E01184,RA2311028010192,RA2311028010202,3,Academic
E01185,RA2311028010192,RA2311028010203,2,Event
E01186,RA2311028010192,RA2311028010205,6,Event
E01187,RA2311028010193,RA2311028010194,3,Academic
E01188,RA2311028010193,RA2311028010195,2,Social
E01189,RA2311028010193,RA2311028010198,1,Academic
E01190,RA2311028010193,RA2311028010199,4,Event
E01191,RA2311028010193,RA2311028010200,1,Event
E01192,RA2311028010193,RA2311028010201,9,Academic
E01193,RA2311028010193,RA2311028010202,2,Academic
E01194,RA2311028010193,RA2311028010203,5,Event
E01195,RA2311028010193,RA2311028010205,1,Project
E01196,RA2311028010194,RA2311028010195,2,Event
E01197,RA2311028010194,RA2311028010198,2,Academic
E01198,RA2311028010194,RA2311028010201,1,Event
E01199,RA2311028010194,RA2311028010202,7,Project
E01200,RA2311028010194,RA2311028010203,6,Event
E01201,RA2311028010194,RA2311028010205,2,Project
E01202,RA2311028010195,RA2311028010197,1,Academic
E01203,RA2311028010195,RA2311028010199,3,Project
E01204,RA2311028010195,RA2311028010201,1,Social
E01205,RA2311028010195,RA2311028010205,2,Academic
E01206,RA2311028010196,RA2311028010198,6,Academic
E01207,RA2311028010196,RA2311028010199,2,Academic
E01208,RA2311028010196,RA2311028010200,1,Academic
E01209,RA2311028010196,RA2311028010201,2,Academic
E01210,RA2311028010196,RA2311028010202,4,Academic
E01211,RA2311028010197,RA2311028010198,2,Academic
E01212,RA2311028010197,RA2311028010199,8,Social
E01213,RA2311028010197,RA2311028010202,5,Project
E01214,RA2311028010197,RA2311028010205,2,Project
E01215,RA2311028010198,RA2311028010199,6,Social
E01216,RA2311028010198,RA2311028010200,1,Project
E01217,RA2311028010198,RA2311028010201,2,Project
E01218,RA2311028010198,RA2311028010202,3,Event
E01219,RA2311028010198,RA2311028010203,1,Event
E01220,RA2311028010198,RA2311028010205,2,Social
E01221,RA2311028010199,RA2311028010200,1,Project
E01222,RA2311028010199,RA2311028010201,6,Social
E01223,RA2311028010199,RA2311028010202,1,Event
E01224,RA2311028010199,RA2311028010205,7,Project
E01225,RA2311028010200,RA2311028010201,5,Social
E01226,RA2311028010200,RA2311028010202,4,Academic
E01227,RA2311028010200,RA2311028010203,1,Event
E01228,RA2311028010201,RA2311028010203,2,Social
E01229,RA2311028010202,RA2311028010203,1,Academic
E01230,RA2311028010203,RA2311028010205,1,Academic
E01231,RA2411028010206,RA2411028010207,1,Academic
E01232,RA2411028010206,RA2411028010209,3,Event
E01233,RA2411028010206,RA2411028010211,2,Social
E01234,RA2411028010206,RA2411028010213,4,Project
E01235,RA2411028010206,RA2411028010216,2,Academic
E01236,RA2411028010206,RA2411028010221,3,Social
E01237,RA2411028010206,RA2411028010225,9,Project
E01238,RA2411028010206,RA2411028010227,3,Project
E01239,RA2411028010206,RA2411028010228,4,Project
E01240,RA2411028010207,RA2411028010209,5,Event
E01241,RA2411028010207,RA2411028010211,5,Event
E01242,RA2411028010207,RA2411028010212,1,Academic
E01243,RA2411028010207,RA2411028010213,3,Event
E01244,RA2411028010207,RA2411028010215,8,Event
E01245,RA2411028010207,RA2411028010217,6,Social
E01246,RA2411028010207,RA2411028010218,6,Event
E01247,RA2411028010207,RA2411028010219,3,Project
E01248,RA2411028010207,RA2411028010220,2,Social
E01249,RA2411028010207,RA2411028010221,1,Event
E01250,RA2411028010207,RA2411028010222,4,Social
E01251,RA2411028010207,RA2411028010223,1,Social
E01252,RA2411028010207,RA2411028010227,1,Social
E01253,RA2411028010208,RA2411028010210,1,Project
E01254,RA2411028010208,RA2411028010211,1,Project
E01255,RA2411028010208,RA2411028010212,2,Project
E01256,RA2411028010208,RA2411028010214,3,Event
E01257,RA2411028010208,RA2411028010215,5,Academic
E01258,RA2411028010208,RA2411028010217,4,Academic
E01259,RA2411028010208,RA2411028010218,1,Event
E01260,RA2411028010208,RA2411028010219,2,Social
E01261,RA2411028010208,RA2411028010221,6,Academic
E01262,RA2411028010208,RA2411028010222,4,Academic
E01263,RA2411028010208,RA2411028010225,2,Academic
E01264,RA2411028010208,RA2411028010227,3,Social
E01265,RA2411028010208,RA2411028010228,4,Academic
E01266,RA2411028010209,RA2411028010213,2,Academic
E01267,RA2411028010209,RA2411028010214,1,Event
E01268,RA2411028010209,RA2411028010215,4,Event
E01269,RA2411028010209,RA2411028010216,2,Event
E01270,RA2411028010209,RA2411028010217,5,Event
E01271,RA2411028010209,RA2411028010218,3,Project
E01272,RA2411028010209,RA2411028010219,4,Event
E01273,RA2411028010209,RA2411028010220,2,Project
E01274,RA2411028010209,RA2411028010221,2,Event
E01275,RA2411028010209,RA2411028010223,3,Event
E01276,RA2411028010209,RA2411028010225,2,Social
E01277,RA2411028010210,RA2411028010211,4,Social
E01278,RA2411028010210,RA2411028010213,3,Project
E01279,RA2411028010210,RA2411028010215,1,Social
E01280,RA2411028010210,RA2411028010217,2,Academic
E01281,RA2411028010210,RA2411028010219,1,Social
E01282,RA2411028010210,RA2411028010221,3,Event
E01283,RA2411028010210,RA2411028010222,1,Project
E01284,RA2411028010210,RA2411028010223,3,Social
E01285,RA2411028010211,RA2411028010213,2,Academic
E01286,RA2411028010211,RA2411028010214,5,Project
E01287,RA2411028010211,RA2411028010215,3,Academic
E01288,RA2411028010211,RA2411028010217,4,Social
E01289,RA2411028010211,RA2411028010219,1,Academic
E01290,RA2411028010211,RA2411028010222,3,Event
E01291,RA2411028010211,RA2411028010227,1,Academic
E01292,RA2411028010211,RA2411028010228,3,Event
E01293,RA2411028010212,RA2411028010214,2,Social
E01294,RA2411028010212,RA2411028010215,1,Project
E01295,RA2411028010212,RA2411028010217,2,Social
E01296,RA2411028010212,RA2411028010219,4,Academic
E01297,RA2411028010212,RA2411028010223,2,Social
E01298,RA2411028010212,RA2411028010225,4,Event
E01299,RA2411028010212,RA2411028010227,3,Event
E01300,RA2411028010213,RA2411028010216,3,Project
E01301,RA2411028010213,RA2411028010217,3,Social
E01302,RA2411028010213,RA2411028010218,4,Project
E01303,RA2411028010213,RA2411028010220,2,Project
E01304,RA2411028010213,RA2411028010222,3,Project
E01305,RA2411028010213,RA2411028010228,2,Project
E01306,RA2411028010214,RA2411028010215,1,Academic
E01307,RA2411028010214,RA2411028010217,5,Academic
E01308,RA2411028010214,RA2411028010219,2,Event
E01309,RA2411028010214,RA2411028010225,1,Project
E01310,RA2411028010214,RA2411028010227,4,Social
E01311,RA2411028010214,RA2411028010228,2,Project
E01312,RA2411028010215,RA2411028010216,4,Academic
E01313,RA2411028010215,RA2411028010217,5,Event
E01314,RA2411028010215,RA2411028010218,3,Event
E01315,RA2411028010215,RA2411028010219,2,Project
E01316,RA2411028010215,RA2411028010220,8,Academic
E01317,RA2411028010215,RA2411028010222,5,Project
E01318,RA2411028010215,RA2411028010223,6,Event
E01319,RA2411028010215,RA2411028010225,6,Social
E01320,RA2411028010215,RA2411028010228,4,Academic
E01321,RA2411028010216,RA2411028010219,3,Academic
E01322,RA2411028010216,RA2411028010220,7,Academic
E01323,RA2411028010216,RA2411028010221,12,Event
E01324,RA2411028010216,RA2411028010222,3,Event
E01325,RA2411028010216,RA2411028010225,3,Social
E01326,RA2411028010217,RA2411028010218,3,Project
E01327,RA2411028010217,RA2411028010219,4,Academic
E01328,RA2411028010217,RA2411028010221,1,Event
E01329,RA2411028010217,RA2411028010222,5,Project
E01330,RA2411028010217,RA2411028010227,2,Event
E01331,RA2411028010217,RA2411028010228,4,Event
E01332,RA2411028010218,RA2411028010220,1,Event
E01333,RA2411028010218,RA2411028010221,5,Project
E01334,RA2411028010218,RA2411028010222,5,Academic
E01335,RA2411028010218,RA2411028010225,5,Event
E01336,RA2411028010218,RA2411028010228,2,Project
E01337,RA2411028010219,RA2411028010220,7,Project
E01338,RA2411028010219,RA2411028010221,1,Project
E01339,RA2411028010219,RA2411028010222,2,Academic
E01340,RA2411028010219,RA2411028010223,2,Event
E01341,RA2411028010219,RA2411028010225,9,Project
E01342,RA2411028010219,RA2411028010227,1,Social
E01343,RA2411028010219,RA2411028010228,3,Event
E01344,RA2411028010220,RA2411028010221,2,Event
E01345,RA2411028010220,RA2411028010222,3,Event
E01346,RA2411028010220,RA2411028010223,2,Academic
E01347,RA2411028010220,RA2411028010225,1,Project
E01348,RA2411028010220,RA2411028010227,1,Social
E01349,RA2411028010221,RA2411028010225,1,Academic
E01350,RA2411028010221,RA2411028010227,1,Project
E01351,RA2411028010221,RA2411028010228,9,Project
E01352,RA2411028010222,RA2411028010225,1,Academic
E01353,RA2411028010222,RA2411028010227,7,Social
E01354,RA2411028010223,RA2411028010228,1,Event
E01355,RA2411028010225,RA2411028010228,3,Event
E01356,RA2511028010230,RA2511028010231,4,Academic
E01357,RA2511028010230,RA2511028010233,3,Academic
E01358,RA2511028010230,RA2511028010237,2,Social
E01359,RA2511028010230,RA2511028010238,8,Social
E01360,RA2511028010230,RA2511028010240,3,Event
E01361,RA2511028010230,RA2511028010242,7,Project
E01362,RA2511028010230,RA2511028010243,10,Social
E01363,RA2511028010230,RA2511028010244,3,Academic
E01364,RA2511028010230,RA2511028010247,2,Event
E01365,RA2511028010230,RA2511028010248,1,Project
E01366,RA2511028010230,RA2511028010249,2,Social
E01367,RA2511028010230,RA2511028010250,3,Social
E01368,RA2511028010231,RA2511028010232,1,Academic
E01369,RA2511028010231,RA2511028010233,5,Event
E01370,RA2511028010231,RA2511028010234,6,Academic
E01371,RA2511028010231,RA2511028010235,8,Social
E01372,RA2511028010231,RA2511028010236,6,Event
E01373,RA2511028010231,RA2511028010238,7,Event
E01374,RA2511028010231,RA2511028010240,3,Social
E01375,RA2511028010231,RA2511028010243,3,Social
E01376,RA2511028010231,RA2511028010245,1,Academic
E01377,RA2511028010231,RA2511028010249,2,Project
E01378,RA2511028010231,RA2511028010250,4,Event
E01379,RA2511028010232,RA2511028010234,1,Event
E01380,RA2511028010232,RA2511028010235,5,Social
E01381,RA2511028010232,RA2511028010236,2,Academic
E01382,RA2511028010232,RA2511028010237,2,Project
E01383,RA2511028010232,RA2511028010240,1,Social
E01384,RA2511028010232,RA2511028010241,5,Academic
E01385,RA2511028010232,RA2511028010243,6,Academic
E01386,RA2511028010232,RA2511028010245,8,Social
E01387,RA2511028010232,RA2511028010247,1,Social
E01388,RA2511028010233,RA2511028010235,3,Academic
E01389,RA2511028010233,RA2511028010237,2,Academic
E01390,RA2511028010233,RA2511028010238,2,Academic
E01391,RA2511028010233,RA2511028010241,1,Social
E01392,RA2511028010233,RA2511028010244,1,Project
E01393,RA2511028010233,RA2511028010245,5,Social
E01394,RA2511028010233,RA2511028010247,2,Project
E01395,RA2511028010233,RA2511028010248,1,Academic
E01396,RA2511028010233,RA2511028010249,2,Social
E01397,RA2511028010234,RA2511028010236,1,Project
E01398,RA2511028010234,RA2511028010237,3,Social
E01399,RA2511028010234,RA2511028010238,3,Academic
E01400,RA2511028010234,RA2511028010241,1,Academic
E01401,RA2511028010234,RA2511028010242,4,Event
E01402,RA2511028010234,RA2511028010243,5,Project
E01403,RA2511028010234,RA2511028010245,3,Event
E01404,RA2511028010234,RA2511028010246,1,Event
E01405,RA2511028010234,RA2511028010247,3,Event
E01406,RA2511028010234,RA2511028010249,7,Social
E01407,RA2511028010234,RA2511028010250,5,Social
E01408,RA2511028010235,RA2511028010237,1,Academic
E01409,RA2511028010235,RA2511028010238,3,Event
E01410,RA2511028010235,RA2511028010240,4,Social
E01411,RA2511028010235,RA2511028010241,2,Academic
E01412,RA2511028010235,RA2511028010243,6,Academic
E01413,RA2511028010235,RA2511028010244,4,Event
E01414,RA2511028010235,RA2511028010245,3,Project
E01415,RA2511028010235,RA2511028010247,1,Social
E01416,RA2511028010235,RA2511028010249,3,Event
E01417,RA2511028010235,RA2511028010250,1,Project
E01418,RA2511028010236,RA2511028010242,2,Event
E01419,RA2511028010236,RA2511028010243,1,Event
E01420,RA2511028010236,RA2511028010245,4,Academic
E01421,RA2511028010236,RA2511028010246,2,Event
E01422,RA2511028010236,RA2511028010248,6,Project
E01423,RA2511028010237,RA2511028010240,4,Project
E01424,RA2511028010237,RA2511028010241,2,Social
E01425,RA2511028010237,RA2511028010242,1,Project
E01426,RA2511028010237,RA2511028010244,7,Social
E01427,RA2511028010237,RA2511028010249,6,Event
E01428,RA2511028010238,RA2511028010240,1,Academic
E01429,RA2511028010238,RA2511028010241,1,Social
E01430,RA2511028010238,RA2511028010242,2,Academic
E01431,RA2511028010238,RA2511028010244,5,Social
E01432,RA2511028010238,RA2511028010245,3,Event
E01433,RA2511028010238,RA2511028010247,3,Project
E01434,RA2511028010238,RA2511028010249,1,Event
E01435,RA2511028010240,RA2511028010242,4,Academic
E01436,RA2511028010240,RA2511028010243,4,Event
E01437,RA2511028010240,RA2511028010245,4,Project
E01438,RA2511028010240,RA2511028010246,7,Event
E01439,RA2511028010240,RA2511028010250,3,Event
E01440,RA2511028010241,RA2511028010242,2,Social
E01441,RA2511028010241,RA2511028010243,4,Academic
E01442,RA2511028010241,RA2511028010245,2,Social
E01443,RA2511028010241,RA2511028010246,1,Social
E01444,RA2511028010241,RA2511028010247,5,Event
E01445,RA2511028010241,RA2511028010248,9,Event
E01446,RA2511028010241,RA2511028010249,3,Social
E01447,RA2511028010241,RA2511028010250,2,Academic
E01448,RA2511028010242,RA2511028010247,4,Social
E01449,RA2511028010242,RA2511028010249,3,Academic
E01450,RA2511028010242,RA2511028010250,4,Event
E01451,RA2511028010243,RA2511028010244,9,Social
E01452,RA2511028010243,RA2511028010246,5,Academic
E01453,RA2511028010243,RA2511028010247,5,Social
E01454,RA2511028010243,RA2511028010248,4,Academic
E01455,RA2511028010243,RA2511028010249,4,Academic
E01456,RA2511028010243,RA2511028010250,2,Academic
E01457,RA2511028010244,RA2511028010245,6,Academic
E01458,RA2511028010244,RA2511028010246,4,Project
E01459,RA2511028010244,RA2511028010247,1,Social
E01460,RA2511028010244,RA2511028010248,7,Project
E01461,RA2511028010245,RA2511028010246,2,Project
E01462,RA2511028010245,RA2511028010248,2,Academic
E01463,RA2511028010245,RA2511028010249,4,Project
E01464,RA2511028010246,RA2511028010249,2,Event
E01465,RA2511028010246,RA2511028010250,1,Project
E01466,RA2511028010247,RA2511028010249,5,Social
E01467,RA2511028010247,RA2511028010250,3,Project
E01468,RA2511028010248,RA2511028010249,5,Event
E01469,RA2511028010249,RA2511028010250,4,Event
E01470,RA2611028010252,RA2611028010253,1,Social
E01471,RA2611028010252,RA2611028010255,2,Event
E01472,RA2611028010252,RA2611028010256,1,Academic
E01473,RA2611028010252,RA2611028010257,9,Social
E01474,RA2611028010252,RA2611028010258,2,Social
E01475,RA2611028010252,RA2611028010259,2,Academic
E01476,RA2611028010252,RA2611028010260,5,Event
E01477,RA2611028010252,RA2611028010263,3,Project
E01478,RA2611028010252,RA2611028010266,4,Academic
E01479,RA2611028010252,RA2611028010268,3,Academic
E01480,RA2611028010252,RA2611028010270,2,Social
E01481,RA2611028010252,RA2611028010271,1,Academic
E01482,RA2611028010252,RA2611028010272,9,Project
E01483,RA2611028010253,RA2611028010255,2,Project
E01484,RA2611028010253,RA2611028010259,5,Academic
E01485,RA2611028010253,RA2611028010260,4,Event
E01486,RA2611028010253,RA2611028010261,8,Event
E01487,RA2611028010253,RA2611028010262,5,Event
E01488,RA2611028010253,RA2611028010265,2,Academic
E01489,RA2611028010253,RA2611028010266,2,Event
E01490,RA2611028010253,RA2611028010267,1,Social
E01491,RA2611028010253,RA2611028010268,4,Project
E01492,RA2611028010253,RA2611028010269,1,Event
E01493,RA2611028010253,RA2611028010270,1,Event
E01494,RA2611028010254,RA2611028010255,1,Academic
E01495,RA2611028010254,RA2611028010258,1,Event
E01496,RA2611028010254,RA2611028010262,7,Social
E01497,RA2611028010254,RA2611028010263,3,Event
E01498,RA2611028010254,RA2611028010264,3,Academic
E01499,RA2611028010254,RA2611028010265,1,Event
E01500,RA2611028010254,RA2611028010266,2,Social
E01501,RA2611028010254,RA2611028010267,4,Academic
E01502,RA2611028010254,RA2611028010269,1,Social
E01503,RA2611028010254,RA2611028010270,4,Social
E01504,RA2611028010254,RA2611028010271,9,Academic
E01505,RA2611028010254,RA2611028010273,7,Event
E01506,RA2611028010255,RA2611028010257,7,Academic
E01507,RA2611028010255,RA2611028010258,1,Project
E01508,RA2611028010255,RA2611028010259,3,Project
E01509,RA2611028010255,RA2611028010260,3,Social
E01510,RA2611028010255,RA2611028010264,1,Social
E01511,RA2611028010255,RA2611028010266,1,Academic
E01512,RA2611028010255,RA2611028010268,5,Project
E01513,RA2611028010255,RA2611028010269,1,Academic
E01514,RA2611028010255,RA2611028010270,3,Academic
E01515,RA2611028010255,RA2611028010272,1,Project
E01516,RA2611028010256,RA2611028010259,6,Project
E01517,RA2611028010256,RA2611028010260,1,Academic
E01518,RA2611028010256,RA2611028010261,1,Project
E01519,RA2611028010256,RA2611028010262,6,Social
E01520,RA2611028010256,RA2611028010265,2,Project
E01521,RA2611028010256,RA2611028010267,4,Academic
E01522,RA2611028010256,RA2611028010268,2,Academic
E01523,RA2611028010256,RA2611028010270,3,Social
E01524,RA2611028010256,RA2611028010271,1,Academic
E01525,RA2611028010257,RA2611028010258,1,Project
E01526,RA2611028010257,RA2611028010259,1,Academic
E01527,RA2611028010257,RA2611028010262,2,Social
E01528,RA2611028010257,RA2611028010266,3,Social
E01529,RA2611028010257,RA2611028010267,4,Project
E01530,RA2611028010257,RA2611028010268,5,Project
E01531,RA2611028010257,RA2611028010269,4,Academic
E01532,RA2611028010257,RA2611028010271,3,Academic
E01533,RA2611028010257,RA2611028010272,4,Academic
E01534,RA2611028010258,RA2611028010260,5,Event
E01535,RA2611028010258,RA2611028010262,1,Project
E01536,RA2611028010258,RA2611028010263,3,Event
E01537,RA2611028010258,RA2611028010264,1,Academic
E01538,RA2611028010258,RA2611028010265,3,Project
E01539,RA2611028010258,RA2611028010266,1,Event
E01540,RA2611028010258,RA2611028010269,3,Academic
E01541,RA2611028010258,RA2611028010270,5,Project
E01542,RA2611028010258,RA2611028010271,2,Social
E01543,RA2611028010259,RA2611028010260,2,Academic
E01544,RA2611028010259,RA2611028010261,6,Event
E01545,RA2611028010259,RA2611028010262,1,Project
E01546,RA2611028010259,RA2611028010263,7,Academic
E01547,RA2611028010259,RA2611028010264,1,Event
E01548,RA2611028010259,RA2611028010265,5,Event
E01549,RA2611028010259,RA2611028010268,1,Project
E01550,RA2611028010259,RA2611028010269,1,Social
E01551,RA2611028010259,RA2611028010271,5,Project
E01552,RA2611028010259,RA2611028010272,4,Social
E01553,RA2611028010260,RA2611028010262,4,Project
E01554,RA2611028010260,RA2611028010263,1,Project
E01555,RA2611028010260,RA2611028010265,4,Project
E01556,RA2611028010260,RA2611028010267,5,Event
E01557,RA2611028010260,RA2611028010268,3,Social
E01558,RA2611028010260,RA2611028010269,7,Project
E01559,RA2611028010260,RA2611028010271,1,Academic
E01560,RA2611028010260,RA2611028010272,3,Academic
E01561,RA2611028010260,RA2611028010273,3,Academic
E01562,RA2611028010261,RA2611028010262,5,Academic
E01563,RA2611028010261,RA2611028010263,1,Project
E01564,RA2611028010261,RA2611028010264,1,Academic
E01565,RA2611028010261,RA2611028010266,6,Event
E01566,RA2611028010261,RA2611028010268,3,Event
E01567,RA2611028010261,RA2611028010269,1,Event
E01568,RA2611028010261,RA2611028010273,2,Academic
E01569,RA2611028010262,RA2611028010264,3,Social
E01570,RA2611028010262,RA2611028010265,5,Project
E01571,RA2611028010262,RA2611028010266,5,Social
E01572,RA2611028010262,RA2611028010267,7,Social
E01573,RA2611028010262,RA2611028010268,3,Social
E01574,RA2611028010262,RA2611028010269,1,Social
E01575,RA2611028010262,RA2611028010270,3,Academic
E01576,RA2611028010262,RA2611028010272,2,Social
E01577,RA2611028010262,RA2611028010273,5,Event
E01578,RA2611028010263,RA2611028010269,3,Social
E01579,RA2611028010263,RA2611028010270,1,Academic
E01580,RA2611028010263,RA2611028010271,3,Event
E01581,RA2611028010263,RA2611028010273,3,Social
E01582,RA2611028010264,RA2611028010265,1,Academic
E01583,RA2611028010264,RA2611028010267,7,Event
E01584,RA2611028010264,RA2611028010268,1,Academic
E01585,RA2611028010264,RA2611028010269,3,Project
E01586,RA2611028010264,RA2611028010271,2,Academic
E01587,RA2611028010264,RA2611028010273,3,Project
E01588,RA2611028010265,RA2611028010266,2,Academic
E01589,RA2611028010265,RA2611028010267,6,Project
E01590,RA2611028010265,RA2611028010268,2,Social
E01591,RA2611028010265,RA2611028010269,3,Social
E01592,RA2611028010265,RA2611028010271,3,Event
E01593,RA2611028010265,RA2611028010272,1,Social
E01594,RA2611028010265,RA2611028010273,2,Event
E01595,RA2611028010266,RA2611028010267,1,Academic
E01596,RA2611028010266,RA2611028010268,4,Project
E01597,RA2611028010266,RA2611028010269,1,Social
E01598,RA2611028010266,RA2611028010270,1,Project
E01599,RA2611028010266,RA2611028010271,4,Social
E01600,RA2611028010266,RA2611028010272,1,Social
E01601,RA2611028010266,RA2611028010273,4,Academic
E01602,RA2611028010267,RA2611028010269,3,Event
E01603,RA2611028010267,RA2611028010270,1,Social
E01604,RA2611028010267,RA2611028010271,5,Event
E01605,RA2611028010268,RA2611028010269,4,Social
E01606,RA2611028010268,RA2611028010270,9,Social
E01607,RA2611028010269,RA2611028010273,5,Academic
E01608,RA2611028010270,RA2611028010272,2,Academic
E01609,RA2611028010270,RA2611028010273,3,Project
E01610,RA2611028010271,RA2611028010272,4,Academic
E01611,RA2611028010271,RA2611028010273,5,Project
E01612,RA2311029010274,RA2311029010275,3,Academic
E01613,RA2311029010274,RA2311029010276,10,Academic
E01614,RA2311029010274,RA2311029010277,2,Event
E01615,RA2311029010274,RA2311029010278,7,Academic
E01616,RA2311029010274,RA2311029010279,5,Project
E01617,RA2311029010274,RA2311029010280,2,Event
E01618,RA2311029010274,RA2311029010281,2,Social
E01619,RA2311029010274,RA2311029010283,1,Academic
E01620,RA2311029010274,RA2311029010287,2,Event
E01621,RA2311029010274,RA2311029010290,1,Event
E01622,RA2311029010274,RA2311029010291,1,Academic
E01623,RA2311029010274,RA2311029010292,1,Social
E01624,RA2311029010274,RA2311029010295,4,Event
E01625,RA2311029010274,RA2311029010296,3,Project
E01626,RA2311029010275,RA2311029010278,6,Project
E01627,RA2311029010275,RA2311029010279,1,Event
E01628,RA2311029010275,RA2311029010283,2,Event
E01629,RA2311029010275,RA2311029010286,9,Social
E01630,RA2311029010275,RA2311029010288,2,Social
E01631,RA2311029010275,RA2311029010289,1,Project
E01632,RA2311029010275,RA2311029010291,4,Academic
E01633,RA2311029010275,RA2311029010292,3,Event
E01634,RA2311029010275,RA2311029010295,2,Academic
E01635,RA2311029010276,RA2311029010277,1,Social
E01636,RA2311029010276,RA2311029010278,3,Social
E01637,RA2311029010276,RA2311029010280,2,Academic
E01638,RA2311029010276,RA2311029010281,1,Social
E01639,RA2311029010276,RA2311029010283,3,Academic
E01640,RA2311029010276,RA2311029010286,4,Academic
E01641,RA2311029010276,RA2311029010287,7,Social
E01642,RA2311029010276,RA2311029010290,1,Social
E01643,RA2311029010276,RA2311029010291,1,Project
E01644,RA2311029010276,RA2311029010292,5,Social
E01645,RA2311029010276,RA2311029010293,1,Project
E01646,RA2311029010276,RA2311029010294,6,Project
E01647,RA2311029010276,RA2311029010296,2,Academic
E01648,RA2311029010277,RA2311029010279,8,Project
E01649,RA2311029010277,RA2311029010280,5,Social
E01650,RA2311029010277,RA2311029010281,7,Event
E01651,RA2311029010277,RA2311029010283,1,Social
E01652,RA2311029010277,RA2311029010284,2,Academic
E01653,RA2311029010277,RA2311029010287,2,Project
E01654,RA2311029010277,RA2311029010288,3,Academic
E01655,RA2311029010277,RA2311029010290,5,Academic
E01656,RA2311029010277,RA2311029010292,1,Academic
E01657,RA2311029010277,RA2311029010294,1,Event
E01658,RA2311029010277,RA2311029010295,2,Academic
E01659,RA2311029010277,RA2311029010296,5,Academic
E01660,RA2311029010278,RA2311029010280,1,Project
E01661,RA2311029010278,RA2311029010281,1,Academic
E01662,RA2311029010278,RA2311029010284,2,Social
E01663,RA2311029010278,RA2311029010288,1,Academic
E01664,RA2311029010278,RA2311029010289,3,Academic
E01665,RA2311029010278,RA2311029010292,10,Academic
E01666,RA2311029010278,RA2311029010293,8,Project
E01667,RA2311029010278,RA2311029010295,3,Project
E01668,RA2311029010279,RA2311029010280,12,Social
E01669,RA2311029010279,RA2311029010281,2,Project
E01670,RA2311029010279,RA2311029010284,1,Event
E01671,RA2311029010279,RA2311029010286,5,Social
E01672,RA2311029010279,RA2311029010287,1,Academic
E01673,RA2311029010279,RA2311029010288,2,Event
E01674,RA2311029010279,RA2311029010289,4,Social
E01675,RA2311029010279,RA2311029010291,2,Event
E01676,RA2311029010279,RA2311029010293,7,Academic
E01677,RA2311029010279,RA2311029010296,14,Academic
E01678,RA2311029010280,RA2311029010281,2,Academic
E01679,RA2311029010280,RA2311029010283,1,Academic
E01680,RA2311029010280,RA2311029010284,5,Academic
E01681,RA2311029010280,RA2311029010287,10,Social
E01682,RA2311029010280,RA2311029010288,1,Event
E01683,RA2311029010280,RA2311029010291,5,Social
E01684,RA2311029010280,RA2311029010294,12,Event
E01685,RA2311029010280,RA2311029010295,5,Project
E01686,RA2311029010280,RA2311029010296,3,Social
E01687,RA2311029010281,RA2311029010283,1,Project
E01688,RA2311029010281,RA2311029010287,10,Academic
E01689,RA2311029010281,RA2311029010288,1,Social
E01690,RA2311029010281,RA2311029010290,4,Academic
E01691,RA2311029010281,RA2311029010291,6,Event
E01692,RA2311029010281,RA2311029010292,3,Event
E01693,RA2311029010281,RA2311029010293,6,Social
E01694,RA2311029010281,RA2311029010294,9,Academic
E01695,RA2311029010281,RA2311029010295,7,Event
E01696,RA2311029010281,RA2311029010296,2,Event
E01697,RA2311029010283,RA2311029010284,1,Event
E01698,RA2311029010283,RA2311029010286,7,Social
E01699,RA2311029010283,RA2311029010287,1,Event
E01700,RA2311029010283,RA2311029010289,3,Academic
E01701,RA2311029010283,RA2311029010290,3,Event
E01702,RA2311029010283,RA2311029010292,2,Event
E01703,RA2311029010283,RA2311029010293,4,Event
E01704,RA2311029010283,RA2311029010294,2,Social
E01705,RA2311029010283,RA2311029010295,1,Academic
E01706,RA2311029010283,RA2311029010296,5,Academic
E01707,RA2311029010284,RA2311029010287,2,Event
E01708,RA2311029010284,RA2311029010288,1,Social
E01709,RA2311029010284,RA2311029010289,4,Project
E01710,RA2311029010284,RA2311029010290,6,Academic
E01711,RA2311029010284,RA2311029010291,1,Project
E01712,RA2311029010284,RA2311029010292,4,Event
E01713,RA2311029010284,RA2311029010293,2,Event
E01714,RA2311029010284,RA2311029010295,2,Social
E01715,RA2311029010284,RA2311029010296,6,Academic
E01716,RA2311029010286,RA2311029010287,2,Project
E01717,RA2311029010286,RA2311029010288,1,Social
E01718,RA2311029010286,RA2311029010289,1,Event
E01719,RA2311029010286,RA2311029010292,2,Project
E01720,RA2311029010286,RA2311029010293,6,Event
E01721,RA2311029010287,RA2311029010288,2,Social
E01722,RA2311029010287,RA2311029010289,3,Event
E01723,RA2311029010287,RA2311029010290,4,Academic
E01724,RA2311029010287,RA2311029010291,3,Social
E01725,RA2311029010287,RA2311029010292,2,Project
E01726,RA2311029010287,RA2311029010293,4,Event
E01727,RA2311029010287,RA2311029010294,4,Academic
E01728,RA2311029010287,RA2311029010295,4,Project
E01729,RA2311029010287,RA2311029010296,2,Event
E01730,RA2311029010288,RA2311029010295,2,Project
E01731,RA2311029010288,RA2311029010296,5,Project
E01732,RA2311029010289,RA2311029010292,4,Academic
E01733,RA2311029010289,RA2311029010294,4,Social
E01734,RA2311029010289,RA2311029010295,2,Project
E01735,RA2311029010289,RA2311029010296,1,Project
E01736,RA2311029010290,RA2311029010292,3,Event
E01737,RA2311029010290,RA2311029010293,1,Academic
E01738,RA2311029010290,RA2311029010294,2,Academic
E01739,RA2311029010291,RA2311029010292,9,Academic
E01740,RA2311029010291,RA2311029010293,1,Academic
E01741,RA2311029010291,RA2311029010295,6,Social
E01742,RA2311029010292,RA2311029010293,4,Social
E01743,RA2311029010292,RA2311029010295,2,Project
E01744,RA2311029010292,RA2311029010296,3,Academic
E01745,RA2311029010294,RA2311029010295,2,Academic
E01746,RA2311029010294,RA2311029010296,2,Social
E01747,RA2311029010295,RA2311029010296,6,Event
E01748,RA2411029010297,RA2411029010300,1,Academic
E01749,RA2411029010297,RA2411029010302,6,Social
E01750,RA2411029010297,RA2411029010303,5,Social
E01751,RA2411029010297,RA2411029010304,3,Event
E01752,RA2411029010297,RA2411029010305,7,Social
E01753,RA2411029010297,RA2411029010307,6,Social
E01754,RA2411029010297,RA2411029010308,6,Academic
E01755,RA2411029010297,RA2411029010313,2,Event
E01756,RA2411029010297,RA2411029010315,3,Academic
E01757,RA2411029010297,RA2411029010316,2,Event
E01758,RA2411029010297,RA2411029010318,2,Social
E01759,RA2411029010298,RA2411029010301,7,Project
E01760,RA2411029010298,RA2411029010305,2,Academic
E01761,RA2411029010298,RA2411029010306,3,Event
E01762,RA2411029010298,RA2411029010307,5,Social
E01763,RA2411029010298,RA2411029010312,3,Social
E01764,RA2411029010298,RA2411029010314,3,Social
E01765,RA2411029010298,RA2411029010315,4,Academic
E01766,RA2411029010298,RA2411029010316,6,Event
E01767,RA2411029010298,RA2411029010317,1,Event
E01768,RA2411029010298,RA2411029010318,1,Academic
E01769,RA2411029010299,RA2411029010300,6,Project
E01770,RA2411029010299,RA2411029010303,7,Event
E01771,RA2411029010299,RA2411029010304,4,Project
E01772,RA2411029010299,RA2411029010307,2,Event
E01773,RA2411029010299,RA2411029010308,8,Event
E01774,RA2411029010299,RA2411029010310,8,Academic
E01775,RA2411029010299,RA2411029010315,1,Project
E01776,RA2411029010299,RA2411029010316,1,Social
E01777,RA2411029010299,RA2411029010318,1,Academic
E01778,RA2411029010300,RA2411029010301,6,Event
E01779,RA2411029010300,RA2411029010302,5,Project
E01780,RA2411029010300,RA2411029010303,2,Social
E01781,RA2411029010300,RA2411029010304,3,Project
E01782,RA2411029010300,RA2411029010305,14,Project
E01783,RA2411029010300,RA2411029010306,2,Project
E01784,RA2411029010300,RA2411029010307,1,Project
E01785,RA2411029010300,RA2411029010309,7,Event
E01786,RA2411029010300,RA2411029010310,1,Event
E01787,RA2411029010300,RA2411029010311,10,Social
E01788,RA2411029010300,RA2411029010312,5,Project
E01789,RA2411029010300,RA2411029010315,3,Academic
E01790,RA2411029010300,RA2411029010316,3,Project
E01791,RA2411029010300,RA2411029010317,1,Academic
E01792,RA2411029010300,RA2411029010318,2,Event
E01793,RA2411029010301,RA2411029010302,1,Social
E01794,RA2411029010301,RA2411029010304,2,Project
E01795,RA2411029010301,RA2411029010305,7,Social
E01796,RA2411029010301,RA2411029010306,5,Social
E01797,RA2411029010301,RA2411029010307,1,Social
E01798,RA2411029010301,RA2411029010308,3,Project
E01799,RA2411029010301,RA2411029010310,8,Social
E01800,RA2411029010301,RA2411029010311,4,Social
E01801,RA2411029010301,RA2411029010313,3,Social
E01802,RA2411029010301,RA2411029010314,5,Event
E01803,RA2411029010301,RA2411029010315,1,Event
E01804,RA2411029010301,RA2411029010316,1,Project
E01805,RA2411029010301,RA2411029010317,5,Project
E01806,RA2411029010301,RA2411029010318,1,Event
E01807,RA2411029010302,RA2411029010303,3,Event
E01808,RA2411029010302,RA2411029010304,1,Project
E01809,RA2411029010302,RA2411029010305,1,Social
E01810,RA2411029010302,RA2411029010306,3,Social
E01811,RA2411029010302,RA2411029010308,3,Academic
E01812,RA2411029010302,RA2411029010309,8,Event
E01813,RA2411029010302,RA2411029010310,4,Event
E01814,RA2411029010302,RA2411029010312,2,Academic
E01815,RA2411029010302,RA2411029010313,6,Academic
E01816,RA2411029010302,RA2411029010314,3,Academic
E01817,RA2411029010302,RA2411029010316,4,Social
E01818,RA2411029010302,RA2411029010317,4,Academic
E01819,RA2411029010303,RA2411029010304,1,Project
E01820,RA2411029010303,RA2411029010305,2,Social
E01821,RA2411029010303,RA2411029010306,3,Academic
E01822,RA2411029010303,RA2411029010307,2,Academic
E01823,RA2411029010303,RA2411029010308,1,Event
E01824,RA2411029010303,RA2411029010310,2,Event
E01825,RA2411029010303,RA2411029010313,6,Event
E01826,RA2411029010303,RA2411029010317,4,Social
E01827,RA2411029010304,RA2411029010305,3,Event
E01828,RA2411029010304,RA2411029010306,3,Social
E01829,RA2411029010304,RA2411029010307,6,Event
E01830,RA2411029010304,RA2411029010308,4,Event
E01831,RA2411029010304,RA2411029010309,10,Social
E01832,RA2411029010304,RA2411029010314,2,Academic
E01833,RA2411029010304,RA2411029010315,2,Event
E01834,RA2411029010304,RA2411029010318,3,Project
E01835,RA2411029010305,RA2411029010306,3,Academic
E01836,RA2411029010305,RA2411029010308,2,Event
E01837,RA2411029010305,RA2411029010309,2,Social
E01838,RA2411029010305,RA2411029010310,1,Academic
E01839,RA2411029010305,RA2411029010312,6,Project
E01840,RA2411029010305,RA2411029010313,7,Event
E01841,RA2411029010305,RA2411029010314,5,Event
E01842,RA2411029010305,RA2411029010315,2,Social
E01843,RA2411029010305,RA2411029010318,5,Academic
E01844,RA2411029010306,RA2411029010307,3,Academic
E01845,RA2411029010306,RA2411029010308,1,Event
E01846,RA2411029010306,RA2411029010309,3,Event
E01847,RA2411029010306,RA2411029010310,2,Event
E01848,RA2411029010306,RA2411029010312,6,Event
E01849,RA2411029010306,RA2411029010313,1,Project
E01850,RA2411029010306,RA2411029010314,5,Academic
E01851,RA2411029010306,RA2411029010315,1,Academic
E01852,RA2411029010306,RA2411029010318,1,Project
E01853,RA2411029010307,RA2411029010309,1,Event
E01854,RA2411029010307,RA2411029010310,5,Project
E01855,RA2411029010307,RA2411029010311,3,Event
E01856,RA2411029010307,RA2411029010313,2,Project
E01857,RA2411029010307,RA2411029010315,1,Social
E01858,RA2411029010308,RA2411029010311,1,Social
E01859,RA2411029010308,RA2411029010312,2,Event
E01860,RA2411029010308,RA2411029010313,3,Academic
E01861,RA2411029010308,RA2411029010314,2,Academic
E01862,RA2411029010308,RA2411029010317,3,Social
E01863,RA2411029010308,RA2411029010318,2,Project
E01864,RA2411029010309,RA2411029010310,3,Social
E01865,RA2411029010309,RA2411029010311,8,Social
E01866,RA2411029010309,RA2411029010314,5,Social
E01867,RA2411029010309,RA2411029010315,6,Event
E01868,RA2411029010310,RA2411029010314,4,Academic
E01869,RA2411029010310,RA2411029010315,1,Project
E01870,RA2411029010310,RA2411029010316,8,Event
E01871,RA2411029010310,RA2411029010317,1,Project
E01872,RA2411029010310,RA2411029010318,2,Academic
E01873,RA2411029010311,RA2411029010312,1,Project
E01874,RA2411029010311,RA2411029010314,2,Academic
E01875,RA2411029010311,RA2411029010315,1,Project
E01876,RA2411029010311,RA2411029010316,14,Social
E01877,RA2411029010312,RA2411029010314,6,Project
E01878,RA2411029010312,RA2411029010316,5,Academic
E01879,RA2411029010312,RA2411029010318,9,Event
E01880,RA2411029010313,RA2411029010317,6,Academic
E01881,RA2411029010313,RA2411029010318,1,Academic
E01882,RA2411029010314,RA2411029010315,7,Project
E01883,RA2411029010314,RA2411029010316,5,Social
E01884,RA2411029010314,RA2411029010318,1,Academic
E01885,RA2411029010315,RA2411029010316,1,Project
E01886,RA2411029010315,RA2411029010317,5,Event
E01887,RA2411029010315,RA2411029010318,2,Event
E01888,RA2411029010316,RA2411029010317,2,Academic
E01889,RA2411029010317,RA2411029010318,1,Project
E01890,RA2511029010319,RA2511029010321,1,Project
E01891,RA2511029010319,RA2511029010322,7,Event
E01892,RA2511029010319,RA2511029010324,8,Social
E01893,RA2511029010319,RA2511029010325,5,Academic
E01894,RA2511029010319,RA2511029010326,1,Academic
E01895,RA2511029010319,RA2511029010327,3,Project
E01896,RA2511029010319,RA2511029010328,4,Academic
E01897,RA2511029010319,RA2511029010331,2,Social
E01898,RA2511029010319,RA2511029010336,1,Social
E01899,RA2511029010319,RA2511029010337,5,Project
E01900,RA2511029010319,RA2511029010338,7,Project
E01901,RA2511029010319,RA2511029010340,5,Event
E01902,RA2511029010320,RA2511029010322,7,Project
E01903,RA2511029010320,RA2511029010323,2,Social
E01904,RA2511029010320,RA2511029010326,1,Social
E01905,RA2511029010320,RA2511029010327,3,Social
E01906,RA2511029010320,RA2511029010329,7,Academic
E01907,RA2511029010320,RA2511029010330,2,Social
E01908,RA2511029010320,RA2511029010334,6,Academic
E01909,RA2511029010320,RA2511029010335,1,Social
E01910,RA2511029010320,RA2511029010338,3,Academic
E01911,RA2511029010321,RA2511029010322,2,Project
E01912,RA2511029010321,RA2511029010323,5,Project
E01913,RA2511029010321,RA2511029010324,1,Project
E01914,RA2511029010321,RA2511029010325,6,Project
E01915,RA2511029010321,RA2511029010326,1,Academic
E01916,RA2511029010321,RA2511029010327,1,Event
E01917,RA2511029010321,RA2511029010328,3,Project
E01918,RA2511029010321,RA2511029010329,4,Social
E01919,RA2511029010321,RA2511029010330,7,Event
E01920,RA2511029010321,RA2511029010331,14,Event
E01921,RA2511029010321,RA2511029010335,1,Project
E01922,RA2511029010321,RA2511029010336,1,Event
E01923,RA2511029010321,RA2511029010339,3,Project
E01924,RA2511029010321,RA2511029010340,8,Project
E01925,RA2511029010321,RA2511029010341,4,Academic
E01926,RA2511029010322,RA2511029010323,2,Academic
E01927,RA2511029010322,RA2511029010324,1,Project
E01928,RA2511029010322,RA2511029010325,2,Social
E01929,RA2511029010322,RA2511029010326,1,Project
E01930,RA2511029010322,RA2511029010327,8,Academic
E01931,RA2511029010322,RA2511029010328,1,Social
E01932,RA2511029010322,RA2511029010330,3,Academic
E01933,RA2511029010322,RA2511029010331,2,Academic
E01934,RA2511029010322,RA2511029010332,7,Event
E01935,RA2511029010322,RA2511029010334,5,Project
E01936,RA2511029010322,RA2511029010335,5,Event
E01937,RA2511029010322,RA2511029010337,1,Social
E01938,RA2511029010322,RA2511029010340,2,Event
E01939,RA2511029010322,RA2511029010341,5,Event
E01940,RA2511029010323,RA2511029010327,3,Social
E01941,RA2511029010323,RA2511029010328,1,Academic
E01942,RA2511029010323,RA2511029010329,9,Academic
E01943,RA2511029010323,RA2511029010330,3,Event
E01944,RA2511029010323,RA2511029010331,9,Project
E01945,RA2511029010323,RA2511029010332,2,Project
E01946,RA2511029010323,RA2511029010335,2,Social
E01947,RA2511029010323,RA2511029010336,2,Academic
E01948,RA2511029010323,RA2511029010337,6,Academic
E01949,RA2511029010323,RA2511029010338,1,Social
E01950,RA2511029010323,RA2511029010340,1,Social
E01951,RA2511029010323,RA2511029010341,1,Academic
E01952,RA2511029010324,RA2511029010327,1,Social
E01953,RA2511029010324,RA2511029010329,2,Academic
E01954,RA2511029010324,RA2511029010330,2,Social
E01955,RA2511029010324,RA2511029010333,5,Project
E01956,RA2511029010324,RA2511029010334,3,Event
E01957,RA2511029010324,RA2511029010335,2,Academic
E01958,RA2511029010324,RA2511029010336,1,Event
E01959,RA2511029010324,RA2511029010337,7,Project
E01960,RA2511029010324,RA2511029010338,2,Academic
E01961,RA2511029010324,RA2511029010339,2,Project
E01962,RA2511029010324,RA2511029010340,6,Academic
E01963,RA2511029010324,RA2511029010341,2,Project
E01964,RA2511029010325,RA2511029010328,9,Event
E01965,RA2511029010325,RA2511029010329,1,Academic
E01966,RA2511029010325,RA2511029010330,4,Social
E01967,RA2511029010325,RA2511029010331,8,Academic
E01968,RA2511029010325,RA2511029010332,6,Social
E01969,RA2511029010325,RA2511029010333,6,Social
E01970,RA2511029010325,RA2511029010334,1,Social
E01971,RA2511029010325,RA2511029010336,1,Social
E01972,RA2511029010326,RA2511029010327,7,Social
E01973,RA2511029010326,RA2511029010332,2,Social
E01974,RA2511029010326,RA2511029010333,1,Social
E01975,RA2511029010326,RA2511029010336,1,Event
E01976,RA2511029010326,RA2511029010337,2,Project
E01977,RA2511029010326,RA2511029010341,3,Academic
E01978,RA2511029010327,RA2511029010330,2,Academic
E01979,RA2511029010327,RA2511029010333,6,Project
E01980,RA2511029010327,RA2511029010336,8,Social
E01981,RA2511029010327,RA2511029010337,5,Project
E01982,RA2511029010327,RA2511029010341,6,Social
E01983,RA2511029010328,RA2511029010329,9,Event
E01984,RA2511029010328,RA2511029010330,7,Event
E01985,RA2511029010328,RA2511029010332,12,Project
E01986,RA2511029010328,RA2511029010334,3,Social
E01987,RA2511029010328,RA2511029010335,4,Project
E01988,RA2511029010328,RA2511029010336,1,Project
E01989,RA2511029010328,RA2511029010337,1,Academic
E01990,RA2511029010329,RA2511029010330,14,Academic
E01991,RA2511029010329,RA2511029010332,4,Social
E01992,RA2511029010329,RA2511029010334,4,Event
E01993,RA2511029010329,RA2511029010336,3,Social
E01994,RA2511029010329,RA2511029010338,3,Event
E01995,RA2511029010329,RA2511029010339,7,Academic
E01996,RA2511029010329,RA2511029010340,7,Social
E01997,RA2511029010329,RA2511029010341,1,Social
E01998,RA2511029010330,RA2511029010331,7,Academic
E01999,RA2511029010330,RA2511029010334,9,Event
E02000,RA2511029010330,RA2511029010336,2,Social
E02001,RA2511029010330,RA2511029010338,3,Event
E02002,RA2511029010330,RA2511029010339,6,Social
E02003,RA2511029010330,RA2511029010340,2,Event
E02004,RA2511029010330,RA2511029010341,6,Academic
E02005,RA2511029010331,RA2511029010332,8,Project
E02006,RA2511029010331,RA2511029010334,4,Academic
E02007,RA2511029010331,RA2511029010335,10,Academic
E02008,RA2511029010331,RA2511029010337,5,Academic
E02009,RA2511029010331,RA2511029010338,1,Event
E02010,RA2511029010331,RA2511029010339,1,Event
E02011,RA2511029010331,RA2511029010341,6,Social
E02012,RA2511029010332,RA2511029010333,2,Event
E02013,RA2511029010332,RA2511029010334,3,Academic
E02014,RA2511029010332,RA2511029010335,7,Event
E02015,RA2511029010332,RA2511029010336,4,Social
E02016,RA2511029010332,RA2511029010338,4,Social
E02017,RA2511029010332,RA2511029010339,4,Academic
E02018,RA2511029010332,RA2511029010340,7,Project
E02019,RA2511029010332,RA2511029010341,2,Social
E02020,RA2511029010333,RA2511029010334,1,Event
E02021,RA2511029010333,RA2511029010335,1,Academic
E02022,RA2511029010333,RA2511029010336,3,Event
E02023,RA2511029010333,RA2511029010338,1,Project
E02024,RA2511029010333,RA2511029010339,2,Social
E02025,RA2511029010333,RA2511029010341,1,Project
E02026,RA2511029010334,RA2511029010335,3,Academic
E02027,RA2511029010334,RA2511029010336,4,Project
E02028,RA2511029010334,RA2511029010337,2,Academic
E02029,RA2511029010334,RA2511029010341,6,Social
E02030,RA2511029010335,RA2511029010336,4,Social
E02031,RA2511029010335,RA2511029010337,1,Project
E02032,RA2511029010335,RA2511029010340,4,Academic
E02033,RA2511029010336,RA2511029010337,2,Project
E02034,RA2511029010336,RA2511029010340,1,Event
E02035,RA2511029010336,RA2511029010341,2,Academic
E02036,RA2511029010337,RA2511029010338,3,Academic
E02037,RA2511029010337,RA2511029010339,1,Event
E02038,RA2511029010337,RA2511029010340,1,Social
E02039,RA2511029010337,RA2511029010341,2,Project
E02040,RA2511029010338,RA2511029010339,5,Social
E02041,RA2511029010338,RA2511029010340,1,Project
E02042,RA2511029010338,RA2511029010341,7,Social
E02043,RA2511029010339,RA2511029010340,2,Project
E02044,RA2511029010340,RA2511029010341,2,Project
E02045,RA2611029010342,RA2611029010343,4,Social
E02046,RA2611029010342,RA2611029010349,7,Project
E02047,RA2611029010342,RA2611029010350,1,Project
E02048,RA2611029010342,RA2611029010351,2,Social
E02049,RA2611029010342,RA2611029010352,8,Project
E02050,RA2611029010342,RA2611029010354,5,Social
E02051,RA2611029010342,RA2611029010355,4,Academic
E02052,RA2611029010342,RA2611029010356,6,Project
E02053,RA2611029010342,RA2611029010359,5,Academic
E02054,RA2611029010342,RA2611029010361,3,Project
E02055,RA2611029010343,RA2611029010344,3,Event
E02056,RA2611029010343,RA2611029010345,3,Social
E02057,RA2611029010343,RA2611029010346,3,Event
E02058,RA2611029010343,RA2611029010347,1,Academic
E02059,RA2611029010343,RA2611029010349,2,Project
E02060,RA2611029010343,RA2611029010350,4,Event
E02061,RA2611029010343,RA2611029010352,1,Academic
E02062,RA2611029010343,RA2611029010353,3,Event
E02063,RA2611029010343,RA2611029010354,3,Academic
E02064,RA2611029010343,RA2611029010356,3,Event
E02065,RA2611029010343,RA2611029010357,2,Event
E02066,RA2611029010343,RA2611029010358,3,Project
E02067,RA2611029010343,RA2611029010359,2,Academic
E02068,RA2611029010343,RA2611029010360,5,Academic
E02069,RA2611029010343,RA2611029010362,2,Academic
E02070,RA2611029010343,RA2611029010363,1,Social
E02071,RA2611029010344,RA2611029010345,5,Social
E02072,RA2611029010344,RA2611029010348,14,Project
E02073,RA2611029010344,RA2611029010352,2,Social
E02074,RA2611029010344,RA2611029010353,8,Event
E02075,RA2611029010344,RA2611029010356,6,Project
E02076,RA2611029010344,RA2611029010357,3,Project
E02077,RA2611029010344,RA2611029010358,5,Event
E02078,RA2611029010344,RA2611029010359,2,Academic
E02079,RA2611029010344,RA2611029010360,1,Event
E02080,RA2611029010344,RA2611029010361,2,Academic
E02081,RA2611029010344,RA2611029010362,2,Project
E02082,RA2611029010345,RA2611029010346,2,Social
E02083,RA2611029010345,RA2611029010347,5,Event
E02084,RA2611029010345,RA2611029010349,3,Academic
E02085,RA2611029010345,RA2611029010350,1,Project
E02086,RA2611029010345,RA2611029010352,12,Event
E02087,RA2611029010345,RA2611029010353,1,Event
E02088,RA2611029010345,RA2611029010354,1,Event
E02089,RA2611029010345,RA2611029010355,4,Event
E02090,RA2611029010345,RA2611029010356,1,Project
E02091,RA2611029010345,RA2611029010357,6,Academic
E02092,RA2611029010345,RA2611029010358,1,Academic
E02093,RA2611029010345,RA2611029010359,2,Event
E02094,RA2611029010345,RA2611029010360,3,Academic
E02095,RA2611029010345,RA2611029010361,1,Academic
E02096,RA2611029010345,RA2611029010363,12,Project
E02097,RA2611029010346,RA2611029010347,3,Event
E02098,RA2611029010346,RA2611029010348,1,Project
E02099,RA2611029010346,RA2611029010349,6,Event
E02100,RA2611029010346,RA2611029010351,4,Social
E02101,RA2611029010346,RA2611029010352,2,Event
E02102,RA2611029010346,RA2611029010353,3,Project
E02103,RA2611029010346,RA2611029010355,3,Project
E02104,RA2611029010346,RA2611029010358,5,Academic
E02105,RA2611029010346,RA2611029010359,2,Event
E02106,RA2611029010346,RA2611029010362,2,Project
E02107,RA2611029010346,RA2611029010363,3,Event
E02108,RA2611029010347,RA2611029010349,2,Academic
E02109,RA2611029010347,RA2611029010351,2,Project
E02110,RA2611029010347,RA2611029010353,5,Academic
E02111,RA2611029010347,RA2611029010355,2,Event
E02112,RA2611029010347,RA2611029010357,1,Social
E02113,RA2611029010347,RA2611029010358,2,Social
E02114,RA2611029010347,RA2611029010359,3,Project
E02115,RA2611029010347,RA2611029010360,4,Academic
E02116,RA2611029010347,RA2611029010362,5,Social
E02117,RA2611029010348,RA2611029010349,2,Academic
E02118,RA2611029010348,RA2611029010351,3,Event
E02119,RA2611029010348,RA2611029010352,5,Project
E02120,RA2611029010348,RA2611029010353,6,Event
E02121,RA2611029010348,RA2611029010355,4,Academic
E02122,RA2611029010348,RA2611029010356,3,Academic
E02123,RA2611029010348,RA2611029010357,4,Academic
E02124,RA2611029010348,RA2611029010358,1,Social
E02125,RA2611029010348,RA2611029010359,5,Project
E02126,RA2611029010348,RA2611029010361,5,Event
E02127,RA2611029010349,RA2611029010353,3,Social
E02128,RA2611029010349,RA2611029010354,5,Academic
E02129,RA2611029010349,RA2611029010357,1,Project
E02130,RA2611029010349,RA2611029010358,12,Academic
E02131,RA2611029010349,RA2611029010359,4,Project
E02132,RA2611029010349,RA2611029010360,6,Academic
E02133,RA2611029010349,RA2611029010362,1,Project
E02134,RA2611029010349,RA2611029010363,2,Social
E02135,RA2611029010350,RA2611029010354,1,Event
E02136,RA2611029010350,RA2611029010355,2,Social
E02137,RA2611029010350,RA2611029010356,1,Social
E02138,RA2611029010350,RA2611029010357,1,Project
E02139,RA2611029010350,RA2611029010360,7,Academic
E02140,RA2611029010350,RA2611029010361,12,Event
E02141,RA2611029010350,RA2611029010362,2,Project
E02142,RA2611029010350,RA2611029010363,12,Social
E02143,RA2611029010351,RA2611029010356,10,Social
E02144,RA2611029010351,RA2611029010358,4,Academic
E02145,RA2611029010351,RA2611029010359,3,Event
E02146,RA2611029010351,RA2611029010361,2,Academic
E02147,RA2611029010351,RA2611029010362,2,Academic
E02148,RA2611029010352,RA2611029010354,1,Academic
E02149,RA2611029010352,RA2611029010355,1,Project
E02150,RA2611029010352,RA2611029010356,2,Academic
E02151,RA2611029010352,RA2611029010359,1,Social
E02152,RA2611029010352,RA2611029010360,3,Academic
E02153,RA2611029010352,RA2611029010363,2,Academic
E02154,RA2611029010353,RA2611029010355,3,Project
E02155,RA2611029010353,RA2611029010358,4,Project
E02156,RA2611029010353,RA2611029010359,1,Social
E02157,RA2611029010353,RA2611029010361,1,Event
E02158,RA2611029010353,RA2611029010362,8,Project
E02159,RA2611029010353,RA2611029010363,4,Project
E02160,RA2611029010354,RA2611029010357,3,Academic
E02161,RA2611029010354,RA2611029010358,5,Project
E02162,RA2611029010354,RA2611029010359,4,Project
E02163,RA2611029010354,RA2611029010360,9,Event
E02164,RA2611029010354,RA2611029010361,1,Event
E02165,RA2611029010354,RA2611029010363,3,Project
E02166,RA2611029010355,RA2611029010356,5,Event
E02167,RA2611029010355,RA2611029010359,3,Event
E02168,RA2611029010355,RA2611029010360,4,Social
E02169,RA2611029010355,RA2611029010361,2,Project
E02170,RA2611029010355,RA2611029010362,2,Event
E02171,RA2611029010355,RA2611029010363,1,Event
E02172,RA2611029010356,RA2611029010357,1,Event
E02173,RA2611029010356,RA2611029010359,3,Social
E02174,RA2611029010356,RA2611029010363,2,Event
E02175,RA2611029010357,RA2611029010359,14,Academic
E02176,RA2611029010357,RA2611029010360,1,Project
E02177,RA2611029010357,RA2611029010361,5,Social
E02178,RA2611029010357,RA2611029010363,4,Event
E02179,RA2611029010358,RA2611029010359,4,Academic
E02180,RA2611029010358,RA2611029010362,8,Academic
E02181,RA2611029010358,RA2611029010363,5,Academic
E02182,RA2611029010359,RA2611029010361,8,Event
E02183,RA2611029010359,RA2611029010362,4,Project
E02184,RA2611029010360,RA2611029010362,4,Academic
E02185,RA2611029010361,RA2611029010362,3,Academic
E02186,RA2611029010361,RA2611029010363,1,Event
E02187,RA2611029010362,RA2611029010363,3,Social
E02188,RA2311030010364,RA2311030010365,4,Event
E02189,RA2311030010364,RA2311030010370,6,Social
E02190,RA2311030010364,RA2311030010371,8,Project
E02191,RA2311030010364,RA2311030010372,1,Social
E02192,RA2311030010364,RA2311030010373,1,Event
E02193,RA2311030010364,RA2311030010374,3,Event
E02194,RA2311030010364,RA2311030010377,1,Social
E02195,RA2311030010364,RA2311030010378,1,Event
E02196,RA2311030010364,RA2311030010380,1,Project
E02197,RA2311030010364,RA2311030010381,6,Project
E02198,RA2311030010364,RA2311030010382,3,Event
E02199,RA2311030010364,RA2311030010384,1,Project
E02200,RA2311030010364,RA2311030010385,2,Academic
E02201,RA2311030010364,RA2311030010386,3,Project
E02202,RA2311030010365,RA2311030010367,2,Academic
E02203,RA2311030010365,RA2311030010371,3,Project
E02204,RA2311030010365,RA2311030010372,8,Social
E02205,RA2311030010365,RA2311030010373,4,Social
E02206,RA2311030010365,RA2311030010374,14,Social
E02207,RA2311030010365,RA2311030010378,10,Academic
E02208,RA2311030010365,RA2311030010381,5,Event
E02209,RA2311030010365,RA2311030010383,6,Academic
E02210,RA2311030010365,RA2311030010384,2,Project
E02211,RA2311030010365,RA2311030010385,3,Event
E02212,RA2311030010366,RA2311030010367,1,Social
E02213,RA2311030010366,RA2311030010368,9,Academic
E02214,RA2311030010366,RA2311030010371,2,Event
E02215,RA2311030010366,RA2311030010372,2,Academic
E02216,RA2311030010366,RA2311030010375,5,Academic
E02217,RA2311030010366,RA2311030010376,5,Project
E02218,RA2311030010366,RA2311030010381,6,Event
E02219,RA2311030010366,RA2311030010382,1,Event
E02220,RA2311030010366,RA2311030010383,3,Academic
E02221,RA2311030010366,RA2311030010384,1,Project
E02222,RA2311030010367,RA2311030010368,14,Event
E02223,RA2311030010367,RA2311030010369,7,Social
E02224,RA2311030010367,RA2311030010371,4,Social
E02225,RA2311030010367,RA2311030010377,7,Social
E02226,RA2311030010367,RA2311030010380,2,Social
E02227,RA2311030010367,RA2311030010383,6,Event
E02228,RA2311030010367,RA2311030010384,2,Academic
E02229,RA2311030010367,RA2311030010385,5,Social
E02230,RA2311030010368,RA2311030010370,1,Social
E02231,RA2311030010368,RA2311030010371,4,Event
E02232,RA2311030010368,RA2311030010372,4,Academic
E02233,RA2311030010368,RA2311030010373,10,Event
E02234,RA2311030010368,RA2311030010374,6,Social
E02235,RA2311030010368,RA2311030010376,1,Project
E02236,RA2311030010368,RA2311030010377,2,Event
E02237,RA2311030010368,RA2311030010379,3,Project
E02238,RA2311030010368,RA2311030010380,1,Social
E02239,RA2311030010368,RA2311030010384,3,Social
E02240,RA2311030010368,RA2311030010386,4,Event
E02241,RA2311030010369,RA2311030010370,5,Social
E02242,RA2311030010369,RA2311030010371,1,Social
E02243,RA2311030010369,RA2311030010375,8,Academic
E02244,RA2311030010369,RA2311030010379,14,Project
E02245,RA2311030010369,RA2311030010380,3,Social
E02246,RA2311030010369,RA2311030010381,5,Social
E02247,RA2311030010369,RA2311030010382,2,Social
E02248,RA2311030010369,RA2311030010385,1,Academic
E02249,RA2311030010370,RA2311030010371,6,Academic
E02250,RA2311030010370,RA2311030010373,4,Project
E02251,RA2311030010370,RA2311030010374,2,Event
E02252,RA2311030010370,RA2311030010375,6,Project
E02253,RA2311030010370,RA2311030010376,2,Academic
E02254,RA2311030010370,RA2311030010378,2,Project
E02255,RA2311030010370,RA2311030010381,1,Academic
E02256,RA2311030010370,RA2311030010383,1,Academic
E02257,RA2311030010370,RA2311030010384,4,Social
E02258,RA2311030010371,RA2311030010372,1,Academic
E02259,RA2311030010371,RA2311030010373,4,Social
E02260,RA2311030010371,RA2311030010376,5,Academic
E02261,RA2311030010371,RA2311030010379,2,Event
E02262,RA2311030010371,RA2311030010380,1,Academic
E02263,RA2311030010371,RA2311030010383,2,Event
E02264,RA2311030010371,RA2311030010386,14,Event
E02265,RA2311030010372,RA2311030010374,1,Project
E02266,RA2311030010372,RA2311030010375,2,Project
E02267,RA2311030010372,RA2311030010377,1,Event
E02268,RA2311030010372,RA2311030010379,5,Academic
E02269,RA2311030010372,RA2311030010380,1,Academic
E02270,RA2311030010372,RA2311030010381,1,Project
E02271,RA2311030010372,RA2311030010382,1,Social
E02272,RA2311030010372,RA2311030010383,4,Project
E02273,RA2311030010372,RA2311030010384,6,Social
E02274,RA2311030010372,RA2311030010385,3,Academic
E02275,RA2311030010372,RA2311030010386,3,Project
E02276,RA2311030010373,RA2311030010375,1,Social
E02277,RA2311030010373,RA2311030010378,1,Event
E02278,RA2311030010373,RA2311030010379,3,Social
E02279,RA2311030010373,RA2311030010381,4,Project
E02280,RA2311030010373,RA2311030010383,1,Academic
E02281,RA2311030010373,RA2311030010384,9,Project
E02282,RA2311030010373,RA2311030010385,4,Project
E02283,RA2311030010373,RA2311030010386,1,Event
E02284,RA2311030010374,RA2311030010375,4,Event
E02285,RA2311030010374,RA2311030010376,1,Event
E02286,RA2311030010374,RA2311030010377,8,Event
E02287,RA2311030010374,RA2311030010378,1,Project
E02288,RA2311030010374,RA2311030010382,3,Social
E02289,RA2311030010374,RA2311030010384,2,Project
E02290,RA2311030010374,RA2311030010385,2,Event
E02291,RA2311030010375,RA2311030010376,1,Social
E02292,RA2311030010375,RA2311030010377,1,Event
E02293,RA2311030010375,RA2311030010379,5,Social
E02294,RA2311030010375,RA2311030010380,2,Project
E02295,RA2311030010375,RA2311030010381,2,Project
E02296,RA2311030010375,RA2311030010382,1,Academic
E02297,RA2311030010375,RA2311030010384,1,Event
E02298,RA2311030010375,RA2311030010385,3,Social
E02299,RA2311030010375,RA2311030010386,1,Academic
E02300,RA2311030010376,RA2311030010378,6,Social
E02301,RA2311030010376,RA2311030010381,3,Event
E02302,RA2311030010376,RA2311030010382,4,Academic
E02303,RA2311030010376,RA2311030010385,1,Social
E02304,RA2311030010377,RA2311030010380,5,Event
E02305,RA2311030010377,RA2311030010381,6,Social
E02306,RA2311030010377,RA2311030010382,9,Social
E02307,RA2311030010377,RA2311030010383,2,Project
E02308,RA2311030010377,RA2311030010386,6,Social
E02309,RA2311030010378,RA2311030010380,8,Project
E02310,RA2311030010378,RA2311030010381,1,Academic
E02311,RA2311030010378,RA2311030010382,6,Event
E02312,RA2311030010378,RA2311030010383,4,Event
E02313,RA2311030010378,RA2311030010385,3,Event
E02314,RA2311030010379,RA2311030010382,7,Project
E02315,RA2311030010380,RA2311030010381,4,Academic
E02316,RA2311030010380,RA2311030010385,1,Project
E02317,RA2311030010380,RA2311030010386,3,Project
E02318,RA2311030010381,RA2311030010383,1,Event
E02319,RA2311030010381,RA2311030010385,6,Project
E02320,RA2311030010382,RA2311030010384,2,Event
E02321,RA2311030010382,RA2311030010385,1,Event
E02322,RA2311030010382,RA2311030010386,8,Academic
E02323,RA2311030010383,RA2311030010386,4,Academic
E02324,RA2311030010384,RA2311030010385,1,Social
E02325,RA2311030010384,RA2311030010386,2,Project
E02326,RA2311030010385,RA2311030010386,3,Event
E02327,RA2411030010387,RA2411030010388,2,Project
E02328,RA2411030010387,RA2411030010390,2,Social
E02329,RA2411030010387,RA2411030010391,2,Social
E02330,RA2411030010387,RA2411030010393,1,Social
E02331,RA2411030010387,RA2411030010394,1,Event
E02332,RA2411030010387,RA2411030010395,1,Event
E02333,RA2411030010387,RA2411030010398,1,Social
E02334,RA2411030010387,RA2411030010399,7,Social
E02335,RA2411030010387,RA2411030010400,8,Project
E02336,RA2411030010387,RA2411030010403,3,Event
E02337,RA2411030010387,RA2411030010406,3,Event
E02338,RA2411030010388,RA2411030010389,9,Academic
E02339,RA2411030010388,RA2411030010391,3,Social
E02340,RA2411030010388,RA2411030010393,3,Social
E02341,RA2411030010388,RA2411030010394,3,Academic
E02342,RA2411030010388,RA2411030010395,1,Event
E02343,RA2411030010388,RA2411030010396,5,Project
E02344,RA2411030010388,RA2411030010397,5,Social
E02345,RA2411030010388,RA2411030010400,1,Event
E02346,RA2411030010388,RA2411030010404,1,Project
E02347,RA2411030010388,RA2411030010407,1,Academic
E02348,RA2411030010388,RA2411030010408,8,Project
E02349,RA2411030010389,RA2411030010390,1,Project
E02350,RA2411030010389,RA2411030010391,3,Event
E02351,RA2411030010389,RA2411030010394,3,Event
E02352,RA2411030010389,RA2411030010395,2,Academic
E02353,RA2411030010389,RA2411030010396,8,Social
E02354,RA2411030010389,RA2411030010398,1,Academic
E02355,RA2411030010389,RA2411030010399,1,Social
E02356,RA2411030010389,RA2411030010400,3,Academic
E02357,RA2411030010389,RA2411030010401,2,Event
E02358,RA2411030010389,RA2411030010402,4,Academic
E02359,RA2411030010389,RA2411030010405,5,Social
E02360,RA2411030010389,RA2411030010406,2,Social
E02361,RA2411030010389,RA2411030010407,1,Event
E02362,RA2411030010389,RA2411030010408,1,Academic
E02363,RA2411030010390,RA2411030010394,8,Event
E02364,RA2411030010390,RA2411030010395,2,Social
E02365,RA2411030010390,RA2411030010396,3,Project
E02366,RA2411030010390,RA2411030010397,1,Project
E02367,RA2411030010390,RA2411030010398,7,Social
E02368,RA2411030010390,RA2411030010401,7,Social
E02369,RA2411030010390,RA2411030010402,7,Academic
E02370,RA2411030010390,RA2411030010403,3,Event
E02371,RA2411030010390,RA2411030010406,5,Social
E02372,RA2411030010390,RA2411030010407,9,Academic
E02373,RA2411030010390,RA2411030010408,5,Project
E02374,RA2411030010391,RA2411030010392,1,Academic
E02375,RA2411030010391,RA2411030010394,2,Event
E02376,RA2411030010391,RA2411030010395,1,Project
E02377,RA2411030010391,RA2411030010396,7,Academic
E02378,RA2411030010391,RA2411030010398,2,Social
E02379,RA2411030010391,RA2411030010399,3,Social
E02380,RA2411030010391,RA2411030010400,3,Academic
E02381,RA2411030010391,RA2411030010401,8,Project
E02382,RA2411030010391,RA2411030010402,2,Project
E02383,RA2411030010391,RA2411030010405,3,Project
E02384,RA2411030010391,RA2411030010406,4,Social
E02385,RA2411030010391,RA2411030010408,5,Social
E02386,RA2411030010392,RA2411030010393,2,Social
E02387,RA2411030010392,RA2411030010394,6,Academic
E02388,RA2411030010392,RA2411030010395,1,Social
E02389,RA2411030010392,RA2411030010397,5,Academic
E02390,RA2411030010392,RA2411030010400,6,Project
E02391,RA2411030010392,RA2411030010401,1,Social
E02392,RA2411030010392,RA2411030010404,2,Event
E02393,RA2411030010392,RA2411030010406,1,Event
E02394,RA2411030010392,RA2411030010407,6,Project
E02395,RA2411030010392,RA2411030010408,8,Event
E02396,RA2411030010393,RA2411030010394,1,Social
E02397,RA2411030010393,RA2411030010395,6,Project
E02398,RA2411030010393,RA2411030010397,1,Project
E02399,RA2411030010393,RA2411030010398,1,Event
E02400,RA2411030010393,RA2411030010399,4,Academic
E02401,RA2411030010393,RA2411030010400,1,Academic
E02402,RA2411030010393,RA2411030010401,1,Academic
E02403,RA2411030010393,RA2411030010403,6,Academic
E02404,RA2411030010393,RA2411030010404,3,Academic
E02405,RA2411030010393,RA2411030010407,3,Project
E02406,RA2411030010393,RA2411030010408,6,Event
E02407,RA2411030010394,RA2411030010395,1,Event
E02408,RA2411030010394,RA2411030010396,4,Social
E02409,RA2411030010394,RA2411030010397,1,Academic
E02410,RA2411030010394,RA2411030010398,1,Event
E02411,RA2411030010394,RA2411030010400,2,Event
E02412,RA2411030010394,RA2411030010401,2,Social
E02413,RA2411030010394,RA2411030010403,3,Academic
E02414,RA2411030010394,RA2411030010405,2,Social
E02415,RA2411030010394,RA2411030010406,2,Academic
E02416,RA2411030010394,RA2411030010408,4,Academic
E02417,RA2411030010395,RA2411030010396,4,Social
E02418,RA2411030010395,RA2411030010398,4,Social
E02419,RA2411030010395,RA2411030010399,2,Academic
E02420,RA2411030010395,RA2411030010400,8,Social
E02421,RA2411030010395,RA2411030010403,6,Academic
E02422,RA2411030010395,RA2411030010406,2,Project
E02423,RA2411030010396,RA2411030010397,1,Academic
E02424,RA2411030010396,RA2411030010398,1,Social
E02425,RA2411030010396,RA2411030010399,1,Project
E02426,RA2411030010396,RA2411030010400,3,Social
E02427,RA2411030010396,RA2411030010401,4,Event
E02428,RA2411030010396,RA2411030010403,2,Project
E02429,RA2411030010396,RA2411030010404,3,Event
E02430,RA2411030010396,RA2411030010406,3,Event
E02431,RA2411030010397,RA2411030010398,2,Academic
E02432,RA2411030010397,RA2411030010399,2,Academic
E02433,RA2411030010397,RA2411030010400,8,Project
E02434,RA2411030010397,RA2411030010401,2,Social
E02435,RA2411030010397,RA2411030010404,1,Event
E02436,RA2411030010397,RA2411030010408,1,Project
E02437,RA2411030010398,RA2411030010399,2,Project
E02438,RA2411030010398,RA2411030010400,2,Event
E02439,RA2411030010398,RA2411030010403,1,Project
E02440,RA2411030010398,RA2411030010404,2,Academic
E02441,RA2411030010398,RA2411030010405,1,Event
E02442,RA2411030010398,RA2411030010406,5,Project
E02443,RA2411030010398,RA2411030010408,5,Event
E02444,RA2411030010399,RA2411030010400,2,Academic
E02445,RA2411030010399,RA2411030010401,4,Academic
E02446,RA2411030010399,RA2411030010402,1,Project
E02447,RA2411030010399,RA2411030010406,7,Social
E02448,RA2411030010399,RA2411030010407,3,Project
E02449,RA2411030010399,RA2411030010408,3,Academic
E02450,RA2411030010400,RA2411030010402,2,Project
E02451,RA2411030010400,RA2411030010403,1,Event
E02452,RA2411030010400,RA2411030010405,6,Academic
E02453,RA2411030010400,RA2411030010406,4,Social
E02454,RA2411030010400,RA2411030010407,1,Event
E02455,RA2411030010401,RA2411030010403,1,Academic
E02456,RA2411030010401,RA2411030010404,1,Social
E02457,RA2411030010401,RA2411030010405,1,Academic
E02458,RA2411030010401,RA2411030010406,1,Social
E02459,RA2411030010401,RA2411030010407,2,Academic
E02460,RA2411030010401,RA2411030010408,3,Academic
E02461,RA2411030010402,RA2411030010404,1,Social
E02462,RA2411030010402,RA2411030010405,5,Social
E02463,RA2411030010402,RA2411030010407,5,Social
E02464,RA2411030010403,RA2411030010406,7,Event
E02465,RA2411030010403,RA2411030010407,1,Project
E02466,RA2411030010404,RA2411030010405,2,Academic
E02467,RA2411030010404,RA2411030010406,1,Event
E02468,RA2411030010405,RA2411030010406,6,Project
E02469,RA2411030010406,RA2411030010407,3,Social
E02470,RA2411030010406,RA2411030010408,2,Social
E02471,RA2511030010409,RA2511030010410,2,Event
E02472,RA2511030010409,RA2511030010412,3,Project
E02473,RA2511030010409,RA2511030010414,1,Academic
E02474,RA2511030010409,RA2511030010416,3,Academic
E02475,RA2511030010409,RA2511030010417,8,Project
E02476,RA2511030010409,RA2511030010418,4,Social
E02477,RA2511030010409,RA2511030010419,1,Academic
E02478,RA2511030010409,RA2511030010421,10,Event
E02479,RA2511030010409,RA2511030010423,8,Project
E02480,RA2511030010409,RA2511030010425,6,Social
E02481,RA2511030010409,RA2511030010426,3,Project
E02482,RA2511030010409,RA2511030010427,2,Social
E02483,RA2511030010409,RA2511030010429,7,Social
E02484,RA2511030010410,RA2511030010412,5,Academic
E02485,RA2511030010410,RA2511030010413,1,Academic
E02486,RA2511030010410,RA2511030010414,1,Event
E02487,RA2511030010410,RA2511030010415,2,Academic
E02488,RA2511030010410,RA2511030010418,4,Event
E02489,RA2511030010410,RA2511030010420,1,Academic
E02490,RA2511030010410,RA2511030010421,5,Event
E02491,RA2511030010410,RA2511030010422,1,Social
E02492,RA2511030010410,RA2511030010423,1,Event
E02493,RA2511030010410,RA2511030010425,1,Event
E02494,RA2511030010410,RA2511030010426,1,Event
E02495,RA2511030010410,RA2511030010427,12,Academic
E02496,RA2511030010410,RA2511030010429,5,Social
E02497,RA2511030010411,RA2511030010413,6,Project
E02498,RA2511030010411,RA2511030010416,1,Project
E02499,RA2511030010411,RA2511030010417,1,Event
E02500,RA2511030010411,RA2511030010419,3,Event
E02501,RA2511030010411,RA2511030010421,1,Academic
E02502,RA2511030010411,RA2511030010423,1,Social
E02503,RA2511030010411,RA2511030010424,3,Event
E02504,RA2511030010411,RA2511030010425,9,Project
E02505,RA2511030010411,RA2511030010426,6,Event
E02506,RA2511030010411,RA2511030010427,1,Project
E02507,RA2511030010411,RA2511030010429,4,Social
E02508,RA2511030010412,RA2511030010417,8,Event
E02509,RA2511030010412,RA2511030010418,1,Social
E02510,RA2511030010412,RA2511030010420,12,Academic
E02511,RA2511030010412,RA2511030010425,1,Academic
E02512,RA2511030010412,RA2511030010427,4,Project
E02513,RA2511030010412,RA2511030010428,9,Project
E02514,RA2511030010413,RA2511030010414,2,Academic
E02515,RA2511030010413,RA2511030010415,7,Social
E02516,RA2511030010413,RA2511030010416,5,Academic
E02517,RA2511030010413,RA2511030010418,2,Event
E02518,RA2511030010413,RA2511030010420,1,Social
E02519,RA2511030010413,RA2511030010421,2,Event
E02520,RA2511030010413,RA2511030010422,3,Project
E02521,RA2511030010413,RA2511030010423,4,Event
E02522,RA2511030010413,RA2511030010427,6,Academic
E02523,RA2511030010413,RA2511030010428,4,Academic
E02524,RA2511030010413,RA2511030010429,5,Event
E02525,RA2511030010414,RA2511030010416,3,Event
E02526,RA2511030010414,RA2511030010420,3,Event
E02527,RA2511030010414,RA2511030010421,9,Event
E02528,RA2511030010414,RA2511030010422,2,Event
E02529,RA2511030010414,RA2511030010426,5,Social
E02530,RA2511030010414,RA2511030010427,7,Social
E02531,RA2511030010414,RA2511030010428,4,Event
E02532,RA2511030010414,RA2511030010429,1,Event
E02533,RA2511030010415,RA2511030010416,6,Social
E02534,RA2511030010415,RA2511030010417,2,Social
E02535,RA2511030010415,RA2511030010420,1,Event
E02536,RA2511030010415,RA2511030010424,8,Project
E02537,RA2511030010415,RA2511030010425,2,Project
E02538,RA2511030010415,RA2511030010426,3,Project
E02539,RA2511030010415,RA2511030010427,3,Project
E02540,RA2511030010416,RA2511030010419,8,Project
E02541,RA2511030010416,RA2511030010420,1,Academic
E02542,RA2511030010416,RA2511030010421,1,Project
E02543,RA2511030010416,RA2511030010424,1,Event
E02544,RA2511030010416,RA2511030010429,2,Project
E02545,RA2511030010417,RA2511030010418,5,Project
E02546,RA2511030010417,RA2511030010420,4,Social
E02547,RA2511030010417,RA2511030010421,4,Project
E02548,RA2511030010417,RA2511030010423,1,Academic
E02549,RA2511030010417,RA2511030010425,2,Project
E02550,RA2511030010417,RA2511030010427,6,Event
E02551,RA2511030010417,RA2511030010429,3,Academic
E02552,RA2511030010418,RA2511030010419,3,Academic
E02553,RA2511030010418,RA2511030010421,2,Event
E02554,RA2511030010418,RA2511030010422,6,Event
E02555,RA2511030010418,RA2511030010423,7,Academic
E02556,RA2511030010418,RA2511030010427,14,Social
E02557,RA2511030010418,RA2511030010428,1,Academic
E02558,RA2511030010419,RA2511030010421,3,Academic
E02559,RA2511030010419,RA2511030010422,1,Project
E02560,RA2511030010419,RA2511030010423,1,Project
E02561,RA2511030010419,RA2511030010424,5,Academic
E02562,RA2511030010419,RA2511030010426,1,Event
E02563,RA2511030010419,RA2511030010427,3,Social
E02564,RA2511030010419,RA2511030010429,8,Event
E02565,RA2511030010420,RA2511030010421,4,Project
E02566,RA2511030010420,RA2511030010423,1,Event
E02567,RA2511030010420,RA2511030010425,6,Project
E02568,RA2511030010420,RA2511030010427,3,Event
E02569,RA2511030010421,RA2511030010423,1,Event
E02570,RA2511030010421,RA2511030010424,3,Academic
E02571,RA2511030010421,RA2511030010427,2,Event
E02572,RA2511030010422,RA2511030010424,1,Academic
E02573,RA2511030010422,RA2511030010426,2,Project
E02574,RA2511030010422,RA2511030010427,2,Social
E02575,RA2511030010422,RA2511030010429,4,Social
E02576,RA2511030010423,RA2511030010425,7,Social
E02577,RA2511030010423,RA2511030010426,2,Event
E02578,RA2511030010423,RA2511030010427,1,Project
E02579,RA2511030010423,RA2511030010428,4,Academic
E02580,RA2511030010424,RA2511030010426,1,Social
E02581,RA2511030010424,RA2511030010427,3,Event
E02582,RA2511030010424,RA2511030010429,3,Academic
E02583,RA2511030010425,RA2511030010426,2,Event
E02584,RA2511030010425,RA2511030010427,4,Academic
E02585,RA2511030010426,RA2511030010428,1,Event
E02586,RA2511030010426,RA2511030010429,2,Academic
E02587,RA2511030010427,RA2511030010428,1,Event
E02588,RA2611030010431,RA2611030010432,2,Social
E02589,RA2611030010431,RA2611030010434,3,Social
E02590,RA2611030010431,RA2611030010435,5,Social
E02591,RA2611030010431,RA2611030010436,6,Academic
E02592,RA2611030010431,RA2611030010438,1,Project
E02593,RA2611030010431,RA2611030010439,14,Academic
E02594,RA2611030010431,RA2611030010442,1,Academic
E02595,RA2611030010431,RA2611030010444,8,Academic
E02596,RA2611030010431,RA2611030010446,1,Academic
E02597,RA2611030010431,RA2611030010448,4,Social
E02598,RA2611030010431,RA2611030010450,8,Project
E02599,RA2611030010431,RA2611030010451,1,Academic
E02600,RA2611030010432,RA2611030010436,4,Event
E02601,RA2611030010432,RA2611030010437,4,Project
E02602,RA2611030010432,RA2611030010440,2,Event
E02603,RA2611030010432,RA2611030010441,5,Social
E02604,RA2611030010432,RA2611030010442,4,Project
E02605,RA2611030010432,RA2611030010444,1,Academic
E02606,RA2611030010432,RA2611030010445,1,Project
E02607,RA2611030010432,RA2611030010446,1,Event
E02608,RA2611030010432,RA2611030010447,6,Project
E02609,RA2611030010432,RA2611030010449,5,Social
E02610,RA2611030010432,RA2611030010450,4,Event
E02611,RA2611030010432,RA2611030010452,1,Project
E02612,RA2611030010432,RA2611030010453,6,Event
E02613,RA2611030010434,RA2611030010435,1,Event
E02614,RA2611030010434,RA2611030010436,4,Project
E02615,RA2611030010434,RA2611030010438,1,Academic
E02616,RA2611030010434,RA2611030010441,1,Event
E02617,RA2611030010434,RA2611030010442,2,Event
E02618,RA2611030010434,RA2611030010443,2,Academic
E02619,RA2611030010434,RA2611030010444,3,Event
E02620,RA2611030010434,RA2611030010445,3,Academic
E02621,RA2611030010434,RA2611030010446,4,Academic
E02622,RA2611030010434,RA2611030010448,1,Social
E02623,RA2611030010434,RA2611030010449,3,Social
E02624,RA2611030010434,RA2611030010450,1,Event
E02625,RA2611030010434,RA2611030010451,9,Project
E02626,RA2611030010434,RA2611030010452,7,Academic
E02627,RA2611030010434,RA2611030010453,1,Project
E02628,RA2611030010435,RA2611030010436,7,Project
E02629,RA2611030010435,RA2611030010438,1,Event
E02630,RA2611030010435,RA2611030010441,1,Project
E02631,RA2611030010435,RA2611030010442,5,Social
E02632,RA2611030010435,RA2611030010443,1,Academic
E02633,RA2611030010435,RA2611030010444,5,Event
E02634,RA2611030010435,RA2611030010447,1,Academic
E02635,RA2611030010435,RA2611030010448,1,Event
E02636,RA2611030010435,RA2611030010449,3,Event
E02637,RA2611030010435,RA2611030010450,7,Social
E02638,RA2611030010435,RA2611030010451,4,Academic
E02639,RA2611030010435,RA2611030010453,7,Event
E02640,RA2611030010436,RA2611030010437,6,Academic
E02641,RA2611030010436,RA2611030010438,6,Social
E02642,RA2611030010436,RA2611030010439,5,Project
E02643,RA2611030010436,RA2611030010441,3,Social
E02644,RA2611030010436,RA2611030010444,2,Event
E02645,RA2611030010436,RA2611030010445,2,Social
E02646,RA2611030010436,RA2611030010446,1,Event
E02647,RA2611030010436,RA2611030010449,6,Event
E02648,RA2611030010436,RA2611030010451,1,Event
E02649,RA2611030010436,RA2611030010452,2,Event
E02650,RA2611030010437,RA2611030010438,4,Event
E02651,RA2611030010437,RA2611030010443,2,Project
E02652,RA2611030010437,RA2611030010446,8,Event
E02653,RA2611030010437,RA2611030010447,1,Project
E02654,RA2611030010437,RA2611030010448,6,Social
E02655,RA2611030010437,RA2611030010449,3,Event
E02656,RA2611030010437,RA2611030010451,9,Academic
E02657,RA2611030010437,RA2611030010452,3,Project
E02658,RA2611030010437,RA2611030010453,4,Social
E02659,RA2611030010438,RA2611030010440,1,Social
E02660,RA2611030010438,RA2611030010441,1,Event
E02661,RA2611030010438,RA2611030010442,1,Academic
E02662,RA2611030010438,RA2611030010443,2,Event
E02663,RA2611030010438,RA2611030010445,2,Project
E02664,RA2611030010438,RA2611030010446,9,Project
E02665,RA2611030010438,RA2611030010448,3,Project
E02666,RA2611030010438,RA2611030010450,3,Academic
E02667,RA2611030010438,RA2611030010451,3,Event
E02668,RA2611030010438,RA2611030010453,8,Social
E02669,RA2611030010439,RA2611030010440,3,Project
E02670,RA2611030010439,RA2611030010442,4,Project
E02671,RA2611030010439,RA2611030010443,2,Project
E02672,RA2611030010439,RA2611030010444,1,Social
E02673,RA2611030010439,RA2611030010445,3,Event
E02674,RA2611030010439,RA2611030010446,1,Event
E02675,RA2611030010439,RA2611030010447,3,Social
E02676,RA2611030010439,RA2611030010449,3,Social
E02677,RA2611030010439,RA2611030010450,3,Event
E02678,RA2611030010439,RA2611030010452,1,Event
E02679,RA2611030010439,RA2611030010453,5,Social
E02680,RA2611030010440,RA2611030010441,1,Social
E02681,RA2611030010440,RA2611030010442,1,Social
E02682,RA2611030010440,RA2611030010444,3,Academic
E02683,RA2611030010440,RA2611030010446,1,Academic
E02684,RA2611030010440,RA2611030010447,2,Academic
E02685,RA2611030010440,RA2611030010448,3,Social
E02686,RA2611030010440,RA2611030010451,5,Academic
E02687,RA2611030010440,RA2611030010452,1,Event
E02688,RA2611030010441,RA2611030010443,5,Social
E02689,RA2611030010441,RA2611030010447,1,Academic
E02690,RA2611030010441,RA2611030010448,3,Academic
E02691,RA2611030010441,RA2611030010449,3,Academic
E02692,RA2611030010441,RA2611030010451,8,Academic
E02693,RA2611030010441,RA2611030010452,12,Event
E02694,RA2611030010442,RA2611030010444,6,Event
E02695,RA2611030010442,RA2611030010445,1,Event
E02696,RA2611030010442,RA2611030010446,6,Project
E02697,RA2611030010442,RA2611030010448,3,Project
E02698,RA2611030010442,RA2611030010449,9,Academic
E02699,RA2611030010442,RA2611030010450,2,Social
E02700,RA2611030010442,RA2611030010452,6,Event
E02701,RA2611030010442,RA2611030010453,3,Social
E02702,RA2611030010443,RA2611030010444,4,Academic
E02703,RA2611030010443,RA2611030010445,1,Event
E02704,RA2611030010443,RA2611030010448,2,Event
E02705,RA2611030010443,RA2611030010450,2,Project
E02706,RA2611030010443,RA2611030010452,1,Academic
E02707,RA2611030010443,RA2611030010453,3,Social
E02708,RA2611030010444,RA2611030010446,8,Social
E02709,RA2611030010444,RA2611030010447,2,Event
E02710,RA2611030010444,RA2611030010448,4,Project
E02711,RA2611030010444,RA2611030010451,5,Project
E02712,RA2611030010444,RA2611030010452,4,Social
E02713,RA2611030010445,RA2611030010446,6,Academic
E02714,RA2611030010445,RA2611030010447,4,Academic
E02715,RA2611030010445,RA2611030010448,2,Event
E02716,RA2611030010445,RA2611030010449,1,Project
E02717,RA2611030010445,RA2611030010452,8,Event
E02718,RA2611030010445,RA2611030010453,1,Social
E02719,RA2611030010446,RA2611030010448,4,Social
E02720,RA2611030010446,RA2611030010451,2,Event
E02721,RA2611030010446,RA2611030010453,1,Project
E02722,RA2611030010447,RA2611030010448,2,Social
E02723,RA2611030010447,RA2611030010450,1,Project
E02724,RA2611030010447,RA2611030010451,1,Academic
E02725,RA2611030010448,RA2611030010449,3,Event
E02726,RA2611030010448,RA2611030010451,1,Event
E02727,RA2611030010448,RA2611030010452,3,Event
E02728,RA2611030010448,RA2611030010453,6,Project
E02729,RA2611030010449,RA2611030010450,7,Event
E02730,RA2611030010449,RA2611030010451,5,Project
E02731,RA2611030010449,RA2611030010452,3,Academic
E02732,RA2611030010449,RA2611030010453,1,Social
E02733,RA2611030010450,RA2611030010452,2,Social
E02734,RA2611030010450,RA2611030010453,9,Project
E02735,RA2611030010451,RA2611030010452,6,Project
E02736,RA2611030010452,RA2611030010453,4,Event
E02737,RA2311054010454,RA2311054010455,4,Academic
E02738,RA2311054010454,RA2311054010459,2,Event
E02739,RA2311054010454,RA2311054010461,1,Academic
E02740,RA2311054010454,RA2311054010462,8,Social
E02741,RA2311054010454,RA2311054010465,6,Academic
E02742,RA2311054010454,RA2311054010466,2,Academic
E02743,RA2311054010454,RA2311054010467,4,Event
E02744,RA2311054010454,RA2311054010468,7,Academic
E02745,RA2311054010454,RA2311054010469,2,Project
E02746,RA2311054010454,RA2311054010470,3,Academic
E02747,RA2311054010454,RA2311054010471,3,Social
E02748,RA2311054010454,RA2311054010472,1,Project
E02749,RA2311054010454,RA2311054010473,3,Project
E02750,RA2311054010455,RA2311054010456,2,Academic
E02751,RA2311054010455,RA2311054010457,3,Project
E02752,RA2311054010455,RA2311054010458,1,Project
E02753,RA2311054010455,RA2311054010459,2,Social
E02754,RA2311054010455,RA2311054010461,2,Academic
E02755,RA2311054010455,RA2311054010462,2,Academic
E02756,RA2311054010455,RA2311054010466,7,Academic
E02757,RA2311054010455,RA2311054010467,1,Academic
E02758,RA2311054010455,RA2311054010468,2,Project
E02759,RA2311054010455,RA2311054010469,14,Project
E02760,RA2311054010455,RA2311054010470,3,Event
E02761,RA2311054010455,RA2311054010471,1,Academic
E02762,RA2311054010455,RA2311054010473,7,Social
E02763,RA2311054010455,RA2311054010475,8,Social
E02764,RA2311054010456,RA2311054010457,3,Project
E02765,RA2311054010456,RA2311054010458,1,Academic
E02766,RA2311054010456,RA2311054010463,7,Project
E02767,RA2311054010456,RA2311054010465,5,Social
E02768,RA2311054010456,RA2311054010466,5,Social
E02769,RA2311054010456,RA2311054010468,5,Project
E02770,RA2311054010456,RA2311054010470,1,Academic
E02771,RA2311054010456,RA2311054010472,2,Event
E02772,RA2311054010456,RA2311054010474,3,Event
E02773,RA2311054010456,RA2311054010476,2,Academic
E02774,RA2311054010457,RA2311054010458,3,Event
E02775,RA2311054010457,RA2311054010461,8,Social
E02776,RA2311054010457,RA2311054010464,6,Social
E02777,RA2311054010457,RA2311054010465,2,Academic
E02778,RA2311054010457,RA2311054010467,5,Event
E02779,RA2311054010457,RA2311054010471,6,Social
E02780,RA2311054010457,RA2311054010473,1,Social
E02781,RA2311054010457,RA2311054010474,1,Project
E02782,RA2311054010457,RA2311054010475,1,Social
E02783,RA2311054010457,RA2311054010476,2,Social
E02784,RA2311054010458,RA2311054010459,2,Social
E02785,RA2311054010458,RA2311054010464,2,Academic
E02786,RA2311054010458,RA2311054010468,3,Academic
E02787,RA2311054010458,RA2311054010469,3,Social
E02788,RA2311054010458,RA2311054010471,4,Academic
E02789,RA2311054010458,RA2311054010472,9,Social
E02790,RA2311054010458,RA2311054010473,5,Social
E02791,RA2311054010458,RA2311054010474,1,Event
E02792,RA2311054010458,RA2311054010476,2,Academic
E02793,RA2311054010459,RA2311054010462,4,Event
E02794,RA2311054010459,RA2311054010463,1,Project
E02795,RA2311054010459,RA2311054010465,1,Social
E02796,RA2311054010459,RA2311054010468,4,Academic
E02797,RA2311054010459,RA2311054010469,3,Academic
E02798,RA2311054010459,RA2311054010470,2,Academic
E02799,RA2311054010459,RA2311054010471,6,Social
E02800,RA2311054010459,RA2311054010473,7,Event
E02801,RA2311054010459,RA2311054010474,4,Social
E02802,RA2311054010459,RA2311054010475,7,Event
E02803,RA2311054010459,RA2311054010476,4,Social
E02804,RA2311054010461,RA2311054010462,2,Academic
E02805,RA2311054010461,RA2311054010463,1,Academic
E02806,RA2311054010461,RA2311054010464,3,Social
E02807,RA2311054010461,RA2311054010466,8,Social
E02808,RA2311054010461,RA2311054010467,4,Academic
E02809,RA2311054010461,RA2311054010468,9,Academic
E02810,RA2311054010461,RA2311054010471,3,Event
E02811,RA2311054010461,RA2311054010472,4,Academic
E02812,RA2311054010461,RA2311054010474,2,Social
E02813,RA2311054010461,RA2311054010476,2,Project
E02814,RA2311054010462,RA2311054010465,5,Social
E02815,RA2311054010462,RA2311054010466,3,Project
E02816,RA2311054010462,RA2311054010468,2,Academic
E02817,RA2311054010462,RA2311054010469,4,Social
E02818,RA2311054010462,RA2311054010470,5,Event
E02819,RA2311054010462,RA2311054010471,8,Project
E02820,RA2311054010462,RA2311054010472,4,Event
E02821,RA2311054010462,RA2311054010474,2,Social
E02822,RA2311054010462,RA2311054010475,3,Event
E02823,RA2311054010463,RA2311054010464,7,Project
E02824,RA2311054010463,RA2311054010466,2,Academic
E02825,RA2311054010463,RA2311054010469,1,Academic
E02826,RA2311054010463,RA2311054010470,1,Event
E02827,RA2311054010463,RA2311054010471,1,Academic
E02828,RA2311054010463,RA2311054010475,5,Event
E02829,RA2311054010463,RA2311054010476,1,Social
E02830,RA2311054010464,RA2311054010467,14,Academic
E02831,RA2311054010464,RA2311054010468,8,Social
E02832,RA2311054010464,RA2311054010472,5,Event
E02833,RA2311054010464,RA2311054010475,1,Academic
E02834,RA2311054010464,RA2311054010476,4,Social
E02835,RA2311054010465,RA2311054010466,3,Social
E02836,RA2311054010465,RA2311054010467,8,Social
E02837,RA2311054010465,RA2311054010468,3,Social
E02838,RA2311054010465,RA2311054010469,2,Event
E02839,RA2311054010465,RA2311054010470,9,Project
E02840,RA2311054010465,RA2311054010471,3,Project
E02841,RA2311054010465,RA2311054010472,1,Social
E02842,RA2311054010465,RA2311054010473,2,Academic
E02843,RA2311054010465,RA2311054010474,7,Project
E02844,RA2311054010465,RA2311054010475,12,Social
E02845,RA2311054010466,RA2311054010469,3,Project
E02846,RA2311054010466,RA2311054010470,1,Project
E02847,RA2311054010466,RA2311054010473,1,Project
E02848,RA2311054010466,RA2311054010475,2,Project
E02849,RA2311054010467,RA2311054010468,3,Event
E02850,RA2311054010467,RA2311054010470,5,Academic
E02851,RA2311054010467,RA2311054010472,3,Event
E02852,RA2311054010467,RA2311054010473,14,Project
E02853,RA2311054010467,RA2311054010475,6,Social
E02854,RA2311054010468,RA2311054010469,2,Academic
E02855,RA2311054010468,RA2311054010470,3,Social
E02856,RA2311054010468,RA2311054010473,7,Social
E02857,RA2311054010468,RA2311054010474,8,Academic
E02858,RA2311054010468,RA2311054010476,8,Academic
E02859,RA2311054010469,RA2311054010471,7,Event
E02860,RA2311054010469,RA2311054010472,2,Project
E02861,RA2311054010469,RA2311054010473,5,Project
E02862,RA2311054010469,RA2311054010474,4,Project
E02863,RA2311054010469,RA2311054010475,1,Project
E02864,RA2311054010469,RA2311054010476,5,Project
E02865,RA2311054010470,RA2311054010471,4,Social
E02866,RA2311054010470,RA2311054010473,3,Social
E02867,RA2311054010470,RA2311054010475,6,Social
E02868,RA2311054010471,RA2311054010473,4,Event
E02869,RA2311054010471,RA2311054010474,1,Social
E02870,RA2311054010471,RA2311054010475,2,Social
E02871,RA2311054010471,RA2311054010476,4,Project
E02872,RA2311054010472,RA2311054010473,9,Event
E02873,RA2311054010472,RA2311054010475,5,Event
E02874,RA2311054010473,RA2311054010474,4,Event
E02875,RA2311054010473,RA2311054010476,3,Social
E02876,RA2311054010475,RA2311054010476,2,Social
E02877,RA2411054010477,RA2411054010478,6,Event
E02878,RA2411054010477,RA2411054010479,7,Social
E02879,RA2411054010477,RA2411054010480,2,Project
E02880,RA2411054010477,RA2411054010482,2,Event
E02881,RA2411054010477,RA2411054010484,8,Academic
E02882,RA2411054010477,RA2411054010485,1,Social
E02883,RA2411054010477,RA2411054010486,6,Academic
E02884,RA2411054010477,RA2411054010487,7,Social
E02885,RA2411054010477,RA2411054010489,3,Academic
E02886,RA2411054010477,RA2411054010490,12,Project
E02887,RA2411054010477,RA2411054010492,2,Project
E02888,RA2411054010477,RA2411054010493,2,Social
E02889,RA2411054010477,RA2411054010494,8,Project
E02890,RA2411054010477,RA2411054010495,5,Academic
E02891,RA2411054010477,RA2411054010496,6,Event
E02892,RA2411054010477,RA2411054010497,2,Social
E02893,RA2411054010477,RA2411054010498,1,Project
E02894,RA2411054010478,RA2411054010481,1,Event
E02895,RA2411054010478,RA2411054010483,1,Academic
E02896,RA2411054010478,RA2411054010484,1,Event
E02897,RA2411054010478,RA2411054010486,1,Project
E02898,RA2411054010478,RA2411054010487,1,Event
E02899,RA2411054010478,RA2411054010488,5,Social
E02900,RA2411054010478,RA2411054010489,2,Academic
E02901,RA2411054010478,RA2411054010490,2,Academic
E02902,RA2411054010478,RA2411054010492,3,Social
E02903,RA2411054010478,RA2411054010493,3,Event
E02904,RA2411054010478,RA2411054010494,2,Project
E02905,RA2411054010479,RA2411054010481,2,Academic
E02906,RA2411054010479,RA2411054010482,3,Social
E02907,RA2411054010479,RA2411054010483,2,Social
E02908,RA2411054010479,RA2411054010486,1,Project
E02909,RA2411054010479,RA2411054010488,1,Academic
E02910,RA2411054010479,RA2411054010489,3,Event
E02911,RA2411054010479,RA2411054010492,2,Event
E02912,RA2411054010479,RA2411054010493,6,Social
E02913,RA2411054010479,RA2411054010494,7,Event
E02914,RA2411054010479,RA2411054010495,5,Project
E02915,RA2411054010479,RA2411054010497,9,Social
E02916,RA2411054010479,RA2411054010498,5,Event
E02917,RA2411054010480,RA2411054010481,8,Academic
E02918,RA2411054010480,RA2411054010482,2,Academic
E02919,RA2411054010480,RA2411054010484,1,Academic
E02920,RA2411054010480,RA2411054010485,1,Academic
E02921,RA2411054010480,RA2411054010486,4,Project
E02922,RA2411054010480,RA2411054010487,5,Project
E02923,RA2411054010480,RA2411054010488,1,Event
E02924,RA2411054010480,RA2411054010489,5,Social
E02925,RA2411054010480,RA2411054010491,4,Social
E02926,RA2411054010480,RA2411054010492,1,Project
E02927,RA2411054010480,RA2411054010493,6,Project
E02928,RA2411054010480,RA2411054010495,3,Social
E02929,RA2411054010480,RA2411054010496,8,Social
E02930,RA2411054010481,RA2411054010482,1,Event
E02931,RA2411054010481,RA2411054010483,3,Project
E02932,RA2411054010481,RA2411054010485,1,Project
E02933,RA2411054010481,RA2411054010486,2,Event
E02934,RA2411054010481,RA2411054010487,4,Event
E02935,RA2411054010481,RA2411054010488,2,Project
E02936,RA2411054010481,RA2411054010489,2,Project
E02937,RA2411054010481,RA2411054010492,2,Social
E02938,RA2411054010481,RA2411054010495,1,Project
E02939,RA2411054010481,RA2411054010496,2,Project
E02940,RA2411054010481,RA2411054010497,1,Academic
E02941,RA2411054010481,RA2411054010498,2,Event
E02942,RA2411054010482,RA2411054010484,9,Social
E02943,RA2411054010482,RA2411054010486,1,Event
E02944,RA2411054010482,RA2411054010487,12,Project
E02945,RA2411054010482,RA2411054010488,1,Project
E02946,RA2411054010482,RA2411054010489,2,Academic
E02947,RA2411054010482,RA2411054010491,3,Event
E02948,RA2411054010482,RA2411054010492,3,Social
E02949,RA2411054010482,RA2411054010493,2,Event
E02950,RA2411054010482,RA2411054010494,2,Event
E02951,RA2411054010482,RA2411054010496,7,Academic
E02952,RA2411054010483,RA2411054010488,5,Event
E02953,RA2411054010483,RA2411054010489,3,Academic
E02954,RA2411054010483,RA2411054010490,1,Social
E02955,RA2411054010483,RA2411054010494,1,Event
E02956,RA2411054010483,RA2411054010495,2,Project
E02957,RA2411054010483,RA2411054010496,1,Academic
E02958,RA2411054010483,RA2411054010497,1,Project
E02959,RA2411054010483,RA2411054010498,7,Academic
E02960,RA2411054010484,RA2411054010486,4,Academic
E02961,RA2411054010484,RA2411054010487,4,Social
E02962,RA2411054010484,RA2411054010488,2,Social
E02963,RA2411054010484,RA2411054010489,6,Academic
E02964,RA2411054010484,RA2411054010493,5,Event
E02965,RA2411054010484,RA2411054010495,1,Academic
E02966,RA2411054010484,RA2411054010496,5,Project
E02967,RA2411054010484,RA2411054010497,1,Project
E02968,RA2411054010485,RA2411054010486,4,Event
E02969,RA2411054010485,RA2411054010487,6,Academic
E02970,RA2411054010485,RA2411054010488,4,Project
E02971,RA2411054010485,RA2411054010490,7,Social
E02972,RA2411054010485,RA2411054010491,3,Social
E02973,RA2411054010485,RA2411054010493,1,Academic
E02974,RA2411054010485,RA2411054010495,1,Social
E02975,RA2411054010485,RA2411054010496,4,Social
E02976,RA2411054010485,RA2411054010498,2,Academic
E02977,RA2411054010486,RA2411054010487,2,Academic
E02978,RA2411054010486,RA2411054010488,3,Academic
E02979,RA2411054010486,RA2411054010489,7,Academic
E02980,RA2411054010486,RA2411054010490,1,Academic
E02981,RA2411054010486,RA2411054010491,5,Academic
E02982,RA2411054010486,RA2411054010493,3,Social
E02983,RA2411054010486,RA2411054010496,5,Project
E02984,RA2411054010486,RA2411054010498,5,Event
E02985,RA2411054010487,RA2411054010488,3,Project
E02986,RA2411054010487,RA2411054010489,2,Project
E02987,RA2411054010487,RA2411054010490,2,Social
E02988,RA2411054010487,RA2411054010491,3,Academic
E02989,RA2411054010487,RA2411054010492,5,Social
E02990,RA2411054010487,RA2411054010493,1,Project
E02991,RA2411054010487,RA2411054010495,14,Project
E02992,RA2411054010487,RA2411054010496,1,Social
E02993,RA2411054010487,RA2411054010498,1,Social
E02994,RA2411054010488,RA2411054010490,2,Event
E02995,RA2411054010488,RA2411054010492,3,Project
E02996,RA2411054010488,RA2411054010493,2,Social
E02997,RA2411054010488,RA2411054010494,2,Academic
E02998,RA2411054010488,RA2411054010495,6,Social
E02999,RA2411054010488,RA2411054010496,3,Event
E03000,RA2411054010488,RA2411054010497,1,Academic
E03001,RA2411054010488,RA2411054010498,3,Project
E03002,RA2411054010489,RA2411054010490,3,Academic
E03003,RA2411054010489,RA2411054010491,5,Event
E03004,RA2411054010489,RA2411054010492,2,Project
E03005,RA2411054010489,RA2411054010493,3,Social
E03006,RA2411054010489,RA2411054010494,10,Academic
E03007,RA2411054010489,RA2411054010498,3,Event
E03008,RA2411054010490,RA2411054010491,4,Event
E03009,RA2411054010490,RA2411054010492,8,Project
E03010,RA2411054010490,RA2411054010496,1,Project
E03011,RA2411054010490,RA2411054010497,10,Academic
E03012,RA2411054010490,RA2411054010498,6,Project
E03013,RA2411054010491,RA2411054010492,3,Project
E03014,RA2411054010491,RA2411054010494,2,Project
E03015,RA2411054010491,RA2411054010495,6,Project
E03016,RA2411054010491,RA2411054010496,1,Project
E03017,RA2411054010491,RA2411054010497,1,Social
E03018,RA2411054010491,RA2411054010498,3,Academic
E03019,RA2411054010493,RA2411054010495,2,Project
E03020,RA2411054010493,RA2411054010497,7,Social
E03021,RA2411054010494,RA2411054010496,3,Event
E03022,RA2411054010494,RA2411054010497,2,Academic
E03023,RA2411054010494,RA2411054010498,2,Project
E03024,RA2411054010495,RA2411054010496,4,Academic
E03025,RA2411054010496,RA2411054010498,1,Project
E03026,RA2411054010497,RA2411054010498,2,Academic
E03027,RA2511054010499,RA2511054010501,2,Social
E03028,RA2511054010499,RA2511054010503,9,Social
E03029,RA2511054010499,RA2511054010504,2,Project
E03030,RA2511054010499,RA2511054010505,3,Academic
E03031,RA2511054010499,RA2511054010506,4,Academic
E03032,RA2511054010499,RA2511054010507,1,Academic
E03033,RA2511054010499,RA2511054010508,4,Event
E03034,RA2511054010499,RA2511054010509,3,Event
E03035,RA2511054010499,RA2511054010510,2,Event
E03036,RA2511054010499,RA2511054010512,3,Event
E03037,RA2511054010499,RA2511054010517,12,Project
E03038,RA2511054010499,RA2511054010519,7,Event
E03039,RA2511054010499,RA2511054010520,2,Academic
E03040,RA2511054010500,RA2511054010501,3,Project
E03041,RA2511054010500,RA2511054010502,3,Event
E03042,RA2511054010500,RA2511054010503,1,Academic
E03043,RA2511054010500,RA2511054010504,1,Social
E03044,RA2511054010500,RA2511054010505,2,Social
E03045,RA2511054010500,RA2511054010506,5,Social
E03046,RA2511054010500,RA2511054010507,1,Social
E03047,RA2511054010500,RA2511054010508,3,Academic
E03048,RA2511054010500,RA2511054010509,4,Academic
E03049,RA2511054010500,RA2511054010510,3,Academic
E03050,RA2511054010500,RA2511054010511,1,Project
E03051,RA2511054010500,RA2511054010512,4,Project
E03052,RA2511054010500,RA2511054010513,2,Social
E03053,RA2511054010500,RA2511054010514,7,Project
E03054,RA2511054010500,RA2511054010519,1,Academic
E03055,RA2511054010500,RA2511054010520,4,Project
E03056,RA2511054010501,RA2511054010503,2,Academic
E03057,RA2511054010501,RA2511054010505,1,Event
E03058,RA2511054010501,RA2511054010507,6,Academic
E03059,RA2511054010501,RA2511054010508,6,Academic
E03060,RA2511054010501,RA2511054010509,4,Social
E03061,RA2511054010501,RA2511054010510,5,Project
E03062,RA2511054010501,RA2511054010511,1,Event
E03063,RA2511054010501,RA2511054010513,2,Project
E03064,RA2511054010501,RA2511054010515,4,Project
E03065,RA2511054010501,RA2511054010516,1,Event
E03066,RA2511054010501,RA2511054010520,4,Event
E03067,RA2511054010502,RA2511054010503,2,Project
E03068,RA2511054010502,RA2511054010505,5,Social
E03069,RA2511054010502,RA2511054010506,4,Event
E03070,RA2511054010502,RA2511054010508,3,Event
E03071,RA2511054010502,RA2511054010509,2,Social
E03072,RA2511054010502,RA2511054010510,1,Event
E03073,RA2511054010502,RA2511054010512,4,Project
E03074,RA2511054010502,RA2511054010513,4,Academic
E03075,RA2511054010502,RA2511054010514,4,Academic
E03076,RA2511054010502,RA2511054010515,1,Social
E03077,RA2511054010502,RA2511054010517,2,Social
E03078,RA2511054010502,RA2511054010519,1,Event
E03079,RA2511054010502,RA2511054010521,3,Social
E03080,RA2511054010503,RA2511054010504,5,Academic
E03081,RA2511054010503,RA2511054010505,12,Event
E03082,RA2511054010503,RA2511054010506,2,Project
E03083,RA2511054010503,RA2511054010508,1,Event
E03084,RA2511054010503,RA2511054010510,6,Project
E03085,RA2511054010503,RA2511054010514,5,Social
E03086,RA2511054010503,RA2511054010515,2,Social
E03087,RA2511054010503,RA2511054010516,4,Academic
E03088,RA2511054010503,RA2511054010521,2,Event
E03089,RA2511054010504,RA2511054010505,2,Event
E03090,RA2511054010504,RA2511054010507,2,Project
E03091,RA2511054010504,RA2511054010508,5,Social
E03092,RA2511054010504,RA2511054010511,10,Event
E03093,RA2511054010504,RA2511054010512,4,Academic
E03094,RA2511054010504,RA2511054010513,4,Academic
E03095,RA2511054010504,RA2511054010516,1,Project
E03096,RA2511054010504,RA2511054010521,3,Event
E03097,RA2511054010505,RA2511054010508,5,Social
E03098,RA2511054010505,RA2511054010509,8,Event
E03099,RA2511054010505,RA2511054010511,1,Social
E03100,RA2511054010505,RA2511054010512,3,Event
E03101,RA2511054010505,RA2511054010514,6,Project
E03102,RA2511054010505,RA2511054010516,6,Academic
E03103,RA2511054010505,RA2511054010521,1,Academic
E03104,RA2511054010506,RA2511054010507,6,Event
E03105,RA2511054010506,RA2511054010510,9,Event
E03106,RA2511054010506,RA2511054010512,3,Academic
E03107,RA2511054010506,RA2511054010514,6,Event
E03108,RA2511054010506,RA2511054010516,5,Event
E03109,RA2511054010506,RA2511054010517,3,Event
E03110,RA2511054010506,RA2511054010519,6,Project
E03111,RA2511054010506,RA2511054010521,5,Academic
E03112,RA2511054010507,RA2511054010508,1,Social
E03113,RA2511054010507,RA2511054010509,1,Event
E03114,RA2511054010507,RA2511054010510,3,Academic
E03115,RA2511054010507,RA2511054010514,2,Event
E03116,RA2511054010507,RA2511054010515,3,Social
E03117,RA2511054010507,RA2511054010516,1,Project
E03118,RA2511054010507,RA2511054010517,7,Project
E03119,RA2511054010507,RA2511054010519,2,Social
E03120,RA2511054010507,RA2511054010521,3,Social
E03121,RA2511054010508,RA2511054010509,1,Social
E03122,RA2511054010508,RA2511054010511,6,Social
E03123,RA2511054010508,RA2511054010512,1,Project
E03124,RA2511054010508,RA2511054010513,1,Social
E03125,RA2511054010508,RA2511054010514,5,Social
E03126,RA2511054010508,RA2511054010517,10,Project
E03127,RA2511054010508,RA2511054010520,3,Social
E03128,RA2511054010508,RA2511054010521,4,Event
E03129,RA2511054010509,RA2511054010511,7,Event
E03130,RA2511054010509,RA2511054010512,2,Academic
E03131,RA2511054010509,RA2511054010513,1,Project
E03132,RA2511054010509,RA2511054010514,4,Academic
E03133,RA2511054010509,RA2511054010515,3,Event
E03134,RA2511054010509,RA2511054010517,5,Project
E03135,RA2511054010509,RA2511054010519,2,Academic
E03136,RA2511054010509,RA2511054010520,3,Social
E03137,RA2511054010509,RA2511054010521,10,Academic
E03138,RA2511054010510,RA2511054010511,2,Project
E03139,RA2511054010510,RA2511054010513,2,Project
E03140,RA2511054010510,RA2511054010515,3,Social
E03141,RA2511054010510,RA2511054010516,5,Project
E03142,RA2511054010510,RA2511054010520,1,Social
E03143,RA2511054010510,RA2511054010521,3,Event
E03144,RA2511054010511,RA2511054010512,2,Academic
E03145,RA2511054010511,RA2511054010514,3,Academic
E03146,RA2511054010511,RA2511054010515,3,Academic
E03147,RA2511054010511,RA2511054010516,2,Event
E03148,RA2511054010511,RA2511054010517,6,Event
E03149,RA2511054010511,RA2511054010519,5,Event
E03150,RA2511054010511,RA2511054010520,14,Event
E03151,RA2511054010511,RA2511054010521,4,Event
E03152,RA2511054010512,RA2511054010513,2,Project
E03153,RA2511054010512,RA2511054010514,9,Social
E03154,RA2511054010512,RA2511054010515,2,Project
E03155,RA2511054010512,RA2511054010517,1,Event
E03156,RA2511054010512,RA2511054010520,2,Academic
E03157,RA2511054010513,RA2511054010514,1,Project
E03158,RA2511054010513,RA2511054010517,2,Event
E03159,RA2511054010513,RA2511054010521,5,Academic
E03160,RA2511054010514,RA2511054010515,2,Social
E03161,RA2511054010514,RA2511054010516,4,Academic
E03162,RA2511054010514,RA2511054010519,2,Project
E03163,RA2511054010514,RA2511054010520,5,Event
E03164,RA2511054010515,RA2511054010516,2,Project
E03165,RA2511054010515,RA2511054010517,4,Event
E03166,RA2511054010515,RA2511054010521,3,Social
E03167,RA2511054010516,RA2511054010519,2,Project
E03168,RA2511054010517,RA2511054010519,3,Social
E03169,RA2511054010517,RA2511054010520,1,Event
E03170,RA2511054010519,RA2511054010520,2,Event
E03171,RA2611054010522,RA2611054010524,1,Project
E03172,RA2611054010522,RA2611054010526,1,Social
E03173,RA2611054010522,RA2611054010527,2,Event
E03174,RA2611054010522,RA2611054010528,6,Project
E03175,RA2611054010522,RA2611054010529,6,Event
E03176,RA2611054010522,RA2611054010530,1,Project
E03177,RA2611054010522,RA2611054010533,5,Academic
E03178,RA2611054010522,RA2611054010534,2,Event
E03179,RA2611054010522,RA2611054010536,1,Academic
E03180,RA2611054010522,RA2611054010538,3,Social
E03181,RA2611054010522,RA2611054010539,1,Event
E03182,RA2611054010522,RA2611054010541,6,Event
E03183,RA2611054010522,RA2611054010543,3,Project
E03184,RA2611054010523,RA2611054010524,4,Social
E03185,RA2611054010523,RA2611054010526,4,Social
E03186,RA2611054010523,RA2611054010527,7,Academic
E03187,RA2611054010523,RA2611054010531,5,Event
E03188,RA2611054010523,RA2611054010532,3,Social
E03189,RA2611054010523,RA2611054010533,1,Social
E03190,RA2611054010523,RA2611054010535,1,Academic
E03191,RA2611054010523,RA2611054010537,6,Event
E03192,RA2611054010523,RA2611054010539,1,Social
E03193,RA2611054010523,RA2611054010540,9,Academic
E03194,RA2611054010523,RA2611054010542,2,Event
E03195,RA2611054010523,RA2611054010543,5,Academic
E03196,RA2611054010524,RA2611054010525,3,Academic
E03197,RA2611054010524,RA2611054010528,4,Event
E03198,RA2611054010524,RA2611054010532,3,Social
E03199,RA2611054010524,RA2611054010535,1,Social
E03200,RA2611054010524,RA2611054010537,7,Event
E03201,RA2611054010524,RA2611054010538,1,Social
E03202,RA2611054010524,RA2611054010540,2,Project
E03203,RA2611054010524,RA2611054010541,4,Project
E03204,RA2611054010524,RA2611054010543,5,Project
E03205,RA2611054010525,RA2611054010526,7,Social
E03206,RA2611054010525,RA2611054010528,5,Project
E03207,RA2611054010525,RA2611054010529,1,Project
E03208,RA2611054010525,RA2611054010530,5,Academic
E03209,RA2611054010525,RA2611054010531,2,Academic
E03210,RA2611054010525,RA2611054010532,4,Project
E03211,RA2611054010525,RA2611054010533,3,Project
E03212,RA2611054010525,RA2611054010534,5,Project
E03213,RA2611054010525,RA2611054010535,1,Event
E03214,RA2611054010525,RA2611054010537,2,Project
E03215,RA2611054010525,RA2611054010538,1,Event
E03216,RA2611054010525,RA2611054010540,1,Academic
E03217,RA2611054010525,RA2611054010541,1,Academic
E03218,RA2611054010525,RA2611054010542,5,Event
E03219,RA2611054010525,RA2611054010543,2,Social
E03220,RA2611054010526,RA2611054010527,6,Academic
E03221,RA2611054010526,RA2611054010528,3,Social
E03222,RA2611054010526,RA2611054010530,6,Event
E03223,RA2611054010526,RA2611054010531,2,Academic
E03224,RA2611054010526,RA2611054010534,2,Social
E03225,RA2611054010526,RA2611054010539,5,Social
E03226,RA2611054010526,RA2611054010541,1,Project
E03227,RA2611054010526,RA2611054010542,1,Project
E03228,RA2611054010526,RA2611054010543,1,Academic
E03229,RA2611054010527,RA2611054010531,6,Event
E03230,RA2611054010527,RA2611054010532,8,Project
E03231,RA2611054010527,RA2611054010536,5,Academic
E03232,RA2611054010527,RA2611054010537,2,Project
E03233,RA2611054010527,RA2611054010540,1,Social
E03234,RA2611054010527,RA2611054010541,7,Academic
E03235,RA2611054010527,RA2611054010542,7,Project
E03236,RA2611054010527,RA2611054010543,5,Event
E03237,RA2611054010528,RA2611054010530,1,Academic
E03238,RA2611054010528,RA2611054010532,1,Academic
E03239,RA2611054010528,RA2611054010533,6,Event
E03240,RA2611054010528,RA2611054010534,6,Project
E03241,RA2611054010528,RA2611054010536,3,Event
E03242,RA2611054010528,RA2611054010538,9,Social
E03243,RA2611054010528,RA2611054010540,5,Event
E03244,RA2611054010528,RA2611054010542,3,Project
E03245,RA2611054010529,RA2611054010530,5,Academic
E03246,RA2611054010529,RA2611054010532,2,Academic
E03247,RA2611054010529,RA2611054010533,2,Social
E03248,RA2611054010529,RA2611054010536,5,Social
E03249,RA2611054010529,RA2611054010537,2,Event
E03250,RA2611054010529,RA2611054010538,5,Academic
E03251,RA2611054010529,RA2611054010543,6,Academic
E03252,RA2611054010530,RA2611054010531,2,Event
E03253,RA2611054010530,RA2611054010532,6,Event
E03254,RA2611054010530,RA2611054010533,3,Event
E03255,RA2611054010530,RA2611054010534,3,Social
E03256,RA2611054010530,RA2611054010535,4,Social
E03257,RA2611054010530,RA2611054010536,2,Social
E03258,RA2611054010530,RA2611054010538,5,Event
E03259,RA2611054010530,RA2611054010539,4,Academic
E03260,RA2611054010530,RA2611054010540,1,Social
E03261,RA2611054010530,RA2611054010541,9,Academic
E03262,RA2611054010530,RA2611054010542,10,Project
E03263,RA2611054010531,RA2611054010532,1,Social
E03264,RA2611054010531,RA2611054010533,3,Event
E03265,RA2611054010531,RA2611054010535,2,Project
E03266,RA2611054010531,RA2611054010538,5,Project
E03267,RA2611054010531,RA2611054010539,3,Social
E03268,RA2611054010531,RA2611054010541,6,Academic
E03269,RA2611054010531,RA2611054010542,5,Project
E03270,RA2611054010532,RA2611054010533,1,Project
E03271,RA2611054010532,RA2611054010534,6,Project
E03272,RA2611054010532,RA2611054010536,6,Event
E03273,RA2611054010532,RA2611054010537,2,Event
E03274,RA2611054010532,RA2611054010541,5,Project
E03275,RA2611054010532,RA2611054010542,2,Academic
E03276,RA2611054010532,RA2611054010543,1,Social
E03277,RA2611054010533,RA2611054010535,1,Academic
E03278,RA2611054010533,RA2611054010536,3,Project
E03279,RA2611054010533,RA2611054010537,2,Project
E03280,RA2611054010533,RA2611054010538,2,Event
E03281,RA2611054010533,RA2611054010539,1,Social
E03282,RA2611054010533,RA2611054010541,1,Event
E03283,RA2611054010534,RA2611054010535,1,Event
E03284,RA2611054010534,RA2611054010536,1,Social
E03285,RA2611054010534,RA2611054010537,3,Social
E03286,RA2611054010534,RA2611054010539,4,Project
E03287,RA2611054010534,RA2611054010540,3,Academic
E03288,RA2611054010534,RA2611054010541,1,Project
E03289,RA2611054010535,RA2611054010536,15,Social
E03290,RA2611054010535,RA2611054010537,1,Social
E03291,RA2611054010535,RA2611054010538,7,Project
E03292,RA2611054010535,RA2611054010542,1,Academic
E03293,RA2611054010536,RA2611054010539,6,Event
E03294,RA2611054010536,RA2611054010541,6,Academic
E03295,RA2611054010536,RA2611054010542,7,Social
E03296,RA2611054010537,RA2611054010538,12,Social
E03297,RA2611054010537,RA2611054010539,5,Academic
E03298,RA2611054010537,RA2611054010540,2,Event
E03299,RA2611054010537,RA2611054010541,1,Social
E03300,RA2611054010538,RA2611054010539,4,Event
E03301,RA2611054010538,RA2611054010542,4,Academic
E03302,RA2611054010539,RA2611054010541,9,Academic
E03303,RA2611054010539,RA2611054010542,6,Event
E03304,RA2611054010540,RA2611054010541,6,Event
E03305,RA2611054010540,RA2611054010542,8,Academic
E03306,RA2311056010544,RA2311056010545,1,Project
E03307,RA2311056010544,RA2311056010547,6,Event
E03308,RA2311056010544,RA2311056010550,2,Social
E03309,RA2311056010544,RA2311056010552,2,Academic
E03310,RA2311056010544,RA2311056010556,5,Social
E03311,RA2311056010544,RA2311056010560,6,Event
E03312,RA2311056010544,RA2311056010561,2,Project
E03313,RA2311056010544,RA2311056010562,4,Academic
E03314,RA2311056010544,RA2311056010563,4,Event
E03315,RA2311056010544,RA2311056010565,2,Event
E03316,RA2311056010545,RA2311056010549,1,Academic
E03317,RA2311056010545,RA2311056010550,5,Social
E03318,RA2311056010545,RA2311056010551,4,Event
E03319,RA2311056010545,RA2311056010552,1,Academic
E03320,RA2311056010545,RA2311056010553,6,Event
E03321,RA2311056010545,RA2311056010554,3,Social
E03322,RA2311056010545,RA2311056010555,1,Event
E03323,RA2311056010545,RA2311056010560,2,Academic
E03324,RA2311056010545,RA2311056010561,2,Academic
E03325,RA2311056010545,RA2311056010562,1,Social
E03326,RA2311056010545,RA2311056010563,2,Project
E03327,RA2311056010545,RA2311056010564,1,Project
E03328,RA2311056010545,RA2311056010565,6,Academic
E03329,RA2311056010545,RA2311056010566,2,Event
E03330,RA2311056010546,RA2311056010547,2,Project
E03331,RA2311056010546,RA2311056010549,5,Event
E03332,RA2311056010546,RA2311056010553,2,Social
E03333,RA2311056010546,RA2311056010555,1,Social
E03334,RA2311056010546,RA2311056010557,6,Project
E03335,RA2311056010546,RA2311056010558,12,Academic
E03336,RA2311056010546,RA2311056010561,3,Event
E03337,RA2311056010546,RA2311056010562,5,Project
E03338,RA2311056010546,RA2311056010565,3,Project
E03339,RA2311056010546,RA2311056010566,3,Academic
E03340,RA2311056010547,RA2311056010548,1,Event
E03341,RA2311056010547,RA2311056010550,3,Event
E03342,RA2311056010547,RA2311056010551,3,Social
E03343,RA2311056010547,RA2311056010553,1,Social
E03344,RA2311056010547,RA2311056010555,5,Academic
E03345,RA2311056010547,RA2311056010556,12,Project
E03346,RA2311056010547,RA2311056010557,2,Event
E03347,RA2311056010547,RA2311056010560,3,Project
E03348,RA2311056010547,RA2311056010563,6,Social
E03349,RA2311056010547,RA2311056010565,4,Social
E03350,RA2311056010548,RA2311056010549,3,Academic
E03351,RA2311056010548,RA2311056010552,6,Project
E03352,RA2311056010548,RA2311056010553,5,Event
E03353,RA2311056010548,RA2311056010554,8,Academic
E03354,RA2311056010548,RA2311056010555,6,Event
E03355,RA2311056010548,RA2311056010556,1,Event
E03356,RA2311056010548,RA2311056010557,2,Academic
E03357,RA2311056010548,RA2311056010558,7,Event
E03358,RA2311056010548,RA2311056010560,2,Project
E03359,RA2311056010548,RA2311056010561,12,Social
E03360,RA2311056010548,RA2311056010563,3,Academic
E03361,RA2311056010548,RA2311056010564,12,Academic
E03362,RA2311056010548,RA2311056010565,1,Social
E03363,RA2311056010548,RA2311056010566,1,Academic
E03364,RA2311056010549,RA2311056010550,6,Academic
E03365,RA2311056010549,RA2311056010551,6,Social
E03366,RA2311056010549,RA2311056010553,1,Event
E03367,RA2311056010549,RA2311056010554,1,Social
E03368,RA2311056010549,RA2311056010556,4,Social
E03369,RA2311056010549,RA2311056010561,6,Project
E03370,RA2311056010549,RA2311056010562,8,Academic
E03371,RA2311056010549,RA2311056010565,8,Social
E03372,RA2311056010549,RA2311056010566,4,Project
E03373,RA2311056010550,RA2311056010551,3,Academic
E03374,RA2311056010550,RA2311056010552,8,Social
E03375,RA2311056010550,RA2311056010554,5,Event
E03376,RA2311056010550,RA2311056010557,2,Project
E03377,RA2311056010550,RA2311056010558,1,Event
E03378,RA2311056010550,RA2311056010560,1,Social
E03379,RA2311056010550,RA2311056010562,6,Academic
E03380,RA2311056010550,RA2311056010563,7,Social
E03381,RA2311056010550,RA2311056010564,5,Event
E03382,RA2311056010550,RA2311056010566,3,Project
E03383,RA2311056010551,RA2311056010552,2,Event
E03384,RA2311056010551,RA2311056010553,1,Event
E03385,RA2311056010551,RA2311056010554,4,Event
E03386,RA2311056010551,RA2311056010555,5,Social
E03387,RA2311056010551,RA2311056010557,1,Academic
E03388,RA2311056010551,RA2311056010558,4,Project
E03389,RA2311056010551,RA2311056010561,9,Academic
E03390,RA2311056010551,RA2311056010562,9,Social
E03391,RA2311056010551,RA2311056010563,5,Event
E03392,RA2311056010551,RA2311056010564,3,Project
E03393,RA2311056010551,RA2311056010566,1,Project
E03394,RA2311056010552,RA2311056010556,3,Project
E03395,RA2311056010552,RA2311056010557,1,Academic
E03396,RA2311056010552,RA2311056010558,8,Academic
E03397,RA2311056010552,RA2311056010560,4,Project
E03398,RA2311056010552,RA2311056010562,12,Project
E03399,RA2311056010552,RA2311056010564,1,Event
E03400,RA2311056010552,RA2311056010565,4,Project
E03401,RA2311056010552,RA2311056010566,4,Event
E03402,RA2311056010553,RA2311056010556,2,Social
E03403,RA2311056010553,RA2311056010557,2,Event
E03404,RA2311056010553,RA2311056010560,2,Event
E03405,RA2311056010553,RA2311056010561,1,Event
E03406,RA2311056010553,RA2311056010563,1,Project
E03407,RA2311056010553,RA2311056010564,7,Project
E03408,RA2311056010553,RA2311056010565,3,Project
E03409,RA2311056010553,RA2311056010566,9,Social
E03410,RA2311056010554,RA2311056010557,2,Social
E03411,RA2311056010554,RA2311056010558,5,Academic
E03412,RA2311056010554,RA2311056010560,9,Project
E03413,RA2311056010554,RA2311056010561,1,Event
E03414,RA2311056010554,RA2311056010562,3,Academic
E03415,RA2311056010554,RA2311056010563,1,Project
E03416,RA2311056010554,RA2311056010564,5,Academic
E03417,RA2311056010554,RA2311056010566,3,Social
E03418,RA2311056010555,RA2311056010556,4,Academic
E03419,RA2311056010555,RA2311056010557,5,Project
E03420,RA2311056010555,RA2311056010560,8,Academic
E03421,RA2311056010555,RA2311056010561,8,Social
E03422,RA2311056010555,RA2311056010562,7,Project
E03423,RA2311056010555,RA2311056010563,1,Event
E03424,RA2311056010555,RA2311056010564,2,Academic
E03425,RA2311056010555,RA2311056010566,1,Event
E03426,RA2311056010556,RA2311056010557,4,Project
E03427,RA2311056010556,RA2311056010558,1,Project
E03428,RA2311056010556,RA2311056010561,2,Academic
E03429,RA2311056010556,RA2311056010562,5,Project
E03430,RA2311056010556,RA2311056010563,1,Academic
E03431,RA2311056010556,RA2311056010564,1,Project
E03432,RA2311056010556,RA2311056010565,6,Academic
E03433,RA2311056010557,RA2311056010558,5,Project
E03434,RA2311056010557,RA2311056010560,1,Academic
E03435,RA2311056010557,RA2311056010562,2,Event
E03436,RA2311056010557,RA2311056010563,7,Event
E03437,RA2311056010557,RA2311056010564,4,Event
E03438,RA2311056010557,RA2311056010565,3,Event
E03439,RA2311056010558,RA2311056010560,2,Social
E03440,RA2311056010558,RA2311056010561,9,Project
E03441,RA2311056010558,RA2311056010562,7,Social
E03442,RA2311056010558,RA2311056010563,3,Academic
E03443,RA2311056010558,RA2311056010564,3,Academic
E03444,RA2311056010558,RA2311056010566,12,Project
E03445,RA2311056010560,RA2311056010561,1,Social
E03446,RA2311056010560,RA2311056010562,3,Event
E03447,RA2311056010560,RA2311056010563,3,Event
E03448,RA2311056010560,RA2311056010564,1,Event
E03449,RA2311056010560,RA2311056010565,1,Project
E03450,RA2311056010560,RA2311056010566,8,Project
E03451,RA2311056010561,RA2311056010564,3,Event
E03452,RA2311056010561,RA2311056010566,1,Social
E03453,RA2311056010562,RA2311056010563,3,Academic
E03454,RA2311056010562,RA2311056010564,1,Event
E03455,RA2311056010562,RA2311056010565,4,Project
E03456,RA2311056010563,RA2311056010564,1,Event
E03457,RA2311056010563,RA2311056010565,2,Project
E03458,RA2311056010564,RA2311056010565,4,Project
E03459,RA2311056010564,RA2311056010566,1,Project
E03460,RA2311056010565,RA2311056010566,6,Project
E03461,RA2411056010567,RA2411056010568,2,Event
E03462,RA2411056010567,RA2411056010570,4,Academic
E03463,RA2411056010567,RA2411056010572,8,Academic
E03464,RA2411056010567,RA2411056010574,2,Academic
E03465,RA2411056010567,RA2411056010577,9,Project
E03466,RA2411056010567,RA2411056010578,2,Academic
E03467,RA2411056010567,RA2411056010580,3,Event
E03468,RA2411056010567,RA2411056010582,6,Academic
E03469,RA2411056010567,RA2411056010583,1,Project
E03470,RA2411056010567,RA2411056010584,1,Event
E03471,RA2411056010567,RA2411056010585,5,Event
E03472,RA2411056010567,RA2411056010586,10,Project
E03473,RA2411056010567,RA2411056010588,1,Event
E03474,RA2411056010567,RA2411056010589,3,Event
E03475,RA2411056010567,RA2411056010590,4,Academic
E03476,RA2411056010568,RA2411056010570,4,Event
E03477,RA2411056010568,RA2411056010571,10,Academic
E03478,RA2411056010568,RA2411056010573,12,Social
E03479,RA2411056010568,RA2411056010576,4,Project
E03480,RA2411056010568,RA2411056010579,9,Project
E03481,RA2411056010568,RA2411056010580,2,Academic
E03482,RA2411056010568,RA2411056010582,14,Event
E03483,RA2411056010568,RA2411056010583,1,Social
E03484,RA2411056010568,RA2411056010584,3,Academic
E03485,RA2411056010568,RA2411056010586,5,Project
E03486,RA2411056010568,RA2411056010587,2,Event
E03487,RA2411056010568,RA2411056010588,4,Event
E03488,RA2411056010568,RA2411056010589,1,Academic
E03489,RA2411056010569,RA2411056010572,1,Event
E03490,RA2411056010569,RA2411056010573,1,Event
E03491,RA2411056010569,RA2411056010577,2,Event
E03492,RA2411056010569,RA2411056010578,5,Social
E03493,RA2411056010569,RA2411056010579,2,Event
E03494,RA2411056010569,RA2411056010580,7,Event
E03495,RA2411056010569,RA2411056010581,6,Social
E03496,RA2411056010569,RA2411056010583,6,Project
E03497,RA2411056010569,RA2411056010584,1,Academic
E03498,RA2411056010569,RA2411056010585,5,Project
E03499,RA2411056010569,RA2411056010587,5,Academic
E03500,RA2411056010569,RA2411056010588,1,Academic
E03501,RA2411056010570,RA2411056010571,5,Social
E03502,RA2411056010570,RA2411056010572,1,Academic
E03503,RA2411056010570,RA2411056010573,1,Academic
E03504,RA2411056010570,RA2411056010576,6,Event
E03505,RA2411056010570,RA2411056010577,5,Academic
E03506,RA2411056010570,RA2411056010578,3,Project
E03507,RA2411056010570,RA2411056010579,4,Event
E03508,RA2411056010570,RA2411056010580,5,Social
E03509,RA2411056010570,RA2411056010581,3,Academic
E03510,RA2411056010570,RA2411056010582,1,Academic
E03511,RA2411056010570,RA2411056010583,7,Project
E03512,RA2411056010570,RA2411056010584,5,Project
E03513,RA2411056010570,RA2411056010586,6,Project
E03514,RA2411056010570,RA2411056010588,4,Event
E03515,RA2411056010570,RA2411056010589,3,Event
E03516,RA2411056010570,RA2411056010590,2,Event
E03517,RA2411056010571,RA2411056010572,3,Project
E03518,RA2411056010571,RA2411056010576,1,Project
E03519,RA2411056010571,RA2411056010577,7,Social
E03520,RA2411056010571,RA2411056010578,1,Event
E03521,RA2411056010571,RA2411056010581,2,Academic
E03522,RA2411056010571,RA2411056010585,3,Academic
E03523,RA2411056010571,RA2411056010587,5,Social
E03524,RA2411056010571,RA2411056010588,2,Event
E03525,RA2411056010571,RA2411056010589,2,Project
E03526,RA2411056010571,RA2411056010590,2,Social
E03527,RA2411056010572,RA2411056010574,3,Event
E03528,RA2411056010572,RA2411056010577,5,Project
E03529,RA2411056010572,RA2411056010578,7,Academic
E03530,RA2411056010572,RA2411056010580,2,Project
E03531,RA2411056010572,RA2411056010581,1,Project
E03532,RA2411056010572,RA2411056010583,2,Academic
E03533,RA2411056010572,RA2411056010584,1,Social
E03534,RA2411056010572,RA2411056010585,2,Project
E03535,RA2411056010572,RA2411056010587,1,Project
E03536,RA2411056010572,RA2411056010588,3,Event
E03537,RA2411056010572,RA2411056010590,2,Academic
E03538,RA2411056010573,RA2411056010574,5,Social
E03539,RA2411056010573,RA2411056010576,2,Project
E03540,RA2411056010573,RA2411056010579,9,Academic
E03541,RA2411056010573,RA2411056010581,4,Social
E03542,RA2411056010573,RA2411056010582,4,Academic
E03543,RA2411056010573,RA2411056010583,5,Social
E03544,RA2411056010573,RA2411056010586,1,Event
E03545,RA2411056010573,RA2411056010587,2,Event
E03546,RA2411056010574,RA2411056010579,3,Social
E03547,RA2411056010574,RA2411056010580,5,Social
E03548,RA2411056010574,RA2411056010584,5,Project
E03549,RA2411056010574,RA2411056010585,3,Project
E03550,RA2411056010574,RA2411056010586,2,Academic
E03551,RA2411056010574,RA2411056010588,4,Project
E03552,RA2411056010574,RA2411056010589,3,Event
E03553,RA2411056010576,RA2411056010579,5,Event
E03554,RA2411056010576,RA2411056010581,2,Project
E03555,RA2411056010576,RA2411056010583,4,Project
E03556,RA2411056010576,RA2411056010584,3,Event
E03557,RA2411056010576,RA2411056010587,4,Social
E03558,RA2411056010576,RA2411056010588,9,Project
E03559,RA2411056010576,RA2411056010589,2,Academic
E03560,RA2411056010576,RA2411056010590,3,Project
E03561,RA2411056010577,RA2411056010578,6,Project
E03562,RA2411056010577,RA2411056010579,2,Academic
E03563,RA2411056010577,RA2411056010580,1,Social
E03564,RA2411056010577,RA2411056010583,5,Event
E03565,RA2411056010577,RA2411056010585,3,Event
E03566,RA2411056010577,RA2411056010586,1,Social
E03567,RA2411056010577,RA2411056010587,1,Social
E03568,RA2411056010577,RA2411056010588,1,Social
E03569,RA2411056010577,RA2411056010589,1,Academic
E03570,RA2411056010578,RA2411056010579,1,Social
E03571,RA2411056010578,RA2411056010581,4,Academic
E03572,RA2411056010578,RA2411056010583,4,Social
E03573,RA2411056010578,RA2411056010586,7,Academic
E03574,RA2411056010578,RA2411056010587,3,Project
E03575,RA2411056010578,RA2411056010589,3,Academic
E03576,RA2411056010579,RA2411056010580,10,Social
E03577,RA2411056010579,RA2411056010581,2,Event
E03578,RA2411056010579,RA2411056010582,3,Event
E03579,RA2411056010579,RA2411056010583,5,Event
E03580,RA2411056010579,RA2411056010584,6,Academic
E03581,RA2411056010579,RA2411056010585,5,Academic
E03582,RA2411056010579,RA2411056010587,4,Academic
E03583,RA2411056010579,RA2411056010588,4,Academic
E03584,RA2411056010579,RA2411056010590,1,Academic
E03585,RA2411056010580,RA2411056010581,9,Project
E03586,RA2411056010580,RA2411056010582,2,Social
E03587,RA2411056010580,RA2411056010585,3,Social
E03588,RA2411056010580,RA2411056010588,1,Academic
E03589,RA2411056010580,RA2411056010589,4,Project
E03590,RA2411056010580,RA2411056010590,4,Academic
E03591,RA2411056010581,RA2411056010582,2,Project
E03592,RA2411056010581,RA2411056010583,7,Academic
E03593,RA2411056010581,RA2411056010585,3,Social
E03594,RA2411056010581,RA2411056010586,5,Project
E03595,RA2411056010581,RA2411056010587,2,Project
E03596,RA2411056010581,RA2411056010588,4,Academic
E03597,RA2411056010581,RA2411056010589,4,Event
E03598,RA2411056010582,RA2411056010583,1,Event
E03599,RA2411056010582,RA2411056010584,6,Event
E03600,RA2411056010582,RA2411056010587,6,Social
E03601,RA2411056010583,RA2411056010584,4,Academic
E03602,RA2411056010583,RA2411056010585,1,Social
E03603,RA2411056010583,RA2411056010586,1,Academic
E03604,RA2411056010583,RA2411056010587,1,Social
E03605,RA2411056010583,RA2411056010589,3,Social
E03606,RA2411056010583,RA2411056010590,8,Project
E03607,RA2411056010584,RA2411056010585,6,Social
E03608,RA2411056010584,RA2411056010588,7,Academic
E03609,RA2411056010584,RA2411056010590,8,Academic
E03610,RA2411056010585,RA2411056010587,5,Event
E03611,RA2411056010585,RA2411056010589,1,Social
E03612,RA2411056010585,RA2411056010590,5,Event
E03613,RA2411056010586,RA2411056010587,2,Social
E03614,RA2411056010586,RA2411056010588,7,Academic
E03615,RA2411056010586,RA2411056010589,3,Social
E03616,RA2411056010587,RA2411056010590,7,Academic
E03617,RA2411056010588,RA2411056010590,1,Academic
E03618,RA2411056010589,RA2411056010590,2,Social
E03619,RA2511056010591,RA2511056010593,1,Project
E03620,RA2511056010591,RA2511056010594,1,Event
E03621,RA2511056010591,RA2511056010595,2,Event
E03622,RA2511056010591,RA2511056010597,4,Academic
E03623,RA2511056010591,RA2511056010602,1,Social
E03624,RA2511056010591,RA2511056010603,2,Project
E03625,RA2511056010591,RA2511056010606,14,Academic
E03626,RA2511056010591,RA2511056010607,3,Event
E03627,RA2511056010591,RA2511056010612,4,Academic
E03628,RA2511056010591,RA2511056010613,3,Event
E03629,RA2511056010592,RA2511056010593,5,Social
E03630,RA2511056010592,RA2511056010594,5,Social
E03631,RA2511056010592,RA2511056010595,4,Project
E03632,RA2511056010592,RA2511056010596,5,Social
E03633,RA2511056010592,RA2511056010597,4,Event
E03634,RA2511056010592,RA2511056010598,1,Event
E03635,RA2511056010592,RA2511056010599,2,Project
E03636,RA2511056010592,RA2511056010600,3,Event
E03637,RA2511056010592,RA2511056010601,7,Project
E03638,RA2511056010592,RA2511056010602,4,Project
E03639,RA2511056010592,RA2511056010603,6,Project
E03640,RA2511056010592,RA2511056010606,6,Project
E03641,RA2511056010592,RA2511056010607,7,Event
E03642,RA2511056010592,RA2511056010609,4,Academic
E03643,RA2511056010592,RA2511056010610,5,Project
E03644,RA2511056010592,RA2511056010613,5,Social
E03645,RA2511056010593,RA2511056010595,3,Event
E03646,RA2511056010593,RA2511056010597,5,Social
E03647,RA2511056010593,RA2511056010600,1,Event
E03648,RA2511056010593,RA2511056010609,5,Academic
E03649,RA2511056010593,RA2511056010610,2,Event
E03650,RA2511056010593,RA2511056010611,9,Academic
E03651,RA2511056010593,RA2511056010612,1,Academic
E03652,RA2511056010593,RA2511056010613,6,Project
E03653,RA2511056010594,RA2511056010596,9,Event
E03654,RA2511056010594,RA2511056010597,4,Social
E03655,RA2511056010594,RA2511056010598,2,Social
E03656,RA2511056010594,RA2511056010599,3,Social
E03657,RA2511056010594,RA2511056010600,4,Event
E03658,RA2511056010594,RA2511056010601,10,Event
E03659,RA2511056010594,RA2511056010602,1,Social
E03660,RA2511056010594,RA2511056010607,3,Academic
E03661,RA2511056010594,RA2511056010608,8,Social
E03662,RA2511056010594,RA2511056010611,5,Event
E03663,RA2511056010594,RA2511056010612,3,Social
E03664,RA2511056010594,RA2511056010613,3,Academic
E03665,RA2511056010595,RA2511056010597,1,Event
E03666,RA2511056010595,RA2511056010598,1,Event
E03667,RA2511056010595,RA2511056010599,4,Academic
E03668,RA2511056010595,RA2511056010600,8,Academic
E03669,RA2511056010595,RA2511056010601,3,Project
E03670,RA2511056010595,RA2511056010603,2,Academic
E03671,RA2511056010595,RA2511056010606,1,Event
E03672,RA2511056010595,RA2511056010607,1,Project
E03673,RA2511056010595,RA2511056010608,1,Event
E03674,RA2511056010595,RA2511056010609,1,Academic
E03675,RA2511056010595,RA2511056010610,2,Academic
E03676,RA2511056010595,RA2511056010613,1,Event
E03677,RA2511056010596,RA2511056010597,6,Social
E03678,RA2511056010596,RA2511056010598,2,Event
E03679,RA2511056010596,RA2511056010599,1,Academic
E03680,RA2511056010596,RA2511056010600,3,Academic
E03681,RA2511056010596,RA2511056010601,1,Event
E03682,RA2511056010596,RA2511056010602,4,Social
E03683,RA2511056010596,RA2511056010603,1,Event
E03684,RA2511056010596,RA2511056010606,1,Event
E03685,RA2511056010596,RA2511056010607,3,Social
E03686,RA2511056010596,RA2511056010608,7,Project
E03687,RA2511056010596,RA2511056010610,1,Project
E03688,RA2511056010596,RA2511056010611,3,Project
E03689,RA2511056010596,RA2511056010613,3,Social
E03690,RA2511056010597,RA2511056010600,3,Academic
E03691,RA2511056010597,RA2511056010601,2,Project
E03692,RA2511056010597,RA2511056010603,1,Social
E03693,RA2511056010597,RA2511056010607,4,Social
E03694,RA2511056010597,RA2511056010608,2,Project
E03695,RA2511056010597,RA2511056010609,6,Event
E03696,RA2511056010597,RA2511056010610,3,Event
E03697,RA2511056010597,RA2511056010611,2,Project
E03698,RA2511056010597,RA2511056010613,1,Academic
E03699,RA2511056010598,RA2511056010599,6,Project
E03700,RA2511056010598,RA2511056010600,3,Academic
E03701,RA2511056010598,RA2511056010601,6,Event
E03702,RA2511056010598,RA2511056010602,6,Project
E03703,RA2511056010598,RA2511056010603,1,Event
E03704,RA2511056010598,RA2511056010606,1,Event
E03705,RA2511056010598,RA2511056010609,5,Project
E03706,RA2511056010598,RA2511056010610,4,Event
E03707,RA2511056010598,RA2511056010612,3,Social
E03708,RA2511056010598,RA2511056010613,2,Academic
E03709,RA2511056010599,RA2511056010600,5,Project
E03710,RA2511056010599,RA2511056010601,2,Social
E03711,RA2511056010599,RA2511056010602,2,Social
E03712,RA2511056010599,RA2511056010603,7,Social
E03713,RA2511056010599,RA2511056010607,2,Event
E03714,RA2511056010599,RA2511056010612,3,Project
E03715,RA2511056010599,RA2511056010613,10,Event
E03716,RA2511056010600,RA2511056010601,2,Academic
E03717,RA2511056010600,RA2511056010602,7,Social
E03718,RA2511056010600,RA2511056010603,2,Project
E03719,RA2511056010600,RA2511056010608,10,Social
E03720,RA2511056010600,RA2511056010609,3,Social
E03721,RA2511056010600,RA2511056010610,4,Social
E03722,RA2511056010600,RA2511056010612,6,Project
E03723,RA2511056010601,RA2511056010602,5,Social
E03724,RA2511056010601,RA2511056010603,6,Project
E03725,RA2511056010601,RA2511056010606,1,Project
E03726,RA2511056010601,RA2511056010608,1,Project
E03727,RA2511056010601,RA2511056010611,2,Event
E03728,RA2511056010601,RA2511056010612,8,Social
E03729,RA2511056010601,RA2511056010613,1,Social
E03730,RA2511056010602,RA2511056010603,1,Social
E03731,RA2511056010602,RA2511056010606,1,Event
E03732,RA2511056010602,RA2511056010607,8,Social
E03733,RA2511056010602,RA2511056010608,3,Social
E03734,RA2511056010602,RA2511056010609,1,Social
E03735,RA2511056010602,RA2511056010610,4,Event
E03736,RA2511056010602,RA2511056010611,2,Event
E03737,RA2511056010602,RA2511056010612,2,Academic
E03738,RA2511056010603,RA2511056010606,2,Academic
E03739,RA2511056010603,RA2511056010607,1,Social
E03740,RA2511056010603,RA2511056010608,1,Event
E03741,RA2511056010603,RA2511056010610,1,Academic
E03742,RA2511056010603,RA2511056010613,2,Project
E03743,RA2511056010606,RA2511056010607,8,Social
E03744,RA2511056010606,RA2511056010608,1,Project
E03745,RA2511056010606,RA2511056010609,5,Social
E03746,RA2511056010606,RA2511056010610,1,Event
E03747,RA2511056010606,RA2511056010611,1,Project
E03748,RA2511056010607,RA2511056010608,1,Event
E03749,RA2511056010607,RA2511056010609,2,Event
E03750,RA2511056010607,RA2511056010610,7,Project
E03751,RA2511056010607,RA2511056010612,2,Academic
E03752,RA2511056010607,RA2511056010613,3,Event
E03753,RA2511056010608,RA2511056010609,2,Academic
E03754,RA2511056010608,RA2511056010610,5,Project
E03755,RA2511056010608,RA2511056010611,1,Event
E03756,RA2511056010608,RA2511056010613,3,Event
E03757,RA2511056010609,RA2511056010611,3,Academic
E03758,RA2511056010609,RA2511056010612,4,Event
E03759,RA2511056010609,RA2511056010613,4,Academic
E03760,RA2511056010610,RA2511056010612,1,Event
E03761,RA2511056010610,RA2511056010613,2,Event
E03762,RA2511056010612,RA2511056010613,9,Event
E03763,RA2611056010614,RA2611056010616,3,Academic
E03764,RA2611056010614,RA2611056010619,2,Social
E03765,RA2611056010614,RA2611056010620,5,Event
E03766,RA2611056010614,RA2611056010622,2,Social
E03767,RA2611056010614,RA2611056010623,3,Social
E03768,RA2611056010614,RA2611056010624,6,Project
E03769,RA2611056010614,RA2611056010626,1,Project
E03770,RA2611056010614,RA2611056010628,2,Academic
E03771,RA2611056010614,RA2611056010629,3,Social
E03772,RA2611056010614,RA2611056010630,2,Event
E03773,RA2611056010614,RA2611056010632,1,Social
E03774,RA2611056010614,RA2611056010633,4,Academic
E03775,RA2611056010614,RA2611056010634,2,Project
E03776,RA2611056010614,RA2611056010635,7,Event
E03777,RA2611056010614,RA2611056010636,4,Project
E03778,RA2611056010615,RA2611056010616,2,Academic
E03779,RA2611056010615,RA2611056010619,3,Event
E03780,RA2611056010615,RA2611056010620,1,Project
E03781,RA2611056010615,RA2611056010622,2,Academic
E03782,RA2611056010615,RA2611056010623,3,Social
E03783,RA2611056010615,RA2611056010624,2,Academic
E03784,RA2611056010615,RA2611056010625,1,Event
E03785,RA2611056010615,RA2611056010626,4,Social
E03786,RA2611056010615,RA2611056010627,3,Project
E03787,RA2611056010615,RA2611056010630,1,Academic
E03788,RA2611056010615,RA2611056010631,2,Academic
E03789,RA2611056010615,RA2611056010632,4,Event
E03790,RA2611056010615,RA2611056010633,7,Event
E03791,RA2611056010615,RA2611056010634,5,Social
E03792,RA2611056010615,RA2611056010635,5,Event
E03793,RA2611056010615,RA2611056010636,1,Event
E03794,RA2611056010616,RA2611056010619,1,Academic
E03795,RA2611056010616,RA2611056010620,6,Social
E03796,RA2611056010616,RA2611056010621,2,Event
E03797,RA2611056010616,RA2611056010622,2,Academic
E03798,RA2611056010616,RA2611056010623,1,Academic
E03799,RA2611056010616,RA2611056010626,4,Project
E03800,RA2611056010616,RA2611056010627,1,Project
E03801,RA2611056010616,RA2611056010630,3,Event
E03802,RA2611056010616,RA2611056010631,3,Project
E03803,RA2611056010616,RA2611056010632,2,Academic
E03804,RA2611056010616,RA2611056010633,2,Academic
E03805,RA2611056010616,RA2611056010634,7,Event
E03806,RA2611056010618,RA2611056010619,2,Social
E03807,RA2611056010618,RA2611056010620,1,Event
E03808,RA2611056010618,RA2611056010623,1,Social
E03809,RA2611056010618,RA2611056010625,1,Academic
E03810,RA2611056010618,RA2611056010627,3,Academic
E03811,RA2611056010618,RA2611056010629,2,Event
E03812,RA2611056010618,RA2611056010631,2,Social
E03813,RA2611056010618,RA2611056010632,7,Academic
E03814,RA2611056010618,RA2611056010634,4,Academic
E03815,RA2611056010618,RA2611056010635,14,Academic
E03816,RA2611056010618,RA2611056010636,2,Event
E03817,RA2611056010619,RA2611056010623,1,Project
E03818,RA2611056010619,RA2611056010624,2,Event
E03819,RA2611056010619,RA2611056010625,9,Academic
E03820,RA2611056010619,RA2611056010626,2,Project
E03821,RA2611056010619,RA2611056010628,14,Social
E03822,RA2611056010619,RA2611056010629,1,Academic
E03823,RA2611056010619,RA2611056010630,5,Event
E03824,RA2611056010619,RA2611056010631,8,Project
E03825,RA2611056010619,RA2611056010632,4,Academic
E03826,RA2611056010619,RA2611056010634,6,Social
E03827,RA2611056010619,RA2611056010636,4,Social
E03828,RA2611056010620,RA2611056010621,4,Project
E03829,RA2611056010620,RA2611056010623,6,Social
E03830,RA2611056010620,RA2611056010625,3,Academic
E03831,RA2611056010620,RA2611056010626,3,Social
E03832,RA2611056010620,RA2611056010628,6,Social
E03833,RA2611056010620,RA2611056010629,3,Project
E03834,RA2611056010620,RA2611056010631,3,Project
E03835,RA2611056010620,RA2611056010632,5,Academic
E03836,RA2611056010620,RA2611056010633,5,Event
E03837,RA2611056010620,RA2611056010634,2,Social
E03838,RA2611056010620,RA2611056010635,8,Event
E03839,RA2611056010621,RA2611056010624,18,Event
E03840,RA2611056010621,RA2611056010625,10,Event
E03841,RA2611056010621,RA2611056010626,1,Social
E03842,RA2611056010621,RA2611056010627,8,Event
E03843,RA2611056010621,RA2611056010628,2,Project
E03844,RA2611056010621,RA2611056010630,2,Project
E03845,RA2611056010621,RA2611056010631,6,Event
E03846,RA2611056010621,RA2611056010632,6,Academic
E03847,RA2611056010621,RA2611056010633,3,Event
E03848,RA2611056010621,RA2611056010634,14,Project
E03849,RA2611056010621,RA2611056010635,1,Project
E03850,RA2611056010621,RA2611056010636,4,Social
E03851,RA2611056010622,RA2611056010626,7,Project
E03852,RA2611056010622,RA2611056010627,14,Academic
E03853,RA2611056010622,RA2611056010628,4,Academic
E03854,RA2611056010622,RA2611056010630,7,Project
E03855,RA2611056010622,RA2611056010632,4,Social
E03856,RA2611056010622,RA2611056010633,6,Academic
E03857,RA2611056010622,RA2611056010634,3,Academic
E03858,RA2611056010622,RA2611056010636,3,Academic
E03859,RA2611056010623,RA2611056010624,1,Social
E03860,RA2611056010623,RA2611056010629,2,Social
E03861,RA2611056010623,RA2611056010631,6,Project
E03862,RA2611056010623,RA2611056010634,1,Event
E03863,RA2611056010623,RA2611056010635,1,Academic
E03864,RA2611056010624,RA2611056010625,1,Event
E03865,RA2611056010624,RA2611056010627,4,Social
E03866,RA2611056010624,RA2611056010628,3,Event
E03867,RA2611056010624,RA2611056010629,8,Social
E03868,RA2611056010624,RA2611056010630,4,Event
E03869,RA2611056010624,RA2611056010631,1,Event
E03870,RA2611056010624,RA2611056010632,6,Academic
E03871,RA2611056010624,RA2611056010634,3,Event
E03872,RA2611056010625,RA2611056010627,5,Social
E03873,RA2611056010625,RA2611056010633,9,Project
E03874,RA2611056010625,RA2611056010634,7,Event
E03875,RA2611056010625,RA2611056010635,7,Academic
E03876,RA2611056010625,RA2611056010636,9,Event
E03877,RA2611056010626,RA2611056010629,4,Academic
E03878,RA2611056010626,RA2611056010632,1,Academic
E03879,RA2611056010626,RA2611056010635,2,Project
E03880,RA2611056010627,RA2611056010629,7,Event
E03881,RA2611056010627,RA2611056010631,3,Project
E03882,RA2611056010627,RA2611056010634,3,Social
E03883,RA2611056010627,RA2611056010636,1,Social
E03884,RA2611056010628,RA2611056010629,3,Academic
E03885,RA2611056010628,RA2611056010633,8,Project
E03886,RA2611056010628,RA2611056010635,2,Social
E03887,RA2611056010629,RA2611056010630,4,Project
E03888,RA2611056010629,RA2611056010631,2,Event
E03889,RA2611056010629,RA2611056010632,2,Academic
E03890,RA2611056010629,RA2611056010634,3,Academic
E03891,RA2611056010630,RA2611056010631,1,Event
E03892,RA2611056010631,RA2611056010633,3,Project
E03893,RA2611056010631,RA2611056010634,6,Academic
E03894,RA2611056010631,RA2611056010636,1,Social
E03895,RA2611056010632,RA2611056010634,1,Event
E03896,RA2611056010633,RA2611056010634,8,Project
E03897,RA2611056010633,RA2611056010636,4,Social
E03898,RA2611056010634,RA2611056010635,1,Event
E03899,RA2611056010634,RA2611056010636,5,Academic
E03900,RA2611056010635,RA2611056010636,1,Academic
E03901,RA2311003010001,RA2411003010036,9,Project
E03902,RA2311003010002,RA2511003010063,3,Project
E03903,RA2311003010003,RA2411003010024,5,Project
E03904,RA2311003010010,RA2511003010063,1,Project
E03905,RA2311003010011,RA2511003010059,4,Academic
E03906,RA2311003010013,RA2611003010085,3,Project
E03907,RA2311003010015,RA2411003010039,12,Project
E03908,RA2311003010016,RA2411003010045,2,Project
E03909,RA2311003010017,RA2611003010082,5,Project
E03910,RA2311003010018,RA2611003010079,2,Academic
E03911,RA2311003010021,RA2411003010040,1,Academic
E03912,RA2311003010022,RA2511003010066,4,Academic
E03913,RA2311003010022,RA2611003010075,1,Academic
E03914,RA2411003010024,RA2611003010071,4,Project
E03915,RA2411003010025,RA2511003010069,4,Academic
E03916,RA2411003010027,RA2511003010057,5,Academic
E03917,RA2411003010027,RA2611003010081,1,Project
E03918,RA2411003010029,RA2511003010057,8,Project
E03919,RA2411003010030,RA2611003010092,2,Academic
E03920,RA2311003010006,RA2411003010032,2,Academic
E03921,RA2311003010011,RA2411003010032,4,Academic
E03922,RA2411003010036,RA2511003010062,2,Project
E03923,RA2411003010037,RA2511003010068,3,Academic
E03924,RA2411003010037,RA2511003010061,5,Academic
E03925,RA2411003010038,RA2511003010058,1,Project
E03926,RA2411003010039,RA2611003010073,3,Academic
E03927,RA2411003010039,RA2611003010081,9,Project
E03928,RA2411003010039,RA2511003010064,2,Project
E03929,RA2411003010041,RA2611003010071,3,Project
E03930,RA2411003010042,RA2611003010091,2,Academic
E03931,RA2411003010042,RA2611003010072,5,Academic
E03932,RA2411003010043,RA2611003010086,2,Academic
E03933,RA2311003010001,RA2411003010044,5,Project
E03934,RA2311003010014,RA2411003010046,2,Academic
E03935,RA2411003010035,RA2511003010047,1,Academic
E03936,RA2511003010049,RA2611003010076,1,Academic
E03937,RA2311003010005,RA2511003010050,1,Project
E03938,RA2411003010038,RA2511003010050,7,Project
E03939,RA2311003010014,RA2511003010055,1,Project
E03940,RA2511003010056,RA2611003010086,2,Academic
E03941,RA2311003010021,RA2511003010059,1,Project
E03942,RA2311003010010,RA2511003010059,1,Project
E03943,RA2311003010011,RA2511003010060,5,Academic
E03944,RA2311003010021,RA2511003010060,7,Project
E03945,RA2511003010062,RA2611003010083,2,Project
E03946,RA2311003010016,RA2511003010063,2,Academic
E03947,RA2511003010065,RA2611003010072,2,Academic
E03948,RA2411003010025,RA2511003010065,2,Academic
E03949,RA2511003010067,RA2611003010076,6,Project
E03950,RA2311003010019,RA2511003010067,5,Academic
E03951,RA2311003010020,RA2511003010068,5,Academic
E03952,RA2311003010023,RA2511003010069,5,Academic
E03953,RA2411003010039,RA2611003010074,2,Project
E03954,RA2411003010042,RA2611003010075,3,Project
E03955,RA2511003010065,RA2611003010076,7,Project
E03956,RA2311003010008,RA2611003010076,3,Project
E03957,RA2511003010054,RA2611003010077,3,Project
E03958,RA2511003010058,RA2611003010077,6,Project
E03959,RA2511003010066,RA2611003010078,4,Project
E03960,RA2311003010018,RA2611003010080,8,Academic
E03961,RA2311003010009,RA2611003010080,7,Academic
E03962,RA2511003010069,RA2611003010082,2,Academic
E03963,RA2311003010021,RA2611003010084,4,Project
E03964,RA2311003010010,RA2611003010084,3,Academic
E03965,RA2511003010058,RA2611003010085,5,Project
E03966,RA2411003010044,RA2611003010085,1,Project
E03967,RA2311003010022,RA2611003010085,1,Project
E03968,RA2311003010022,RA2611003010086,1,Academic
E03969,RA2511003010049,RA2611003010087,4,Academic
E03970,RA2411003010043,RA2611003010087,6,Project
E03971,RA2311003010019,RA2611003010089,1,Project
E03972,RA2411003010043,RA2611003010091,1,Academic
E03973,RA2411003010027,RA2611003010092,2,Academic
E03974,RA2411003010038,RA2611003010092,6,Academic
E03975,RA2311027010094,RA2611027010167,6,Academic
E03976,RA2311027010094,RA2611027010175,1,Academic
E03977,RA2311027010098,RA2511027010150,1,Academic
E03978,RA2311027010098,RA2611027010168,4,Academic
E03979,RA2311027010103,RA2611027010179,2,Project
E03980,RA2311027010104,RA2611027010165,1,Project
E03981,RA2311027010104,RA2511027010140,4,Academic
E03982,RA2311027010106,RA2411027010127,2,Project
E03983,RA2311027010106,RA2511027010155,5,Academic
E03984,RA2311027010107,RA2611027010166,4,Project
E03985,RA2311027010108,RA2511027010148,1,Academic
E03986,RA2311027010108,RA2511027010152,8,Academic
E03987,RA2311027010110,RA2511027010147,1,Project
E03988,RA2311027010111,RA2411027010119,2,Project
E03989,RA2311027010113,RA2611027010177,1,Academic
E03990,RA2311027010113,RA2411027010123,6,Academic
E03991,RA2411027010116,RA2511027010145,4,Academic
E03992,RA2311027010101,RA2411027010117,2,Project
E03993,RA2411027010117,RA2611027010162,5,Academic
E03994,RA2411027010121,RA2511027010139,3,Project
E03995,RA2311027010111,RA2411027010125,1,Project
E03996,RA2411027010125,RA2511027010156,3,Academic
E03997,RA2311027010114,RA2411027010128,2,Academic
E03998,RA2411027010129,RA2611027010167,4,Project
E03999,RA2411027010130,RA2611027010169,5,Academic
E04000,RA2311027010100,RA2411027010133,4,Academic
E04001,RA2411027010134,RA2511027010147,4,Academic
E04002,RA2311027010106,RA2411027010136,1,Project
E04003,RA2411027010136,RA2611027010175,7,Academic
E04004,RA2411027010137,RA2511027010150,2,Project
E04005,RA2311027010113,RA2511027010138,2,Academic
E04006,RA2411027010117,RA2511027010140,8,Project
E04007,RA2511027010140,RA2611027010175,1,Academic
E04008,RA2311027010095,RA2511027010144,4,Academic
E04009,RA2511027010145,RA2611027010175,1,Academic
E04010,RA2511027010146,RA2611027010167,3,Academic
E04011,RA2411027010130,RA2511027010147,1,Project
E04012,RA2311027010101,RA2511027010147,10,Academic
E04013,RA2411027010132,RA2511027010148,2,Academic
E04014,RA2311027010109,RA2511027010149,7,Academic
E04015,RA2311027010109,RA2511027010151,1,Project
E04016,RA2511027010152,RA2611027010175,6,Academic
E04017,RA2411027010126,RA2511027010152,2,Project
E04018,RA2411027010127,RA2511027010154,2,Academic
E04019,RA2511027010154,RA2611027010164,1,Academic
E04020,RA2411027010116,RA2511027010156,2,Academic
E04021,RA2511027010157,RA2611027010169,5,Project
E04022,RA2511027010160,RA2611027010162,6,Project
E04023,RA2311027010112,RA2511027010160,2,Academic
E04024,RA2311027010098,RA2611027010163,9,Academic
E04025,RA2511027010155,RA2611027010163,3,Project
E04026,RA2511027010146,RA2611027010169,1,Academic
E04027,RA2511027010156,RA2611027010169,6,Project
E04028,RA2511027010148,RA2611027010170,1,Project
E04029,RA2411027010130,RA2611027010173,5,Project
E04030,RA2511027010147,RA2611027010174,6,Academic
E04031,RA2411027010118,RA2611027010174,1,Project
E04032,RA2311027010097,RA2611027010177,2,Project
E04033,RA2511027010160,RA2611027010177,7,Academic
E04034,RA2511027010159,RA2611027010178,3,Academic
E04035,RA2411027010127,RA2611027010179,1,Project
E04036,RA2411027010131,RA2611027010179,2,Project
E04037,RA2311027010099,RA2611027010179,1,Project
E04038,RA2411027010127,RA2611027010181,9,Project
E04039,RA2511027010152,RA2611027010181,2,Academic
E04040,RA2311027010099,RA2611027010182,4,Project
E04041,RA2311028010183,RA2611028010256,5,Academic
E04042,RA2311028010184,RA2411028010218,2,Project
E04043,RA2311028010186,RA2611028010257,3,Project
E04044,RA2311028010186,RA2411028010222,5,Project
E04045,RA2311028010187,RA2411028010225,9,Academic
E04046,RA2311028010189,RA2611028010270,1,Academic
E04047,RA2311028010190,RA2411028010227,2,Academic
E04048,RA2311028010191,RA2611028010260,6,Project
E04049,RA2311028010192,RA2511028010250,7,Project
E04050,RA2311028010193,RA2411028010221,7,Academic
E04051,RA2311028010193,RA2611028010271,3,Academic
E04052,RA2311028010194,RA2611028010258,1,Academic
E04053,RA2311028010195,RA2611028010271,1,Academic
E04054,RA2311028010197,RA2611028010259,5,Academic
E04055,RA2311028010200,RA2611028010259,9,Project
E04056,RA2311028010201,RA2511028010246,8,Academic
E04057,RA2311028010202,RA2411028010227,5,Academic
E04058,RA2411028010207,RA2611028010271,2,Project
E04059,RA2411028010208,RA2611028010262,4,Project
E04060,RA2411028010209,RA2611028010266,3,Academic
E04061,RA2311028010197,RA2411028010211,1,Academic
E04062,RA2411028010211,RA2511028010250,1,Academic
E04063,RA2411028010212,RA2511028010237,2,Academic
E04064,RA2411028010214,RA2611028010257,1,Academic
E04065,RA2411028010215,RA2511028010236,1,Project
E04066,RA2411028010215,RA2611028010271,9,Academic
E04067,RA2311028010202,RA2411028010216,4,Project
E04068,RA2411028010218,RA2611028010254,4,Academic
E04069,RA2311028010201,RA2411028010220,5,Academic
E04070,RA2411028010220,RA2511028010237,1,Academic
E04071,RA2411028010221,RA2511028010240,1,Academic
E04072,RA2411028010221,RA2611028010273,1,Academic
E04073,RA2311028010189,RA2411028010221,5,Academic
E04074,RA2411028010222,RA2611028010268,3,Academic
E04075,RA2411028010225,RA2611028010255,2,Academic
E04076,RA2411028010227,RA2611028010262,2,Project
E04077,RA2311028010191,RA2511028010230,5,Academic
E04078,RA2511028010231,RA2611028010263,1,Project
E04079,RA2511028010231,RA2611028010252,8,Project
E04080,RA2311028010199,RA2511028010232,7,Academic
E04081,RA2311028010198,RA2511028010234,2,Project
E04082,RA2511028010234,RA2611028010267,3,Academic
E04083,RA2411028010213,RA2511028010236,3,Project
E04084,RA2411028010225,RA2511028010237,6,Academic
E04085,RA2411028010212,RA2511028010238,1,Academic
E04086,RA2511028010241,RA2611028010264,8,Academic
E04087,RA2311028010200,RA2511028010242,3,Academic
E04088,RA2311028010187,RA2511028010243,3,Project
E04089,RA2411028010210,RA2511028010243,2,Project
E04090,RA2311028010196,RA2511028010246,10,Academic
E04091,RA2311028010188,RA2511028010247,5,Project
E04092,RA2311028010197,RA2511028010249,1,Project
E04093,RA2411028010216,RA2511028010250,2,Academic
E04094,RA2511028010243,RA2611028010253,6,Academic
E04095,RA2311028010193,RA2611028010253,2,Project
E04096,RA2311028010195,RA2611028010254,6,Academic
E04097,RA2411028010223,RA2611028010254,4,Project
E04098,RA2411028010228,RA2611028010254,1,Project
E04099,RA2411028010214,RA2611028010255,4,Project
E04100,RA2411028010215,RA2611028010256,6,Academic
E04101,RA2311028010191,RA2611028010256,8,Project
E04102,RA2411028010209,RA2611028010257,2,Project
E04103,RA2311028010196,RA2611028010258,2,Project
E04104,RA2511028010240,RA2611028010258,4,Project
E04105,RA2511028010235,RA2611028010258,5,Academic
E04106,RA2311028010191,RA2611028010261,6,Project
E04107,RA2311028010186,RA2611028010262,6,Project
E04108,RA2511028010247,RA2611028010262,2,Academic
E04109,RA2511028010244,RA2611028010269,2,Academic
E04110,RA2311028010184,RA2611028010269,2,Project
E04111,RA2411028010208,RA2611028010270,1,Project
E04112,RA2511028010242,RA2611028010272,4,Project
E04113,RA2311028010188,RA2611028010273,6,Academic
E04114,RA2311029010274,RA2511029010339,4,Project
E04115,RA2311029010275,RA2411029010318,4,Project
E04116,RA2311029010276,RA2611029010357,2,Project
E04117,RA2311029010276,RA2611029010353,8,Project
E04118,RA2311029010277,RA2411029010310,1,Project
E04119,RA2311029010277,RA2511029010341,1,Academic
E04120,RA2311029010278,RA2511029010328,2,Academic
E04121,RA2311029010279,RA2611029010354,2,Project
E04122,RA2311029010279,RA2511029010331,4,Project
E04123,RA2311029010281,RA2411029010314,4,Academic
E04124,RA2311029010283,RA2611029010360,5,Academic
E04125,RA2311029010283,RA2611029010352,3,Academic
E04126,RA2311029010286,RA2511029010322,3,Academic
E04127,RA2311029010293,RA2511029010330,5,Project
E04128,RA2311029010293,RA2611029010360,3,Project
E04129,RA2311029010296,RA2611029010352,14,Project
E04130,RA2311029010296,RA2611029010362,7,Project
E04131,RA2311029010296,RA2411029010299,1,Academic
E04132,RA2411029010297,RA2611029010363,1,Project
E04133,RA2411029010298,RA2511029010328,2,Project
E04134,RA2311029010293,RA2411029010300,2,Academic
E04135,RA2411029010301,RA2511029010339,2,Project
E04136,RA2411029010302,RA2611029010344,9,Project
E04137,RA2411029010303,RA2611029010353,2,Project
E04138,RA2411029010304,RA2611029010357,4,Project
E04139,RA2311029010295,RA2411029010306,3,Project
E04140,RA2311029010293,RA2411029010307,2,Academic
E04141,RA2411029010309,RA2611029010342,1,Academic
E04142,RA2411029010310,RA2511029010339,3,Project
E04143,RA2311029010292,RA2411029010310,3,Project
E04144,RA2411029010311,RA2611029010357,7,Academic
E04145,RA2411029010311,RA2511029010330,2,Project
E04146,RA2411029010313,RA2511029010323,1,Academic
E04147,RA2311029010280,RA2411029010315,2,Project
E04148,RA2311029010293,RA2411029010316,2,Project
E04149,RA2311029010286,RA2411029010317,4,Project
E04150,RA2411029010317,RA2511029010332,1,Academic
E04151,RA2411029010318,RA2511029010336,4,Academic
E04152,RA2411029010308,RA2511029010319,4,Project
E04153,RA2511029010320,RA2611029010345,2,Academic
E04154,RA2411029010311,RA2511029010324,1,Project
E04155,RA2311029010283,RA2511029010325,1,Academic
E04156,RA2411029010306,RA2511029010326,9,Project
E04157,RA2511029010326,RA2611029010352,6,Project
E04158,RA2511029010327,RA2611029010351,3,Project
E04159,RA2511029010327,RA2611029010352,4,Project
E04160,RA2311029010292,RA2511029010329,2,Academic
E04161,RA2511029010330,RA2611029010358,8,Academic
E04162,RA2411029010297,RA2511029010332,1,Academic
E04163,RA2311029010294,RA2511029010332,1,Academic
E04164,RA2311029010275,RA2511029010334,6,Project
E04165,RA2511029010334,RA2611029010346,7,Academic
E04166,RA2311029010286,RA2511029010334,4,Project
E04167,RA2411029010311,RA2511029010336,2,Project
E04168,RA2511029010336,RA2611029010358,1,Academic
E04169,RA2311029010293,RA2511029010336,3,Academic
E04170,RA2411029010318,RA2511029010337,7,Academic
E04171,RA2311029010274,RA2511029010340,5,Project
E04172,RA2511029010324,RA2611029010346,1,Academic
E04173,RA2411029010314,RA2611029010347,8,Project
E04174,RA2511029010322,RA2611029010348,3,Academic
E04175,RA2411029010313,RA2611029010349,5,Academic
E04176,RA2311029010287,RA2611029010349,2,Academic
E04177,RA2511029010331,RA2611029010350,2,Project
E04178,RA2311029010292,RA2611029010351,6,Project
E04179,RA2311029010289,RA2611029010351,5,Project
E04180,RA2311029010274,RA2611029010352,3,Project
E04181,RA2311029010294,RA2611029010352,8,Academic
E04182,RA2511029010328,RA2611029010354,2,Academic
E04183,RA2411029010309,RA2611029010356,1,Project
E04184,RA2511029010335,RA2611029010359,3,Academic
E04185,RA2311029010280,RA2611029010361,6,Academic
E04186,RA2311029010279,RA2611029010361,2,Project
E04187,RA2311030010364,RA2411030010408,5,Project
E04188,RA2311030010365,RA2611030010445,6,Project
E04189,RA2311030010365,RA2511030010429,1,Academic
E04190,RA2311030010366,RA2611030010437,1,Academic
E04191,RA2311030010367,RA2411030010396,3,Academic
E04192,RA2311030010371,RA2611030010435,8,Project
E04193,RA2311030010373,RA2511030010410,5,Academic
E04194,RA2311030010373,RA2511030010414,3,Academic
E04195,RA2311030010374,RA2511030010427,4,Academic
E04196,RA2311030010376,RA2511030010428,1,Academic
E04197,RA2311030010377,RA2611030010453,2,Academic
E04198,RA2311030010379,RA2611030010451,5,Project
E04199,RA2311030010381,RA2411030010404,6,Academic
E04200,RA2311030010382,RA2611030010449,1,Project
E04201,RA2311030010382,RA2611030010453,1,Project
E04202,RA2311030010383,RA2411030010388,5,Project
E04203,RA2311030010383,RA2611030010436,4,Academic
E04204,RA2311030010385,RA2611030010452,1,Academic
E04205,RA2311030010386,RA2511030010428,4,Project
E04206,RA2311030010382,RA2411030010388,2,Academic
E04207,RA2411030010388,RA2511030010413,2,Academic
E04208,RA2311030010373,RA2411030010389,14,Academic
E04209,RA2411030010391,RA2611030010440,3,Project
E04210,RA2311030010365,RA2411030010392,6,Project
E04211,RA2311030010380,RA2411030010394,3,Project
E04212,RA2411030010394,RA2511030010414,4,Academic
E04213,RA2311030010365,RA2411030010396,4,Academic
E04214,RA2311030010365,RA2411030010398,3,Project
E04215,RA2411030010400,RA2611030010435,4,Academic
E04216,RA2411030010401,RA2511030010414,6,Academic
E04217,RA2411030010402,RA2511030010411,12,Project
E04218,RA2311030010364,RA2411030010403,6,Project
E04219,RA2411030010403,RA2511030010420,1,Academic
E04220,RA2411030010404,RA2611030010448,7,Project
E04221,RA2411030010406,RA2511030010419,2,Project
E04222,RA2411030010407,RA2511030010423,5,Academic
E04223,RA2411030010408,RA2611030010434,4,Project
E04224,RA2411030010408,RA2611030010443,7,Project
E04225,RA2411030010406,RA2511030010409,1,Academic
E04226,RA2311030010370,RA2511030010409,1,Academic
E04227,RA2511030010409,RA2611030010450,3,Project
E04228,RA2311030010381,RA2511030010410,2,Academic
E04229,RA2311030010383,RA2511030010410,5,Academic
E04230,RA2311030010365,RA2511030010412,10,Academic
E04231,RA2311030010380,RA2511030010413,2,Academic
E04232,RA2311030010369,RA2511030010414,7,Project
E04233,RA2511030010416,RA2611030010440,4,Academic
E04234,RA2511030010416,RA2611030010434,3,Academic
E04235,RA2311030010367,RA2511030010418,1,Project
E04236,RA2511030010419,RA2611030010438,2,Academic
E04237,RA2311030010374,RA2511030010419,2,Academic
E04238,RA2311030010374,RA2511030010421,5,Project
E04239,RA2311030010368,RA2511030010422,4,Project
E04240,RA2511030010423,RA2611030010438,1,Project
E04241,RA2311030010380,RA2511030010424,1,Academic
E04242,RA2511030010427,RA2611030010442,5,Academic
E04243,RA2411030010407,RA2511030010428,10,Project
E04244,RA2311030010371,RA2511030010429,2,Academic
E04245,RA2311030010368,RA2611030010431,6,Project
E04246,RA2511030010423,RA2611030010432,6,Project
E04247,RA2311030010380,RA2611030010436,3,Academic
E04248,RA2411030010402,RA2611030010438,7,Project
E04249,RA2511030010421,RA2611030010438,2,Academic
E04250,RA2411030010387,RA2611030010439,4,Project
E04251,RA2311030010379,RA2611030010439,8,Academic
E04252,RA2311030010366,RA2611030010441,3,Academic
E04253,RA2311030010379,RA2611030010442,2,Project
E04254,RA2311030010374,RA2611030010442,5,Project
E04255,RA2511030010419,RA2611030010443,1,Project
E04256,RA2511030010423,RA2611030010445,1,Project
E04257,RA2511030010411,RA2611030010447,8,Academic
E04258,RA2311030010380,RA2611030010448,4,Project
E04259,RA2411030010403,RA2611030010448,4,Academic
E04260,RA2311030010385,RA2611030010450,2,Academic
E04261,RA2411030010408,RA2611030010451,4,Academic
E04262,RA2311030010383,RA2611030010451,5,Project
E04263,RA2511030010409,RA2611030010452,1,Academic
E04264,RA2411030010393,RA2611030010453,1,Academic
E04265,RA2311054010454,RA2511054010515,1,Project
E04266,RA2311054010454,RA2511054010500,1,Project
E04267,RA2311054010455,RA2611054010526,2,Academic
E04268,RA2311054010457,RA2511054010503,1,Academic
E04269,RA2311054010465,RA2411054010477,6,Academic
E04270,RA2311054010466,RA2611054010539,6,Project
E04271,RA2311054010468,RA2511054010505,1,Academic
E04272,RA2311054010468,RA2511054010517,5,Project
E04273,RA2311054010469,RA2611054010540,1,Project
E04274,RA2311054010470,RA2411054010491,4,Project
E04275,RA2311054010471,RA2411054010490,6,Academic
E04276,RA2311054010473,RA2611054010542,4,Academic
E04277,RA2311054010474,RA2511054010512,7,Project
E04278,RA2311054010467,RA2411054010477,4,Academic
E04279,RA2411054010478,RA2511054010506,3,Academic
E04280,RA2411054010478,RA2611054010528,1,Academic
E04281,RA2311054010466,RA2411054010481,9,Academic
E04282,RA2311054010470,RA2411054010482,4,Academic
E04283,RA2411054010483,RA2511054010517,3,Project
E04284,RA2311054010472,RA2411054010484,3,Project
E04285,RA2411054010485,RA2511054010512,2,Academic
E04286,RA2311054010456,RA2411054010487,5,Project
E04287,RA2411054010489,RA2511054010514,1,Project
E04288,RA2311054010465,RA2411054010489,1,Academic
E04289,RA2411054010490,RA2511054010514,3,Academic
E04290,RA2311054010465,RA2411054010491,4,Project
E04291,RA2411054010492,RA2511054010507,5,Project
E04292,RA2411054010494,RA2611054010528,2,Project
E04293,RA2411054010495,RA2611054010529,1,Academic
E04294,RA2411054010495,RA2511054010507,3,Project
E04295,RA2311054010469,RA2411054010498,1,Project
E04296,RA2511054010499,RA2611054010530,1,Academic
E04297,RA2311054010471,RA2511054010499,6,Project
E04298,RA2311054010463,RA2511054010500,1,Academic
E04299,RA2411054010483,RA2511054010500,1,Academic
E04300,RA2411054010488,RA2511054010503,2,Project
E04301,RA2411054010483,RA2511054010504,2,Academic
E04302,RA2411054010486,RA2511054010506,1,Project
E04303,RA2311054010456,RA2511054010507,5,Project
E04304,RA2511054010508,RA2611054010525,3,Academic
E04305,RA2311054010457,RA2511054010508,1,Academic
E04306,RA2511054010508,RA2611054010526,3,Project
E04307,RA2511054010508,RA2611054010539,2,Project
E04308,RA2411054010481,RA2511054010509,3,Academic
E04309,RA2311054010472,RA2511054010511,1,Academic
E04310,RA2411054010481,RA2511054010512,1,Academic
E04311,RA2311054010462,RA2511054010516,8,Academic
E04312,RA2411054010477,RA2511054010516,5,Academic
E04313,RA2311054010476,RA2511054010517,1,Academic
E04314,RA2511054010520,RA2611054010540,1,Project
E04315,RA2511054010501,RA2611054010523,1,Project
E04316,RA2311054010473,RA2611054010524,4,Project
E04317,RA2411054010491,RA2611054010525,3,Academic
E04318,RA2411054010478,RA2611054010526,10,Academic
E04319,RA2311054010467,RA2611054010526,9,Project
E04320,RA2311054010474,RA2611054010530,5,Project
E04321,RA2511054010500,RA2611054010530,5,Project
E04322,RA2511054010519,RA2611054010531,7,Academic
E04323,RA2411054010486,RA2611054010532,2,Academic
E04324,RA2411054010483,RA2611054010532,1,Academic
E04325,RA2511054010513,RA2611054010532,4,Project
E04326,RA2411054010480,RA2611054010534,2,Project
E04327,RA2511054010519,RA2611054010535,6,Academic
E04328,RA2411054010479,RA2611054010537,2,Academic
E04329,RA2411054010495,RA2611054010538,8,Project
E04330,RA2411054010495,RA2611054010539,1,Project
E04331,RA2511054010500,RA2611054010539,1,Academic
E04332,RA2311054010475,RA2611054010540,2,Academic
E04333,RA2411054010482,RA2611054010541,2,Project
E04334,RA2311054010459,RA2611054010541,4,Academic
E04335,RA2311054010474,RA2611054010541,4,Project
E04336,RA2511054010510,RA2611054010542,4,Project
E04337,RA2511054010503,RA2611054010542,1,Project
E04338,RA2311056010545,RA2611056010631,1,Academic
E04339,RA2311056010547,RA2511056010593,3,Project
E04340,RA2311056010548,RA2611056010623,2,Academic
E04341,RA2311056010550,RA2511056010611,3,Project
E04342,RA2311056010551,RA2411056010582,1,Academic
E04343,RA2311056010551,RA2411056010585,6,Project
E04344,RA2311056010552,RA2411056010569,1,Academic
E04345,RA2311056010552,RA2411056010568,3,Project
E04346,RA2311056010555,RA2611056010624,4,Academic
E04347,RA2311056010555,RA2611056010625,1,Academic
E04348,RA2311056010556,RA2511056010600,8,Project
E04349,RA2311056010557,RA2411056010569,2,Academic
E04350,RA2311056010557,RA2611056010618,7,Academic
E04351,RA2311056010560,RA2611056010633,2,Project
E04352,RA2311056010560,RA2611056010627,5,Project
E04353,RA2311056010561,RA2411056010567,4,Project
E04354,RA2311056010562,RA2511056010609,4,Project
E04355,RA2311056010563,RA2511056010596,1,Academic
E04356,RA2311056010563,RA2511056010606,4,Academic
E04357,RA2311056010564,RA2411056010573,2,Academic
E04358,RA2311056010564,RA2611056010626,3,Academic
E04359,RA2411056010567,RA2611056010632,4,Academic
E04360,RA2411056010571,RA2511056010595,3,Project
E04361,RA2311056010566,RA2411056010571,2,Academic
E04362,RA2411056010571,RA2611056010627,4,Project
E04363,RA2411056010574,RA2511056010600,4,Project
E04364,RA2411056010577,RA2511056010597,9,Project
E04365,RA2411056010577,RA2511056010613,3,Project
E04366,RA2411056010578,RA2611056010623,2,Project
E04367,RA2311056010565,RA2411056010581,2,Project
E04368,RA2311056010546,RA2411056010582,2,Project
E04369,RA2411056010582,RA2611056010618,1,Academic
E04370,RA2411056010584,RA2611056010628,3,Academic
E04371,RA2311056010544,RA2411056010586,5,Project
E04372,RA2311056010557,RA2411056010587,2,Project
E04373,RA2411056010587,RA2611056010624,5,Project
E04374,RA2411056010587,RA2611056010625,10,Project
E04375,RA2311056010550,RA2411056010588,3,Academic
E04376,RA2411056010589,RA2511056010599,3,Academic
E04377,RA2311056010548,RA2411056010589,2,Academic
E04378,RA2411056010590,RA2611056010625,2,Project
E04379,RA2511056010591,RA2611056010620,2,Academic
E04380,RA2311056010560,RA2511056010593,3,Project
E04381,RA2411056010579,RA2511056010594,2,Project
E04382,RA2511056010595,RA2611056010636,2,Project
E04383,RA2411056010587,RA2511056010595,3,Academic
E04384,RA2511056010595,RA2611056010625,6,Project
E04385,RA2411056010582,RA2511056010596,5,Academic
E04386,RA2511056010599,RA2611056010630,3,Project
E04387,RA2411056010568,RA2511056010601,1,Project
E04388,RA2511056010601,RA2611056010634,10,Academic
E04389,RA2311056010554,RA2511056010602,3,Academic
E04390,RA2411056010570,RA2511056010609,3,Academic
E04391,RA2411056010583,RA2511056010609,3,Academic
E04392,RA2411056010570,RA2511056010613,2,Academic
E04393,RA2311056010545,RA2511056010613,2,Project
E04394,RA2511056010613,RA2611056010620,5,Project
E04395,RA2311056010556,RA2611056010614,6,Project
E04396,RA2511056010594,RA2611056010615,2,Project
E04397,RA2511056010596,RA2611056010615,7,Project
E04398,RA2411056010574,RA2611056010619,1,Project
E04399,RA2411056010588,RA2611056010622,6,Academic
E04400,RA2411056010567,RA2611056010623,5,Project
E04401,RA2411056010584,RA2611056010624,7,Project
E04402,RA2411056010588,RA2611056010625,6,Project
E04403,RA2411056010572,RA2611056010627,5,Project
E04404,RA2311056010554,RA2611056010628,6,Project
E04405,RA2511056010607,RA2611056010631,8,Project
E04406,RA2311056010561,RA2611056010634,1,Academic
E04407,RA2511056010596,RA2611056010634,1,Academic
E04408,RA2511056010608,RA2611056010635,2,Project
E04409,RA2411056010585,RA2611056010635,1,Project
E04410,RA2311056010560,RA2611003010070,1,Cross-Department
E04411,RA2311056010551,RA2511003010047,7,Cross-Department
E04412,RA2411003010044,RA2411056010572,5,Cross-Department
E04413,RA2411003010030,RA2511056010597,1,Cross-Department
E04414,RA2511003010049,RA2611056010615,3,Cross-Department
E04415,RA2511003010054,RA2511056010597,1,Cross-Department
E04416,RA2311056010554,RA2511003010062,1,Cross-Department
E04417,RA2511003010050,RA2511056010613,5,Cross-Department
E04418,RA2511003010057,RA2611056010621,2,Cross-Department
E04419,RA2411056010576,RA2511003010051,6,Cross-Department
E04420,RA2311003010009,RA2311056010544,4,Cross-Department
E04421,RA2411056010587,RA2611003010075,10,Cross-Department
E04422,RA2311056010555,RA2511003010061,2,Cross-Department
E04423,RA2411003010043,RA2511056010603,4,Cross-Department
E04424,RA2311003010013,RA2611056010632,2,Cross-Department
E04425,RA2511003010055,RA2511056010594,2,Cross-Department
E04426,RA2511003010068,RA2611056010621,1,Cross-Department
E04427,RA2311056010558,RA2511003010050,1,Cross-Department
E04428,RA2411003010043,RA2411056010577,2,Cross-Department
E04429,RA2611003010093,RA2611056010627,1,Cross-Department
E04430,RA2311003010019,RA2511056010613,7,Cross-Department
E04431,RA2511003010066,RA2511056010610,1,Cross-Department
E04432,RA2311003010004,RA2311056010565,3,Cross-Department
E04433,RA2511003010059,RA2611056010632,2,Cross-Department
E04434,RA2311003010001,RA2411056010589,7,Cross-Department
E04435,RA2411003010043,RA2411056010567,3,Cross-Department
E04436,RA2411056010578,RA2511003010054,2,Cross-Department
E04437,RA2311056010553,RA2511003010058,1,Cross-Department
E04438,RA2311003010015,RA2611056010628,14,Cross-Department
E04439,RA2411056010587,RA2511003010065,4,Cross-Department
E04440,RA2411003010030,RA2411056010588,3,Cross-Department
E04441,RA2411056010584,RA2611003010087,2,Cross-Department
E04442,RA2311056010549,RA2411003010039,10,Cross-Department
E04443,RA2311003010017,RA2311056010548,1,Cross-Department
E04444,RA2611003010077,RA2611056010618,1,Cross-Department
E04445,RA2411056010572,RA2511003010068,1,Cross-Department
E04446,RA2311003010020,RA2511056010610,2,Cross-Department
E04447,RA2311056010562,RA2511003010060,8,Cross-Department
E04448,RA2311003010015,RA2411054010488,4,Cross-Department
E04449,RA2411054010489,RA2611003010093,3,Cross-Department
E04450,RA2611003010073,RA2611054010530,2,Cross-Department
E04451,RA2411003010046,RA2411054010482,8,Cross-Department
E04452,RA2511054010507,RA2611003010079,5,Cross-Department
E04453,RA2311003010006,RA2511054010508,3,Cross-Department
E04454,RA2411003010039,RA2611054010540,6,Cross-Department
E04455,RA2311054010454,RA2611003010086,3,Cross-Department
E04456,RA2411003010024,RA2511054010520,3,Cross-Department
E04457,RA2411003010041,RA2611054010534,3,Cross-Department
E04458,RA2411003010040,RA2411054010495,5,Cross-Department
E04459,RA2311054010469,RA2511003010050,6,Cross-Department
E04460,RA2411003010036,RA2411054010497,3,Cross-Department
E04461,RA2311054010472,RA2511003010064,6,Cross-Department
E04462,RA2311003010017,RA2511054010513,2,Cross-Department
E04463,RA2311054010456,RA2411003010029,4,Cross-Department
E04464,RA2511003010060,RA2611054010526,9,Cross-Department
E04465,RA2311003010017,RA2311054010468,5,Cross-Department
E04466,RA2311054010458,RA2411003010040,1,Cross-Department
E04467,RA2411003010030,RA2611054010531,3,Cross-Department
E04468,RA2311054010463,RA2611003010072,3,Cross-Department
E04469,RA2411003010030,RA2611054010526,3,Cross-Department
E04470,RA2511054010500,RA2611003010089,12,Cross-Department
E04471,RA2411003010034,RA2411054010484,1,Cross-Department
E04472,RA2411003010042,RA2511054010515,3,Cross-Department
E04473,RA2311054010467,RA2411003010038,2,Cross-Department
E04474,RA2311003010002,RA2611054010533,1,Cross-Department
E04475,RA2311003010016,RA2511054010499,1,Cross-Department
E04476,RA2511054010508,RA2611003010087,9,Cross-Department
E04477,RA2411003010025,RA2611054010525,1,Cross-Department
E04478,RA2311003010019,RA2511054010499,2,Cross-Department
E04479,RA2311003010023,RA2311054010459,8,Cross-Department
E04480,RA2311003010010,RA2611054010539,6,Cross-Department
E04481,RA2311054010465,RA2411003010035,4,Cross-Department
E04482,RA2311003010019,RA2311054010454,2,Cross-Department
E04483,RA2311054010463,RA2411003010041,1,Cross-Department
E04484,RA2511003010069,RA2611054010531,6,Cross-Department
E04485,RA2311054010467,RA2411003010040,3,Cross-Department
E04486,RA2311003010022,RA2411054010489,2,Cross-Department
E04487,RA2411003010036,RA2611054010526,4,Cross-Department
E04488,RA2311003010009,RA2611054010535,3,Cross-Department
E04489,RA2411054010494,RA2611003010084,1,Cross-Department
E04490,RA2311054010473,RA2611003010087,1,Cross-Department
E04491,RA2411003010041,RA2611054010525,9,Cross-Department
E04492,RA2311003010004,RA2611054010531,5,Cross-Department
E04493,RA2511054010515,RA2611003010077,1,Cross-Department
E04494,RA2411054010487,RA2511003010055,6,Cross-Department
E04495,RA2411003010024,RA2511054010502,1,Cross-Department
E04496,RA2411054010493,RA2511003010069,6,Cross-Department
E04497,RA2311029010275,RA2411003010043,2,Cross-Department
E04498,RA2611003010088,RA2611029010362,1,Cross-Department
E04499,RA2311029010288,RA2511003010059,1,Cross-Department
E04500,RA2311029010280,RA2611003010085,1,Cross-Department
E04501,RA2411003010045,RA2511029010324,3,Cross-Department
E04502,RA2311003010014,RA2511029010324,1,Cross-Department
E04503,RA2311029010275,RA2511003010066,1,Cross-Department
E04504,RA2511003010057,RA2511029010333,5,Cross-Department
E04505,RA2311003010023,RA2311029010281,8,Cross-Department
E04506,RA2311003010021,RA2311029010278,1,Cross-Department
E04507,RA2411029010306,RA2511003010048,2,Cross-Department
E04508,RA2311029010293,RA2511003010059,1,Cross-Department
E04509,RA2411029010301,RA2511003010052,2,Cross-Department
E04510,RA2611003010075,RA2611029010350,1,Cross-Department
E04511,RA2511003010049,RA2511029010335,3,Cross-Department
E04512,RA2311029010277,RA2411003010046,1,Cross-Department
E04513,RA2411029010307,RA2511003010069,1,Cross-Department
E04514,RA2311029010275,RA2611003010078,1,Cross-Department
E04515,RA2411029010303,RA2511003010065,4,Cross-Department
E04516,RA2311003010013,RA2411029010300,5,Cross-Department
E04517,RA2311003010005,RA2611029010359,3,Cross-Department
E04518,RA2311003010022,RA2311029010287,1,Cross-Department
E04519,RA2511029010324,RA2611003010075,3,Cross-Department
E04520,RA2511029010336,RA2611003010071,7,Cross-Department
E04521,RA2511029010325,RA2611003010089,3,Cross-Department
E04522,RA2311029010291,RA2411003010025,1,Cross-Department
E04523,RA2411003010038,RA2411029010316,7,Cross-Department
E04524,RA2411003010041,RA2511029010328,6,Cross-Department
E04525,RA2311029010290,RA2511003010069,3,Cross-Department
E04526,RA2311029010283,RA2611003010076,3,Cross-Department
E04527,RA2311003010001,RA2511029010334,2,Cross-Department
E04528,RA2411003010037,RA2511029010328,1,Cross-Department
E04529,RA2311003010020,RA2411029010304,5,Cross-Department
E04530,RA2311029010292,RA2411003010043,1,Cross-Department
E04531,RA2311003010020,RA2311029010287,4,Cross-Department
E04532,RA2311003010002,RA2311029010294,2,Cross-Department
E04533,RA2411003010032,RA2611029010351,2,Cross-Department
E04534,RA2311003010012,RA2311029010294,9,Cross-Department
E04535,RA2311029010276,RA2611003010092,4,Cross-Department
E04536,RA2411003010045,RA2511029010333,6,Cross-Department
E04537,RA2411028010207,RA2511029010324,4,Cross-Department
E04538,RA2411028010210,RA2611029010362,1,Cross-Department
E04539,RA2611028010271,RA2611029010356,2,Cross-Department
E04540,RA2311028010195,RA2411029010304,8,Cross-Department
E04541,RA2511028010248,RA2511029010328,1,Cross-Department
E04542,RA2511028010247,RA2611029010353,6,Cross-Department
E04543,RA2311029010277,RA2611028010260,10,Cross-Department
E04544,RA2311028010200,RA2411029010310,8,Cross-Department
E04545,RA2511028010232,RA2611029010350,3,Cross-Department
E04546,RA2311028010197,RA2511029010324,1,Cross-Department
E04547,RA2311028010196,RA2311029010289,4,Cross-Department
E04548,RA2311028010197,RA2411029010316,9,Cross-Department
E04549,RA2611028010257,RA2611029010350,8,Cross-Department
E04550,RA2311028010194,RA2411029010297,6,Cross-Department
E04551,RA2511029010327,RA2611028010258,14,Cross-Department
E04552,RA2411028010220,RA2611029010353,6,Cross-Department
E04553,RA2411029010308,RA2511028010240,3,Cross-Department
E04554,RA2511028010242,RA2511029010341,4,Cross-Department
E04555,RA2311028010199,RA2411029010303,3,Cross-Department
E04556,RA2311028010190,RA2311029010275,3,Cross-Department
E04557,RA2411028010218,RA2411029010315,3,Cross-Department
E04558,RA2311028010186,RA2511029010341,5,Cross-Department
E04559,RA2511028010244,RA2611029010360,3,Cross-Department
E04560,RA2311028010194,RA2611029010348,1,Cross-Department
E04561,RA2311028010187,RA2511029010338,2,Cross-Department
E04562,RA2311029010292,RA2611028010261,1,Cross-Department
E04563,RA2311029010279,RA2411028010222,1,Cross-Department
E04564,RA2611028010262,RA2611029010343,8,Cross-Department
E04565,RA2411028010209,RA2511029010326,4,Cross-Department
E04566,RA2311029010292,RA2611028010269,6,Cross-Department
E04567,RA2411028010227,RA2411029010305,2,Cross-Department
E04568,RA2411028010218,RA2511029010341,3,Cross-Department
E04569,RA2311029010279,RA2511028010245,3,Cross-Department
E04570,RA2311028010198,RA2411029010304,4,Cross-Department
E04571,RA2511029010328,RA2611028010256,2,Cross-Department
E04572,RA2411029010299,RA2511028010243,1,Cross-Department
E04573,RA2311028010184,RA2411029010297,1,Cross-Department
E04574,RA2311028010205,RA2411029010301,5,Cross-Department
E04575,RA2511028010250,RA2611029010363,8,Cross-Department
E04576,RA2311028010201,RA2311029010275,2,Cross-Department
E04577,RA2311029010274,RA2411028010228,7,Cross-Department
E04578,RA2311029010274,RA2411028010211,1,Cross-Department
E04579,RA2311028010185,RA2611029010346,3,Cross-Department
E04580,RA2411028010215,RA2411029010313,5,Cross-Department
E04581,RA2511028010238,RA2511029010334,2,Cross-Department
E04582,RA2311028010197,RA2611029010354,1,Cross-Department
E04583,RA2611028010255,RA2611029010342,4,Cross-Department
E04584,RA2311029010287,RA2611028010261,1,Cross-Department
E04585,RA2311028010198,RA2511029010327,6,Cross-Department
E04586,RA2311028010185,RA2611029010350,9,Cross-Department
E04587,RA2511028010236,RA2611030010438,5,Cross-Department
E04588,RA2311030010383,RA2611028010269,6,Cross-Department
E04589,RA2311028010200,RA2611030010453,3,Cross-Department
E04590,RA2511028010246,RA2611030010440,4,Cross-Department
E04591,RA2511030010422,RA2611028010262,5,Cross-Department
E04592,RA2311030010369,RA2611028010268,2,Cross-Department
E04593,RA2411030010407,RA2611028010258,2,Cross-Department
E04594,RA2311028010193,RA2611030010436,3,Cross-Department
E04595,RA2411028010217,RA2511030010413,7,Cross-Department
E04596,RA2311028010189,RA2311030010366,8,Cross-Department
E04597,RA2511030010429,RA2611028010264,2,Cross-Department
E04598,RA2411028010212,RA2411030010395,3,Cross-Department
E04599,RA2311028010195,RA2411030010395,9,Cross-Department
E04600,RA2311028010193,RA2311030010376,3,Cross-Department
E04601,RA2311028010193,RA2411030010404,1,Cross-Department
E04602,RA2611028010266,RA2611030010437,4,Cross-Department
E04603,RA2411028010217,RA2411030010406,3,Cross-Department
E04604,RA2411030010403,RA2611028010262,1,Cross-Department
E04605,RA2311028010185,RA2411030010388,4,Cross-Department
E04606,RA2311028010184,RA2311030010372,2,Cross-Department
E04607,RA2411028010227,RA2411030010394,2,Cross-Department
E04608,RA2311030010367,RA2511028010240,3,Cross-Department
E04609,RA2511028010235,RA2611030010439,4,Cross-Department
E04610,RA2411028010216,RA2411030010400,4,Cross-Department
E04611,RA2411028010218,RA2511030010415,3,Cross-Department
E04612,RA2311028010201,RA2311030010370,1,Cross-Department
E04613,RA2311030010381,RA2611028010259,2,Cross-Department
E04614,RA2311030010366,RA2611028010271,6,Cross-Department
E04615,RA2311030010375,RA2611028010258,4,Cross-Department
E04616,RA2311028010202,RA2311030010381,4,Cross-Department
E04617,RA2511030010421,RA2611028010254,4,Cross-Department
E04618,RA2311030010364,RA2411028010220,1,Cross-Department
E04619,RA2311030010382,RA2511028010237,1,Cross-Department
E04620,RA2511028010231,RA2511030010428,7,Cross-Department
E04621,RA2411030010397,RA2611028010252,4,Cross-Department
E04622,RA2311028010200,RA2511030010423,2,Cross-Department
E04623,RA2511028010232,RA2611030010447,10,Cross-Department
E04624,RA2311054010475,RA2411056010585,9,Cross-Department
E04625,RA2411056010573,RA2511054010499,14,Cross-Department
E04626,RA2311054010455,RA2311056010546,2,Cross-Department
E04627,RA2311056010565,RA2611054010535,1,Cross-Department
E04628,RA2311054010472,RA2611056010620,3,Cross-Department
E04629,RA2311054010468,RA2411056010588,3,Cross-Department
E04630,RA2511054010508,RA2611056010636,8,Cross-Department
E04631,RA2411054010477,RA2611056010629,5,Cross-Department
E04632,RA2411056010587,RA2511054010499,3,Cross-Department
E04633,RA2411056010582,RA2611054010541,6,Cross-Department
E04634,RA2311054010469,RA2511056010596,7,Cross-Department
E04635,RA2311056010551,RA2511054010514,4,Cross-Department
E04636,RA2311054010462,RA2411056010573,2,Cross-Department
E04637,RA2311054010457,RA2511056010598,1,Cross-Department
E04638,RA2311056010561,RA2611054010527,2,Cross-Department
E04639,RA2311056010563,RA2511054010513,1,Cross-Department
E04640,RA2311056010555,RA2411054010477,1,Cross-Department
E04641,RA2311056010561,RA2611054010528,5,Cross-Department
E04642,RA2511054010509,RA2611056010629,1,Cross-Department
E04643,RA2311054010471,RA2311056010555,1,Cross-Department
E04644,RA2411056010579,RA2611054010524,5,Cross-Department
E04645,RA2311056010545,RA2511054010519,5,Cross-Department
E04646,RA2411054010496,RA2511056010601,2,Cross-Department
E04647,RA2411054010494,RA2411056010579,2,Cross-Department
E04648,RA2311056010549,RA2411054010494,4,Cross-Department
E04649,RA2311056010563,RA2511054010511,2,Cross-Department
E04650,RA2411056010573,RA2611054010537,2,Cross-Department
E04651,RA2311054010468,RA2311056010547,4,Cross-Department
E04652,RA2411054010485,RA2411056010588,1,Cross-Department
E04653,RA2511056010611,RA2611054010536,12,Cross-Department
E04654,RA2411056010585,RA2511054010517,6,Cross-Department
E04655,RA2411054010485,RA2411056010579,2,Cross-Department
E04656,RA2311054010465,RA2511056010599,3,Cross-Department
E04657,RA2511056010598,RA2611054010524,1,Cross-Department
E04658,RA2311054010467,RA2411056010586,5,Cross-Department
E04659,RA2311056010561,RA2511054010513,4,Cross-Department
E04660,RA2411056010568,RA2511054010505,3,Cross-Department
E04661,RA2311056010544,RA2511054010521,2,Cross-Department
E04662,RA2511054010504,RA2511056010599,8,Cross-Department
E04663,RA2311054010474,RA2511056010597,6,Cross-Department
E04664,RA2311054010464,RA2411056010581,9,Cross-Department
E04665,RA2511054010511,RA2611056010628,7,Cross-Department
E04666,RA2511056010598,RA2611054010525,3,Cross-Department
E04667,RA2411056010580,RA2611054010535,2,Cross-Department
E04668,RA2311054010465,RA2511056010607,4,Cross-Department
E04669,RA2311054010462,RA2611056010623,4,Cross-Department
E04670,RA2311054010455,RA2511056010592,1,Cross-Department
E04671,RA2311056010557,RA2511054010521,2,Cross-Department
E04672,RA2411054010493,RA2511027010159,10,Cross-Department
E04673,RA2311027010112,RA2411054010485,2,Cross-Department
E04674,RA2411027010131,RA2411054010481,2,Cross-Department
E04675,RA2411027010136,RA2511054010508,7,Cross-Department
E04676,RA2511027010146,RA2611054010526,1,Cross-Department
E04677,RA2311027010110,RA2311054010474,1,Cross-Department
E04678,RA2511054010510,RA2611027010179,6,Cross-Department
E04679,RA2511054010500,RA2611027010175,1,Cross-Department
E04680,RA2411027010129,RA2611054010529,5,Cross-Department
E04681,RA2311027010097,RA2511054010506,4,Cross-Department
E04682,RA2411027010132,RA2411054010491,4,Cross-Department
E04683,RA2311027010107,RA2311054010470,1,Cross-Department
E04684,RA2511054010519,RA2611027010176,5,Cross-Department
E04685,RA2611027010167,RA2611054010526,1,Cross-Department
E04686,RA2311027010114,RA2511054010514,2,Cross-Department
E04687,RA2411054010484,RA2511027010152,2,Cross-Department
E04688,RA2511027010140,RA2611054010542,4,Cross-Department
E04689,RA2411027010133,RA2511054010520,7,Cross-Department
E04690,RA2411054010477,RA2611027010162,5,Cross-Department
E04691,RA2611027010165,RA2611054010522,2,Cross-Department
E04692,RA2511027010151,RA2611054010524,1,Cross-Department
E04693,RA2511027010149,RA2511054010506,2,Cross-Department
E04694,RA2311027010097,RA2511054010499,6,Cross-Department
E04695,RA2311027010108,RA2311054010459,1,Cross-Department
E04696,RA2411027010117,RA2511054010502,2,Cross-Department
E04697,RA2411054010490,RA2611027010182,1,Cross-Department
E04698,RA2411027010120,RA2411054010486,6,Cross-Department
E04699,RA2311027010111,RA2511054010506,1,Cross-Department
E04700,RA2611027010176,RA2611054010523,3,Cross-Department
E04701,RA2411027010127,RA2511054010519,1,Cross-Department
E04702,RA2511054010520,RA2611027010180,2,Cross-Department
E04703,RA2311027010102,RA2411054010480,1,Cross-Department
E04704,RA2311054010468,RA2411027010122,4,Cross-Department
E04705,RA2611027010168,RA2611054010531,4,Cross-Department
E04706,RA2311027010101,RA2311054010465,1,Cross-Department
E04707,RA2311054010458,RA2411027010132,8,Cross-Department
E04708,RA2411027010123,RA2411054010493,7,Cross-Department
E04709,RA2311054010469,RA2511027010158,2,Cross-Department
E04710,RA2311054010467,RA2611027010161,4,Cross-Department
E04711,RA2511027010157,RA2611054010539,3,Cross-Department
E04712,RA2311027010100,RA2311054010468,7,Cross-Department
E04713,RA2311054010474,RA2511027010147,5,Cross-Department
E04714,RA2511027010142,RA2611054010543,5,Cross-Department
E04715,RA2311027010101,RA2511054010520,2,Cross-Department
E04716,RA2611027010172,RA2611054010538,2,Cross-Department
E04717,RA2511054010514,RA2611027010179,6,Cross-Department
E04718,RA2511027010139,RA2511054010501,8,Cross-Department
E04719,RA2311054010470,RA2611027010178,1,Cross-Department
E04720,RA2411054010498,RA2511027010154,2,Cross-Department
E04721,RA2311054010476,RA2611027010165,5,Cross-Department
E04722,RA2311027010097,RA2511054010515,8,Cross-Department
E04723,RA2611027010169,RA2611054010523,4,Cross-Department
E04724,RA2511027010154,RA2611054010522,5,Cross-Department
E04725,RA2311029010293,RA2511003010065,4,Cross-Department
E04726,RA2311029010281,RA2411003010035,3,Cross-Department
E04727,RA2311003010015,RA2511029010329,3,Cross-Department
E04728,RA2611003010071,RA2611029010346,1,Cross-Department
E04729,RA2511003010066,RA2611029010354,10,Cross-Department
E04730,RA2311003010018,RA2311029010295,7,Cross-Department
E04731,RA2611003010082,RA2611029010362,7,Cross-Department
E04732,RA2611003010087,RA2611029010351,12,Cross-Department
E04733,RA2411029010308,RA2511003010067,3,Cross-Department
E04734,RA2311029010291,RA2611003010074,1,Cross-Department
E04735,RA2411003010035,RA2511029010319,1,Cross-Department
E04736,RA2511029010329,RA2611003010077,6,Cross-Department
E04737,RA2311029010274,RA2411003010025,6,Cross-Department
E04738,RA2311003010002,RA2611029010346,4,Cross-Department
E04739,RA2511003010052,RA2611029010346,5,Cross-Department
E04740,RA2511029010335,RA2611003010070,1,Cross-Department
E04741,RA2411029010297,RA2611003010089,2,Cross-Department
E04742,RA2411003010027,RA2411029010313,6,Cross-Department
E04743,RA2311029010293,RA2411003010032,7,Cross-Department
E04744,RA2311003010022,RA2411029010299,10,Cross-Department
E04745,RA2311029010291,RA2511003010056,4,Cross-Department
E04746,RA2511029010325,RA2611003010083,4,Cross-Department
E04747,RA2511029010324,RA2611003010076,2,Cross-Department
E04748,RA2411003010039,RA2511029010334,2,Cross-Department
E04749,RA2311003010003,RA2511029010336,2,Cross-Department
E04750,RA2511003010051,RA2511029010332,1,Cross-Department
E04751,RA2311003010017,RA2611029010355,2,Cross-Department
E04752,RA2311003010020,RA2511029010322,1,Cross-Department
E04753,RA2311003010016,RA2311029010281,6,Cross-Department
E04754,RA2311003010020,RA2411029010314,2,Cross-Department
E04755,RA2311029010274,RA2511003010067,8,Cross-Department
E04756,RA2411003010029,RA2411029010303,2,Cross-Department
E04757,RA2611003010072,RA2611029010359,5,Cross-Department
E04758,RA2311029010296,RA2411003010042,6,Cross-Department
E04759,RA2311029010290,RA2611003010085,3,Cross-Department
E04760,RA2411029010304,RA2611003010079,1,Cross-Department
E04761,RA2411003010043,RA2611029010345,3,Cross-Department
E04762,RA2311003010004,RA2411029010304,1,Cross-Department
E04763,RA2311029010289,RA2511003010060,4,Cross-Department
E04764,RA2311003010002,RA2311029010284,2,Cross-Department
E04765,RA2311003010006,RA2411029010305,1,Cross-Department
E04766,RA2311003010011,RA2511029010323,2,Cross-Department
E04767,RA2511029010322,RA2611003010076,12,Cross-Department
E04768,RA2411029010313,RA2511003010057,5,Cross-Department
E04769,RA2411003010035,RA2411029010307,4,Cross-Department
E04770,RA2511003010048,RA2611029010354,2,Cross-Department
E04771,RA2311003010013,RA2611029010346,1,Cross-Department
E04772,RA2311003010003,RA2411029010317,6,Cross-Department
E04773,RA2411029010311,RA2511003010069,3,Cross-Department
E04774,RA2311029010295,RA2511003010068,3,Cross-Department
E04775,RA2311028010198,RA2511030010418,2,Cross-Department
E04776,RA2411030010395,RA2611028010259,2,Cross-Department
E04777,RA2311028010200,RA2311030010378,3,Cross-Department
E04778,RA2311030010373,RA2511028010245,7,Cross-Department
E04779,RA2311028010195,RA2411030010406,1,Cross-Department
E04780,RA2511028010234,RA2611030010441,5,Cross-Department
E04781,RA2511030010427,RA2611028010253,1,Cross-Department
E04782,RA2411028010217,RA2511030010410,1,Cross-Department
E04783,RA2311028010188,RA2611030010447,5,Cross-Department
E04784,RA2511028010247,RA2611030010442,1,Cross-Department
E04785,RA2311028010185,RA2511030010413,1,Cross-Department
E04786,RA2411030010401,RA2511028010243,5,Cross-Department
E04787,RA2411028010219,RA2511030010411,3,Cross-Department
E04788,RA2511028010247,RA2511030010423,1,Cross-Department
E04789,RA2311028010191,RA2511030010409,3,Cross-Department
E04790,RA2311030010367,RA2511028010246,1,Cross-Department
E04791,RA2511028010247,RA2511030010428,1,Cross-Department
E04792,RA2511030010425,RA2611028010257,14,Cross-Department
E04793,RA2411030010393,RA2511028010249,4,Cross-Department
E04794,RA2311030010371,RA2411028010211,1,Cross-Department
E04795,RA2411028010223,RA2411030010404,10,Cross-Department
E04796,RA2311028010185,RA2611030010432,5,Cross-Department
E04797,RA2411028010221,RA2511030010420,6,Cross-Department
E04798,RA2411030010402,RA2611028010253,6,Cross-Department
E04799,RA2411028010207,RA2511030010422,2,Cross-Department
E04800,RA2311030010384,RA2611028010261,1,Cross-Department
E04801,RA2411030010397,RA2511028010237,4,Cross-Department
E04802,RA2311028010201,RA2511030010415,7,Cross-Department
E04803,RA2411030010387,RA2611028010260,3,Cross-Department
E04804,RA2311028010188,RA2411030010402,3,Cross-Department
E04805,RA2411028010216,RA2511030010418,6,Cross-Department
E04806,RA2511030010421,RA2611028010272,7,Cross-Department
E04807,RA2411028010210,RA2611030010453,1,Cross-Department
E04808,RA2311030010372,RA2411028010210,8,Cross-Department
E04809,RA2411030010390,RA2611028010259,9,Cross-Department
E04810,RA2511028010248,RA2511030010415,2,Cross-Department
E04811,RA2311030010381,RA2511028010232,4,Cross-Department
E04812,RA2411030010391,RA2611028010256,3,Cross-Department
E04813,RA2511028010248,RA2511030010428,4,Cross-Department
E04814,RA2311028010186,RA2511030010416,6,Cross-Department
E04815,RA2611028010255,RA2611030010431,14,Cross-Department
E04816,RA2411028010213,RA2611030010441,1,Cross-Department
E04817,RA2411030010406,RA2511028010234,5,Cross-Department
E04818,RA2311028010183,RA2411030010397,2,Cross-Department
E04819,RA2311030010367,RA2611028010256,8,Cross-Department
E04820,RA2311028010201,RA2611030010443,3,Cross-Department
E04821,RA2511028010241,RA2611030010439,5,Cross-Department
E04822,RA2411030010405,RA2611028010265,6,Cross-Department
E04823,RA2411028010208,RA2411030010404,4,Cross-Department
E04824,RA2411030010405,RA2511028010240,3,Cross-Department
E04825,RA2511030010424,RA2611028010253,4,Cross-Department
E04826,RA2511003010049,RA2611027010161,2,Cross-Department
E04827,RA2411027010117,RA2511003010061,6,Cross-Department
E04828,RA2311003010004,RA2611027010173,2,Cross-Department
E04829,RA2411003010039,RA2611027010165,1,Cross-Department
E04830,RA2411027010120,RA2511003010067,1,Cross-Department
E04831,RA2311003010018,RA2511027010149,3,Cross-Department
E04832,RA2411003010025,RA2411027010123,1,Cross-Department
E04833,RA2411003010024,RA2411027010119,8,Cross-Department
E04834,RA2311027010114,RA2511003010067,1,Cross-Department
E04835,RA2311027010104,RA2511003010065,6,Cross-Department
E04836,RA2511003010068,RA2611027010181,3,Cross-Department
E04837,RA2311027010111,RA2511003010068,3,Cross-Department
E04838,RA2311003010009,RA2411027010118,5,Cross-Department
E04839,RA2411027010117,RA2611003010084,7,Cross-Department
E04840,RA2311003010016,RA2511027010145,2,Cross-Department
E04841,RA2511003010057,RA2611027010168,4,Cross-Department
E04842,RA2311003010005,RA2411027010126,2,Cross-Department
E04843,RA2311027010109,RA2511003010060,9,Cross-Department
E04844,RA2311027010095,RA2411003010030,4,Cross-Department
E04845,RA2411003010025,RA2411027010119,1,Cross-Department
E04846,RA2411027010120,RA2511003010058,14,Cross-Department
E04847,RA2611003010076,RA2611027010170,1,Cross-Department
E04848,RA2411003010025,RA2411027010131,4,Cross-Department
E04849,RA2411027010131,RA2511003010069,6,Cross-Department
E04850,RA2311027010102,RA2511003010060,3,Cross-Department
E04851,RA2311027010104,RA2511003010063,3,Cross-Department
E04852,RA2311027010097,RA2411003010032,6,Cross-Department
E04853,RA2311027010106,RA2511003010057,8,Cross-Department
E04854,RA2311003010006,RA2511027010155,7,Cross-Department
E04855,RA2311003010005,RA2311027010095,2,Cross-Department
E04856,RA2411003010030,RA2411027010122,1,Cross-Department
E04857,RA2411003010025,RA2511027010156,2,Cross-Department
E04858,RA2411027010132,RA2511003010054,4,Cross-Department
E04859,RA2311027010110,RA2511003010062,1,Cross-Department
E04860,RA2411027010132,RA2511003010062,3,Cross-Department
E04861,RA2411027010127,RA2611003010077,1,Cross-Department
E04862,RA2411027010125,RA2611003010078,1,Cross-Department
E04863,RA2511003010047,RA2511027010148,2,Cross-Department
E04864,RA2411027010117,RA2511003010050,4,Cross-Department
E04865,RA2611003010076,RA2611027010176,2,Cross-Department
E04866,RA2411003010034,RA2611027010175,5,Cross-Department
E04867,RA2311003010018,RA2411027010125,3,Cross-Department
E04868,RA2411027010117,RA2511003010069,1,Cross-Department
E04869,RA2311003010022,RA2311027010107,7,Cross-Department
E04870,RA2311027010111,RA2511003010055,2,Cross-Department
E04871,RA2311003010008,RA2611027010181,2,Cross-Department
E04872,RA2511003010060,RA2611027010170,1,Cross-Department
E04873,RA2511003010059,RA2511027010153,3,Cross-Department
E04874,RA2511003010048,RA2611027010180,6,Cross-Department
E04875,RA2311003010003,RA2311030010383,4,Event
E04876,RA2311003010005,RA2611056010628,1,Social
E04877,RA2311003010006,RA2611054010540,2,Social
E04878,RA2311003010009,RA2411030010391,6,Social
E04879,RA2311003010013,RA2311027010114,4,Event
E04880,RA2311003010015,RA2411030010399,7,Social
E04881,RA2311003010019,RA2411003010041,1,Event
E04882,RA2311003010021,RA2611028010270,9,Event
E04883,RA2311003010021,RA2411028010223,2,Event
E04884,RA2311003010021,RA2311028010188,1,Event
E04885,RA2311003010023,RA2611029010358,6,Social
E04886,RA2411003010025,RA2511028010247,2,Social
E04887,RA2411003010029,RA2511056010592,5,Social
E04888,RA2411003010034,RA2411028010209,2,Event
E04889,RA2411003010036,RA2611056010634,1,Event
E04890,RA2311054010457,RA2411003010036,2,Event
E04891,RA2411003010037,RA2411056010576,1,Event
E04892,RA2311029010294,RA2411003010038,1,Event
E04893,RA2311029010295,RA2411003010038,3,Event
E04894,RA2411003010040,RA2511029010339,9,Event
E04895,RA2511003010049,RA2511030010412,4,Social
E04896,RA2311028010197,RA2511003010049,7,Event
E04897,RA2311027010109,RA2511003010051,2,Event
E04898,RA2511003010051,RA2611056010628,5,Event
E04899,RA2511003010051,RA2511027010146,3,Event
E04900,RA2411029010299,RA2511003010054,1,Social
E04901,RA2511003010054,RA2511054010506,2,Social
E04902,RA2411003010030,RA2511003010056,3,Event
E04903,RA2311054010456,RA2511003010056,1,Event
E04904,RA2511003010057,RA2611027010173,2,Social
E04905,RA2511003010056,RA2511003010069,3,Social
E04906,RA2511027010154,RA2611003010070,3,Social
E04907,RA2411030010402,RA2611003010071,10,Event
E04908,RA2311029010274,RA2611003010071,5,Event
E04909,RA2511027010145,RA2611003010071,4,Social
E04910,RA2411056010577,RA2611003010072,4,Event
E04911,RA2311003010009,RA2611003010073,5,Social
E04912,RA2411028010227,RA2611003010078,5,Event
E04913,RA2511056010596,RA2611003010079,2,Social
E04914,RA2511003010064,RA2611003010081,2,Event
E04915,RA2411029010315,RA2611003010082,2,Social
E04916,RA2611003010083,RA2611029010360,5,Social
E04917,RA2611003010083,RA2611054010538,6,Event
E04918,RA2611003010084,RA2611029010347,5,Social
E04919,RA2311029010291,RA2611003010088,3,Social
E04920,RA2311028010183,RA2611003010089,2,Social
E04921,RA2611003010092,RA2611029010345,1,Social
E04922,RA2311028010183,RA2611003010093,1,Event
E04923,RA2311003010010,RA2311027010094,2,Event
E04924,RA2311027010094,RA2411027010118,1,Social
E04925,RA2311027010095,RA2511029010326,3,Event
E04926,RA2311027010095,RA2411054010479,4,Event
E04927,RA2311027010100,RA2311028010184,8,Event
E04928,RA2311027010100,RA2611027010177,2,Event
E04929,RA2311027010101,RA2611056010636,5,Event
E04930,RA2311027010102,RA2611030010448,1,Social
E04931,RA2311027010103,RA2411003010046,2,Event
E04932,RA2311027010106,RA2311030010369,3,Social
E04933,RA2311027010106,RA2511003010059,1,Event
E04934,RA2311027010107,RA2411003010046,4,Event
E04935,RA2311003010021,RA2311027010107,5,Event
E04936,RA2311027010112,RA2511027010148,2,Event
E04937,RA2411027010116,RA2511030010410,5,Event
E04938,RA2411027010119,RA2411054010494,4,Social
E04939,RA2411027010123,RA2611030010449,3,Event
E04940,RA2311030010381,RA2411027010127,1,Event
E04941,RA2411027010137,RA2411028010214,4,Event
E04942,RA2411027010137,RA2611030010441,2,Social
E04943,RA2311027010110,RA2511027010139,2,Social
E04944,RA2511027010139,RA2511030010417,1,Social
E04945,RA2411054010492,RA2511027010140,3,Event
E04946,RA2511027010141,RA2511030010416,3,Social
E04947,RA2411003010038,RA2511027010144,6,Event
E04948,RA2511027010144,RA2611030010453,1,Social
E04949,RA2411029010303,RA2511027010145,2,Social
E04950,RA2311054010459,RA2511027010145,1,Social
E04951,RA2511027010145,RA2611003010077,1,Social
E04952,RA2511027010147,RA2511056010603,2,Event
E04953,RA2311028010205,RA2511027010147,1,Event
E04954,RA2411054010477,RA2511027010149,2,Social
E04955,RA2311028010183,RA2511027010151,2,Event
E04956,RA2511027010155,RA2511056010613,4,Social
E04957,RA2311029010278,RA2511027010155,1,Event
E04958,RA2411056010572,RA2511027010156,2,Event
E04959,RA2411030010397,RA2511027010156,2,Event
E04960,RA2411029010306,RA2511027010157,1,Social
E04961,RA2311029010291,RA2511027010158,4,Event
E04962,RA2311003010004,RA2511027010159,4,Social
E04963,RA2311030010366,RA2511027010159,3,Social
E04964,RA2511027010159,RA2511028010248,1,Social
E04965,RA2311003010018,RA2611027010163,4,Event
E04966,RA2311029010287,RA2611027010165,1,Social
E04967,RA2611027010167,RA2611030010441,2,Event
E04968,RA2311056010558,RA2611027010169,3,Event
E04969,RA2311029010287,RA2611027010169,5,Social
E04970,RA2411029010301,RA2611027010169,3,Event
E04971,RA2311030010378,RA2611027010171,2,Social
E04972,RA2511030010416,RA2611027010174,2,Event
E04973,RA2611003010074,RA2611027010175,7,Social
E04974,RA2411030010395,RA2611027010175,3,Event
E04975,RA2511056010611,RA2611027010176,1,Event
E04976,RA2411003010040,RA2611027010176,8,Social
E04977,RA2311003010013,RA2611027010178,2,Social
E04978,RA2311056010552,RA2611027010178,4,Social
E04979,RA2511030010413,RA2611027010179,10,Social
E04980,RA2311003010022,RA2611027010179,2,Social
E04981,RA2411003010040,RA2611027010180,2,Event
E04982,RA2311030010364,RA2611027010180,3,Event
E04983,RA2611027010181,RA2611056010634,1,Event
E04984,RA2311056010544,RA2611027010181,3,Social
E04985,RA2311028010184,RA2511054010504,1,Event
E04986,RA2311028010184,RA2411027010133,3,Event
E04987,RA2311028010185,RA2511054010508,5,Social
E04988,RA2311028010185,RA2611056010615,5,Event
E04989,RA2311028010187,RA2311054010463,1,Social
E04990,RA2311028010188,RA2511003010053,3,Social
E04991,RA2311028010192,RA2311056010550,12,Social
E04992,RA2311028010192,RA2611054010538,5,Event
E04993,RA2311028010194,RA2611029010349,1,Event
E04994,RA2311028010194,RA2411003010024,5,Event
E04995,RA2311028010194,RA2511029010328,2,Event
E04996,RA2311028010195,RA2611030010453,4,Social
E04997,RA2311028010195,RA2611003010085,1,Social
E04998,RA2311028010200,RA2611056010619,3,Event
E04999,RA2311028010201,RA2611056010622,5,Event
E05000,RA2311028010201,RA2611056010623,4,Event
E05001,RA2311028010202,RA2411056010573,3,Event
E05002,RA2311028010203,RA2611030010449,9,Social
E05003,RA2311028010205,RA2611028010255,1,Social
E05004,RA2311003010008,RA2411028010206,6,Social
E05005,RA2411028010212,RA2611056010633,10,Event
E05006,RA2411028010214,RA2611029010353,4,Social
E05007,RA2311003010021,RA2411028010215,2,Event
E05008,RA2411028010216,RA2611030010449,1,Social
E05009,RA2411028010219,RA2411056010576,1,Social
E05010,RA2411028010221,RA2411056010567,3,Event
E05011,RA2411028010221,RA2611027010177,4,Social
E05012,RA2411028010221,RA2411029010297,6,Event
E05013,RA2411028010222,RA2611003010083,5,Social
E05014,RA2311003010006,RA2411028010227,9,Social
E05015,RA2411028010227,RA2511030010414,4,Social
E05016,RA2311030010370,RA2411028010228,1,Event
E05017,RA2311029010275,RA2511028010230,7,Event
E05018,RA2311027010103,RA2511028010231,1,Social
E05019,RA2511003010053,RA2511028010232,1,Social
E05020,RA2411027010127,RA2511028010232,2,Event
E05021,RA2411003010038,RA2511028010237,3,Event
E05022,RA2511028010240,RA2611030010445,4,Event
E05023,RA2511028010241,RA2511029010325,5,Social
E05024,RA2411054010490,RA2511028010243,9,Social
E05025,RA2511028010243,RA2611027010161,4,Event
E05026,RA2311054010454,RA2511028010247,5,Event
E05027,RA2511028010248,RA2511030010413,6,Event
E05028,RA2411027010122,RA2511028010248,2,Social
E05029,RA2411054010489,RA2611028010254,4,Event
E05030,RA2611028010255,RA2611030010452,2,Social
E05031,RA2411028010211,RA2611028010255,2,Event
E05032,RA2311028010199,RA2611028010256,2,Social
E05033,RA2511054010519,RA2611028010257,1,Event
E05034,RA2511027010157,RA2611028010259,1,Social
E05035,RA2511028010235,RA2611028010260,4,Event
E05036,RA2611028010260,RA2611030010438,9,Event
E05037,RA2511056010610,RA2611028010264,6,Social
E05038,RA2411054010484,RA2611028010264,2,Event
E05039,RA2311003010001,RA2611028010266,7,Event
E05040,RA2511029010334,RA2611028010270,2,Event
E05041,RA2311029010278,RA2611028010272,5,Event
E05042,RA2411030010395,RA2611028010273,10,Event
E05043,RA2411029010304,RA2611028010273,6,Social
E05044,RA2311029010275,RA2311056010545,1,Event
E05045,RA2311029010275,RA2411056010584,14,Social
E05046,RA2311029010278,RA2511030010428,14,Event
E05047,RA2311029010278,RA2611030010441,2,Event
E05048,RA2311029010283,RA2311056010565,2,Social
E05049,RA2311028010189,RA2311029010288,9,Event
E05050,RA2311029010288,RA2511027010149,4,Event
E05051,RA2311003010013,RA2311029010292,2,Social
E05052,RA2311029010295,RA2611056010625,1,Event
E05053,RA2311029010295,RA2611030010438,2,Social
E05054,RA2311029010296,RA2611027010169,1,Event
E05055,RA2311029010296,RA2611056010630,6,Social
E05056,RA2311029010296,RA2411056010586,3,Social
E05057,RA2411029010299,RA2411030010400,1,Social
E05058,RA2311029010274,RA2411029010303,1,Event
E05059,RA2411028010206,RA2411029010305,1,Event
E05060,RA2411029010311,RA2511054010499,1,Social
E05061,RA2411029010312,RA2611003010074,5,Social
E05062,RA2411003010040,RA2411029010313,5,Social
E05063,RA2411029010314,RA2511028010237,1,Social
E05064,RA2411029010316,RA2611054010530,7,Event
E05065,RA2411029010316,RA2611029010348,1,Social
E05066,RA2411029010317,RA2411056010578,4,Social
E05067,RA2411029010318,RA2511030010411,5,Event
E05068,RA2411029010318,RA2511029010323,2,Event
E05069,RA2511029010320,RA2611027010165,3,Event
E05070,RA2411003010037,RA2511029010322,14,Social
E05071,RA2511029010322,RA2511056010610,4,Social
E05072,RA2311029010286,RA2511029010323,1,Social
E05073,RA2511029010323,RA2511056010597,4,Event
E05074,RA2511029010324,RA2611030010431,7,Event
E05075,RA2411056010570,RA2511029010324,3,Event
E05076,RA2311003010003,RA2511029010326,4,Social
E05077,RA2311054010462,RA2511029010328,10,Social
E05078,RA2511029010328,RA2511056010612,5,Event
E05079,RA2411029010316,RA2511029010329,2,Event
E05080,RA2511029010330,RA2511029010333,2,Social
E05081,RA2511029010331,RA2611029010344,9,Event
E05082,RA2511029010332,RA2511054010515,6,Social
E05083,RA2511003010069,RA2511029010339,5,Event
E05084,RA2511028010247,RA2511029010339,9,Event
E05085,RA2511029010339,RA2611030010450,5,Event
E05086,RA2511029010340,RA2611056010625,3,Event
E05087,RA2511029010340,RA2611003010078,1,Event
E05088,RA2411029010300,RA2611029010345,5,Event
E05089,RA2411054010481,RA2611029010345,3,Social
E05090,RA2411029010312,RA2611029010345,5,Social
E05091,RA2511027010141,RA2611029010346,2,Event
E05092,RA2311003010006,RA2611029010348,1,Social
E05093,RA2511054010503,RA2611029010348,5,Event
E05094,RA2611029010348,RA2611030010444,10,Event
E05095,RA2311030010384,RA2611029010349,3,Event
E05096,RA2411056010576,RA2611029010351,1,Social
E05097,RA2611003010081,RA2611029010355,3,Social
E05098,RA2611003010086,RA2611029010357,2,Event
E05099,RA2311029010284,RA2611029010358,4,Social
E05100,RA2311029010296,RA2611029010358,4,Event
E05101,RA2511054010506,RA2611029010361,1,Event
E05102,RA2311003010014,RA2311030010364,7,Social
E05103,RA2311030010364,RA2511029010337,3,Event
E05104,RA2311030010365,RA2611028010271,1,Event
E05105,RA2311030010365,RA2411056010584,4,Event
E05106,RA2311030010365,RA2611027010164,2,Social
E05107,RA2311030010367,RA2411003010046,7,Social
E05108,RA2311030010367,RA2611028010261,4,Social
E05109,RA2311003010023,RA2311030010369,1,Event
E05110,RA2311030010369,RA2411054010477,1,Social
E05111,RA2311030010369,RA2411056010570,1,Social
E05112,RA2311030010370,RA2411029010308,6,Event
E05113,RA2311030010370,RA2311054010469,2,Event
E05114,RA2311030010373,RA2511054010501,6,Social
E05115,RA2311030010373,RA2511029010326,5,Event
E05116,RA2311030010374,RA2611054010522,14,Social
E05117,RA2311030010374,RA2511003010049,4,Event
E05118,RA2311030010376,RA2411027010130,3,Event
E05119,RA2311030010377,RA2411029010307,1,Event
E05120,RA2311030010379,RA2511027010159,1,Social
E05121,RA2311030010379,RA2511030010418,3,Social
E05122,RA2311030010380,RA2511056010599,2,Event
E05123,RA2311030010381,RA2611028010263,1,Event
E05124,RA2311028010201,RA2311030010381,1,Social
E05125,RA2311030010382,RA2611027010173,2,Social
E05126,RA2311030010382,RA2611027010161,4,Social
E05127,RA2311003010020,RA2311030010382,3,Social
E05128,RA2311030010384,RA2511029010322,5,Social
E05129,RA2311030010385,RA2511003010064,1,Event
E05130,RA2311030010385,RA2411056010568,2,Event
E05131,RA2311030010385,RA2511027010151,6,Event
E05132,RA2311030010386,RA2611028010266,3,Social
E05133,RA2411030010387,RA2511030010415,1,Social
E05134,RA2411030010390,RA2611056010618,8,Social
E05135,RA2411030010392,RA2511027010152,1,Social
E05136,RA2411030010392,RA2511030010412,3,Social
E05137,RA2411030010392,RA2611003010081,1,Social
E05138,RA2311056010552,RA2411030010393,2,Event
E05139,RA2411030010393,RA2511030010429,2,Event
E05140,RA2311027010097,RA2411030010399,2,Social
E05141,RA2411027010133,RA2411030010401,6,Event
E05142,RA2411030010402,RA2611056010634,12,Event
E05143,RA2411003010035,RA2411030010404,2,Event
E05144,RA2411030010398,RA2511030010409,5,Social
E05145,RA2511030010409,RA2511056010609,2,Social
E05146,RA2311028010202,RA2511030010411,1,Social
E05147,RA2411056010570,RA2511030010412,1,Social
E05148,RA2411054010496,RA2511030010413,8,Social
E05149,RA2311030010376,RA2511030010413,2,Social
E05150,RA2511027010151,RA2511030010415,2,Event
E05151,RA2411029010307,RA2511030010416,8,Social
E05152,RA2511030010419,RA2511056010599,5,Event
E05153,RA2311030010375,RA2511030010420,3,Social
E05154,RA2411029010308,RA2511030010422,12,Social
E05155,RA2511030010422,RA2611029010357,6,Event
E05156,RA2411030010398,RA2511030010423,1,Event
E05157,RA2511003010059,RA2511030010424,5,Social
E05158,RA2311027010114,RA2511030010427,2,Event
E05159,RA2511030010427,RA2611030010451,1,Social
E05160,RA2611030010431,RA2611030010452,1,Social
E05161,RA2611003010070,RA2611030010434,3,Social
E05162,RA2311027010100,RA2611030010440,3,Social
E05163,RA2311029010289,RA2611030010453,1,Social
E05164,RA2311054010454,RA2611029010346,4,Social
E05165,RA2311054010457,RA2611003010087,3,Social
E05166,RA2311054010458,RA2511029010326,4,Social
E05167,RA2311054010464,RA2611054010529,2,Social
E05168,RA2311029010289,RA2311054010464,2,Event
E05169,RA2311054010466,RA2611028010265,6,Social
E05170,RA2311027010098,RA2311054010467,2,Social
E05171,RA2311054010467,RA2411056010580,6,Event
E05172,RA2311054010474,RA2511027010158,5,Event
E05173,RA2311054010475,RA2611030010435,1,Event
E05174,RA2311054010475,RA2411029010315,2,Event
E05175,RA2311029010283,RA2311054010475,6,Event
E05176,RA2311054010476,RA2411054010493,2,Event
E05177,RA2311054010476,RA2411030010404,3,Social
E05178,RA2411054010478,RA2611027010174,4,Social
E05179,RA2411054010478,RA2511028010245,1,Event
E05180,RA2411003010024,RA2411054010479,2,Event
E05181,RA2411054010480,RA2611003010072,5,Event
E05182,RA2311054010454,RA2411054010480,3,Event
E05183,RA2311028010205,RA2411054010480,1,Social
E05184,RA2411054010481,RA2611054010529,7,Event
E05185,RA2411054010481,RA2611003010078,6,Event
E05186,RA2411054010481,RA2611056010633,2,Social
E05187,RA2311030010369,RA2411054010484,1,Social
E05188,RA2411054010484,RA2511027010139,2,Social
E05189,RA2411054010485,RA2611003010077,3,Event
E05190,RA2411054010488,RA2511030010421,12,Social
E05191,RA2311054010464,RA2411054010491,7,Event
E05192,RA2411054010495,RA2611030010445,9,Event
E05193,RA2411054010495,RA2611054010541,8,Social
E05194,RA2411003010034,RA2411054010496,1,Social
E05195,RA2411054010497,RA2511003010059,2,Event
E05196,RA2311028010184,RA2511054010499,1,Social
E05197,RA2411003010044,RA2511054010501,6,Social
E05198,RA2311029010295,RA2511054010504,3,Social
E05199,RA2311003010020,RA2511054010504,3,Social
E05200,RA2311054010462,RA2511054010508,6,Event
E05201,RA2511054010508,RA2611027010174,5,Event
E05202,RA2311030010384,RA2511054010510,7,Social
E05203,RA2511054010511,RA2611030010442,2,Event
E05204,RA2411027010116,RA2511054010515,12,Event
E05205,RA2511054010516,RA2511056010611,5,Social
E05206,RA2411029010303,RA2511054010517,4,Social
E05207,RA2511054010517,RA2611003010085,1,Social
E05208,RA2511029010341,RA2511054010519,1,Social
E05209,RA2411028010225,RA2511054010521,6,Event
E05210,RA2311054010468,RA2611054010522,1,Social
E05211,RA2511030010409,RA2611054010525,1,Event
E05212,RA2411056010570,RA2611054010527,4,Event
E05213,RA2611029010356,RA2611054010528,2,Social
E05214,RA2411029010314,RA2611054010528,1,Event
E05215,RA2311054010469,RA2611054010530,1,Event
E05216,RA2411056010567,RA2611054010532,8,Social
E05217,RA2611027010176,RA2611054010534,5,Social
E05218,RA2311030010368,RA2611054010534,1,Social
E05219,RA2511054010516,RA2611054010538,2,Event
E05220,RA2411029010316,RA2611054010539,2,Event
E05221,RA2411028010216,RA2611054010541,4,Social
E05222,RA2311056010544,RA2611056010615,2,Social
E05223,RA2311056010545,RA2611029010351,4,Social
E05224,RA2311056010546,RA2511056010607,1,Social
E05225,RA2311056010547,RA2611028010264,6,Event
E05226,RA2311056010548,RA2411054010477,2,Event
E05227,RA2311056010548,RA2611027010168,1,Event
E05228,RA2311056010549,RA2611056010614,2,Event
E05229,RA2311056010554,RA2411054010482,9,Social
E05230,RA2311056010554,RA2611054010541,3,Social
E05231,RA2311056010555,RA2511030010427,5,Social
E05232,RA2311056010555,RA2611029010349,7,Social
E05233,RA2311028010187,RA2311056010557,2,Social
E05234,RA2311029010277,RA2311056010557,1,Event
E05235,RA2311056010557,RA2511054010503,2,Social
E05236,RA2311056010558,RA2611030010445,2,Event
E05237,RA2411056010569,RA2511054010505,1,Social
E05238,RA2411028010218,RA2411056010570,7,Social
E05239,RA2311056010565,RA2411056010570,1,Social
E05240,RA2411056010571,RA2611029010344,6,Social
E05241,RA2411054010485,RA2411056010572,9,Event
E05242,RA2311029010293,RA2411056010576,7,Event
E05243,RA2411056010577,RA2611030010442,1,Event
E05244,RA2411056010578,RA2611029010359,3,Event
E05245,RA2411056010579,RA2511028010244,12,Event
E05246,RA2411029010303,RA2411056010580,1,Event
E05247,RA2311003010014,RA2411056010581,4,Social
E05248,RA2411056010582,RA2511054010509,1,Social
E05249,RA2411056010582,RA2511054010519,2,Social
E05250,RA2411030010405,RA2511056010592,2,Social
E05251,RA2311003010016,RA2511056010593,3,Social
E05252,RA2511028010244,RA2511056010594,4,Social
E05253,RA2511056010595,RA2611056010626,1,Event
E05254,RA2411056010586,RA2511056010595,1,Social
E05255,RA2511056010596,RA2611028010273,1,Social
E05256,RA2511003010051,RA2511056010597,2,Event
E05257,RA2511056010597,RA2611028010255,2,Event
E05258,RA2311003010019,RA2511056010599,6,Event
E05259,RA2511054010501,RA2511056010599,1,Event
E05260,RA2411054010492,RA2511056010601,2,Social
E05261,RA2511029010335,RA2511056010607,5,Social
E05262,RA2511056010607,RA2611003010074,1,Event
E05263,RA2511027010142,RA2511056010608,5,Social
E05264,RA2511030010424,RA2511056010609,1,Social
E05265,RA2311028010183,RA2511056010612,1,Social
E05266,RA2411056010586,RA2511056010613,5,Social
E05267,RA2611027010180,RA2611056010614,2,Social
E05268,RA2411028010228,RA2611056010616,1,Social
E05269,RA2311027010110,RA2611056010616,2,Event
E05270,RA2311027010095,RA2611056010619,1,Social
E05271,RA2311027010100,RA2611056010620,2,Event
E05272,RA2511054010501,RA2611056010620,7,Event
E05273,RA2311030010367,RA2611056010621,2,Social
E05274,RA2511056010601,RA2611056010621,8,Event
E05275,RA2611028010258,RA2611056010622,5,Social
E05276,RA2511027010147,RA2611056010622,4,Event
E05277,RA2511028010249,RA2611056010625,1,Event
E05278,RA2511054010504,RA2611056010625,2,Social
E05279,RA2411056010580,RA2611056010627,1,Social
E05280,RA2411029010306,RA2611056010628,4,Social
E05281,RA2511054010499,RA2611056010628,1,Social
E05282,RA2611030010451,RA2611056010629,2,Social
E05283,RA2411056010582,RA2611056010631,6,Event
E05284,RA2411054010495,RA2611056010632,2,Event
E05285,RA2411030010397,RA2611056010636,1,Social
