event_id,registration_number_1,registration_number_2,interaction_type,interaction_count,period
EV000001,RA2311003010001,RA2311003010003,Event,2,2026-Sem1
EV000002,RA2311003010001,RA2311003010004,Social,1,2026-Sem2
EV000003,RA2311003010001,RA2311003010005,Social,4,2026-Sem2
EV000004,RA2311003010001,RA2311003010005,Social,2,2026-Sem1
EV000005,RA2311003010001,RA2311003010006,Academic,1,2026-Sem1
EV000006,RA2311003010001,RA2311003010006,Academic,4,2026-Sem1
EV000007,RA2311003010001,RA2311003010008,Event,1,2026-Sem2
EV000008,RA2311003010001,RA2311003010009,Social,4,2026-Sem2
EV000009,RA2311003010001,RA2311003010011,Project,1,2026-Sem1
EV000010,RA2311003010001,RA2311003010011,Project,4,2026-Sem1
EV000011,RA2311003010001,RA2311003010015,Event,4,2026-Sem2
EV000012,RA2311003010001,RA2311003010016,Social,2,2026-Sem1
EV000013,RA2311003010001,RA2311003010020,Project,3,2026-Sem1
EV000014,RA2311003010001,RA2311003010021,Event,2,2026-Sem1
EV000015,RA2311003010002,RA2311003010003,Social,1,2026-Sem2
EV000016,RA2311003010002,RA2311003010003,Social,1,2026-Sem1
EV000017,RA2311003010002,RA2311003010003,Social,4,2026-Sem1
EV000018,RA2311003010002,RA2311003010005,Academic,4,2026-Sem1
EV000019,RA2311003010002,RA2311003010005,Academic,2,2026-Sem1
EV000020,RA2311003010002,RA2311003010006,Academic,1,2026-Sem1
EV000021,RA2311003010002,RA2311003010010,Event,2,2026-Sem2
EV000022,RA2311003010002,RA2311003010012,Social,1,2026-Sem1
EV000023,RA2311003010002,RA2311003010014,Event,4,2026-Sem2
EV000024,RA2311003010002,RA2311003010014,Event,3,2026-Sem1
EV000025,RA2311003010002,RA2311003010015,Project,1,2026-Sem1
EV000026,RA2311003010002,RA2311003010015,Project,4,2026-Sem1
EV000027,RA2311003010002,RA2311003010015,Project,2,2026-Sem2
EV000028,RA2311003010002,RA2311003010015,Project,2,2026-Sem1
EV000029,RA2311003010002,RA2311003010015,Project,4,2026-Sem1
EV000030,RA2311003010002,RA2311003010015,Project,1,2026-Sem1
EV000031,RA2311003010002,RA2311003010016,Event,1,2026-Sem2
EV000032,RA2311003010002,RA2311003010017,Academic,1,2026-Sem2
EV000033,RA2311003010002,RA2311003010018,Event,4,2026-Sem2
EV000034,RA2311003010002,RA2311003010019,Event,3,2026-Sem2
EV000035,RA2311003010002,RA2311003010022,Academic,4,2026-Sem1
EV000036,RA2311003010002,RA2311003010023,Social,2,2026-Sem2
EV000037,RA2311003010002,RA2311003010023,Social,3,2026-Sem1
EV000038,RA2311003010003,RA2311003010004,Social,3,2026-Sem2
EV000039,RA2311003010003,RA2311003010005,Social,4,2026-Sem2
EV000040,RA2311003010003,RA2311003010005,Social,4,2026-Sem2
EV000041,RA2311003010003,RA2311003010005,Social,2,2026-Sem1
EV000042,RA2311003010003,RA2311003010008,Academic,2,2026-Sem2
EV000043,RA2311003010003,RA2311003010008,Academic,3,2026-Sem2
EV000044,RA2311003010003,RA2311003010008,Academic,2,2026-Sem1
EV000045,RA2311003010003,RA2311003010009,Project,1,2026-Sem2
EV000046,RA2311003010003,RA2311003010011,Academic,4,2026-Sem2
EV000047,RA2311003010003,RA2311003010012,Academic,2,2026-Sem1
EV000048,RA2311003010003,RA2311003010012,Academic,2,2026-Sem1
EV000049,RA2311003010003,RA2311003010012,Academic,4,2026-Sem1
EV000050,RA2311003010003,RA2311003010015,Academic,2,2026-Sem2
EV000051,RA2311003010003,RA2311003010016,Academic,1,2026-Sem2
EV000052,RA2311003010003,RA2311003010017,Academic,3,2026-Sem1
EV000053,RA2311003010003,RA2311003010017,Academic,3,2026-Sem2
EV000054,RA2311003010003,RA2311003010017,Academic,4,2026-Sem1
EV000055,RA2311003010003,RA2311003010018,Project,1,2026-Sem2
EV000056,RA2311003010003,RA2311003010019,Project,2,2026-Sem1
EV000057,RA2311003010003,RA2311003010021,Project,1,2026-Sem2
EV000058,RA2311003010003,RA2311003010021,Project,2,2026-Sem2
EV000059,RA2311003010003,RA2311003010021,Project,3,2026-Sem2
EV000060,RA2311003010003,RA2311003010021,Project,2,2026-Sem1
EV000061,RA2311003010004,RA2311003010006,Social,3,2026-Sem2
EV000062,RA2311003010004,RA2311003010008,Academic,2,2026-Sem2
EV000063,RA2311003010004,RA2311003010009,Academic,4,2026-Sem1
EV000064,RA2311003010004,RA2311003010010,Project,1,2026-Sem1
EV000065,RA2311003010004,RA2311003010012,Academic,1,2026-Sem2
EV000066,RA2311003010004,RA2311003010012,Academic,1,2026-Sem2
EV000067,RA2311003010004,RA2311003010012,Academic,4,2026-Sem1
EV000068,RA2311003010004,RA2311003010012,Academic,1,2026-Sem1
EV000069,RA2311003010004,RA2311003010014,Project,2,2026-Sem1
EV000070,RA2311003010004,RA2311003010015,Project,2,2026-Sem2
EV000071,RA2311003010004,RA2311003010015,Project,3,2026-Sem1
EV000072,RA2311003010004,RA2311003010017,Project,2,2026-Sem2
EV000073,RA2311003010004,RA2311003010017,Project,3,2026-Sem2
EV000074,RA2311003010004,RA2311003010019,Academic,4,2026-Sem1
EV000075,RA2311003010004,RA2311003010020,Event,3,2026-Sem2
EV000076,RA2311003010005,RA2311003010006,Event,4,2026-Sem1
EV000077,RA2311003010005,RA2311003010006,Event,1,2026-Sem1
EV000078,RA2311003010005,RA2311003010009,Project,1,2026-Sem2
EV000079,RA2311003010005,RA2311003010010,Event,1,2026-Sem2
EV000080,RA2311003010005,RA2311003010011,Academic,3,2026-Sem2
EV000081,RA2311003010005,RA2311003010013,Academic,4,2026-Sem1
EV000082,RA2311003010005,RA2311003010014,Academic,2,2026-Sem1
EV000083,RA2311003010005,RA2311003010014,Academic,3,2026-Sem2
EV000084,RA2311003010005,RA2311003010014,Academic,4,2026-Sem2
EV000085,RA2311003010005,RA2311003010017,Event,3,2026-Sem2
EV000086,RA2311003010005,RA2311003010020,Academic,3,2026-Sem2
EV000087,RA2311003010005,RA2311003010020,Academic,4,2026-Sem2
EV000088,RA2311003010005,RA2311003010020,Academic,3,2026-Sem1
EV000089,RA2311003010005,RA2311003010020,Academic,2,2026-Sem1
EV000090,RA2311003010005,RA2311003010021,Event,2,2026-Sem2
EV000091,RA2311003010006,RA2311003010010,Project,2,2026-Sem2
EV000092,RA2311003010006,RA2311003010012,Academic,3,2026-Sem1
EV000093,RA2311003010006,RA2311003010012,Academic,2,2026-Sem1
EV000094,RA2311003010006,RA2311003010013,Event,3,2026-Sem2
EV000095,RA2311003010006,RA2311003010015,Academic,2,2026-Sem1
EV000096,RA2311003010006,RA2311003010015,Academic,4,2026-Sem2
EV000097,RA2311003010006,RA2311003010016,Academic,4,2026-Sem2
EV000098,RA2311003010006,RA2311003010017,Academic,2,2026-Sem2
EV000099,RA2311003010006,RA2311003010017,Academic,2,2026-Sem1
EV000100,RA2311003010006,RA2311003010017,Academic,4,2026-Sem2
EV000101,RA2311003010006,RA2311003010018,Academic,4,2026-Sem2
EV000102,RA2311003010006,RA2311003010019,Social,3,2026-Sem2
EV000103,RA2311003010006,RA2311003010019,Social,2,2026-Sem1
EV000104,RA2311003010006,RA2311003010019,Social,3,2026-Sem2
EV000105,RA2311003010006,RA2311003010020,Social,2,2026-Sem1
EV000106,RA2311003010006,RA2311003010021,Social,3,2026-Sem1
EV000107,RA2311003010008,RA2311003010009,Academic,1,2026-Sem2
EV000108,RA2311003010008,RA2311003010010,Social,1,2026-Sem1
EV000109,RA2311003010008,RA2311003010011,Academic,1,2026-Sem1
EV000110,RA2311003010008,RA2311003010011,Academic,1,2026-Sem2
EV000111,RA2311003010008,RA2311003010011,Academic,3,2026-Sem2
EV000112,RA2311003010008,RA2311003010011,Academic,2,2026-Sem1
EV000113,RA2311003010008,RA2311003010012,Project,3,2026-Sem1
EV000114,RA2311003010008,RA2311003010013,Social,4,2026-Sem1
EV000115,RA2311003010008,RA2311003010016,Social,2,2026-Sem2
EV000116,RA2311003010008,RA2311003010016,Social,1,2026-Sem2
EV000117,RA2311003010008,RA2311003010016,Social,3,2026-Sem1
EV000118,RA2311003010008,RA2311003010016,Social,2,2026-Sem2
EV000119,RA2311003010008,RA2311003010017,Project,2,2026-Sem2
EV000120,RA2311003010008,RA2311003010020,Social,4,2026-Sem1
EV000121,RA2311003010008,RA2311003010022,Social,3,2026-Sem2
EV000122,RA2311003010008,RA2311003010023,Academic,1,2026-Sem2
EV000123,RA2311003010009,RA2311003010010,Social,1,2026-Sem1
EV000124,RA2311003010009,RA2311003010011,Project,4,2026-Sem2
EV000125,RA2311003010009,RA2311003010012,Event,3,2026-Sem1
EV000126,RA2311003010009,RA2311003010013,Academic,1,2026-Sem2
EV000127,RA2311003010009,RA2311003010016,Academic,3,2026-Sem2
EV000128,RA2311003010009,RA2311003010016,Academic,3,2026-Sem2
EV000129,RA2311003010009,RA2311003010017,Project,3,2026-Sem2
EV000130,RA2311003010009,RA2311003010018,Social,4,2026-Sem1
EV000131,RA2311003010009,RA2311003010018,Social,3,2026-Sem1
EV000132,RA2311003010009,RA2311003010022,Project,4,2026-Sem2
EV000133,RA2311003010009,RA2311003010023,Event,3,2026-Sem2
EV000134,RA2311003010009,RA2311003010023,Event,1,2026-Sem2
EV000135,RA2311003010009,RA2311003010023,Event,3,2026-Sem1
EV000136,RA2311003010009,RA2311003010023,Event,3,2026-Sem2
EV000137,RA2311003010010,RA2311003010013,Project,1,2026-Sem2
EV000138,RA2311003010010,RA2311003010013,Project,1,2026-Sem2
EV000139,RA2311003010010,RA2311003010013,Project,1,2026-Sem1
EV000140,RA2311003010010,RA2311003010013,Project,2,2026-Sem1
EV000141,RA2311003010010,RA2311003010013,Project,1,2026-Sem2
EV000142,RA2311003010010,RA2311003010013,Project,4,2026-Sem1
EV000143,RA2311003010010,RA2311003010016,Social,3,2026-Sem1
EV000144,RA2311003010010,RA2311003010016,Social,2,2026-Sem1
EV000145,RA2311003010010,RA2311003010017,Project,2,2026-Sem2
EV000146,RA2311003010010,RA2311003010019,Academic,3,2026-Sem2
EV000147,RA2311003010010,RA2311003010019,Academic,3,2026-Sem2
EV000148,RA2311003010010,RA2311003010020,Event,2,2026-Sem1
EV000149,RA2311003010010,RA2311003010023,Project,2,2026-Sem2
EV000150,RA2311003010011,RA2311003010012,Academic,2,2026-Sem2
EV000151,RA2311003010011,RA2311003010012,Academic,4,2026-Sem2
EV000152,RA2311003010011,RA2311003010012,Academic,3,2026-Sem1
EV000153,RA2311003010011,RA2311003010013,Event,4,2026-Sem1
EV000154,RA2311003010011,RA2311003010015,Academic,1,2026-Sem1
EV000155,RA2311003010011,RA2311003010017,Social,1,2026-Sem2
EV000156,RA2311003010011,RA2311003010018,Social,3,2026-Sem1
EV000157,RA2311003010011,RA2311003010018,Social,2,2026-Sem1
EV000158,RA2311003010011,RA2311003010019,Academic,2,2026-Sem1
EV000159,RA2311003010011,RA2311003010020,Social,1,2026-Sem1
EV000160,RA2311003010011,RA2311003010021,Project,2,2026-Sem2
EV000161,RA2311003010011,RA2311003010022,Social,4,2026-Sem2
EV000162,RA2311003010012,RA2311003010013,Social,3,2026-Sem1
EV000163,RA2311003010012,RA2311003010015,Social,3,2026-Sem2
EV000164,RA2311003010012,RA2311003010016,Event,4,2026-Sem1
EV000165,RA2311003010012,RA2311003010018,Social,2,2026-Sem1
EV000166,RA2311003010012,RA2311003010020,Project,3,2026-Sem1
EV000167,RA2311003010012,RA2311003010021,Social,3,2026-Sem2
EV000168,RA2311003010012,RA2311003010022,Project,3,2026-Sem2
EV000169,RA2311003010013,RA2311003010017,Social,1,2026-Sem2
EV000170,RA2311003010013,RA2311003010019,Social,2,2026-Sem2
EV000171,RA2311003010013,RA2311003010020,Academic,1,2026-Sem1
EV000172,RA2311003010013,RA2311003010022,Academic,3,2026-Sem2
EV000173,RA2311003010014,RA2311003010015,Event,3,2026-Sem2
EV000174,RA2311003010014,RA2311003010016,Academic,4,2026-Sem2
EV000175,RA2311003010014,RA2311003010016,Academic,3,2026-Sem1
EV000176,RA2311003010014,RA2311003010020,Event,1,2026-Sem1
EV000177,RA2311003010014,RA2311003010021,Academic,3,2026-Sem1
EV000178,RA2311003010015,RA2311003010017,Event,4,2026-Sem2
EV000179,RA2311003010015,RA2311003010019,Event,4,2026-Sem1
EV000180,RA2311003010015,RA2311003010019,Event,3,2026-Sem2
EV000181,RA2311003010015,RA2311003010021,Social,2,2026-Sem1
EV000182,RA2311003010015,RA2311003010021,Social,3,2026-Sem1
EV000183,RA2311003010015,RA2311003010023,Event,4,2026-Sem1
EV000184,RA2311003010016,RA2311003010017,Academic,2,2026-Sem1
EV000185,RA2311003010016,RA2311003010017,Academic,3,2026-Sem2
EV000186,RA2311003010016,RA2311003010018,Social,2,2026-Sem1
EV000187,RA2311003010016,RA2311003010019,Project,1,2026-Sem1
EV000188,RA2311003010016,RA2311003010020,Project,2,2026-Sem2
EV000189,RA2311003010016,RA2311003010020,Project,3,2026-Sem2
EV000190,RA2311003010016,RA2311003010021,Event,2,2026-Sem1
EV000191,RA2311003010016,RA2311003010022,Academic,1,2026-Sem2
EV000192,RA2311003010016,RA2311003010023,Academic,4,2026-Sem2
EV000193,RA2311003010016,RA2311003010023,Academic,2,2026-Sem1
EV000194,RA2311003010017,RA2311003010019,Academic,1,2026-Sem2
EV000195,RA2311003010017,RA2311003010019,Academic,4,2026-Sem1
EV000196,RA2311003010017,RA2311003010019,Academic,3,2026-Sem2
EV000197,RA2311003010017,RA2311003010020,Event,2,2026-Sem2
EV000198,RA2311003010017,RA2311003010020,Event,4,2026-Sem2
EV000199,RA2311003010017,RA2311003010022,Project,3,2026-Sem2
EV000200,RA2311003010017,RA2311003010023,Event,1,2026-Sem1
EV000201,RA2311003010018,RA2311003010019,Event,3,2026-Sem2
EV000202,RA2311003010018,RA2311003010019,Event,2,2026-Sem1
EV000203,RA2311003010018,RA2311003010023,Event,4,2026-Sem1
EV000204,RA2311003010019,RA2311003010021,Event,1,2026-Sem1
EV000205,RA2311003010019,RA2311003010022,Academic,2,2026-Sem1
EV000206,RA2311003010019,RA2311003010023,Event,2,2026-Sem2
EV000207,RA2311003010020,RA2311003010022,Event,2,2026-Sem1
EV000208,RA2311003010020,RA2311003010023,Academic,4,2026-Sem2
EV000209,RA2311003010020,RA2311003010023,Academic,1,2026-Sem2
EV000210,RA2311003010021,RA2311003010022,Social,2,2026-Sem2
EV000211,RA2311003010021,RA2311003010023,Academic,4,2026-Sem2
EV000212,RA2311003010021,RA2311003010023,Academic,1,2026-Sem1
EV000213,RA2411003010024,RA2411003010025,Academic,4,2026-Sem2
EV000214,RA2411003010024,RA2411003010027,Event,4,2026-Sem1
EV000215,RA2411003010024,RA2411003010029,Project,3,2026-Sem1
EV000216,RA2411003010024,RA2411003010030,Social,1,2026-Sem2
EV000217,RA2411003010024,RA2411003010032,Academic,2,2026-Sem2
EV000218,RA2411003010024,RA2411003010032,Academic,3,2026-Sem1
EV000219,RA2411003010024,RA2411003010034,Social,1,2026-Sem2
EV000220,RA2411003010024,RA2411003010035,Social,4,2026-Sem1
EV000221,RA2411003010024,RA2411003010037,Project,1,2026-Sem1
EV000222,RA2411003010024,RA2411003010040,Social,3,2026-Sem2
EV000223,RA2411003010024,RA2411003010040,Social,3,2026-Sem2
EV000224,RA2411003010024,RA2411003010041,Academic,3,2026-Sem1
EV000225,RA2411003010024,RA2411003010041,Academic,3,2026-Sem1
EV000226,RA2411003010024,RA2411003010042,Academic,2,2026-Sem2
EV000227,RA2411003010024,RA2411003010043,Social,1,2026-Sem2
EV000228,RA2411003010024,RA2411003010045,Event,4,2026-Sem2
EV000229,RA2411003010024,RA2411003010045,Event,2,2026-Sem1
EV000230,RA2411003010024,RA2411003010046,Social,4,2026-Sem2
EV000231,RA2411003010025,RA2411003010030,Social,4,2026-Sem1
EV000232,RA2411003010025,RA2411003010035,Social,2,2026-Sem1
EV000233,RA2411003010025,RA2411003010036,Academic,2,2026-Sem1
EV000234,RA2411003010025,RA2411003010037,Event,3,2026-Sem2
EV000235,RA2411003010025,RA2411003010039,Event,1,2026-Sem1
EV000236,RA2411003010025,RA2411003010039,Event,3,2026-Sem2
EV000237,RA2411003010025,RA2411003010039,Event,2,2026-Sem1
EV000238,RA2411003010025,RA2411003010040,Project,2,2026-Sem1
EV000239,RA2411003010025,RA2411003010041,Social,3,2026-Sem2
EV000240,RA2411003010025,RA2411003010041,Social,4,2026-Sem2
EV000241,RA2411003010025,RA2411003010043,Academic,3,2026-Sem2
EV000242,RA2411003010025,RA2411003010044,Project,4,2026-Sem1
EV000243,RA2411003010025,RA2411003010044,Project,1,2026-Sem1
EV000244,RA2411003010025,RA2411003010045,Project,2,2026-Sem1
EV000245,RA2411003010025,RA2411003010045,Project,3,2026-Sem2
EV000246,RA2411003010027,RA2411003010029,Academic,1,2026-Sem2
EV000247,RA2411003010027,RA2411003010030,Project,2,2026-Sem1
EV000248,RA2411003010027,RA2411003010032,Event,3,2026-Sem1
EV000249,RA2411003010027,RA2411003010034,Social,2,2026-Sem1
EV000250,RA2411003010027,RA2411003010035,Social,2,2026-Sem2
EV000251,RA2411003010027,RA2411003010036,Project,2,2026-Sem2
EV000252,RA2411003010027,RA2411003010040,Event,3,2026-Sem2
EV000253,RA2411003010027,RA2411003010040,Event,1,2026-Sem2
EV000254,RA2411003010027,RA2411003010040,Event,4,2026-Sem2
EV000255,RA2411003010027,RA2411003010041,Social,3,2026-Sem1
EV000256,RA2411003010027,RA2411003010041,Social,2,2026-Sem2
EV000257,RA2411003010027,RA2411003010041,Social,1,2026-Sem1
EV000258,RA2411003010027,RA2411003010041,Social,3,2026-Sem2
EV000259,RA2411003010027,RA2411003010041,Social,3,2026-Sem2
EV000260,RA2411003010027,RA2411003010043,Social,1,2026-Sem2
EV000261,RA2411003010027,RA2411003010044,Project,2,2026-Sem1
EV000262,RA2411003010027,RA2411003010046,Project,4,2026-Sem1
EV000263,RA2411003010029,RA2411003010032,Academic,4,2026-Sem1
EV000264,RA2411003010029,RA2411003010034,Event,2,2026-Sem1
EV000265,RA2411003010029,RA2411003010036,Event,1,2026-Sem2
EV000266,RA2411003010029,RA2411003010037,Event,1,2026-Sem1
EV000267,RA2411003010029,RA2411003010039,Project,3,2026-Sem2
EV000268,RA2411003010029,RA2411003010039,Project,3,2026-Sem1
EV000269,RA2411003010029,RA2411003010041,Project,1,2026-Sem2
EV000270,RA2411003010029,RA2411003010043,Project,4,2026-Sem2
EV000271,RA2411003010029,RA2411003010043,Project,1,2026-Sem2
EV000272,RA2411003010029,RA2411003010044,Event,2,2026-Sem1
EV000273,RA2411003010029,RA2411003010045,Event,2,2026-Sem1
EV000274,RA2411003010030,RA2411003010032,Academic,1,2026-Sem2
EV000275,RA2411003010030,RA2411003010032,Academic,1,2026-Sem1
EV000276,RA2411003010030,RA2411003010032,Academic,1,2026-Sem2
EV000277,RA2411003010030,RA2411003010032,Academic,2,2026-Sem1
EV000278,RA2411003010030,RA2411003010032,Academic,3,2026-Sem2
EV000279,RA2411003010030,RA2411003010034,Project,2,2026-Sem1
EV000280,RA2411003010030,RA2411003010035,Project,1,2026-Sem1
EV000281,RA2411003010030,RA2411003010036,Academic,2,2026-Sem2
EV000282,RA2411003010030,RA2411003010038,Academic,2,2026-Sem1
EV000283,RA2411003010030,RA2411003010041,Project,1,2026-Sem2
EV000284,RA2411003010030,RA2411003010041,Project,2,2026-Sem2
EV000285,RA2411003010030,RA2411003010041,Project,4,2026-Sem2
EV000286,RA2411003010030,RA2411003010041,Project,1,2026-Sem1
EV000287,RA2411003010030,RA2411003010046,Project,4,2026-Sem1
EV000288,RA2411003010032,RA2411003010036,Project,1,2026-Sem2
EV000289,RA2411003010032,RA2411003010036,Project,1,2026-Sem2
EV000290,RA2411003010032,RA2411003010036,Project,4,2026-Sem1
EV000291,RA2411003010032,RA2411003010037,Social,3,2026-Sem1
EV000292,RA2411003010032,RA2411003010038,Social,4,2026-Sem2
EV000293,RA2411003010032,RA2411003010038,Social,1,2026-Sem2
EV000294,RA2411003010032,RA2411003010040,Event,3,2026-Sem2
EV000295,RA2411003010032,RA2411003010041,Event,2,2026-Sem2
EV000296,RA2411003010032,RA2411003010041,Event,3,2026-Sem2
EV000297,RA2411003010032,RA2411003010042,Academic,1,2026-Sem1
EV000298,RA2411003010032,RA2411003010045,Academic,4,2026-Sem1
EV000299,RA2411003010032,RA2411003010045,Academic,2,2026-Sem2
EV000300,RA2411003010032,RA2411003010045,Academic,2,2026-Sem1
EV000301,RA2411003010032,RA2411003010045,Academic,1,2026-Sem2
EV000302,RA2411003010032,RA2411003010045,Academic,3,2026-Sem1
EV000303,RA2411003010032,RA2411003010045,Academic,2,2026-Sem1
EV000304,RA2411003010034,RA2411003010035,Academic,1,2026-Sem2
EV000305,RA2411003010034,RA2411003010035,Academic,4,2026-Sem1
EV000306,RA2411003010034,RA2411003010036,Event,1,2026-Sem1
EV000307,RA2411003010034,RA2411003010036,Event,2,2026-Sem1
EV000308,RA2411003010034,RA2411003010036,Event,4,2026-Sem1
EV000309,RA2411003010034,RA2411003010037,Event,4,2026-Sem2
EV000310,RA2411003010034,RA2411003010038,Academic,3,2026-Sem2
EV000311,RA2411003010034,RA2411003010039,Social,4,2026-Sem2
EV000312,RA2411003010034,RA2411003010041,Event,2,2026-Sem1
EV000313,RA2411003010034,RA2411003010044,Event,1,2026-Sem2
EV000314,RA2411003010034,RA2411003010045,Academic,2,2026-Sem1
EV000315,RA2411003010034,RA2411003010045,Academic,3,2026-Sem1
EV000316,RA2411003010034,RA2411003010045,Academic,1,2026-Sem2
EV000317,RA2411003010034,RA2411003010045,Academic,4,2026-Sem1
EV000318,RA2411003010034,RA2411003010046,Academic,4,2026-Sem1
EV000319,RA2411003010035,RA2411003010036,Event,1,2026-Sem2
EV000320,RA2411003010035,RA2411003010037,Event,4,2026-Sem2
EV000321,RA2411003010035,RA2411003010039,Project,4,2026-Sem1
EV000322,RA2411003010035,RA2411003010039,Project,4,2026-Sem1
EV000323,RA2411003010035,RA2411003010040,Event,1,2026-Sem2
EV000324,RA2411003010035,RA2411003010042,Project,1,2026-Sem2
EV000325,RA2411003010035,RA2411003010042,Project,4,2026-Sem2
EV000326,RA2411003010035,RA2411003010043,Academic,3,2026-Sem1
EV000327,RA2411003010035,RA2411003010044,Academic,3,2026-Sem1
EV000328,RA2411003010035,RA2411003010045,Project,3,2026-Sem1
EV000329,RA2411003010036,RA2411003010037,Social,2,2026-Sem2
EV000330,RA2411003010036,RA2411003010038,Event,2,2026-Sem2
EV000331,RA2411003010036,RA2411003010039,Event,1,2026-Sem1
EV000332,RA2411003010036,RA2411003010040,Project,2,2026-Sem1
EV000333,RA2411003010036,RA2411003010040,Project,4,2026-Sem1
EV000334,RA2411003010036,RA2411003010041,Event,2,2026-Sem1
EV000335,RA2411003010036,RA2411003010043,Academic,2,2026-Sem1
EV000336,RA2411003010036,RA2411003010044,Event,3,2026-Sem1
EV000337,RA2411003010036,RA2411003010044,Event,3,2026-Sem1
EV000338,RA2411003010036,RA2411003010045,Event,2,2026-Sem2
EV000339,RA2411003010036,RA2411003010046,Event,3,2026-Sem1
EV000340,RA2411003010037,RA2411003010038,Project,2,2026-Sem1
EV000341,RA2411003010037,RA2411003010038,Project,2,2026-Sem1
EV000342,RA2411003010037,RA2411003010038,Project,3,2026-Sem2
EV000343,RA2411003010037,RA2411003010038,Project,2,2026-Sem1
EV000344,RA2411003010037,RA2411003010038,Project,3,2026-Sem1
EV000345,RA2411003010037,RA2411003010039,Event,2,2026-Sem1
EV000346,RA2411003010037,RA2411003010041,Event,1,2026-Sem1
EV000347,RA2411003010037,RA2411003010041,Event,4,2026-Sem1
EV000348,RA2411003010037,RA2411003010043,Project,3,2026-Sem2
EV000349,RA2411003010037,RA2411003010044,Social,3,2026-Sem1
EV000350,RA2411003010037,RA2411003010044,Social,3,2026-Sem1
EV000351,RA2411003010037,RA2411003010046,Event,1,2026-Sem1
EV000352,RA2411003010038,RA2411003010039,Project,1,2026-Sem1
EV000353,RA2411003010038,RA2411003010041,Event,4,2026-Sem1
EV000354,RA2411003010038,RA2411003010045,Social,4,2026-Sem1
EV000355,RA2411003010039,RA2411003010040,Academic,4,2026-Sem2
EV000356,RA2411003010039,RA2411003010041,Social,2,2026-Sem2
EV000357,RA2411003010039,RA2411003010041,Social,1,2026-Sem1
EV000358,RA2411003010039,RA2411003010041,Social,2,2026-Sem1
EV000359,RA2411003010039,RA2411003010041,Social,3,2026-Sem2
EV000360,RA2411003010039,RA2411003010041,Social,4,2026-Sem2
EV000361,RA2411003010039,RA2411003010041,Social,2,2026-Sem2
EV000362,RA2411003010039,RA2411003010043,Academic,2,2026-Sem1
EV000363,RA2411003010039,RA2411003010043,Academic,3,2026-Sem2
EV000364,RA2411003010039,RA2411003010045,Project,2,2026-Sem2
EV000365,RA2411003010039,RA2411003010045,Project,3,2026-Sem2
EV000366,RA2411003010040,RA2411003010041,Academic,2,2026-Sem2
EV000367,RA2411003010040,RA2411003010042,Project,2,2026-Sem2
EV000368,RA2411003010040,RA2411003010043,Project,1,2026-Sem2
EV000369,RA2411003010040,RA2411003010044,Event,4,2026-Sem1
EV000370,RA2411003010040,RA2411003010045,Project,2,2026-Sem1
EV000371,RA2411003010041,RA2411003010042,Academic,3,2026-Sem2
EV000372,RA2411003010041,RA2411003010042,Academic,4,2026-Sem2
EV000373,RA2411003010041,RA2411003010043,Social,4,2026-Sem1
EV000374,RA2411003010041,RA2411003010044,Event,3,2026-Sem1
EV000375,RA2411003010041,RA2411003010044,Event,1,2026-Sem2
EV000376,RA2411003010041,RA2411003010044,Event,4,2026-Sem1
EV000377,RA2411003010041,RA2411003010046,Event,4,2026-Sem2
EV000378,RA2411003010041,RA2411003010046,Event,1,2026-Sem2
EV000379,RA2411003010042,RA2411003010043,Social,1,2026-Sem1
EV000380,RA2411003010042,RA2411003010044,Event,1,2026-Sem2
EV000381,RA2411003010042,RA2411003010045,Social,4,2026-Sem2
EV000382,RA2411003010043,RA2411003010044,Event,2,2026-Sem1
EV000383,RA2411003010043,RA2411003010045,Academic,4,2026-Sem1
EV000384,RA2411003010043,RA2411003010045,Academic,3,2026-Sem2
EV000385,RA2511003010047,RA2511003010048,Social,1,2026-Sem2
EV000386,RA2511003010047,RA2511003010049,Social,4,2026-Sem1
EV000387,RA2511003010047,RA2511003010056,Event,1,2026-Sem2
EV000388,RA2511003010047,RA2511003010057,Project,1,2026-Sem1
EV000389,RA2511003010047,RA2511003010058,Event,1,2026-Sem2
EV000390,RA2511003010047,RA2511003010059,Social,3,2026-Sem2
EV000391,RA2511003010047,RA2511003010062,Event,3,2026-Sem2
EV000392,RA2511003010047,RA2511003010062,Event,1,2026-Sem2
EV000393,RA2511003010047,RA2511003010062,Event,4,2026-Sem2
EV000394,RA2511003010047,RA2511003010062,Event,1,2026-Sem1
EV000395,RA2511003010047,RA2511003010063,Social,3,2026-Sem1
EV000396,RA2511003010047,RA2511003010063,Social,3,2026-Sem1
EV000397,RA2511003010047,RA2511003010064,Academic,1,2026-Sem2
EV000398,RA2511003010048,RA2511003010050,Event,1,2026-Sem2
EV000399,RA2511003010048,RA2511003010051,Event,2,2026-Sem2
EV000400,RA2511003010048,RA2511003010053,Event,1,2026-Sem2
EV000401,RA2511003010048,RA2511003010053,Event,4,2026-Sem2
EV000402,RA2511003010048,RA2511003010053,Event,1,2026-Sem1
EV000403,RA2511003010048,RA2511003010055,Project,3,2026-Sem1
EV000404,RA2511003010048,RA2511003010056,Social,4,2026-Sem2
EV000405,RA2511003010048,RA2511003010056,Social,3,2026-Sem1
EV000406,RA2511003010048,RA2511003010057,Academic,4,2026-Sem2
EV000407,RA2511003010048,RA2511003010058,Social,4,2026-Sem2
EV000408,RA2511003010048,RA2511003010059,Academic,3,2026-Sem2
EV000409,RA2511003010048,RA2511003010059,Academic,4,2026-Sem2
EV000410,RA2511003010048,RA2511003010059,Academic,1,2026-Sem1
EV000411,RA2511003010048,RA2511003010060,Event,1,2026-Sem2
EV000412,RA2511003010048,RA2511003010061,Project,2,2026-Sem1
EV000413,RA2511003010048,RA2511003010062,Event,4,2026-Sem2
EV000414,RA2511003010048,RA2511003010067,Social,1,2026-Sem1
EV000415,RA2511003010048,RA2511003010068,Event,3,2026-Sem2
EV000416,RA2511003010048,RA2511003010069,Social,1,2026-Sem1
EV000417,RA2511003010049,RA2511003010051,Social,1,2026-Sem1
EV000418,RA2511003010049,RA2511003010052,Academic,3,2026-Sem1
EV000419,RA2511003010049,RA2511003010052,Academic,4,2026-Sem2
EV000420,RA2511003010049,RA2511003010052,Academic,1,2026-Sem1
EV000421,RA2511003010049,RA2511003010054,Project,4,2026-Sem2
EV000422,RA2511003010049,RA2511003010055,Academic,1,2026-Sem1
EV000423,RA2511003010049,RA2511003010056,Project,3,2026-Sem2
EV000424,RA2511003010049,RA2511003010056,Project,2,2026-Sem1
EV000425,RA2511003010049,RA2511003010057,Project,4,2026-Sem1
EV000426,RA2511003010049,RA2511003010059,Project,4,2026-Sem2
EV000427,RA2511003010049,RA2511003010059,Project,1,2026-Sem1
EV000428,RA2511003010049,RA2511003010060,Social,2,2026-Sem2
EV000429,RA2511003010049,RA2511003010060,Social,4,2026-Sem2
EV000430,RA2511003010049,RA2511003010061,Project,3,2026-Sem1
EV000431,RA2511003010049,RA2511003010063,Academic,1,2026-Sem2
EV000432,RA2511003010049,RA2511003010064,Project,4,2026-Sem2
EV000433,RA2511003010049,RA2511003010065,Social,1,2026-Sem2
EV000434,RA2511003010049,RA2511003010067,Academic,3,2026-Sem2
EV000435,RA2511003010049,RA2511003010069,Academic,3,2026-Sem1
EV000436,RA2511003010050,RA2511003010051,Academic,1,2026-Sem2
EV000437,RA2511003010050,RA2511003010051,Academic,4,2026-Sem1
EV000438,RA2511003010050,RA2511003010054,Academic,1,2026-Sem2
EV000439,RA2511003010050,RA2511003010055,Event,3,2026-Sem1
EV000440,RA2511003010050,RA2511003010056,Event,1,2026-Sem2
EV000441,RA2511003010050,RA2511003010057,Project,1,2026-Sem2
EV000442,RA2511003010050,RA2511003010058,Social,2,2026-Sem1
EV000443,RA2511003010050,RA2511003010059,Social,3,2026-Sem1
EV000444,RA2511003010050,RA2511003010060,Academic,4,2026-Sem1
EV000445,RA2511003010050,RA2511003010060,Academic,2,2026-Sem2
EV000446,RA2511003010050,RA2511003010061,Project,3,2026-Sem1
EV000447,RA2511003010050,RA2511003010063,Event,2,2026-Sem1
EV000448,RA2511003010050,RA2511003010065,Social,4,2026-Sem1
EV000449,RA2511003010050,RA2511003010066,Project,4,2026-Sem2
EV000450,RA2511003010050,RA2511003010067,Academic,2,2026-Sem2
EV000451,RA2511003010050,RA2511003010067,Academic,4,2026-Sem1
EV000452,RA2511003010050,RA2511003010068,Academic,1,2026-Sem1
EV000453,RA2511003010050,RA2511003010068,Academic,4,2026-Sem1
EV000454,RA2511003010050,RA2511003010069,Project,3,2026-Sem2
EV000455,RA2511003010051,RA2511003010052,Social,4,2026-Sem1
EV000456,RA2511003010051,RA2511003010053,Event,4,2026-Sem1
EV000457,RA2511003010051,RA2511003010053,Event,2,2026-Sem2
EV000458,RA2511003010051,RA2511003010056,Social,1,2026-Sem1
EV000459,RA2511003010051,RA2511003010057,Project,4,2026-Sem2
EV000460,RA2511003010051,RA2511003010058,Academic,2,2026-Sem1
EV000461,RA2511003010051,RA2511003010059,Academic,1,2026-Sem1
EV000462,RA2511003010051,RA2511003010059,Academic,4,2026-Sem2
EV000463,RA2511003010051,RA2511003010060,Event,4,2026-Sem2
EV000464,RA2511003010051,RA2511003010060,Event,2,2026-Sem1
EV000465,RA2511003010051,RA2511003010063,Academic,4,2026-Sem1
EV000466,RA2511003010051,RA2511003010066,Social,4,2026-Sem2
EV000467,RA2511003010051,RA2511003010066,Social,1,2026-Sem1
EV000468,RA2511003010051,RA2511003010067,Social,2,2026-Sem1
EV000469,RA2511003010051,RA2511003010068,Project,3,2026-Sem1
EV000470,RA2511003010051,RA2511003010069,Project,1,2026-Sem2
EV000471,RA2511003010051,RA2511003010069,Project,4,2026-Sem2
EV000472,RA2511003010052,RA2511003010054,Project,2,2026-Sem1
EV000473,RA2511003010052,RA2511003010055,Project,2,2026-Sem2
EV000474,RA2511003010052,RA2511003010058,Academic,4,2026-Sem2
EV000475,RA2511003010052,RA2511003010058,Academic,3,2026-Sem1
EV000476,RA2511003010052,RA2511003010059,Academic,4,2026-Sem2
EV000477,RA2511003010052,RA2511003010060,Event,3,2026-Sem2
EV000478,RA2511003010052,RA2511003010061,Social,1,2026-Sem1
EV000479,RA2511003010052,RA2511003010062,Social,3,2026-Sem1
EV000480,RA2511003010052,RA2511003010063,Event,3,2026-Sem2
EV000481,RA2511003010052,RA2511003010064,Project,2,2026-Sem2
EV000482,RA2511003010052,RA2511003010065,Academic,1,2026-Sem2
EV000483,RA2511003010052,RA2511003010069,Academic,1,2026-Sem2
EV000484,RA2511003010053,RA2511003010055,Event,3,2026-Sem1
EV000485,RA2511003010053,RA2511003010056,Social,1,2026-Sem1
EV000486,RA2511003010053,RA2511003010058,Academic,3,2026-Sem1
EV000487,RA2511003010053,RA2511003010059,Social,4,2026-Sem2
EV000488,RA2511003010053,RA2511003010060,Event,2,2026-Sem1
EV000489,RA2511003010053,RA2511003010061,Social,1,2026-Sem2
EV000490,RA2511003010053,RA2511003010063,Social,1,2026-Sem1
EV000491,RA2511003010053,RA2511003010065,Event,3,2026-Sem1
EV000492,RA2511003010053,RA2511003010066,Social,4,2026-Sem2
EV000493,RA2511003010053,RA2511003010066,Social,1,2026-Sem1
EV000494,RA2511003010053,RA2511003010067,Project,1,2026-Sem1
EV000495,RA2511003010053,RA2511003010069,Project,2,2026-Sem2
EV000496,RA2511003010053,RA2511003010069,Project,4,2026-Sem2
EV000497,RA2511003010053,RA2511003010069,Project,1,2026-Sem2
EV000498,RA2511003010054,RA2511003010055,Project,2,2026-Sem1
EV000499,RA2511003010054,RA2511003010056,Project,1,2026-Sem2
EV000500,RA2511003010054,RA2511003010057,Academic,1,2026-Sem2
EV000501,RA2511003010054,RA2511003010059,Event,4,2026-Sem1
EV000502,RA2511003010054,RA2511003010063,Social,1,2026-Sem2
EV000503,RA2511003010054,RA2511003010064,Event,4,2026-Sem1
EV000504,RA2511003010054,RA2511003010066,Social,3,2026-Sem1
EV000505,RA2511003010054,RA2511003010067,Event,1,2026-Sem2
EV000506,RA2511003010054,RA2511003010068,Social,1,2026-Sem1
EV000507,RA2511003010055,RA2511003010057,Event,3,2026-Sem1
EV000508,RA2511003010055,RA2511003010058,Academic,3,2026-Sem1
EV000509,RA2511003010055,RA2511003010061,Event,3,2026-Sem1
EV000510,RA2511003010055,RA2511003010063,Social,4,2026-Sem1
EV000511,RA2511003010055,RA2511003010063,Social,2,2026-Sem2
EV000512,RA2511003010055,RA2511003010063,Social,1,2026-Sem1
EV000513,RA2511003010055,RA2511003010063,Social,4,2026-Sem1
EV000514,RA2511003010055,RA2511003010063,Social,1,2026-Sem2
EV000515,RA2511003010055,RA2511003010064,Project,1,2026-Sem1
EV000516,RA2511003010055,RA2511003010067,Project,2,2026-Sem1
EV000517,RA2511003010055,RA2511003010069,Social,4,2026-Sem1
EV000518,RA2511003010056,RA2511003010057,Social,1,2026-Sem1
EV000519,RA2511003010056,RA2511003010058,Event,2,2026-Sem1
EV000520,RA2511003010056,RA2511003010063,Project,3,2026-Sem2
EV000521,RA2511003010056,RA2511003010063,Project,4,2026-Sem1
EV000522,RA2511003010056,RA2511003010064,Event,1,2026-Sem2
EV000523,RA2511003010056,RA2511003010066,Event,4,2026-Sem2
EV000524,RA2511003010056,RA2511003010067,Project,4,2026-Sem2
EV000525,RA2511003010057,RA2511003010059,Event,3,2026-Sem1
EV000526,RA2511003010057,RA2511003010060,Social,1,2026-Sem2
EV000527,RA2511003010057,RA2511003010061,Event,1,2026-Sem1
EV000528,RA2511003010057,RA2511003010063,Social,3,2026-Sem1
EV000529,RA2511003010057,RA2511003010063,Social,3,2026-Sem2
EV000530,RA2511003010057,RA2511003010064,Academic,4,2026-Sem1
EV000531,RA2511003010057,RA2511003010066,Event,1,2026-Sem1
EV000532,RA2511003010057,RA2511003010067,Project,1,2026-Sem2
EV000533,RA2511003010057,RA2511003010067,Project,4,2026-Sem2
EV000534,RA2511003010057,RA2511003010068,Social,4,2026-Sem1
EV000535,RA2511003010057,RA2511003010069,Event,4,2026-Sem1
EV000536,RA2511003010058,RA2511003010061,Project,2,2026-Sem1
EV000537,RA2511003010058,RA2511003010063,Project,2,2026-Sem2
EV000538,RA2511003010058,RA2511003010066,Social,1,2026-Sem1
EV000539,RA2511003010058,RA2511003010066,Social,4,2026-Sem2
EV000540,RA2511003010058,RA2511003010067,Event,1,2026-Sem2
EV000541,RA2511003010058,RA2511003010067,Event,1,2026-Sem1
EV000542,RA2511003010058,RA2511003010067,Event,1,2026-Sem2
EV000543,RA2511003010058,RA2511003010067,Event,2,2026-Sem1
EV000544,RA2511003010058,RA2511003010067,Event,4,2026-Sem1
EV000545,RA2511003010059,RA2511003010060,Social,1,2026-Sem2
EV000546,RA2511003010059,RA2511003010061,Social,3,2026-Sem2
EV000547,RA2511003010059,RA2511003010062,Academic,2,2026-Sem1
EV000548,RA2511003010059,RA2511003010064,Project,4,2026-Sem1
EV000549,RA2511003010059,RA2511003010064,Project,2,2026-Sem1
EV000550,RA2511003010059,RA2511003010065,Project,1,2026-Sem1
EV000551,RA2511003010059,RA2511003010065,Project,3,2026-Sem1
EV000552,RA2511003010059,RA2511003010065,Project,2,2026-Sem1
EV000553,RA2511003010059,RA2511003010068,Event,3,2026-Sem1
EV000554,RA2511003010059,RA2511003010069,Academic,2,2026-Sem2
EV000555,RA2511003010060,RA2511003010061,Academic,3,2026-Sem2
EV000556,RA2511003010060,RA2511003010061,Academic,3,2026-Sem2
EV000557,RA2511003010060,RA2511003010064,Social,2,2026-Sem1
EV000558,RA2511003010060,RA2511003010064,Social,2,2026-Sem2
EV000559,RA2511003010060,RA2511003010064,Social,3,2026-Sem1
EV000560,RA2511003010060,RA2511003010065,Project,1,2026-Sem2
EV000561,RA2511003010060,RA2511003010065,Project,4,2026-Sem1
EV000562,RA2511003010060,RA2511003010066,Academic,4,2026-Sem1
EV000563,RA2511003010060,RA2511003010066,Academic,3,2026-Sem2
EV000564,RA2511003010060,RA2511003010067,Project,1,2026-Sem1
EV000565,RA2511003010060,RA2511003010067,Project,4,2026-Sem1
EV000566,RA2511003010060,RA2511003010067,Project,1,2026-Sem1
EV000567,RA2511003010060,RA2511003010068,Event,1,2026-Sem2
EV000568,RA2511003010060,RA2511003010069,Social,1,2026-Sem2
EV000569,RA2511003010061,RA2511003010062,Event,1,2026-Sem1
EV000570,RA2511003010061,RA2511003010064,Academic,4,2026-Sem1
EV000571,RA2511003010061,RA2511003010065,Project,2,2026-Sem2
EV000572,RA2511003010061,RA2511003010066,Social,2,2026-Sem1
EV000573,RA2511003010061,RA2511003010067,Academic,3,2026-Sem1
EV000574,RA2511003010061,RA2511003010068,Academic,2,2026-Sem1
EV000575,RA2511003010061,RA2511003010069,Event,1,2026-Sem2
EV000576,RA2511003010061,RA2511003010069,Event,1,2026-Sem1
EV000577,RA2511003010061,RA2511003010069,Event,3,2026-Sem2
EV000578,RA2511003010061,RA2511003010069,Event,1,2026-Sem1
EV000579,RA2511003010061,RA2511003010069,Event,1,2026-Sem2
EV000580,RA2511003010061,RA2511003010069,Event,1,2026-Sem1
EV000581,RA2511003010061,RA2511003010069,Event,4,2026-Sem1
EV000582,RA2511003010062,RA2511003010063,Academic,2,2026-Sem2
EV000583,RA2511003010062,RA2511003010064,Project,3,2026-Sem2
EV000584,RA2511003010062,RA2511003010064,Project,2,2026-Sem1
EV000585,RA2511003010062,RA2511003010068,Academic,2,2026-Sem2
EV000586,RA2511003010062,RA2511003010069,Project,1,2026-Sem1
EV000587,RA2511003010062,RA2511003010069,Project,4,2026-Sem2
EV000588,RA2511003010062,RA2511003010069,Project,1,2026-Sem2
EV000589,RA2511003010063,RA2511003010066,Project,4,2026-Sem2
EV000590,RA2511003010063,RA2511003010066,Project,2,2026-Sem2
EV000591,RA2511003010063,RA2511003010067,Event,1,2026-Sem2
EV000592,RA2511003010063,RA2511003010068,Project,2,2026-Sem1
EV000593,RA2511003010063,RA2511003010068,Project,2,2026-Sem1
EV000594,RA2511003010063,RA2511003010068,Project,3,2026-Sem1
EV000595,RA2511003010063,RA2511003010069,Social,3,2026-Sem2
EV000596,RA2511003010064,RA2511003010066,Social,1,2026-Sem2
EV000597,RA2511003010064,RA2511003010068,Academic,1,2026-Sem2
EV000598,RA2511003010064,RA2511003010068,Academic,1,2026-Sem2
EV000599,RA2511003010064,RA2511003010068,Academic,4,2026-Sem1
EV000600,RA2511003010064,RA2511003010069,Academic,2,2026-Sem1
EV000601,RA2511003010064,RA2511003010069,Academic,4,2026-Sem1
EV000602,RA2511003010065,RA2511003010066,Event,3,2026-Sem2
EV000603,RA2511003010065,RA2511003010066,Event,2,2026-Sem1
EV000604,RA2511003010065,RA2511003010068,Project,3,2026-Sem1
EV000605,RA2511003010065,RA2511003010069,Social,2,2026-Sem1
EV000606,RA2511003010065,RA2511003010069,Social,4,2026-Sem2
EV000607,RA2511003010066,RA2511003010068,Project,3,2026-Sem1
EV000608,RA2511003010066,RA2511003010069,Academic,2,2026-Sem2
EV000609,RA2511003010067,RA2511003010068,Event,4,2026-Sem1
EV000610,RA2511003010067,RA2511003010069,Event,2,2026-Sem2
EV000611,RA2511003010068,RA2511003010069,Social,4,2026-Sem2
EV000612,RA2611003010070,RA2611003010071,Academic,1,2026-Sem1
EV000613,RA2611003010070,RA2611003010073,Project,4,2026-Sem1
EV000614,RA2611003010070,RA2611003010073,Project,4,2026-Sem2
EV000615,RA2611003010070,RA2611003010073,Project,1,2026-Sem2
EV000616,RA2611003010070,RA2611003010074,Event,1,2026-Sem2
EV000617,RA2611003010070,RA2611003010075,Social,2,2026-Sem1
EV000618,RA2611003010070,RA2611003010077,Project,4,2026-Sem2
EV000619,RA2611003010070,RA2611003010079,Academic,4,2026-Sem1
EV000620,RA2611003010070,RA2611003010080,Event,2,2026-Sem2
EV000621,RA2611003010070,RA2611003010081,Academic,1,2026-Sem2
EV000622,RA2611003010070,RA2611003010082,Event,1,2026-Sem1
EV000623,RA2611003010070,RA2611003010082,Event,2,2026-Sem2
EV000624,RA2611003010070,RA2611003010082,Event,4,2026-Sem2
EV000625,RA2611003010070,RA2611003010083,Social,4,2026-Sem1
EV000626,RA2611003010070,RA2611003010083,Social,1,2026-Sem2
EV000627,RA2611003010070,RA2611003010084,Social,3,2026-Sem2
EV000628,RA2611003010070,RA2611003010084,Social,2,2026-Sem2
EV000629,RA2611003010070,RA2611003010086,Project,4,2026-Sem2
EV000630,RA2611003010070,RA2611003010086,Project,2,2026-Sem1
EV000631,RA2611003010070,RA2611003010087,Event,1,2026-Sem1
EV000632,RA2611003010070,RA2611003010087,Event,3,2026-Sem1
EV000633,RA2611003010070,RA2611003010087,Event,3,2026-Sem2
EV000634,RA2611003010070,RA2611003010087,Event,4,2026-Sem2
EV000635,RA2611003010070,RA2611003010087,Event,3,2026-Sem2
EV000636,RA2611003010071,RA2611003010072,Social,2,2026-Sem2
EV000637,RA2611003010071,RA2611003010072,Social,3,2026-Sem2
EV000638,RA2611003010071,RA2611003010072,Social,2,2026-Sem1
EV000639,RA2611003010071,RA2611003010078,Academic,2,2026-Sem2
EV000640,RA2611003010071,RA2611003010078,Academic,1,2026-Sem2
EV000641,RA2611003010071,RA2611003010078,Academic,2,2026-Sem2
EV000642,RA2611003010071,RA2611003010078,Academic,4,2026-Sem1
EV000643,RA2611003010071,RA2611003010078,Academic,3,2026-Sem2
EV000644,RA2611003010071,RA2611003010080,Event,1,2026-Sem2
EV000645,RA2611003010071,RA2611003010081,Social,3,2026-Sem2
EV000646,RA2611003010071,RA2611003010083,Academic,1,2026-Sem1
EV000647,RA2611003010071,RA2611003010084,Event,3,2026-Sem2
EV000648,RA2611003010071,RA2611003010087,Social,4,2026-Sem2
EV000649,RA2611003010071,RA2611003010088,Social,1,2026-Sem1
EV000650,RA2611003010071,RA2611003010091,Project,4,2026-Sem1
EV000651,RA2611003010071,RA2611003010091,Project,1,2026-Sem1
EV000652,RA2611003010071,RA2611003010092,Academic,1,2026-Sem2
EV000653,RA2611003010071,RA2611003010092,Academic,3,2026-Sem1
EV000654,RA2611003010071,RA2611003010092,Academic,2,2026-Sem1
EV000655,RA2611003010071,RA2611003010093,Social,1,2026-Sem1
EV000656,RA2611003010072,RA2611003010073,Project,2,2026-Sem2
EV000657,RA2611003010072,RA2611003010077,Social,1,2026-Sem2
EV000658,RA2611003010072,RA2611003010078,Academic,3,2026-Sem1
EV000659,RA2611003010072,RA2611003010079,Project,1,2026-Sem2
EV000660,RA2611003010072,RA2611003010082,Academic,1,2026-Sem2
EV000661,RA2611003010072,RA2611003010082,Academic,1,2026-Sem1
EV000662,RA2611003010072,RA2611003010082,Academic,4,2026-Sem1
EV000663,RA2611003010072,RA2611003010083,Academic,4,2026-Sem2
EV000664,RA2611003010072,RA2611003010083,Academic,4,2026-Sem1
EV000665,RA2611003010072,RA2611003010085,Project,3,2026-Sem1
EV000666,RA2611003010072,RA2611003010085,Project,2,2026-Sem2
EV000667,RA2611003010072,RA2611003010086,Academic,3,2026-Sem1
EV000668,RA2611003010072,RA2611003010088,Social,3,2026-Sem1
EV000669,RA2611003010072,RA2611003010092,Academic,4,2026-Sem1
EV000670,RA2611003010072,RA2611003010093,Event,3,2026-Sem2
EV000671,RA2611003010073,RA2611003010074,Project,2,2026-Sem2
EV000672,RA2611003010073,RA2611003010079,Social,3,2026-Sem1
EV000673,RA2611003010073,RA2611003010080,Project,3,2026-Sem1
EV000674,RA2611003010073,RA2611003010081,Project,1,2026-Sem1
EV000675,RA2611003010073,RA2611003010082,Event,1,2026-Sem2
EV000676,RA2611003010073,RA2611003010082,Event,2,2026-Sem1
EV000677,RA2611003010073,RA2611003010082,Event,3,2026-Sem1
EV000678,RA2611003010073,RA2611003010083,Project,2,2026-Sem1
EV000679,RA2611003010073,RA2611003010083,Project,4,2026-Sem1
EV000680,RA2611003010073,RA2611003010086,Project,3,2026-Sem1
EV000681,RA2611003010073,RA2611003010087,Event,2,2026-Sem2
EV000682,RA2611003010073,RA2611003010087,Event,1,2026-Sem2
EV000683,RA2611003010073,RA2611003010087,Event,4,2026-Sem2
EV000684,RA2611003010073,RA2611003010088,Academic,3,2026-Sem1
EV000685,RA2611003010073,RA2611003010088,Academic,2,2026-Sem2
EV000686,RA2611003010073,RA2611003010088,Academic,3,2026-Sem2
EV000687,RA2611003010073,RA2611003010089,Project,1,2026-Sem1
EV000688,RA2611003010073,RA2611003010091,Academic,2,2026-Sem1
EV000689,RA2611003010073,RA2611003010092,Event,2,2026-Sem2
EV000690,RA2611003010073,RA2611003010093,Academic,3,2026-Sem1
EV000691,RA2611003010074,RA2611003010078,Event,1,2026-Sem1
EV000692,RA2611003010074,RA2611003010079,Social,3,2026-Sem2
EV000693,RA2611003010074,RA2611003010080,Event,4,2026-Sem1
EV000694,RA2611003010074,RA2611003010080,Event,1,2026-Sem1
EV000695,RA2611003010074,RA2611003010081,Academic,1,2026-Sem2
EV000696,RA2611003010074,RA2611003010082,Social,1,2026-Sem1
EV000697,RA2611003010074,RA2611003010082,Social,2,2026-Sem2
EV000698,RA2611003010074,RA2611003010082,Social,3,2026-Sem1
EV000699,RA2611003010074,RA2611003010083,Social,3,2026-Sem1
EV000700,RA2611003010074,RA2611003010083,Social,2,2026-Sem2
EV000701,RA2611003010074,RA2611003010084,Event,3,2026-Sem2
EV000702,RA2611003010074,RA2611003010085,Project,2,2026-Sem1
EV000703,RA2611003010074,RA2611003010085,Project,3,2026-Sem1
EV000704,RA2611003010074,RA2611003010087,Project,4,2026-Sem1
EV000705,RA2611003010074,RA2611003010088,Social,4,2026-Sem2
EV000706,RA2611003010074,RA2611003010088,Social,4,2026-Sem1
EV000707,RA2611003010074,RA2611003010089,Event,3,2026-Sem2
EV000708,RA2611003010074,RA2611003010089,Event,1,2026-Sem2
EV000709,RA2611003010074,RA2611003010089,Event,2,2026-Sem1
EV000710,RA2611003010074,RA2611003010089,Event,2,2026-Sem1
EV000711,RA2611003010074,RA2611003010089,Event,1,2026-Sem1
EV000712,RA2611003010074,RA2611003010089,Event,3,2026-Sem1
EV000713,RA2611003010074,RA2611003010089,Event,2,2026-Sem2
EV000714,RA2611003010074,RA2611003010092,Social,3,2026-Sem2
EV000715,RA2611003010074,RA2611003010093,Event,2,2026-Sem2
EV000716,RA2611003010074,RA2611003010093,Event,3,2026-Sem1
EV000717,RA2611003010075,RA2611003010076,Academic,2,2026-Sem2
EV000718,RA2611003010075,RA2611003010079,Academic,4,2026-Sem1
EV000719,RA2611003010075,RA2611003010080,Project,1,2026-Sem2
EV000720,RA2611003010075,RA2611003010080,Project,4,2026-Sem2
EV000721,RA2611003010075,RA2611003010081,Project,3,2026-Sem2
EV000722,RA2611003010075,RA2611003010084,Project,1,2026-Sem2
EV000723,RA2611003010075,RA2611003010086,Academic,3,2026-Sem2
EV000724,RA2611003010075,RA2611003010087,Event,3,2026-Sem1
EV000725,RA2611003010075,RA2611003010087,Event,2,2026-Sem1
EV000726,RA2611003010075,RA2611003010088,Event,2,2026-Sem1
EV000727,RA2611003010075,RA2611003010088,Event,2,2026-Sem1
EV000728,RA2611003010075,RA2611003010088,Event,3,2026-Sem2
EV000729,RA2611003010075,RA2611003010091,Project,3,2026-Sem1
EV000730,RA2611003010075,RA2611003010092,Event,3,2026-Sem2
EV000731,RA2611003010075,RA2611003010093,Project,3,2026-Sem2
EV000732,RA2611003010076,RA2611003010077,Social,4,2026-Sem1
EV000733,RA2611003010076,RA2611003010081,Event,1,2026-Sem1
EV000734,RA2611003010076,RA2611003010082,Social,2,2026-Sem2
EV000735,RA2611003010076,RA2611003010084,Social,1,2026-Sem1
EV000736,RA2611003010076,RA2611003010084,Social,4,2026-Sem1
EV000737,RA2611003010076,RA2611003010086,Event,2,2026-Sem1
EV000738,RA2611003010076,RA2611003010089,Academic,4,2026-Sem2
EV000739,RA2611003010076,RA2611003010091,Event,3,2026-Sem1
EV000740,RA2611003010076,RA2611003010091,Event,3,2026-Sem2
EV000741,RA2611003010077,RA2611003010078,Social,1,2026-Sem2
EV000742,RA2611003010077,RA2611003010078,Social,3,2026-Sem2
EV000743,RA2611003010077,RA2611003010078,Social,3,2026-Sem2
EV000744,RA2611003010077,RA2611003010078,Social,2,2026-Sem2
EV000745,RA2611003010077,RA2611003010079,Event,4,2026-Sem2
EV000746,RA2611003010077,RA2611003010081,Social,1,2026-Sem2
EV000747,RA2611003010077,RA2611003010081,Social,2,2026-Sem1
EV000748,RA2611003010077,RA2611003010081,Social,4,2026-Sem2
EV000749,RA2611003010077,RA2611003010081,Social,1,2026-Sem1
EV000750,RA2611003010077,RA2611003010083,Project,2,2026-Sem2
EV000751,RA2611003010077,RA2611003010085,Project,1,2026-Sem2
EV000752,RA2611003010077,RA2611003010086,Event,1,2026-Sem1
EV000753,RA2611003010077,RA2611003010088,Project,2,2026-Sem2
EV000754,RA2611003010077,RA2611003010092,Project,1,2026-Sem2
EV000755,RA2611003010077,RA2611003010092,Project,4,2026-Sem1
EV000756,RA2611003010077,RA2611003010093,Social,4,2026-Sem1
EV000757,RA2611003010078,RA2611003010080,Project,3,2026-Sem2
EV000758,RA2611003010078,RA2611003010084,Project,3,2026-Sem2
EV000759,RA2611003010078,RA2611003010084,Project,4,2026-Sem1
EV000760,RA2611003010078,RA2611003010084,Project,1,2026-Sem1
EV000761,RA2611003010078,RA2611003010085,Event,4,2026-Sem2
EV000762,RA2611003010078,RA2611003010085,Event,1,2026-Sem2
EV000763,RA2611003010078,RA2611003010086,Social,4,2026-Sem1
EV000764,RA2611003010078,RA2611003010086,Social,3,2026-Sem1
EV000765,RA2611003010078,RA2611003010087,Academic,4,2026-Sem2
EV000766,RA2611003010078,RA2611003010087,Academic,4,2026-Sem1
EV000767,RA2611003010078,RA2611003010088,Event,4,2026-Sem2
EV000768,RA2611003010078,RA2611003010088,Event,1,2026-Sem1
EV000769,RA2611003010078,RA2611003010088,Event,4,2026-Sem1
EV000770,RA2611003010078,RA2611003010088,Event,3,2026-Sem2
EV000771,RA2611003010078,RA2611003010089,Event,1,2026-Sem1
EV000772,RA2611003010078,RA2611003010089,Event,3,2026-Sem1
EV000773,RA2611003010078,RA2611003010089,Event,3,2026-Sem1
EV000774,RA2611003010078,RA2611003010091,Event,2,2026-Sem2
EV000775,RA2611003010078,RA2611003010093,Event,4,2026-Sem1
EV000776,RA2611003010079,RA2611003010081,Social,4,2026-Sem2
EV000777,RA2611003010079,RA2611003010081,Social,2,2026-Sem1
EV000778,RA2611003010079,RA2611003010082,Project,1,2026-Sem2
EV000779,RA2611003010079,RA2611003010086,Academic,2,2026-Sem2
EV000780,RA2611003010079,RA2611003010087,Project,3,2026-Sem2
EV000781,RA2611003010079,RA2611003010089,Event,2,2026-Sem2
EV000782,RA2611003010079,RA2611003010093,Academic,2,2026-Sem2
EV000783,RA2611003010080,RA2611003010081,Project,1,2026-Sem2
EV000784,RA2611003010080,RA2611003010082,Social,1,2026-Sem1
EV000785,RA2611003010080,RA2611003010091,Project,1,2026-Sem2
EV000786,RA2611003010080,RA2611003010092,Project,3,2026-Sem1
EV000787,RA2611003010081,RA2611003010082,Event,3,2026-Sem1
EV000788,RA2611003010081,RA2611003010082,Event,2,2026-Sem1
EV000789,RA2611003010081,RA2611003010087,Academic,3,2026-Sem1
EV000790,RA2611003010081,RA2611003010088,Social,1,2026-Sem2
EV000791,RA2611003010081,RA2611003010089,Academic,2,2026-Sem1
EV000792,RA2611003010081,RA2611003010089,Academic,4,2026-Sem2
EV000793,RA2611003010081,RA2611003010092,Project,1,2026-Sem1
EV000794,RA2611003010082,RA2611003010083,Project,1,2026-Sem2
EV000795,RA2611003010082,RA2611003010083,Project,4,2026-Sem1
EV000796,RA2611003010082,RA2611003010084,Event,4,2026-Sem1
EV000797,RA2611003010082,RA2611003010084,Event,2,2026-Sem2
EV000798,RA2611003010082,RA2611003010085,Event,3,2026-Sem1
EV000799,RA2611003010082,RA2611003010086,Event,4,2026-Sem2
EV000800,RA2611003010082,RA2611003010087,Academic,2,2026-Sem2
EV000801,RA2611003010082,RA2611003010091,Academic,3,2026-Sem1
EV000802,RA2611003010082,RA2611003010093,Academic,4,2026-Sem1
EV000803,RA2611003010082,RA2611003010093,Academic,4,2026-Sem2
EV000804,RA2611003010083,RA2611003010084,Event,1,2026-Sem2
EV000805,RA2611003010083,RA2611003010085,Project,3,2026-Sem2
EV000806,RA2611003010083,RA2611003010085,Project,2,2026-Sem2
EV000807,RA2611003010083,RA2611003010088,Event,3,2026-Sem1
EV000808,RA2611003010083,RA2611003010091,Academic,4,2026-Sem2
EV000809,RA2611003010083,RA2611003010093,Social,1,2026-Sem1
EV000810,RA2611003010084,RA2611003010086,Project,4,2026-Sem2
EV000811,RA2611003010084,RA2611003010086,Project,1,2026-Sem1
EV000812,RA2611003010084,RA2611003010087,Academic,2,2026-Sem2
EV000813,RA2611003010084,RA2611003010087,Academic,3,2026-Sem1
EV000814,RA2611003010084,RA2611003010089,Event,3,2026-Sem2
EV000815,RA2611003010084,RA2611003010092,Social,1,2026-Sem2
EV000816,RA2611003010084,RA2611003010093,Academic,1,2026-Sem1
EV000817,RA2611003010085,RA2611003010087,Academic,2,2026-Sem1
EV000818,RA2611003010085,RA2611003010088,Academic,3,2026-Sem1
EV000819,RA2611003010085,RA2611003010092,Academic,2,2026-Sem1
EV000820,RA2611003010085,RA2611003010093,Project,2,2026-Sem2
EV000821,RA2611003010085,RA2611003010093,Project,3,2026-Sem2
EV000822,RA2611003010086,RA2611003010088,Social,2,2026-Sem2
EV000823,RA2611003010086,RA2611003010091,Social,2,2026-Sem1
EV000824,RA2611003010087,RA2611003010088,Event,2,2026-Sem1
EV000825,RA2611003010087,RA2611003010089,Project,4,2026-Sem1
EV000826,RA2611003010087,RA2611003010091,Event,1,2026-Sem2
EV000827,RA2611003010087,RA2611003010092,Event,2,2026-Sem2
EV000828,RA2611003010087,RA2611003010092,Event,3,2026-Sem1
EV000829,RA2611003010087,RA2611003010093,Event,2,2026-Sem1
EV000830,RA2611003010088,RA2611003010089,Project,3,2026-Sem1
EV000831,RA2611003010088,RA2611003010089,Project,2,2026-Sem1
EV000832,RA2611003010088,RA2611003010091,Project,2,2026-Sem2
EV000833,RA2611003010089,RA2611003010092,Event,3,2026-Sem2
EV000834,RA2611003010089,RA2611003010093,Project,2,2026-Sem1
EV000835,RA2611003010091,RA2611003010092,Academic,1,2026-Sem2
EV000836,RA2611003010091,RA2611003010092,Academic,2,2026-Sem1
EV000837,RA2611003010091,RA2611003010092,Academic,4,2026-Sem2
EV000838,RA2611003010091,RA2611003010092,Academic,1,2026-Sem1
EV000839,RA2611003010092,RA2611003010093,Project,1,2026-Sem1
EV000840,RA2311027010094,RA2311027010095,Academic,2,2026-Sem1
EV000841,RA2311027010094,RA2311027010095,Academic,3,2026-Sem1
EV000842,RA2311027010094,RA2311027010095,Academic,2,2026-Sem2
EV000843,RA2311027010094,RA2311027010097,Project,3,2026-Sem2
EV000844,RA2311027010094,RA2311027010099,Academic,1,2026-Sem1
EV000845,RA2311027010094,RA2311027010100,Academic,1,2026-Sem2
EV000846,RA2311027010094,RA2311027010100,Academic,4,2026-Sem1
EV000847,RA2311027010094,RA2311027010106,Project,3,2026-Sem1
EV000848,RA2311027010094,RA2311027010108,Social,2,2026-Sem2
EV000849,RA2311027010094,RA2311027010109,Event,3,2026-Sem2
EV000850,RA2311027010094,RA2311027010113,Project,2,2026-Sem1
EV000851,RA2311027010094,RA2311027010114,Project,4,2026-Sem1
EV000852,RA2311027010094,RA2311027010114,Project,1,2026-Sem2
EV000853,RA2311027010095,RA2311027010097,Event,2,2026-Sem1
EV000854,RA2311027010095,RA2311027010098,Project,2,2026-Sem1
EV000855,RA2311027010095,RA2311027010100,Social,2,2026-Sem2
EV000856,RA2311027010095,RA2311027010104,Project,1,2026-Sem1
EV000857,RA2311027010095,RA2311027010104,Project,4,2026-Sem1
EV000858,RA2311027010095,RA2311027010106,Project,2,2026-Sem1
EV000859,RA2311027010095,RA2311027010106,Project,3,2026-Sem1
EV000860,RA2311027010095,RA2311027010107,Academic,3,2026-Sem2
EV000861,RA2311027010095,RA2311027010109,Academic,3,2026-Sem1
EV000862,RA2311027010095,RA2311027010109,Academic,2,2026-Sem1
EV000863,RA2311027010095,RA2311027010110,Project,1,2026-Sem1
EV000864,RA2311027010095,RA2311027010111,Project,3,2026-Sem1
EV000865,RA2311027010095,RA2311027010112,Event,4,2026-Sem2
EV000866,RA2311027010095,RA2311027010113,Event,1,2026-Sem1
EV000867,RA2311027010095,RA2311027010114,Social,3,2026-Sem1
EV000868,RA2311027010097,RA2311027010098,Event,1,2026-Sem1
EV000869,RA2311027010097,RA2311027010098,Event,2,2026-Sem1
EV000870,RA2311027010097,RA2311027010098,Event,3,2026-Sem2
EV000871,RA2311027010097,RA2311027010100,Academic,3,2026-Sem1
EV000872,RA2311027010097,RA2311027010101,Social,4,2026-Sem2
EV000873,RA2311027010097,RA2311027010101,Social,2,2026-Sem1
EV000874,RA2311027010097,RA2311027010102,Event,1,2026-Sem1
EV000875,RA2311027010097,RA2311027010104,Project,1,2026-Sem1
EV000876,RA2311027010097,RA2311027010104,Project,1,2026-Sem1
EV000877,RA2311027010097,RA2311027010104,Project,3,2026-Sem2
EV000878,RA2311027010097,RA2311027010104,Project,1,2026-Sem2
EV000879,RA2311027010097,RA2311027010104,Project,2,2026-Sem1
EV000880,RA2311027010097,RA2311027010104,Project,3,2026-Sem2
EV000881,RA2311027010097,RA2311027010104,Project,3,2026-Sem2
EV000882,RA2311027010097,RA2311027010106,Academic,4,2026-Sem2
EV000883,RA2311027010097,RA2311027010109,Event,2,2026-Sem1
EV000884,RA2311027010097,RA2311027010110,Academic,3,2026-Sem2
EV000885,RA2311027010097,RA2311027010110,Academic,2,2026-Sem2
EV000886,RA2311027010097,RA2311027010111,Event,4,2026-Sem1
EV000887,RA2311027010097,RA2311027010112,Academic,4,2026-Sem1
EV000888,RA2311027010097,RA2311027010112,Academic,3,2026-Sem1
EV000889,RA2311027010097,RA2311027010114,Event,2,2026-Sem1
EV000890,RA2311027010098,RA2311027010101,Academic,1,2026-Sem2
EV000891,RA2311027010098,RA2311027010103,Project,4,2026-Sem2
EV000892,RA2311027010098,RA2311027010107,Academic,2,2026-Sem1
EV000893,RA2311027010098,RA2311027010108,Event,4,2026-Sem1
EV000894,RA2311027010098,RA2311027010109,Event,2,2026-Sem1
EV000895,RA2311027010098,RA2311027010109,Event,3,2026-Sem2
EV000896,RA2311027010098,RA2311027010110,Academic,3,2026-Sem2
EV000897,RA2311027010098,RA2311027010112,Event,2,2026-Sem2
EV000898,RA2311027010098,RA2311027010113,Event,1,2026-Sem2
EV000899,RA2311027010098,RA2311027010113,Event,3,2026-Sem2
EV000900,RA2311027010098,RA2311027010113,Event,3,2026-Sem2
EV000901,RA2311027010098,RA2311027010113,Event,2,2026-Sem2
EV000902,RA2311027010098,RA2311027010114,Social,2,2026-Sem2
EV000903,RA2311027010098,RA2311027010114,Social,3,2026-Sem1
EV000904,RA2311027010099,RA2311027010100,Project,2,2026-Sem1
EV000905,RA2311027010099,RA2311027010102,Event,1,2026-Sem2
EV000906,RA2311027010099,RA2311027010103,Project,3,2026-Sem1
EV000907,RA2311027010099,RA2311027010103,Project,2,2026-Sem1
EV000908,RA2311027010099,RA2311027010104,Project,2,2026-Sem1
EV000909,RA2311027010099,RA2311027010107,Event,2,2026-Sem2
EV000910,RA2311027010099,RA2311027010108,Academic,4,2026-Sem2
EV000911,RA2311027010099,RA2311027010108,Academic,4,2026-Sem2
EV000912,RA2311027010099,RA2311027010109,Social,1,2026-Sem2
EV000913,RA2311027010099,RA2311027010110,Event,3,2026-Sem2
EV000914,RA2311027010099,RA2311027010111,Event,1,2026-Sem1
EV000915,RA2311027010099,RA2311027010112,Academic,4,2026-Sem2
EV000916,RA2311027010100,RA2311027010101,Event,2,2026-Sem1
EV000917,RA2311027010100,RA2311027010102,Project,4,2026-Sem2
EV000918,RA2311027010100,RA2311027010103,Event,1,2026-Sem2
EV000919,RA2311027010100,RA2311027010104,Social,3,2026-Sem1
EV000920,RA2311027010100,RA2311027010106,Event,2,2026-Sem1
EV000921,RA2311027010100,RA2311027010107,Academic,2,2026-Sem1
EV000922,RA2311027010100,RA2311027010110,Project,3,2026-Sem1
EV000923,RA2311027010100,RA2311027010111,Academic,1,2026-Sem2
EV000924,RA2311027010100,RA2311027010111,Academic,4,2026-Sem1
EV000925,RA2311027010100,RA2311027010111,Academic,3,2026-Sem2
EV000926,RA2311027010100,RA2311027010112,Event,1,2026-Sem1
EV000927,RA2311027010100,RA2311027010112,Event,2,2026-Sem1
EV000928,RA2311027010100,RA2311027010112,Event,3,2026-Sem1
EV000929,RA2311027010100,RA2311027010113,Social,3,2026-Sem1
EV000930,RA2311027010101,RA2311027010103,Social,2,2026-Sem1
EV000931,RA2311027010101,RA2311027010106,Social,1,2026-Sem2
EV000932,RA2311027010101,RA2311027010107,Social,2,2026-Sem2
EV000933,RA2311027010101,RA2311027010109,Project,2,2026-Sem2
EV000934,RA2311027010101,RA2311027010110,Event,2,2026-Sem1
EV000935,RA2311027010101,RA2311027010112,Project,4,2026-Sem2
EV000936,RA2311027010101,RA2311027010113,Event,4,2026-Sem2
EV000937,RA2311027010101,RA2311027010113,Event,4,2026-Sem1
EV000938,RA2311027010101,RA2311027010114,Social,3,2026-Sem1
EV000939,RA2311027010101,RA2311027010114,Social,3,2026-Sem1
EV000940,RA2311027010102,RA2311027010103,Event,4,2026-Sem1
EV000941,RA2311027010102,RA2311027010104,Social,2,2026-Sem1
EV000942,RA2311027010102,RA2311027010109,Event,4,2026-Sem2
EV000943,RA2311027010102,RA2311027010110,Event,3,2026-Sem1
EV000944,RA2311027010102,RA2311027010112,Academic,1,2026-Sem2
EV000945,RA2311027010102,RA2311027010113,Social,1,2026-Sem1
EV000946,RA2311027010102,RA2311027010114,Event,1,2026-Sem1
EV000947,RA2311027010102,RA2311027010114,Event,4,2026-Sem2
EV000948,RA2311027010102,RA2311027010114,Event,4,2026-Sem2
EV000949,RA2311027010103,RA2311027010104,Event,1,2026-Sem2
EV000950,RA2311027010103,RA2311027010106,Project,3,2026-Sem1
EV000951,RA2311027010103,RA2311027010107,Project,3,2026-Sem2
EV000952,RA2311027010103,RA2311027010108,Project,2,2026-Sem1
EV000953,RA2311027010103,RA2311027010109,Academic,2,2026-Sem1
EV000954,RA2311027010103,RA2311027010111,Project,2,2026-Sem2
EV000955,RA2311027010103,RA2311027010112,Project,3,2026-Sem1
EV000956,RA2311027010103,RA2311027010113,Academic,3,2026-Sem2
EV000957,RA2311027010104,RA2311027010106,Social,1,2026-Sem1
EV000958,RA2311027010104,RA2311027010108,Social,4,2026-Sem1
EV000959,RA2311027010104,RA2311027010110,Project,3,2026-Sem1
EV000960,RA2311027010104,RA2311027010111,Social,3,2026-Sem1
EV000961,RA2311027010104,RA2311027010113,Event,4,2026-Sem1
EV000962,RA2311027010104,RA2311027010114,Event,2,2026-Sem2
EV000963,RA2311027010106,RA2311027010109,Event,2,2026-Sem2
EV000964,RA2311027010106,RA2311027010111,Academic,4,2026-Sem1
EV000965,RA2311027010106,RA2311027010113,Social,2,2026-Sem1
EV000966,RA2311027010106,RA2311027010114,Social,4,2026-Sem1
EV000967,RA2311027010107,RA2311027010108,Social,4,2026-Sem1
EV000968,RA2311027010107,RA2311027010109,Academic,2,2026-Sem1
EV000969,RA2311027010107,RA2311027010111,Social,2,2026-Sem2
EV000970,RA2311027010107,RA2311027010111,Social,4,2026-Sem2
EV000971,RA2311027010107,RA2311027010111,Social,1,2026-Sem2
EV000972,RA2311027010107,RA2311027010112,Project,2,2026-Sem2
EV000973,RA2311027010107,RA2311027010113,Academic,1,2026-Sem1
EV000974,RA2311027010108,RA2311027010109,Event,4,2026-Sem1
EV000975,RA2311027010108,RA2311027010110,Event,1,2026-Sem2
EV000976,RA2311027010109,RA2311027010110,Event,2,2026-Sem2
EV000977,RA2311027010109,RA2311027010111,Event,4,2026-Sem1
EV000978,RA2311027010109,RA2311027010114,Project,4,2026-Sem1
EV000979,RA2311027010109,RA2311027010114,Project,2,2026-Sem2
EV000980,RA2311027010110,RA2311027010112,Event,2,2026-Sem2
EV000981,RA2311027010110,RA2311027010113,Event,3,2026-Sem2
EV000982,RA2311027010110,RA2311027010114,Academic,1,2026-Sem2
EV000983,RA2311027010110,RA2311027010114,Academic,2,2026-Sem1
EV000984,RA2311027010110,RA2311027010114,Academic,3,2026-Sem1
EV000985,RA2311027010111,RA2311027010112,Academic,2,2026-Sem1
EV000986,RA2311027010111,RA2311027010113,Project,1,2026-Sem2
EV000987,RA2311027010111,RA2311027010113,Project,4,2026-Sem1
EV000988,RA2311027010111,RA2311027010114,Event,3,2026-Sem2
EV000989,RA2311027010112,RA2311027010113,Academic,2,2026-Sem2
EV000990,RA2311027010112,RA2311027010114,Social,3,2026-Sem1
EV000991,RA2411027010116,RA2411027010118,Project,4,2026-Sem2
EV000992,RA2411027010116,RA2411027010118,Project,3,2026-Sem1
EV000993,RA2411027010116,RA2411027010118,Project,4,2026-Sem2
EV000994,RA2411027010116,RA2411027010118,Project,1,2026-Sem1
EV000995,RA2411027010116,RA2411027010119,Project,2,2026-Sem2
EV000996,RA2411027010116,RA2411027010121,Social,1,2026-Sem1
EV000997,RA2411027010116,RA2411027010121,Social,4,2026-Sem1
EV000998,RA2411027010116,RA2411027010121,Social,1,2026-Sem2
EV000999,RA2411027010116,RA2411027010122,Academic,3,2026-Sem2
EV001000,RA2411027010116,RA2411027010122,Academic,2,2026-Sem1
EV001001,RA2411027010116,RA2411027010123,Social,2,2026-Sem2
EV001002,RA2411027010116,RA2411027010123,Social,4,2026-Sem2
EV001003,RA2411027010116,RA2411027010124,Event,1,2026-Sem2
EV001004,RA2411027010116,RA2411027010125,Project,3,2026-Sem2
EV001005,RA2411027010116,RA2411027010125,Project,3,2026-Sem2
EV001006,RA2411027010116,RA2411027010127,Social,4,2026-Sem2
EV001007,RA2411027010116,RA2411027010128,Social,2,2026-Sem2
EV001008,RA2411027010116,RA2411027010129,Academic,1,2026-Sem2
EV001009,RA2411027010116,RA2411027010131,Academic,3,2026-Sem2
EV001010,RA2411027010116,RA2411027010131,Academic,2,2026-Sem1
EV001011,RA2411027010116,RA2411027010131,Academic,3,2026-Sem2
EV001012,RA2411027010116,RA2411027010131,Academic,3,2026-Sem1
EV001013,RA2411027010116,RA2411027010131,Academic,3,2026-Sem1
EV001014,RA2411027010116,RA2411027010133,Project,2,2026-Sem2
EV001015,RA2411027010117,RA2411027010118,Social,4,2026-Sem2
EV001016,RA2411027010117,RA2411027010119,Academic,4,2026-Sem1
EV001017,RA2411027010117,RA2411027010121,Social,3,2026-Sem1
EV001018,RA2411027010117,RA2411027010121,Social,2,2026-Sem2
EV001019,RA2411027010117,RA2411027010123,Event,2,2026-Sem1
EV001020,RA2411027010117,RA2411027010124,Academic,4,2026-Sem2
EV001021,RA2411027010117,RA2411027010124,Academic,1,2026-Sem2
EV001022,RA2411027010117,RA2411027010125,Social,3,2026-Sem1
EV001023,RA2411027010117,RA2411027010125,Social,3,2026-Sem1
EV001024,RA2411027010117,RA2411027010127,Event,1,2026-Sem2
EV001025,RA2411027010117,RA2411027010127,Event,2,2026-Sem2
EV001026,RA2411027010117,RA2411027010127,Event,3,2026-Sem2
EV001027,RA2411027010117,RA2411027010128,Social,4,2026-Sem1
EV001028,RA2411027010117,RA2411027010128,Social,2,2026-Sem1
EV001029,RA2411027010117,RA2411027010129,Project,3,2026-Sem2
EV001030,RA2411027010117,RA2411027010130,Social,1,2026-Sem2
EV001031,RA2411027010117,RA2411027010130,Social,2,2026-Sem2
EV001032,RA2411027010117,RA2411027010130,Social,4,2026-Sem2
EV001033,RA2411027010117,RA2411027010132,Event,1,2026-Sem1
EV001034,RA2411027010117,RA2411027010134,Event,1,2026-Sem1
EV001035,RA2411027010117,RA2411027010136,Project,2,2026-Sem1
EV001036,RA2411027010117,RA2411027010136,Project,3,2026-Sem2
EV001037,RA2411027010117,RA2411027010136,Project,2,2026-Sem2
EV001038,RA2411027010117,RA2411027010137,Social,1,2026-Sem1
EV001039,RA2411027010118,RA2411027010119,Academic,2,2026-Sem1
EV001040,RA2411027010118,RA2411027010121,Event,4,2026-Sem1
EV001041,RA2411027010118,RA2411027010124,Academic,2,2026-Sem2
EV001042,RA2411027010118,RA2411027010124,Academic,3,2026-Sem2
EV001043,RA2411027010118,RA2411027010125,Event,1,2026-Sem2
EV001044,RA2411027010118,RA2411027010126,Event,1,2026-Sem1
EV001045,RA2411027010118,RA2411027010130,Project,3,2026-Sem2
EV001046,RA2411027010118,RA2411027010131,Academic,3,2026-Sem2
EV001047,RA2411027010118,RA2411027010131,Academic,2,2026-Sem2
EV001048,RA2411027010118,RA2411027010132,Social,2,2026-Sem1
EV001049,RA2411027010118,RA2411027010133,Event,3,2026-Sem1
EV001050,RA2411027010118,RA2411027010133,Event,2,2026-Sem2
EV001051,RA2411027010118,RA2411027010135,Project,1,2026-Sem1
EV001052,RA2411027010118,RA2411027010136,Project,3,2026-Sem2
EV001053,RA2411027010119,RA2411027010121,Event,4,2026-Sem1
EV001054,RA2411027010119,RA2411027010122,Project,1,2026-Sem1
EV001055,RA2411027010119,RA2411027010123,Academic,4,2026-Sem1
EV001056,RA2411027010119,RA2411027010124,Event,2,2026-Sem1
EV001057,RA2411027010119,RA2411027010125,Social,4,2026-Sem1
EV001058,RA2411027010119,RA2411027010126,Social,3,2026-Sem2
EV001059,RA2411027010119,RA2411027010126,Social,2,2026-Sem1
EV001060,RA2411027010119,RA2411027010130,Project,2,2026-Sem1
EV001061,RA2411027010119,RA2411027010130,Project,3,2026-Sem2
EV001062,RA2411027010119,RA2411027010131,Academic,2,2026-Sem1
EV001063,RA2411027010119,RA2411027010131,Academic,3,2026-Sem2
EV001064,RA2411027010119,RA2411027010133,Event,1,2026-Sem2
EV001065,RA2411027010119,RA2411027010134,Academic,3,2026-Sem1
EV001066,RA2411027010120,RA2411027010121,Event,2,2026-Sem2
EV001067,RA2411027010120,RA2411027010126,Academic,1,2026-Sem2
EV001068,RA2411027010120,RA2411027010127,Academic,4,2026-Sem2
EV001069,RA2411027010120,RA2411027010127,Academic,4,2026-Sem1
EV001070,RA2411027010120,RA2411027010128,Social,4,2026-Sem2
EV001071,RA2411027010120,RA2411027010129,Event,3,2026-Sem1
EV001072,RA2411027010120,RA2411027010130,Project,2,2026-Sem2
EV001073,RA2411027010120,RA2411027010131,Project,2,2026-Sem1
EV001074,RA2411027010120,RA2411027010131,Project,4,2026-Sem1
EV001075,RA2411027010120,RA2411027010131,Project,4,2026-Sem1
EV001076,RA2411027010120,RA2411027010132,Social,2,2026-Sem1
EV001077,RA2411027010120,RA2411027010136,Event,1,2026-Sem1
EV001078,RA2411027010120,RA2411027010136,Event,4,2026-Sem1
EV001079,RA2411027010121,RA2411027010122,Academic,1,2026-Sem1
EV001080,RA2411027010121,RA2411027010122,Academic,3,2026-Sem2
EV001081,RA2411027010121,RA2411027010122,Academic,4,2026-Sem1
EV001082,RA2411027010121,RA2411027010123,Academic,2,2026-Sem2
EV001083,RA2411027010121,RA2411027010126,Project,3,2026-Sem1
EV001084,RA2411027010121,RA2411027010126,Project,2,2026-Sem1
EV001085,RA2411027010121,RA2411027010127,Social,3,2026-Sem1
EV001086,RA2411027010121,RA2411027010130,Project,4,2026-Sem2
EV001087,RA2411027010121,RA2411027010130,Project,1,2026-Sem2
EV001088,RA2411027010121,RA2411027010133,Academic,2,2026-Sem1
EV001089,RA2411027010121,RA2411027010134,Academic,2,2026-Sem1
EV001090,RA2411027010121,RA2411027010137,Social,1,2026-Sem2
EV001091,RA2411027010122,RA2411027010124,Project,2,2026-Sem2
EV001092,RA2411027010122,RA2411027010125,Academic,2,2026-Sem1
EV001093,RA2411027010122,RA2411027010126,Academic,2,2026-Sem2
EV001094,RA2411027010122,RA2411027010126,Academic,4,2026-Sem1
EV001095,RA2411027010122,RA2411027010127,Academic,3,2026-Sem2
EV001096,RA2411027010122,RA2411027010128,Project,1,2026-Sem2
EV001097,RA2411027010122,RA2411027010130,Event,2,2026-Sem2
EV001098,RA2411027010122,RA2411027010131,Social,2,2026-Sem2
EV001099,RA2411027010122,RA2411027010132,Social,1,2026-Sem1
EV001100,RA2411027010122,RA2411027010134,Project,1,2026-Sem2
EV001101,RA2411027010122,RA2411027010134,Project,4,2026-Sem2
EV001102,RA2411027010122,RA2411027010134,Project,1,2026-Sem1
EV001103,RA2411027010122,RA2411027010137,Event,1,2026-Sem1
EV001104,RA2411027010122,RA2411027010137,Event,2,2026-Sem2
EV001105,RA2411027010122,RA2411027010137,Event,3,2026-Sem2
EV001106,RA2411027010123,RA2411027010125,Academic,3,2026-Sem1
EV001107,RA2411027010123,RA2411027010126,Project,2,2026-Sem1
EV001108,RA2411027010123,RA2411027010129,Social,4,2026-Sem2
EV001109,RA2411027010123,RA2411027010130,Project,1,2026-Sem1
EV001110,RA2411027010123,RA2411027010130,Project,4,2026-Sem1
EV001111,RA2411027010123,RA2411027010131,Project,1,2026-Sem1
EV001112,RA2411027010123,RA2411027010133,Social,4,2026-Sem2
EV001113,RA2411027010123,RA2411027010135,Social,1,2026-Sem2
EV001114,RA2411027010124,RA2411027010126,Project,2,2026-Sem2
EV001115,RA2411027010124,RA2411027010129,Social,1,2026-Sem1
EV001116,RA2411027010124,RA2411027010132,Social,3,2026-Sem2
EV001117,RA2411027010124,RA2411027010134,Project,4,2026-Sem2
EV001118,RA2411027010124,RA2411027010135,Academic,3,2026-Sem1
EV001119,RA2411027010124,RA2411027010137,Social,1,2026-Sem1
EV001120,RA2411027010124,RA2411027010137,Social,1,2026-Sem2
EV001121,RA2411027010124,RA2411027010137,Social,4,2026-Sem2
EV001122,RA2411027010125,RA2411027010127,Social,2,2026-Sem1
EV001123,RA2411027010125,RA2411027010128,Academic,1,2026-Sem2
EV001124,RA2411027010125,RA2411027010128,Academic,1,2026-Sem2
EV001125,RA2411027010125,RA2411027010128,Academic,2,2026-Sem1
EV001126,RA2411027010125,RA2411027010128,Academic,4,2026-Sem2
EV001127,RA2411027010125,RA2411027010129,Academic,1,2026-Sem2
EV001128,RA2411027010125,RA2411027010130,Event,2,2026-Sem2
EV001129,RA2411027010125,RA2411027010131,Social,3,2026-Sem1
EV001130,RA2411027010125,RA2411027010131,Social,2,2026-Sem2
EV001131,RA2411027010125,RA2411027010131,Social,4,2026-Sem1
EV001132,RA2411027010125,RA2411027010132,Social,3,2026-Sem1
EV001133,RA2411027010125,RA2411027010134,Social,3,2026-Sem1
EV001134,RA2411027010125,RA2411027010134,Social,3,2026-Sem2
EV001135,RA2411027010125,RA2411027010136,Social,1,2026-Sem2
EV001136,RA2411027010126,RA2411027010128,Academic,4,2026-Sem2
EV001137,RA2411027010126,RA2411027010129,Project,1,2026-Sem2
EV001138,RA2411027010126,RA2411027010130,Event,3,2026-Sem2
EV001139,RA2411027010126,RA2411027010131,Academic,3,2026-Sem1
EV001140,RA2411027010126,RA2411027010133,Academic,1,2026-Sem1
EV001141,RA2411027010126,RA2411027010135,Project,1,2026-Sem1
EV001142,RA2411027010126,RA2411027010135,Project,1,2026-Sem2
EV001143,RA2411027010126,RA2411027010135,Project,4,2026-Sem2
EV001144,RA2411027010126,RA2411027010136,Academic,4,2026-Sem2
EV001145,RA2411027010126,RA2411027010137,Academic,1,2026-Sem2
EV001146,RA2411027010127,RA2411027010128,Event,4,2026-Sem1
EV001147,RA2411027010127,RA2411027010128,Event,2,2026-Sem2
EV001148,RA2411027010127,RA2411027010129,Social,1,2026-Sem2
EV001149,RA2411027010127,RA2411027010131,Event,3,2026-Sem1
EV001150,RA2411027010127,RA2411027010131,Event,3,2026-Sem1
EV001151,RA2411027010127,RA2411027010132,Academic,2,2026-Sem1
EV001152,RA2411027010127,RA2411027010133,Social,1,2026-Sem1
EV001153,RA2411027010127,RA2411027010134,Social,3,2026-Sem2
EV001154,RA2411027010127,RA2411027010135,Project,4,2026-Sem1
EV001155,RA2411027010127,RA2411027010136,Event,1,2026-Sem2
EV001156,RA2411027010127,RA2411027010137,Project,2,2026-Sem2
EV001157,RA2411027010127,RA2411027010137,Project,1,2026-Sem2
EV001158,RA2411027010127,RA2411027010137,Project,1,2026-Sem1
EV001159,RA2411027010127,RA2411027010137,Project,3,2026-Sem2
EV001160,RA2411027010127,RA2411027010137,Project,4,2026-Sem2
EV001161,RA2411027010128,RA2411027010131,Academic,4,2026-Sem1
EV001162,RA2411027010128,RA2411027010131,Academic,1,2026-Sem2
EV001163,RA2411027010128,RA2411027010131,Academic,4,2026-Sem2
EV001164,RA2411027010128,RA2411027010131,Academic,3,2026-Sem2
EV001165,RA2411027010128,RA2411027010133,Event,2,2026-Sem1
EV001166,RA2411027010128,RA2411027010134,Social,2,2026-Sem1
EV001167,RA2411027010128,RA2411027010135,Social,4,2026-Sem1
EV001168,RA2411027010128,RA2411027010136,Social,1,2026-Sem2
EV001169,RA2411027010129,RA2411027010130,Project,1,2026-Sem2
EV001170,RA2411027010129,RA2411027010130,Project,1,2026-Sem2
EV001171,RA2411027010129,RA2411027010130,Project,1,2026-Sem2
EV001172,RA2411027010129,RA2411027010130,Project,2,2026-Sem2
EV001173,RA2411027010129,RA2411027010130,Project,2,2026-Sem2
EV001174,RA2411027010129,RA2411027010130,Project,3,2026-Sem2
EV001175,RA2411027010129,RA2411027010131,Project,2,2026-Sem1
EV001176,RA2411027010129,RA2411027010134,Project,4,2026-Sem2
EV001177,RA2411027010129,RA2411027010136,Project,1,2026-Sem2
EV001178,RA2411027010129,RA2411027010137,Social,3,2026-Sem2
EV001179,RA2411027010129,RA2411027010137,Social,4,2026-Sem1
EV001180,RA2411027010130,RA2411027010131,Social,3,2026-Sem1
EV001181,RA2411027010130,RA2411027010131,Social,3,2026-Sem1
EV001182,RA2411027010130,RA2411027010131,Social,2,2026-Sem1
EV001183,RA2411027010130,RA2411027010132,Project,2,2026-Sem2
EV001184,RA2411027010130,RA2411027010132,Project,4,2026-Sem1
EV001185,RA2411027010130,RA2411027010135,Project,3,2026-Sem2
EV001186,RA2411027010130,RA2411027010136,Project,4,2026-Sem2
EV001187,RA2411027010130,RA2411027010137,Event,1,2026-Sem1
EV001188,RA2411027010131,RA2411027010133,Project,2,2026-Sem1
EV001189,RA2411027010131,RA2411027010134,Social,1,2026-Sem2
EV001190,RA2411027010131,RA2411027010135,Project,4,2026-Sem2
EV001191,RA2411027010131,RA2411027010135,Project,1,2026-Sem1
EV001192,RA2411027010132,RA2411027010134,Event,4,2026-Sem1
EV001193,RA2411027010132,RA2411027010135,Social,1,2026-Sem2
EV001194,RA2411027010132,RA2411027010136,Event,3,2026-Sem2
EV001195,RA2411027010132,RA2411027010136,Event,3,2026-Sem2
EV001196,RA2411027010133,RA2411027010135,Social,2,2026-Sem2
EV001197,RA2411027010133,RA2411027010136,Project,2,2026-Sem1
EV001198,RA2411027010134,RA2411027010135,Project,1,2026-Sem1
EV001199,RA2411027010134,RA2411027010135,Project,4,2026-Sem1
EV001200,RA2411027010135,RA2411027010136,Academic,1,2026-Sem1
EV001201,RA2411027010135,RA2411027010137,Project,4,2026-Sem2
EV001202,RA2411027010136,RA2411027010137,Event,1,2026-Sem1
EV001203,RA2511027010138,RA2511027010140,Social,1,2026-Sem1
EV001204,RA2511027010138,RA2511027010142,Social,3,2026-Sem2
EV001205,RA2511027010138,RA2511027010144,Project,2,2026-Sem2
EV001206,RA2511027010138,RA2511027010144,Project,3,2026-Sem2
EV001207,RA2511027010138,RA2511027010145,Academic,4,2026-Sem1
EV001208,RA2511027010138,RA2511027010145,Academic,1,2026-Sem2
EV001209,RA2511027010138,RA2511027010146,Event,3,2026-Sem1
EV001210,RA2511027010138,RA2511027010146,Event,2,2026-Sem2
EV001211,RA2511027010138,RA2511027010149,Event,2,2026-Sem1
EV001212,RA2511027010138,RA2511027010150,Event,2,2026-Sem2
EV001213,RA2511027010138,RA2511027010150,Event,3,2026-Sem1
EV001214,RA2511027010138,RA2511027010151,Project,1,2026-Sem2
EV001215,RA2511027010138,RA2511027010152,Academic,2,2026-Sem2
EV001216,RA2511027010138,RA2511027010153,Academic,1,2026-Sem2
EV001217,RA2511027010138,RA2511027010154,Event,1,2026-Sem1
EV001218,RA2511027010138,RA2511027010155,Academic,2,2026-Sem1
EV001219,RA2511027010138,RA2511027010159,Project,4,2026-Sem1
EV001220,RA2511027010138,RA2511027010160,Academic,1,2026-Sem2
EV001221,RA2511027010139,RA2511027010140,Project,2,2026-Sem1
EV001222,RA2511027010139,RA2511027010141,Social,4,2026-Sem1
EV001223,RA2511027010139,RA2511027010142,Academic,1,2026-Sem2
EV001224,RA2511027010139,RA2511027010144,Event,1,2026-Sem1
EV001225,RA2511027010139,RA2511027010145,Event,1,2026-Sem1
EV001226,RA2511027010139,RA2511027010148,Academic,1,2026-Sem2
EV001227,RA2511027010139,RA2511027010149,Social,2,2026-Sem1
EV001228,RA2511027010139,RA2511027010149,Social,4,2026-Sem2
EV001229,RA2511027010139,RA2511027010149,Social,4,2026-Sem2
EV001230,RA2511027010139,RA2511027010150,Academic,2,2026-Sem2
EV001231,RA2511027010139,RA2511027010151,Event,1,2026-Sem1
EV001232,RA2511027010139,RA2511027010151,Event,3,2026-Sem1
EV001233,RA2511027010139,RA2511027010151,Event,3,2026-Sem2
EV001234,RA2511027010139,RA2511027010152,Event,1,2026-Sem1
EV001235,RA2511027010139,RA2511027010154,Event,1,2026-Sem2
EV001236,RA2511027010139,RA2511027010155,Social,2,2026-Sem2
EV001237,RA2511027010139,RA2511027010156,Academic,1,2026-Sem1
EV001238,RA2511027010139,RA2511027010158,Social,1,2026-Sem1
EV001239,RA2511027010139,RA2511027010158,Social,1,2026-Sem2
EV001240,RA2511027010139,RA2511027010158,Social,4,2026-Sem1
EV001241,RA2511027010139,RA2511027010159,Project,3,2026-Sem1
EV001242,RA2511027010140,RA2511027010142,Event,4,2026-Sem1
EV001243,RA2511027010140,RA2511027010144,Social,1,2026-Sem1
EV001244,RA2511027010140,RA2511027010147,Project,1,2026-Sem1
EV001245,RA2511027010140,RA2511027010149,Project,3,2026-Sem1
EV001246,RA2511027010140,RA2511027010149,Project,2,2026-Sem2
EV001247,RA2511027010140,RA2511027010149,Project,3,2026-Sem2
EV001248,RA2511027010140,RA2511027010149,Project,2,2026-Sem1
EV001249,RA2511027010140,RA2511027010151,Event,1,2026-Sem1
EV001250,RA2511027010140,RA2511027010153,Project,3,2026-Sem2
EV001251,RA2511027010140,RA2511027010153,Project,3,2026-Sem2
EV001252,RA2511027010140,RA2511027010154,Academic,1,2026-Sem2
EV001253,RA2511027010140,RA2511027010155,Social,1,2026-Sem2
EV001254,RA2511027010140,RA2511027010155,Social,1,2026-Sem2
EV001255,RA2511027010140,RA2511027010155,Social,4,2026-Sem1
EV001256,RA2511027010140,RA2511027010156,Academic,4,2026-Sem2
EV001257,RA2511027010140,RA2511027010156,Academic,1,2026-Sem2
EV001258,RA2511027010140,RA2511027010158,Event,1,2026-Sem2
EV001259,RA2511027010140,RA2511027010159,Academic,4,2026-Sem2
EV001260,RA2511027010140,RA2511027010159,Academic,4,2026-Sem2
EV001261,RA2511027010140,RA2511027010160,Academic,4,2026-Sem2
EV001262,RA2511027010140,RA2511027010160,Academic,1,2026-Sem1
EV001263,RA2511027010141,RA2511027010146,Event,4,2026-Sem2
EV001264,RA2511027010141,RA2511027010147,Project,2,2026-Sem1
EV001265,RA2511027010141,RA2511027010148,Event,1,2026-Sem1
EV001266,RA2511027010141,RA2511027010150,Project,1,2026-Sem2
EV001267,RA2511027010141,RA2511027010151,Social,3,2026-Sem1
EV001268,RA2511027010141,RA2511027010151,Social,4,2026-Sem1
EV001269,RA2511027010141,RA2511027010152,Social,2,2026-Sem2
EV001270,RA2511027010141,RA2511027010157,Social,2,2026-Sem1
EV001271,RA2511027010141,RA2511027010157,Social,3,2026-Sem1
EV001272,RA2511027010141,RA2511027010157,Social,4,2026-Sem2
EV001273,RA2511027010141,RA2511027010157,Social,1,2026-Sem1
EV001274,RA2511027010141,RA2511027010158,Social,2,2026-Sem2
EV001275,RA2511027010141,RA2511027010159,Academic,1,2026-Sem1
EV001276,RA2511027010141,RA2511027010160,Event,2,2026-Sem1
EV001277,RA2511027010141,RA2511027010160,Event,3,2026-Sem1
EV001278,RA2511027010142,RA2511027010147,Project,1,2026-Sem1
EV001279,RA2511027010142,RA2511027010149,Academic,1,2026-Sem2
EV001280,RA2511027010142,RA2511027010151,Academic,2,2026-Sem1
EV001281,RA2511027010142,RA2511027010152,Social,1,2026-Sem2
EV001282,RA2511027010142,RA2511027010152,Social,4,2026-Sem1
EV001283,RA2511027010142,RA2511027010153,Event,3,2026-Sem2
EV001284,RA2511027010142,RA2511027010155,Academic,2,2026-Sem2
EV001285,RA2511027010142,RA2511027010156,Event,1,2026-Sem2
EV001286,RA2511027010142,RA2511027010158,Social,2,2026-Sem1
EV001287,RA2511027010142,RA2511027010160,Academic,2,2026-Sem2
EV001288,RA2511027010144,RA2511027010145,Project,1,2026-Sem1
EV001289,RA2511027010144,RA2511027010145,Project,3,2026-Sem2
EV001290,RA2511027010144,RA2511027010145,Project,2,2026-Sem1
EV001291,RA2511027010144,RA2511027010147,Project,4,2026-Sem1
EV001292,RA2511027010144,RA2511027010149,Event,3,2026-Sem2
EV001293,RA2511027010144,RA2511027010153,Project,4,2026-Sem1
EV001294,RA2511027010144,RA2511027010154,Academic,2,2026-Sem1
EV001295,RA2511027010144,RA2511027010155,Social,1,2026-Sem1
EV001296,RA2511027010144,RA2511027010155,Social,4,2026-Sem2
EV001297,RA2511027010144,RA2511027010157,Event,2,2026-Sem2
EV001298,RA2511027010144,RA2511027010157,Event,4,2026-Sem1
EV001299,RA2511027010144,RA2511027010158,Project,3,2026-Sem1
EV001300,RA2511027010145,RA2511027010146,Academic,1,2026-Sem1
EV001301,RA2511027010145,RA2511027010150,Social,2,2026-Sem1
EV001302,RA2511027010145,RA2511027010151,Academic,2,2026-Sem2
EV001303,RA2511027010145,RA2511027010152,Social,3,2026-Sem1
EV001304,RA2511027010145,RA2511027010152,Social,3,2026-Sem2
EV001305,RA2511027010145,RA2511027010153,Social,1,2026-Sem2
EV001306,RA2511027010145,RA2511027010154,Project,3,2026-Sem2
EV001307,RA2511027010145,RA2511027010154,Project,4,2026-Sem1
EV001308,RA2511027010145,RA2511027010157,Social,4,2026-Sem1
EV001309,RA2511027010146,RA2511027010147,Event,2,2026-Sem2
EV001310,RA2511027010146,RA2511027010149,Project,2,2026-Sem2
EV001311,RA2511027010146,RA2511027010153,Social,3,2026-Sem1
EV001312,RA2511027010146,RA2511027010157,Academic,3,2026-Sem2
EV001313,RA2511027010146,RA2511027010160,Project,4,2026-Sem1
EV001314,RA2511027010146,RA2511027010160,Project,4,2026-Sem1
EV001315,RA2511027010147,RA2511027010150,Project,1,2026-Sem2
EV001316,RA2511027010147,RA2511027010150,Project,4,2026-Sem2
EV001317,RA2511027010147,RA2511027010151,Social,2,2026-Sem2
EV001318,RA2511027010147,RA2511027010152,Event,1,2026-Sem2
EV001319,RA2511027010147,RA2511027010152,Event,4,2026-Sem1
EV001320,RA2511027010147,RA2511027010152,Event,1,2026-Sem2
EV001321,RA2511027010147,RA2511027010153,Academic,3,2026-Sem2
EV001322,RA2511027010147,RA2511027010154,Academic,3,2026-Sem1
EV001323,RA2511027010147,RA2511027010154,Academic,3,2026-Sem1
EV001324,RA2511027010147,RA2511027010155,Social,2,2026-Sem1
EV001325,RA2511027010147,RA2511027010157,Project,2,2026-Sem1
EV001326,RA2511027010148,RA2511027010149,Project,1,2026-Sem2
EV001327,RA2511027010148,RA2511027010149,Project,4,2026-Sem1
EV001328,RA2511027010148,RA2511027010150,Project,2,2026-Sem2
EV001329,RA2511027010148,RA2511027010151,Event,2,2026-Sem2
EV001330,RA2511027010148,RA2511027010153,Project,3,2026-Sem2
EV001331,RA2511027010148,RA2511027010155,Event,4,2026-Sem1
EV001332,RA2511027010148,RA2511027010156,Event,2,2026-Sem1
EV001333,RA2511027010148,RA2511027010157,Project,3,2026-Sem2
EV001334,RA2511027010148,RA2511027010157,Project,2,2026-Sem2
EV001335,RA2511027010149,RA2511027010150,Academic,4,2026-Sem2
EV001336,RA2511027010149,RA2511027010152,Social,2,2026-Sem1
EV001337,RA2511027010149,RA2511027010153,Social,1,2026-Sem2
EV001338,RA2511027010149,RA2511027010155,Social,3,2026-Sem1
EV001339,RA2511027010149,RA2511027010156,Social,3,2026-Sem2
EV001340,RA2511027010149,RA2511027010158,Event,2,2026-Sem1
EV001341,RA2511027010149,RA2511027010159,Event,1,2026-Sem1
EV001342,RA2511027010149,RA2511027010160,Project,1,2026-Sem1
EV001343,RA2511027010150,RA2511027010151,Project,1,2026-Sem1
EV001344,RA2511027010150,RA2511027010154,Social,1,2026-Sem2
EV001345,RA2511027010150,RA2511027010154,Social,4,2026-Sem1
EV001346,RA2511027010150,RA2511027010156,Academic,4,2026-Sem1
EV001347,RA2511027010150,RA2511027010158,Academic,2,2026-Sem2
EV001348,RA2511027010150,RA2511027010159,Social,3,2026-Sem2
EV001349,RA2511027010150,RA2511027010160,Academic,2,2026-Sem1
EV001350,RA2511027010151,RA2511027010154,Project,2,2026-Sem2
EV001351,RA2511027010151,RA2511027010156,Academic,2,2026-Sem1
EV001352,RA2511027010151,RA2511027010158,Project,1,2026-Sem2
EV001353,RA2511027010151,RA2511027010158,Project,4,2026-Sem2
EV001354,RA2511027010152,RA2511027010153,Event,2,2026-Sem1
EV001355,RA2511027010152,RA2511027010154,Event,2,2026-Sem2
EV001356,RA2511027010152,RA2511027010154,Event,1,2026-Sem2
EV001357,RA2511027010152,RA2511027010154,Event,4,2026-Sem1
EV001358,RA2511027010152,RA2511027010156,Project,1,2026-Sem1
EV001359,RA2511027010153,RA2511027010154,Academic,2,2026-Sem1
EV001360,RA2511027010153,RA2511027010154,Academic,3,2026-Sem2
EV001361,RA2511027010153,RA2511027010155,Academic,4,2026-Sem1
EV001362,RA2511027010153,RA2511027010155,Academic,3,2026-Sem2
EV001363,RA2511027010153,RA2511027010157,Social,2,2026-Sem1
EV001364,RA2511027010153,RA2511027010158,Project,1,2026-Sem1
EV001365,RA2511027010153,RA2511027010158,Project,1,2026-Sem1
EV001366,RA2511027010153,RA2511027010158,Project,1,2026-Sem1
EV001367,RA2511027010153,RA2511027010158,Project,4,2026-Sem1
EV001368,RA2511027010153,RA2511027010160,Social,3,2026-Sem1
EV001369,RA2511027010154,RA2511027010155,Academic,1,2026-Sem2
EV001370,RA2511027010154,RA2511027010156,Project,2,2026-Sem1
EV001371,RA2511027010154,RA2511027010159,Academic,2,2026-Sem1
EV001372,RA2511027010154,RA2511027010160,Academic,2,2026-Sem2
EV001373,RA2511027010155,RA2511027010157,Event,4,2026-Sem1
EV001374,RA2511027010155,RA2511027010158,Event,4,2026-Sem1
EV001375,RA2511027010155,RA2511027010160,Academic,2,2026-Sem2
EV001376,RA2511027010155,RA2511027010160,Academic,3,2026-Sem1
EV001377,RA2511027010155,RA2511027010160,Academic,3,2026-Sem1
EV001378,RA2511027010155,RA2511027010160,Academic,4,2026-Sem1
EV001379,RA2511027010156,RA2511027010158,Event,2,2026-Sem1
EV001380,RA2511027010156,RA2511027010158,Event,4,2026-Sem2
EV001381,RA2511027010156,RA2511027010160,Event,2,2026-Sem2
EV001382,RA2511027010156,RA2511027010160,Event,3,2026-Sem2
EV001383,RA2511027010157,RA2511027010158,Project,3,2026-Sem2
EV001384,RA2511027010157,RA2511027010159,Event,3,2026-Sem1
EV001385,RA2511027010157,RA2511027010160,Social,1,2026-Sem1
EV001386,RA2511027010158,RA2511027010160,Project,4,2026-Sem2
EV001387,RA2511027010158,RA2511027010160,Project,2,2026-Sem1
EV001388,RA2511027010158,RA2511027010160,Project,4,2026-Sem1
EV001389,RA2611027010161,RA2611027010162,Academic,3,2026-Sem1
EV001390,RA2611027010161,RA2611027010164,Event,1,2026-Sem1
EV001391,RA2611027010161,RA2611027010167,Academic,4,2026-Sem2
EV001392,RA2611027010161,RA2611027010168,Event,1,2026-Sem2
EV001393,RA2611027010161,RA2611027010168,Event,3,2026-Sem2
EV001394,RA2611027010161,RA2611027010168,Event,2,2026-Sem2
EV001395,RA2611027010161,RA2611027010170,Event,2,2026-Sem2
EV001396,RA2611027010161,RA2611027010171,Social,1,2026-Sem1
EV001397,RA2611027010161,RA2611027010172,Event,2,2026-Sem2
EV001398,RA2611027010161,RA2611027010173,Event,3,2026-Sem1
EV001399,RA2611027010161,RA2611027010174,Academic,1,2026-Sem1
EV001400,RA2611027010161,RA2611027010174,Academic,1,2026-Sem2
EV001401,RA2611027010161,RA2611027010174,Academic,4,2026-Sem1
EV001402,RA2611027010161,RA2611027010175,Academic,2,2026-Sem1
EV001403,RA2611027010161,RA2611027010175,Academic,4,2026-Sem2
EV001404,RA2611027010161,RA2611027010175,Academic,2,2026-Sem2
EV001405,RA2611027010161,RA2611027010175,Academic,4,2026-Sem2
EV001406,RA2611027010161,RA2611027010177,Event,2,2026-Sem1
EV001407,RA2611027010161,RA2611027010178,Academic,1,2026-Sem1
EV001408,RA2611027010161,RA2611027010178,Academic,3,2026-Sem1
EV001409,RA2611027010161,RA2611027010178,Academic,2,2026-Sem2
EV001410,RA2611027010162,RA2611027010163,Event,2,2026-Sem2
EV001411,RA2611027010162,RA2611027010163,Event,4,2026-Sem2
EV001412,RA2611027010162,RA2611027010163,Event,3,2026-Sem1
EV001413,RA2611027010162,RA2611027010164,Academic,1,2026-Sem2
EV001414,RA2611027010162,RA2611027010164,Academic,4,2026-Sem2
EV001415,RA2611027010162,RA2611027010164,Academic,1,2026-Sem2
EV001416,RA2611027010162,RA2611027010166,Event,1,2026-Sem2
EV001417,RA2611027010162,RA2611027010166,Event,4,2026-Sem2
EV001418,RA2611027010162,RA2611027010167,Event,1,2026-Sem2
EV001419,RA2611027010162,RA2611027010169,Social,2,2026-Sem1
EV001420,RA2611027010162,RA2611027010172,Social,2,2026-Sem2
EV001421,RA2611027010162,RA2611027010172,Social,3,2026-Sem1
EV001422,RA2611027010162,RA2611027010173,Project,3,2026-Sem2
EV001423,RA2611027010162,RA2611027010176,Social,4,2026-Sem2
EV001424,RA2611027010162,RA2611027010177,Event,1,2026-Sem1
EV001425,RA2611027010162,RA2611027010179,Social,1,2026-Sem1
EV001426,RA2611027010162,RA2611027010180,Academic,4,2026-Sem1
EV001427,RA2611027010162,RA2611027010180,Academic,1,2026-Sem2
EV001428,RA2611027010162,RA2611027010181,Project,4,2026-Sem1
EV001429,RA2611027010162,RA2611027010181,Project,2,2026-Sem1
EV001430,RA2611027010162,RA2611027010181,Project,3,2026-Sem2
EV001431,RA2611027010162,RA2611027010182,Academic,3,2026-Sem2
EV001432,RA2611027010163,RA2611027010164,Event,4,2026-Sem2
EV001433,RA2611027010163,RA2611027010164,Event,4,2026-Sem1
EV001434,RA2611027010163,RA2611027010168,Project,1,2026-Sem1
EV001435,RA2611027010163,RA2611027010170,Social,3,2026-Sem2
EV001436,RA2611027010163,RA2611027010171,Project,2,2026-Sem2
EV001437,RA2611027010163,RA2611027010174,Project,1,2026-Sem1
EV001438,RA2611027010163,RA2611027010175,Social,4,2026-Sem2
EV001439,RA2611027010163,RA2611027010175,Social,2,2026-Sem1
EV001440,RA2611027010163,RA2611027010176,Social,2,2026-Sem1
EV001441,RA2611027010163,RA2611027010176,Social,3,2026-Sem2
EV001442,RA2611027010163,RA2611027010179,Social,4,2026-Sem2
EV001443,RA2611027010163,RA2611027010181,Project,3,2026-Sem1
EV001444,RA2611027010164,RA2611027010165,Academic,3,2026-Sem1
EV001445,RA2611027010164,RA2611027010165,Academic,2,2026-Sem1
EV001446,RA2611027010164,RA2611027010166,Event,4,2026-Sem2
EV001447,RA2611027010164,RA2611027010168,Event,3,2026-Sem2
EV001448,RA2611027010164,RA2611027010168,Event,3,2026-Sem2
EV001449,RA2611027010164,RA2611027010169,Academic,2,2026-Sem2
EV001450,RA2611027010164,RA2611027010170,Academic,1,2026-Sem1
EV001451,RA2611027010164,RA2611027010172,Social,4,2026-Sem2
EV001452,RA2611027010164,RA2611027010173,Academic,3,2026-Sem2
EV001453,RA2611027010164,RA2611027010173,Academic,2,2026-Sem2
EV001454,RA2611027010164,RA2611027010174,Academic,2,2026-Sem2
EV001455,RA2611027010164,RA2611027010175,Project,1,2026-Sem1
EV001456,RA2611027010164,RA2611027010175,Project,4,2026-Sem2
EV001457,RA2611027010164,RA2611027010176,Project,3,2026-Sem1
EV001458,RA2611027010164,RA2611027010180,Event,2,2026-Sem2
EV001459,RA2611027010165,RA2611027010166,Academic,1,2026-Sem1
EV001460,RA2611027010165,RA2611027010167,Event,1,2026-Sem2
EV001461,RA2611027010165,RA2611027010167,Event,1,2026-Sem2
EV001462,RA2611027010165,RA2611027010167,Event,4,2026-Sem1
EV001463,RA2611027010165,RA2611027010172,Project,4,2026-Sem2
EV001464,RA2611027010165,RA2611027010172,Project,1,2026-Sem2
EV001465,RA2611027010165,RA2611027010174,Project,2,2026-Sem1
EV001466,RA2611027010165,RA2611027010174,Project,2,2026-Sem2
EV001467,RA2611027010165,RA2611027010174,Project,4,2026-Sem2
EV001468,RA2611027010165,RA2611027010174,Project,4,2026-Sem1
EV001469,RA2611027010165,RA2611027010175,Project,4,2026-Sem1
EV001470,RA2611027010165,RA2611027010175,Project,1,2026-Sem1
EV001471,RA2611027010165,RA2611027010176,Academic,3,2026-Sem2
EV001472,RA2611027010165,RA2611027010177,Project,1,2026-Sem2
EV001473,RA2611027010165,RA2611027010179,Event,1,2026-Sem1
EV001474,RA2611027010165,RA2611027010179,Event,4,2026-Sem2
EV001475,RA2611027010165,RA2611027010180,Project,1,2026-Sem1
EV001476,RA2611027010165,RA2611027010180,Project,2,2026-Sem2
EV001477,RA2611027010165,RA2611027010180,Project,3,2026-Sem1
EV001478,RA2611027010165,RA2611027010180,Project,2,2026-Sem2
EV001479,RA2611027010165,RA2611027010181,Social,3,2026-Sem2
EV001480,RA2611027010165,RA2611027010182,Social,1,2026-Sem2
EV001481,RA2611027010166,RA2611027010168,Project,3,2026-Sem2
EV001482,RA2611027010166,RA2611027010170,Event,1,2026-Sem1
EV001483,RA2611027010166,RA2611027010171,Project,4,2026-Sem1
EV001484,RA2611027010166,RA2611027010172,Social,1,2026-Sem1
EV001485,RA2611027010166,RA2611027010174,Academic,1,2026-Sem1
EV001486,RA2611027010166,RA2611027010175,Project,2,2026-Sem1
EV001487,RA2611027010166,RA2611027010175,Project,1,2026-Sem1
EV001488,RA2611027010166,RA2611027010175,Project,4,2026-Sem1
EV001489,RA2611027010166,RA2611027010176,Project,3,2026-Sem1
EV001490,RA2611027010166,RA2611027010176,Project,1,2026-Sem2
EV001491,RA2611027010166,RA2611027010176,Project,1,2026-Sem2
EV001492,RA2611027010166,RA2611027010176,Project,4,2026-Sem2
EV001493,RA2611027010166,RA2611027010178,Academic,2,2026-Sem1
EV001494,RA2611027010166,RA2611027010179,Social,1,2026-Sem1
EV001495,RA2611027010166,RA2611027010180,Social,3,2026-Sem2
EV001496,RA2611027010166,RA2611027010181,Event,1,2026-Sem2
EV001497,RA2611027010167,RA2611027010168,Academic,2,2026-Sem1
EV001498,RA2611027010167,RA2611027010168,Academic,2,2026-Sem1
EV001499,RA2611027010167,RA2611027010168,Academic,4,2026-Sem1
EV001500,RA2611027010167,RA2611027010169,Academic,4,2026-Sem2
EV001501,RA2611027010167,RA2611027010170,Project,2,2026-Sem1
EV001502,RA2611027010167,RA2611027010170,Project,4,2026-Sem1
EV001503,RA2611027010167,RA2611027010171,Academic,1,2026-Sem2
EV001504,RA2611027010167,RA2611027010175,Academic,2,2026-Sem1
EV001505,RA2611027010167,RA2611027010175,Academic,3,2026-Sem1
EV001506,RA2611027010167,RA2611027010176,Event,4,2026-Sem1
EV001507,RA2611027010167,RA2611027010176,Event,1,2026-Sem1
EV001508,RA2611027010167,RA2611027010177,Academic,1,2026-Sem1
EV001509,RA2611027010167,RA2611027010179,Project,3,2026-Sem1
EV001510,RA2611027010167,RA2611027010179,Project,4,2026-Sem2
EV001511,RA2611027010167,RA2611027010180,Event,4,2026-Sem2
EV001512,RA2611027010167,RA2611027010181,Academic,2,2026-Sem1
EV001513,RA2611027010167,RA2611027010182,Academic,4,2026-Sem2
EV001514,RA2611027010168,RA2611027010169,Academic,4,2026-Sem2
EV001515,RA2611027010168,RA2611027010169,Academic,1,2026-Sem1
EV001516,RA2611027010168,RA2611027010170,Academic,2,2026-Sem2
EV001517,RA2611027010168,RA2611027010172,Social,3,2026-Sem1
EV001518,RA2611027010168,RA2611027010172,Social,2,2026-Sem2
EV001519,RA2611027010168,RA2611027010173,Event,4,2026-Sem1
EV001520,RA2611027010168,RA2611027010173,Event,2,2026-Sem2
EV001521,RA2611027010168,RA2611027010174,Project,3,2026-Sem2
EV001522,RA2611027010168,RA2611027010175,Event,4,2026-Sem2
EV001523,RA2611027010168,RA2611027010175,Event,2,2026-Sem2
EV001524,RA2611027010168,RA2611027010177,Project,2,2026-Sem2
EV001525,RA2611027010169,RA2611027010170,Project,1,2026-Sem2
EV001526,RA2611027010169,RA2611027010171,Event,3,2026-Sem1
EV001527,RA2611027010169,RA2611027010173,Social,1,2026-Sem2
EV001528,RA2611027010169,RA2611027010176,Project,2,2026-Sem2
EV001529,RA2611027010169,RA2611027010178,Project,4,2026-Sem1
EV001530,RA2611027010169,RA2611027010179,Academic,3,2026-Sem2
EV001531,RA2611027010169,RA2611027010179,Academic,3,2026-Sem2
EV001532,RA2611027010169,RA2611027010182,Academic,2,2026-Sem2
EV001533,RA2611027010170,RA2611027010171,Academic,1,2026-Sem1
EV001534,RA2611027010170,RA2611027010172,Social,2,2026-Sem2
EV001535,RA2611027010170,RA2611027010174,Social,4,2026-Sem2
EV001536,RA2611027010170,RA2611027010176,Event,2,2026-Sem1
EV001537,RA2611027010170,RA2611027010179,Social,3,2026-Sem2
EV001538,RA2611027010170,RA2611027010179,Social,3,2026-Sem2
EV001539,RA2611027010170,RA2611027010181,Social,2,2026-Sem2
EV001540,RA2611027010170,RA2611027010182,Event,2,2026-Sem2
EV001541,RA2611027010171,RA2611027010172,Social,2,2026-Sem2
EV001542,RA2611027010171,RA2611027010172,Social,2,2026-Sem2
EV001543,RA2611027010171,RA2611027010172,Social,3,2026-Sem1
EV001544,RA2611027010171,RA2611027010173,Social,3,2026-Sem2
EV001545,RA2611027010171,RA2611027010173,Social,2,2026-Sem1
EV001546,RA2611027010171,RA2611027010174,Academic,1,2026-Sem2
EV001547,RA2611027010171,RA2611027010175,Social,4,2026-Sem1
EV001548,RA2611027010171,RA2611027010175,Social,2,2026-Sem2
EV001549,RA2611027010171,RA2611027010176,Project,2,2026-Sem2
EV001550,RA2611027010171,RA2611027010178,Academic,3,2026-Sem2
EV001551,RA2611027010171,RA2611027010178,Academic,4,2026-Sem1
EV001552,RA2611027010171,RA2611027010182,Project,2,2026-Sem1
EV001553,RA2611027010171,RA2611027010182,Project,4,2026-Sem2
EV001554,RA2611027010171,RA2611027010182,Project,1,2026-Sem2
EV001555,RA2611027010172,RA2611027010173,Event,4,2026-Sem2
EV001556,RA2611027010172,RA2611027010174,Event,2,2026-Sem1
EV001557,RA2611027010172,RA2611027010177,Event,3,2026-Sem2
EV001558,RA2611027010172,RA2611027010178,Social,3,2026-Sem1
EV001559,RA2611027010172,RA2611027010182,Project,2,2026-Sem2
EV001560,RA2611027010172,RA2611027010182,Project,3,2026-Sem1
EV001561,RA2611027010173,RA2611027010174,Project,1,2026-Sem2
EV001562,RA2611027010173,RA2611027010179,Social,1,2026-Sem2
EV001563,RA2611027010173,RA2611027010181,Social,2,2026-Sem1
EV001564,RA2611027010173,RA2611027010182,Project,3,2026-Sem2
EV001565,RA2611027010174,RA2611027010176,Event,3,2026-Sem1
EV001566,RA2611027010174,RA2611027010176,Event,4,2026-Sem2
EV001567,RA2611027010174,RA2611027010177,Social,1,2026-Sem1
EV001568,RA2611027010174,RA2611027010180,Social,4,2026-Sem2
EV001569,RA2611027010174,RA2611027010181,Event,4,2026-Sem2
EV001570,RA2611027010174,RA2611027010182,Academic,3,2026-Sem1
EV001571,RA2611027010175,RA2611027010176,Project,3,2026-Sem2
EV001572,RA2611027010175,RA2611027010177,Social,3,2026-Sem1
EV001573,RA2611027010175,RA2611027010178,Academic,3,2026-Sem1
EV001574,RA2611027010175,RA2611027010179,Project,2,2026-Sem2
EV001575,RA2611027010175,RA2611027010180,Social,1,2026-Sem2
EV001576,RA2611027010175,RA2611027010181,Social,4,2026-Sem2
EV001577,RA2611027010176,RA2611027010178,Social,2,2026-Sem1
EV001578,RA2611027010176,RA2611027010178,Social,3,2026-Sem1
EV001579,RA2611027010176,RA2611027010179,Event,3,2026-Sem2
EV001580,RA2611027010176,RA2611027010180,Event,1,2026-Sem1
EV001581,RA2611027010176,RA2611027010181,Project,1,2026-Sem2
EV001582,RA2611027010176,RA2611027010182,Project,1,2026-Sem1
EV001583,RA2611027010177,RA2611027010178,Project,3,2026-Sem1
EV001584,RA2611027010177,RA2611027010179,Academic,1,2026-Sem2
EV001585,RA2611027010177,RA2611027010179,Academic,4,2026-Sem1
EV001586,RA2611027010177,RA2611027010179,Academic,2,2026-Sem2
EV001587,RA2611027010178,RA2611027010179,Event,2,2026-Sem2
EV001588,RA2611027010178,RA2611027010179,Event,4,2026-Sem2
EV001589,RA2611027010178,RA2611027010180,Event,4,2026-Sem2
EV001590,RA2611027010179,RA2611027010180,Social,1,2026-Sem1
EV001591,RA2611027010180,RA2611027010181,Academic,2,2026-Sem1
EV001592,RA2611027010180,RA2611027010182,Academic,1,2026-Sem1
EV001593,RA2611027010181,RA2611027010182,Event,1,2026-Sem2
EV001594,RA2611027010181,RA2611027010182,Event,2,2026-Sem2
EV001595,RA2611027010181,RA2611027010182,Event,3,2026-Sem2
EV001596,RA2311028010183,RA2311028010184,Project,3,2026-Sem1
EV001597,RA2311028010183,RA2311028010185,Academic,3,2026-Sem1
EV001598,RA2311028010183,RA2311028010185,Academic,4,2026-Sem1
EV001599,RA2311028010183,RA2311028010186,Academic,1,2026-Sem1
EV001600,RA2311028010183,RA2311028010189,Academic,3,2026-Sem2
EV001601,RA2311028010183,RA2311028010189,Academic,4,2026-Sem1
EV001602,RA2311028010183,RA2311028010192,Social,2,2026-Sem1
EV001603,RA2311028010183,RA2311028010192,Social,3,2026-Sem1
EV001604,RA2311028010183,RA2311028010192,Social,2,2026-Sem2
EV001605,RA2311028010183,RA2311028010194,Event,2,2026-Sem1
EV001606,RA2311028010183,RA2311028010194,Event,3,2026-Sem1
EV001607,RA2311028010183,RA2311028010195,Academic,3,2026-Sem2
EV001608,RA2311028010183,RA2311028010196,Project,3,2026-Sem1
EV001609,RA2311028010183,RA2311028010196,Project,4,2026-Sem1
EV001610,RA2311028010183,RA2311028010197,Event,2,2026-Sem2
EV001611,RA2311028010183,RA2311028010198,Academic,4,2026-Sem2
EV001612,RA2311028010183,RA2311028010199,Academic,2,2026-Sem1
EV001613,RA2311028010183,RA2311028010200,Social,2,2026-Sem1
EV001614,RA2311028010183,RA2311028010201,Event,4,2026-Sem1
EV001615,RA2311028010183,RA2311028010202,Event,3,2026-Sem1
EV001616,RA2311028010183,RA2311028010203,Event,2,2026-Sem1
EV001617,RA2311028010183,RA2311028010203,Event,3,2026-Sem2
EV001618,RA2311028010183,RA2311028010205,Event,1,2026-Sem1
EV001619,RA2311028010184,RA2311028010185,Event,2,2026-Sem2
EV001620,RA2311028010184,RA2311028010186,Social,2,2026-Sem2
EV001621,RA2311028010184,RA2311028010186,Social,3,2026-Sem2
EV001622,RA2311028010184,RA2311028010187,Project,2,2026-Sem2
EV001623,RA2311028010184,RA2311028010187,Project,4,2026-Sem2
EV001624,RA2311028010184,RA2311028010190,Project,1,2026-Sem1
EV001625,RA2311028010184,RA2311028010191,Social,4,2026-Sem2
EV001626,RA2311028010184,RA2311028010191,Social,2,2026-Sem1
EV001627,RA2311028010184,RA2311028010192,Academic,1,2026-Sem2
EV001628,RA2311028010184,RA2311028010194,Academic,1,2026-Sem1
EV001629,RA2311028010184,RA2311028010194,Academic,3,2026-Sem2
EV001630,RA2311028010184,RA2311028010194,Academic,2,2026-Sem1
EV001631,RA2311028010184,RA2311028010195,Event,1,2026-Sem1
EV001632,RA2311028010184,RA2311028010196,Social,1,2026-Sem2
EV001633,RA2311028010184,RA2311028010197,Event,3,2026-Sem2
EV001634,RA2311028010184,RA2311028010197,Event,3,2026-Sem1
EV001635,RA2311028010184,RA2311028010197,Event,2,2026-Sem2
EV001636,RA2311028010184,RA2311028010198,Social,4,2026-Sem1
EV001637,RA2311028010184,RA2311028010198,Social,1,2026-Sem1
EV001638,RA2311028010184,RA2311028010199,Project,4,2026-Sem1
EV001639,RA2311028010184,RA2311028010200,Project,3,2026-Sem1
EV001640,RA2311028010184,RA2311028010200,Project,3,2026-Sem1
EV001641,RA2311028010184,RA2311028010202,Project,1,2026-Sem2
EV001642,RA2311028010184,RA2311028010203,Project,4,2026-Sem2
EV001643,RA2311028010185,RA2311028010186,Academic,3,2026-Sem2
EV001644,RA2311028010185,RA2311028010186,Academic,3,2026-Sem1
EV001645,RA2311028010185,RA2311028010186,Academic,4,2026-Sem2
EV001646,RA2311028010185,RA2311028010187,Social,1,2026-Sem2
EV001647,RA2311028010185,RA2311028010187,Social,4,2026-Sem1
EV001648,RA2311028010185,RA2311028010188,Event,2,2026-Sem2
EV001649,RA2311028010185,RA2311028010189,Academic,2,2026-Sem1
EV001650,RA2311028010185,RA2311028010189,Academic,3,2026-Sem2
EV001651,RA2311028010185,RA2311028010190,Academic,3,2026-Sem2
EV001652,RA2311028010185,RA2311028010192,Social,2,2026-Sem1
EV001653,RA2311028010185,RA2311028010194,Project,3,2026-Sem1
EV001654,RA2311028010185,RA2311028010195,Academic,2,2026-Sem2
EV001655,RA2311028010185,RA2311028010196,Academic,3,2026-Sem2
EV001656,RA2311028010185,RA2311028010197,Social,4,2026-Sem1
EV001657,RA2311028010185,RA2311028010197,Social,4,2026-Sem1
EV001658,RA2311028010185,RA2311028010202,Event,1,2026-Sem2
EV001659,RA2311028010185,RA2311028010202,Event,4,2026-Sem2
EV001660,RA2311028010185,RA2311028010202,Event,4,2026-Sem2
EV001661,RA2311028010185,RA2311028010203,Project,2,2026-Sem2
EV001662,RA2311028010185,RA2311028010203,Project,3,2026-Sem2
EV001663,RA2311028010186,RA2311028010187,Event,1,2026-Sem1
EV001664,RA2311028010186,RA2311028010187,Event,4,2026-Sem1
EV001665,RA2311028010186,RA2311028010187,Event,2,2026-Sem2
EV001666,RA2311028010186,RA2311028010189,Social,1,2026-Sem1
EV001667,RA2311028010186,RA2311028010193,Social,2,2026-Sem2
EV001668,RA2311028010186,RA2311028010194,Academic,4,2026-Sem1
EV001669,RA2311028010186,RA2311028010194,Academic,1,2026-Sem1
EV001670,RA2311028010186,RA2311028010195,Social,1,2026-Sem1
EV001671,RA2311028010186,RA2311028010198,Project,3,2026-Sem2
EV001672,RA2311028010186,RA2311028010199,Social,1,2026-Sem1
EV001673,RA2311028010186,RA2311028010202,Project,2,2026-Sem1
EV001674,RA2311028010186,RA2311028010203,Social,1,2026-Sem2
EV001675,RA2311028010186,RA2311028010205,Project,2,2026-Sem1
EV001676,RA2311028010186,RA2311028010205,Project,4,2026-Sem1
EV001677,RA2311028010187,RA2311028010188,Academic,1,2026-Sem2
EV001678,RA2311028010187,RA2311028010189,Event,4,2026-Sem1
EV001679,RA2311028010187,RA2311028010191,Academic,4,2026-Sem2
EV001680,RA2311028010187,RA2311028010191,Academic,2,2026-Sem1
EV001681,RA2311028010187,RA2311028010192,Social,3,2026-Sem2
EV001682,RA2311028010187,RA2311028010196,Social,2,2026-Sem2
EV001683,RA2311028010187,RA2311028010198,Event,3,2026-Sem1
EV001684,RA2311028010187,RA2311028010199,Social,2,2026-Sem2
EV001685,RA2311028010187,RA2311028010201,Academic,2,2026-Sem1
EV001686,RA2311028010187,RA2311028010201,Academic,3,2026-Sem2
EV001687,RA2311028010187,RA2311028010202,Academic,1,2026-Sem2
EV001688,RA2311028010187,RA2311028010203,Academic,2,2026-Sem1
EV001689,RA2311028010187,RA2311028010205,Social,1,2026-Sem1
EV001690,RA2311028010188,RA2311028010189,Social,3,2026-Sem1
EV001691,RA2311028010188,RA2311028010190,Social,1,2026-Sem1
EV001692,RA2311028010188,RA2311028010191,Event,3,2026-Sem1
EV001693,RA2311028010188,RA2311028010191,Event,2,2026-Sem1
EV001694,RA2311028010188,RA2311028010192,Event,2,2026-Sem2
EV001695,RA2311028010188,RA2311028010193,Project,3,2026-Sem1
EV001696,RA2311028010188,RA2311028010193,Project,3,2026-Sem1
EV001697,RA2311028010188,RA2311028010193,Project,4,2026-Sem1
EV001698,RA2311028010188,RA2311028010198,Event,1,2026-Sem1
EV001699,RA2311028010188,RA2311028010201,Academic,1,2026-Sem2
EV001700,RA2311028010188,RA2311028010202,Social,2,2026-Sem2
EV001701,RA2311028010188,RA2311028010202,Social,3,2026-Sem2
EV001702,RA2311028010188,RA2311028010203,Academic,2,2026-Sem2
EV001703,RA2311028010189,RA2311028010190,Social,3,2026-Sem1
EV001704,RA2311028010189,RA2311028010192,Social,2,2026-Sem1
EV001705,RA2311028010189,RA2311028010193,Social,2,2026-Sem1
EV001706,RA2311028010189,RA2311028010194,Social,2,2026-Sem1
EV001707,RA2311028010189,RA2311028010194,Social,4,2026-Sem1
EV001708,RA2311028010189,RA2311028010196,Project,3,2026-Sem1
EV001709,RA2311028010189,RA2311028010196,Project,4,2026-Sem2
EV001710,RA2311028010189,RA2311028010196,Project,3,2026-Sem2
EV001711,RA2311028010189,RA2311028010197,Social,4,2026-Sem2
EV001712,RA2311028010189,RA2311028010198,Event,4,2026-Sem2
EV001713,RA2311028010189,RA2311028010198,Event,3,2026-Sem1
EV001714,RA2311028010189,RA2311028010199,Social,3,2026-Sem1
EV001715,RA2311028010189,RA2311028010205,Event,1,2026-Sem2
EV001716,RA2311028010189,RA2311028010205,Event,3,2026-Sem1
EV001717,RA2311028010189,RA2311028010205,Event,2,2026-Sem2
EV001718,RA2311028010190,RA2311028010191,Project,2,2026-Sem2
EV001719,RA2311028010190,RA2311028010192,Social,2,2026-Sem1
EV001720,RA2311028010190,RA2311028010192,Social,3,2026-Sem1
EV001721,RA2311028010190,RA2311028010193,Event,2,2026-Sem2
EV001722,RA2311028010190,RA2311028010194,Social,2,2026-Sem2
EV001723,RA2311028010190,RA2311028010194,Social,3,2026-Sem2
EV001724,RA2311028010190,RA2311028010195,Event,2,2026-Sem1
EV001725,RA2311028010190,RA2311028010196,Academic,1,2026-Sem1
EV001726,RA2311028010190,RA2311028010197,Social,1,2026-Sem1
EV001727,RA2311028010190,RA2311028010197,Social,4,2026-Sem2
EV001728,RA2311028010190,RA2311028010197,Social,3,2026-Sem1
EV001729,RA2311028010190,RA2311028010199,Project,2,2026-Sem1
EV001730,RA2311028010190,RA2311028010200,Event,3,2026-Sem2
EV001731,RA2311028010190,RA2311028010201,Event,3,2026-Sem1
EV001732,RA2311028010190,RA2311028010203,Project,1,2026-Sem2
EV001733,RA2311028010191,RA2311028010192,Project,2,2026-Sem1
EV001734,RA2311028010191,RA2311028010193,Project,1,2026-Sem1
EV001735,RA2311028010191,RA2311028010195,Social,4,2026-Sem1
EV001736,RA2311028010191,RA2311028010195,Social,2,2026-Sem2
EV001737,RA2311028010191,RA2311028010196,Event,3,2026-Sem2
EV001738,RA2311028010191,RA2311028010199,Project,1,2026-Sem2
EV001739,RA2311028010191,RA2311028010199,Project,2,2026-Sem1
EV001740,RA2311028010191,RA2311028010199,Project,1,2026-Sem2
EV001741,RA2311028010191,RA2311028010199,Project,2,2026-Sem1
EV001742,RA2311028010191,RA2311028010199,Project,3,2026-Sem1
EV001743,RA2311028010191,RA2311028010201,Event,4,2026-Sem2
EV001744,RA2311028010191,RA2311028010203,Social,2,2026-Sem1
EV001745,RA2311028010191,RA2311028010203,Social,2,2026-Sem1
EV001746,RA2311028010191,RA2311028010203,Social,3,2026-Sem1
EV001747,RA2311028010191,RA2311028010205,Project,4,2026-Sem1
EV001748,RA2311028010191,RA2311028010205,Project,2,2026-Sem2
EV001749,RA2311028010192,RA2311028010193,Social,2,2026-Sem2
EV001750,RA2311028010192,RA2311028010194,Academic,1,2026-Sem1
EV001751,RA2311028010192,RA2311028010197,Event,3,2026-Sem2
EV001752,RA2311028010192,RA2311028010199,Event,2,2026-Sem2
EV001753,RA2311028010192,RA2311028010202,Academic,3,2026-Sem2
EV001754,RA2311028010192,RA2311028010203,Event,2,2026-Sem1
EV001755,RA2311028010192,RA2311028010205,Event,1,2026-Sem2
EV001756,RA2311028010192,RA2311028010205,Event,2,2026-Sem2
EV001757,RA2311028010192,RA2311028010205,Event,3,2026-Sem2
EV001758,RA2311028010193,RA2311028010194,Academic,3,2026-Sem1
EV001759,RA2311028010193,RA2311028010195,Social,2,2026-Sem2
EV001760,RA2311028010193,RA2311028010198,Academic,1,2026-Sem2
EV001761,RA2311028010193,RA2311028010199,Event,4,2026-Sem2
EV001762,RA2311028010193,RA2311028010200,Event,1,2026-Sem1
EV001763,RA2311028010193,RA2311028010201,Academic,3,2026-Sem1
EV001764,RA2311028010193,RA2311028010201,Academic,1,2026-Sem2
EV001765,RA2311028010193,RA2311028010201,Academic,3,2026-Sem2
EV001766,RA2311028010193,RA2311028010201,Academic,2,2026-Sem1
EV001767,RA2311028010193,RA2311028010202,Academic,2,2026-Sem1
EV001768,RA2311028010193,RA2311028010203,Event,2,2026-Sem1
EV001769,RA2311028010193,RA2311028010203,Event,3,2026-Sem1
EV001770,RA2311028010193,RA2311028010205,Project,1,2026-Sem2
EV001771,RA2311028010194,RA2311028010195,Event,2,2026-Sem1
EV001772,RA2311028010194,RA2311028010198,Academic,2,2026-Sem2
EV001773,RA2311028010194,RA2311028010201,Event,1,2026-Sem1
EV001774,RA2311028010194,RA2311028010202,Project,2,2026-Sem2
EV001775,RA2311028010194,RA2311028010202,Project,3,2026-Sem1
EV001776,RA2311028010194,RA2311028010202,Project,2,2026-Sem1
EV001777,RA2311028010194,RA2311028010203,Event,3,2026-Sem2
EV001778,RA2311028010194,RA2311028010203,Event,3,2026-Sem2
EV001779,RA2311028010194,RA2311028010205,Project,2,2026-Sem2
EV001780,RA2311028010195,RA2311028010197,Academic,1,2026-Sem1
EV001781,RA2311028010195,RA2311028010199,Project,3,2026-Sem1
EV001782,RA2311028010195,RA2311028010201,Social,1,2026-Sem1
EV001783,RA2311028010195,RA2311028010205,Academic,2,2026-Sem2
EV001784,RA2311028010196,RA2311028010198,Academic,1,2026-Sem1
EV001785,RA2311028010196,RA2311028010198,Academic,3,2026-Sem2
EV001786,RA2311028010196,RA2311028010198,Academic,2,2026-Sem2
EV001787,RA2311028010196,RA2311028010199,Academic,2,2026-Sem2
EV001788,RA2311028010196,RA2311028010200,Academic,1,2026-Sem2
EV001789,RA2311028010196,RA2311028010201,Academic,2,2026-Sem1
EV001790,RA2311028010196,RA2311028010202,Academic,4,2026-Sem1
EV001791,RA2311028010197,RA2311028010198,Academic,2,2026-Sem1
EV001792,RA2311028010197,RA2311028010199,Social,4,2026-Sem1
EV001793,RA2311028010197,RA2311028010199,Social,4,2026-Sem1
EV001794,RA2311028010197,RA2311028010202,Project,1,2026-Sem1
EV001795,RA2311028010197,RA2311028010202,Project,4,2026-Sem1
EV001796,RA2311028010197,RA2311028010205,Project,2,2026-Sem2
EV001797,RA2311028010198,RA2311028010199,Social,2,2026-Sem1
EV001798,RA2311028010198,RA2311028010199,Social,4,2026-Sem1
EV001799,RA2311028010198,RA2311028010200,Project,1,2026-Sem2
EV001800,RA2311028010198,RA2311028010201,Project,2,2026-Sem1
EV001801,RA2311028010198,RA2311028010202,Event,3,2026-Sem1
EV001802,RA2311028010198,RA2311028010203,Event,1,2026-Sem1
EV001803,RA2311028010198,RA2311028010205,Social,2,2026-Sem2
EV001804,RA2311028010199,RA2311028010200,Project,1,2026-Sem2
EV001805,RA2311028010199,RA2311028010201,Social,1,2026-Sem1
EV001806,RA2311028010199,RA2311028010201,Social,3,2026-Sem1
EV001807,RA2311028010199,RA2311028010201,Social,2,2026-Sem1
EV001808,RA2311028010199,RA2311028010202,Event,1,2026-Sem1
EV001809,RA2311028010199,RA2311028010205,Project,1,2026-Sem1
EV001810,RA2311028010199,RA2311028010205,Project,2,2026-Sem2
EV001811,RA2311028010199,RA2311028010205,Project,4,2026-Sem1
EV001812,RA2311028010200,RA2311028010201,Social,2,2026-Sem1
EV001813,RA2311028010200,RA2311028010201,Social,3,2026-Sem1
EV001814,RA2311028010200,RA2311028010202,Academic,4,2026-Sem1
EV001815,RA2311028010200,RA2311028010203,Event,1,2026-Sem2
EV001816,RA2311028010201,RA2311028010203,Social,2,2026-Sem1
EV001817,RA2311028010202,RA2311028010203,Academic,1,2026-Sem2
EV001818,RA2311028010203,RA2311028010205,Academic,1,2026-Sem1
EV001819,RA2411028010206,RA2411028010207,Academic,1,2026-Sem2
EV001820,RA2411028010206,RA2411028010209,Event,3,2026-Sem1
EV001821,RA2411028010206,RA2411028010211,Social,2,2026-Sem1
EV001822,RA2411028010206,RA2411028010213,Project,4,2026-Sem1
EV001823,RA2411028010206,RA2411028010216,Academic,2,2026-Sem2
EV001824,RA2411028010206,RA2411028010221,Social,3,2026-Sem1
EV001825,RA2411028010206,RA2411028010225,Project,4,2026-Sem1
EV001826,RA2411028010206,RA2411028010225,Project,4,2026-Sem2
EV001827,RA2411028010206,RA2411028010225,Project,1,2026-Sem2
EV001828,RA2411028010206,RA2411028010227,Project,3,2026-Sem2
EV001829,RA2411028010206,RA2411028010228,Project,4,2026-Sem2
EV001830,RA2411028010207,RA2411028010209,Event,2,2026-Sem1
EV001831,RA2411028010207,RA2411028010209,Event,3,2026-Sem1
EV001832,RA2411028010207,RA2411028010211,Event,1,2026-Sem2
EV001833,RA2411028010207,RA2411028010211,Event,4,2026-Sem1
EV001834,RA2411028010207,RA2411028010212,Academic,1,2026-Sem1
EV001835,RA2411028010207,RA2411028010213,Event,3,2026-Sem2
EV001836,RA2411028010207,RA2411028010215,Event,1,2026-Sem1
EV001837,RA2411028010207,RA2411028010215,Event,4,2026-Sem1
EV001838,RA2411028010207,RA2411028010215,Event,3,2026-Sem2
EV001839,RA2411028010207,RA2411028010217,Social,1,2026-Sem2
EV001840,RA2411028010207,RA2411028010217,Social,2,2026-Sem2
EV001841,RA2411028010207,RA2411028010217,Social,3,2026-Sem2
EV001842,RA2411028010207,RA2411028010218,Event,1,2026-Sem2
EV001843,RA2411028010207,RA2411028010218,Event,1,2026-Sem1
EV001844,RA2411028010207,RA2411028010218,Event,4,2026-Sem1
EV001845,RA2411028010207,RA2411028010219,Project,3,2026-Sem2
EV001846,RA2411028010207,RA2411028010220,Social,2,2026-Sem1
EV001847,RA2411028010207,RA2411028010221,Event,1,2026-Sem2
EV001848,RA2411028010207,RA2411028010222,Social,4,2026-Sem1
EV001849,RA2411028010207,RA2411028010223,Social,1,2026-Sem1
EV001850,RA2411028010207,RA2411028010227,Social,1,2026-Sem1
EV001851,RA2411028010208,RA2411028010210,Project,1,2026-Sem2
EV001852,RA2411028010208,RA2411028010211,Project,1,2026-Sem2
EV001853,RA2411028010208,RA2411028010212,Project,2,2026-Sem2
EV001854,RA2411028010208,RA2411028010214,Event,3,2026-Sem2
EV001855,RA2411028010208,RA2411028010215,Academic,3,2026-Sem2
EV001856,RA2411028010208,RA2411028010215,Academic,2,2026-Sem2
EV001857,RA2411028010208,RA2411028010217,Academic,4,2026-Sem1
EV001858,RA2411028010208,RA2411028010218,Event,1,2026-Sem2
EV001859,RA2411028010208,RA2411028010219,Social,2,2026-Sem2
EV001860,RA2411028010208,RA2411028010221,Academic,3,2026-Sem2
EV001861,RA2411028010208,RA2411028010221,Academic,3,2026-Sem1
EV001862,RA2411028010208,RA2411028010222,Academic,4,2026-Sem1
EV001863,RA2411028010208,RA2411028010225,Academic,2,2026-Sem2
EV001864,RA2411028010208,RA2411028010227,Social,3,2026-Sem2
EV001865,RA2411028010208,RA2411028010228,Academic,4,2026-Sem2
EV001866,RA2411028010209,RA2411028010213,Academic,2,2026-Sem1
EV001867,RA2411028010209,RA2411028010214,Event,1,2026-Sem1
EV001868,RA2411028010209,RA2411028010215,Event,4,2026-Sem2
EV001869,RA2411028010209,RA2411028010216,Event,2,2026-Sem2
EV001870,RA2411028010209,RA2411028010217,Event,1,2026-Sem2
EV001871,RA2411028010209,RA2411028010217,Event,4,2026-Sem1
EV001872,RA2411028010209,RA2411028010218,Project,3,2026-Sem2
EV001873,RA2411028010209,RA2411028010219,Event,4,2026-Sem1
EV001874,RA2411028010209,RA2411028010220,Project,2,2026-Sem2
EV001875,RA2411028010209,RA2411028010221,Event,2,2026-Sem2
EV001876,RA2411028010209,RA2411028010223,Event,3,2026-Sem1
EV001877,RA2411028010209,RA2411028010225,Social,2,2026-Sem1
EV001878,RA2411028010210,RA2411028010211,Social,4,2026-Sem2
EV001879,RA2411028010210,RA2411028010213,Project,3,2026-Sem2
EV001880,RA2411028010210,RA2411028010215,Social,1,2026-Sem2
EV001881,RA2411028010210,RA2411028010217,Academic,2,2026-Sem1
EV001882,RA2411028010210,RA2411028010219,Social,1,2026-Sem1
EV001883,RA2411028010210,RA2411028010221,Event,3,2026-Sem2
EV001884,RA2411028010210,RA2411028010222,Project,1,2026-Sem2
EV001885,RA2411028010210,RA2411028010223,Social,3,2026-Sem2
EV001886,RA2411028010211,RA2411028010213,Academic,2,2026-Sem1
EV001887,RA2411028010211,RA2411028010214,Project,4,2026-Sem1
EV001888,RA2411028010211,RA2411028010214,Project,1,2026-Sem1
EV001889,RA2411028010211,RA2411028010215,Academic,3,2026-Sem2
EV001890,RA2411028010211,RA2411028010217,Social,4,2026-Sem2
EV001891,RA2411028010211,RA2411028010219,Academic,1,2026-Sem1
EV001892,RA2411028010211,RA2411028010222,Event,3,2026-Sem1
EV001893,RA2411028010211,RA2411028010227,Academic,1,2026-Sem1
EV001894,RA2411028010211,RA2411028010228,Event,3,2026-Sem1
EV001895,RA2411028010212,RA2411028010214,Social,2,2026-Sem2
EV001896,RA2411028010212,RA2411028010215,Project,1,2026-Sem2
EV001897,RA2411028010212,RA2411028010217,Social,2,2026-Sem1
EV001898,RA2411028010212,RA2411028010219,Academic,4,2026-Sem2
EV001899,RA2411028010212,RA2411028010223,Social,2,2026-Sem2
EV001900,RA2411028010212,RA2411028010225,Event,4,2026-Sem2
EV001901,RA2411028010212,RA2411028010227,Event,3,2026-Sem2
EV001902,RA2411028010213,RA2411028010216,Project,3,2026-Sem1
EV001903,RA2411028010213,RA2411028010217,Social,3,2026-Sem2
EV001904,RA2411028010213,RA2411028010218,Project,4,2026-Sem2
EV001905,RA2411028010213,RA2411028010220,Project,2,2026-Sem1
EV001906,RA2411028010213,RA2411028010222,Project,3,2026-Sem1
EV001907,RA2411028010213,RA2411028010228,Project,2,2026-Sem1
EV001908,RA2411028010214,RA2411028010215,Academic,1,2026-Sem2
EV001909,RA2411028010214,RA2411028010217,Academic,1,2026-Sem1
EV001910,RA2411028010214,RA2411028010217,Academic,4,2026-Sem2
EV001911,RA2411028010214,RA2411028010219,Event,2,2026-Sem2
EV001912,RA2411028010214,RA2411028010225,Project,1,2026-Sem1
EV001913,RA2411028010214,RA2411028010227,Social,4,2026-Sem2
EV001914,RA2411028010214,RA2411028010228,Project,2,2026-Sem1
EV001915,RA2411028010215,RA2411028010216,Academic,4,2026-Sem1
EV001916,RA2411028010215,RA2411028010217,Event,3,2026-Sem1
EV001917,RA2411028010215,RA2411028010217,Event,2,2026-Sem2
EV001918,RA2411028010215,RA2411028010218,Event,3,2026-Sem1
EV001919,RA2411028010215,RA2411028010219,Project,2,2026-Sem1
EV001920,RA2411028010215,RA2411028010220,Academic,4,2026-Sem2
EV001921,RA2411028010215,RA2411028010220,Academic,4,2026-Sem1
EV001922,RA2411028010215,RA2411028010222,Project,4,2026-Sem2
EV001923,RA2411028010215,RA2411028010222,Project,1,2026-Sem2
EV001924,RA2411028010215,RA2411028010223,Event,1,2026-Sem2
EV001925,RA2411028010215,RA2411028010223,Event,4,2026-Sem2
EV001926,RA2411028010215,RA2411028010223,Event,1,2026-Sem2
EV001927,RA2411028010215,RA2411028010225,Social,4,2026-Sem2
EV001928,RA2411028010215,RA2411028010225,Social,2,2026-Sem1
EV001929,RA2411028010215,RA2411028010228,Academic,4,2026-Sem1
EV001930,RA2411028010216,RA2411028010219,Academic,3,2026-Sem2
EV001931,RA2411028010216,RA2411028010220,Academic,2,2026-Sem1
EV001932,RA2411028010216,RA2411028010220,Academic,1,2026-Sem2
EV001933,RA2411028010216,RA2411028010220,Academic,4,2026-Sem1
EV001934,RA2411028010216,RA2411028010221,Event,4,2026-Sem1
EV001935,RA2411028010216,RA2411028010221,Event,4,2026-Sem1
EV001936,RA2411028010216,RA2411028010221,Event,4,2026-Sem1
EV001937,RA2411028010216,RA2411028010222,Event,3,2026-Sem2
EV001938,RA2411028010216,RA2411028010225,Social,3,2026-Sem1
EV001939,RA2411028010217,RA2411028010218,Project,3,2026-Sem1
EV001940,RA2411028010217,RA2411028010219,Academic,4,2026-Sem1
EV001941,RA2411028010217,RA2411028010221,Event,1,2026-Sem1
EV001942,RA2411028010217,RA2411028010222,Project,4,2026-Sem1
EV001943,RA2411028010217,RA2411028010222,Project,1,2026-Sem2
EV001944,RA2411028010217,RA2411028010227,Event,2,2026-Sem2
EV001945,RA2411028010217,RA2411028010228,Event,4,2026-Sem1
EV001946,RA2411028010218,RA2411028010220,Event,1,2026-Sem2
EV001947,RA2411028010218,RA2411028010221,Project,1,2026-Sem1
EV001948,RA2411028010218,RA2411028010221,Project,4,2026-Sem2
EV001949,RA2411028010218,RA2411028010222,Academic,1,2026-Sem2
EV001950,RA2411028010218,RA2411028010222,Academic,4,2026-Sem1
EV001951,RA2411028010218,RA2411028010225,Event,1,2026-Sem1
EV001952,RA2411028010218,RA2411028010225,Event,4,2026-Sem2
EV001953,RA2411028010218,RA2411028010228,Project,2,2026-Sem1
EV001954,RA2411028010219,RA2411028010220,Project,2,2026-Sem1
EV001955,RA2411028010219,RA2411028010220,Project,3,2026-Sem2
EV001956,RA2411028010219,RA2411028010220,Project,2,2026-Sem1
EV001957,RA2411028010219,RA2411028010221,Project,1,2026-Sem1
EV001958,RA2411028010219,RA2411028010222,Academic,2,2026-Sem1
EV001959,RA2411028010219,RA2411028010223,Event,2,2026-Sem1
EV001960,RA2411028010219,RA2411028010225,Project,1,2026-Sem2
EV001961,RA2411028010219,RA2411028010225,Project,4,2026-Sem1
EV001962,RA2411028010219,RA2411028010225,Project,4,2026-Sem2
EV001963,RA2411028010219,RA2411028010227,Social,1,2026-Sem2
EV001964,RA2411028010219,RA2411028010228,Event,3,2026-Sem2
EV001965,RA2411028010220,RA2411028010221,Event,2,2026-Sem2
EV001966,RA2411028010220,RA2411028010222,Event,3,2026-Sem2
EV001967,RA2411028010220,RA2411028010223,Academic,2,2026-Sem2
EV001968,RA2411028010220,RA2411028010225,Project,1,2026-Sem2
EV001969,RA2411028010220,RA2411028010227,Social,1,2026-Sem1
EV001970,RA2411028010221,RA2411028010225,Academic,1,2026-Sem2
EV001971,RA2411028010221,RA2411028010227,Project,1,2026-Sem1
EV001972,RA2411028010221,RA2411028010228,Project,2,2026-Sem1
EV001973,RA2411028010221,RA2411028010228,Project,4,2026-Sem1
EV001974,RA2411028010221,RA2411028010228,Project,3,2026-Sem1
EV001975,RA2411028010222,RA2411028010225,Academic,1,2026-Sem2
EV001976,RA2411028010222,RA2411028010227,Social,4,2026-Sem2
EV001977,RA2411028010222,RA2411028010227,Social,3,2026-Sem2
EV001978,RA2411028010223,RA2411028010228,Event,1,2026-Sem2
EV001979,RA2411028010225,RA2411028010228,Event,3,2026-Sem1
EV001980,RA2511028010230,RA2511028010231,Academic,4,2026-Sem1
EV001981,RA2511028010230,RA2511028010233,Academic,3,2026-Sem1
EV001982,RA2511028010230,RA2511028010237,Social,2,2026-Sem2
EV001983,RA2511028010230,RA2511028010238,Social,1,2026-Sem2
EV001984,RA2511028010230,RA2511028010238,Social,2,2026-Sem2
EV001985,RA2511028010230,RA2511028010238,Social,4,2026-Sem1
EV001986,RA2511028010230,RA2511028010238,Social,1,2026-Sem1
EV001987,RA2511028010230,RA2511028010240,Event,3,2026-Sem2
EV001988,RA2511028010230,RA2511028010242,Project,2,2026-Sem1
EV001989,RA2511028010230,RA2511028010242,Project,2,2026-Sem2
EV001990,RA2511028010230,RA2511028010242,Project,3,2026-Sem2
EV001991,RA2511028010230,RA2511028010243,Social,3,2026-Sem2
EV001992,RA2511028010230,RA2511028010243,Social,2,2026-Sem2
EV001993,RA2511028010230,RA2511028010243,Social,1,2026-Sem2
EV001994,RA2511028010230,RA2511028010243,Social,4,2026-Sem2
EV001995,RA2511028010230,RA2511028010244,Academic,3,2026-Sem2
EV001996,RA2511028010230,RA2511028010247,Event,2,2026-Sem1
EV001997,RA2511028010230,RA2511028010248,Project,1,2026-Sem2
EV001998,RA2511028010230,RA2511028010249,Social,2,2026-Sem1
EV001999,RA2511028010230,RA2511028010250,Social,3,2026-Sem1
EV002000,RA2511028010231,RA2511028010232,Academic,1,2026-Sem1
EV002001,RA2511028010231,RA2511028010233,Event,1,2026-Sem2
EV002002,RA2511028010231,RA2511028010233,Event,4,2026-Sem1
EV002003,RA2511028010231,RA2511028010234,Academic,1,2026-Sem1
EV002004,RA2511028010231,RA2511028010234,Academic,2,2026-Sem1
EV002005,RA2511028010231,RA2511028010234,Academic,3,2026-Sem2
EV002006,RA2511028010231,RA2511028010235,Social,1,2026-Sem2
EV002007,RA2511028010231,RA2511028010235,Social,4,2026-Sem2
EV002008,RA2511028010231,RA2511028010235,Social,3,2026-Sem1
EV002009,RA2511028010231,RA2511028010236,Event,2,2026-Sem1
EV002010,RA2511028010231,RA2511028010236,Event,4,2026-Sem2
EV002011,RA2511028010231,RA2511028010238,Event,2,2026-Sem1
EV002012,RA2511028010231,RA2511028010238,Event,4,2026-Sem1
EV002013,RA2511028010231,RA2511028010238,Event,1,2026-Sem1
EV002014,RA2511028010231,RA2511028010240,Social,3,2026-Sem1
EV002015,RA2511028010231,RA2511028010243,Social,3,2026-Sem2
EV002016,RA2511028010231,RA2511028010245,Academic,1,2026-Sem2
EV002017,RA2511028010231,RA2511028010249,Project,2,2026-Sem2
EV002018,RA2511028010231,RA2511028010250,Event,4,2026-Sem1
EV002019,RA2511028010232,RA2511028010234,Event,1,2026-Sem1
EV002020,RA2511028010232,RA2511028010235,Social,3,2026-Sem1
EV002021,RA2511028010232,RA2511028010235,Social,2,2026-Sem1
EV002022,RA2511028010232,RA2511028010236,Academic,2,2026-Sem2
EV002023,RA2511028010232,RA2511028010237,Project,2,2026-Sem1
EV002024,RA2511028010232,RA2511028010240,Social,1,2026-Sem2
EV002025,RA2511028010232,RA2511028010241,Academic,3,2026-Sem2
EV002026,RA2511028010232,RA2511028010241,Academic,2,2026-Sem2
EV002027,RA2511028010232,RA2511028010243,Academic,2,2026-Sem2
EV002028,RA2511028010232,RA2511028010243,Academic,4,2026-Sem2
EV002029,RA2511028010232,RA2511028010245,Social,2,2026-Sem1
EV002030,RA2511028010232,RA2511028010245,Social,2,2026-Sem2
EV002031,RA2511028010232,RA2511028010245,Social,4,2026-Sem2
EV002032,RA2511028010232,RA2511028010247,Social,1,2026-Sem1
EV002033,RA2511028010233,RA2511028010235,Academic,3,2026-Sem1
EV002034,RA2511028010233,RA2511028010237,Academic,2,2026-Sem1
EV002035,RA2511028010233,RA2511028010238,Academic,2,2026-Sem2
EV002036,RA2511028010233,RA2511028010241,Social,1,2026-Sem2
EV002037,RA2511028010233,RA2511028010244,Project,1,2026-Sem1
EV002038,RA2511028010233,RA2511028010245,Social,4,2026-Sem2
EV002039,RA2511028010233,RA2511028010245,Social,1,2026-Sem1
EV002040,RA2511028010233,RA2511028010247,Project,2,2026-Sem1
EV002041,RA2511028010233,RA2511028010248,Academic,1,2026-Sem2
EV002042,RA2511028010233,RA2511028010249,Social,2,2026-Sem1
EV002043,RA2511028010234,RA2511028010236,Project,1,2026-Sem2
EV002044,RA2511028010234,RA2511028010237,Social,3,2026-Sem2
EV002045,RA2511028010234,RA2511028010238,Academic,3,2026-Sem2
EV002046,RA2511028010234,RA2511028010241,Academic,1,2026-Sem1
EV002047,RA2511028010234,RA2511028010242,Event,4,2026-Sem1
EV002048,RA2511028010234,RA2511028010243,Project,2,2026-Sem1
EV002049,RA2511028010234,RA2511028010243,Project,3,2026-Sem2
EV002050,RA2511028010234,RA2511028010245,Event,3,2026-Sem1
EV002051,RA2511028010234,RA2511028010246,Event,1,2026-Sem1
EV002052,RA2511028010234,RA2511028010247,Event,3,2026-Sem2
EV002053,RA2511028010234,RA2511028010249,Social,2,2026-Sem2
EV002054,RA2511028010234,RA2511028010249,Social,3,2026-Sem2
EV002055,RA2511028010234,RA2511028010249,Social,2,2026-Sem1
EV002056,RA2511028010234,RA2511028010250,Social,2,2026-Sem2
EV002057,RA2511028010234,RA2511028010250,Social,3,2026-Sem2
EV002058,RA2511028010235,RA2511028010237,Academic,1,2026-Sem1
EV002059,RA2511028010235,RA2511028010238,Event,3,2026-Sem1
EV002060,RA2511028010235,RA2511028010240,Social,4,2026-Sem2
EV002061,RA2511028010235,RA2511028010241,Academic,2,2026-Sem2
EV002062,RA2511028010235,RA2511028010243,Academic,2,2026-Sem1
EV002063,RA2511028010235,RA2511028010243,Academic,4,2026-Sem1
EV002064,RA2511028010235,RA2511028010244,Event,4,2026-Sem1
EV002065,RA2511028010235,RA2511028010245,Project,3,2026-Sem2
EV002066,RA2511028010235,RA2511028010247,Social,1,2026-Sem2
EV002067,RA2511028010235,RA2511028010249,Event,3,2026-Sem2
EV002068,RA2511028010235,RA2511028010250,Project,1,2026-Sem1
EV002069,RA2511028010236,RA2511028010242,Event,2,2026-Sem2
EV002070,RA2511028010236,RA2511028010243,Event,1,2026-Sem2
EV002071,RA2511028010236,RA2511028010245,Academic,4,2026-Sem2
EV002072,RA2511028010236,RA2511028010246,Event,2,2026-Sem2
EV002073,RA2511028010236,RA2511028010248,Project,2,2026-Sem2
EV002074,RA2511028010236,RA2511028010248,Project,4,2026-Sem1
EV002075,RA2511028010237,RA2511028010240,Project,4,2026-Sem1
EV002076,RA2511028010237,RA2511028010241,Social,2,2026-Sem1
EV002077,RA2511028010237,RA2511028010242,Project,1,2026-Sem2
EV002078,RA2511028010237,RA2511028010244,Social,4,2026-Sem1
EV002079,RA2511028010237,RA2511028010244,Social,3,2026-Sem2
EV002080,RA2511028010237,RA2511028010249,Event,1,2026-Sem2
EV002081,RA2511028010237,RA2511028010249,Event,4,2026-Sem1
EV002082,RA2511028010237,RA2511028010249,Event,1,2026-Sem1
EV002083,RA2511028010238,RA2511028010240,Academic,1,2026-Sem1
EV002084,RA2511028010238,RA2511028010241,Social,1,2026-Sem1
EV002085,RA2511028010238,RA2511028010242,Academic,2,2026-Sem2
EV002086,RA2511028010238,RA2511028010244,Social,2,2026-Sem2
EV002087,RA2511028010238,RA2511028010244,Social,3,2026-Sem2
EV002088,RA2511028010238,RA2511028010245,Event,3,2026-Sem1
EV002089,RA2511028010238,RA2511028010247,Project,3,2026-Sem2
EV002090,RA2511028010238,RA2511028010249,Event,1,2026-Sem1
EV002091,RA2511028010240,RA2511028010242,Academic,4,2026-Sem1
EV002092,RA2511028010240,RA2511028010243,Event,4,2026-Sem2
EV002093,RA2511028010240,RA2511028010245,Project,4,2026-Sem1
EV002094,RA2511028010240,RA2511028010246,Event,3,2026-Sem1
EV002095,RA2511028010240,RA2511028010246,Event,4,2026-Sem1
EV002096,RA2511028010240,RA2511028010250,Event,3,2026-Sem2
EV002097,RA2511028010241,RA2511028010242,Social,2,2026-Sem1
EV002098,RA2511028010241,RA2511028010243,Academic,4,2026-Sem1
EV002099,RA2511028010241,RA2511028010245,Social,2,2026-Sem1
EV002100,RA2511028010241,RA2511028010246,Social,1,2026-Sem2
EV002101,RA2511028010241,RA2511028010247,Event,1,2026-Sem1
EV002102,RA2511028010241,RA2511028010247,Event,4,2026-Sem1
EV002103,RA2511028010241,RA2511028010248,Event,4,2026-Sem1
EV002104,RA2511028010241,RA2511028010248,Event,2,2026-Sem1
EV002105,RA2511028010241,RA2511028010248,Event,3,2026-Sem2
EV002106,RA2511028010241,RA2511028010249,Social,3,2026-Sem2
EV002107,RA2511028010241,RA2511028010250,Academic,2,2026-Sem2
EV002108,RA2511028010242,RA2511028010247,Social,4,2026-Sem1
EV002109,RA2511028010242,RA2511028010249,Academic,3,2026-Sem1
EV002110,RA2511028010242,RA2511028010250,Event,4,2026-Sem1
EV002111,RA2511028010243,RA2511028010244,Social,3,2026-Sem2
EV002112,RA2511028010243,RA2511028010244,Social,3,2026-Sem1
EV002113,RA2511028010243,RA2511028010244,Social,3,2026-Sem2
EV002114,RA2511028010243,RA2511028010246,Academic,3,2026-Sem1
EV002115,RA2511028010243,RA2511028010246,Academic,2,2026-Sem1
EV002116,RA2511028010243,RA2511028010247,Social,2,2026-Sem2
EV002117,RA2511028010243,RA2511028010247,Social,3,2026-Sem1
EV002118,RA2511028010243,RA2511028010248,Academic,4,2026-Sem2
EV002119,RA2511028010243,RA2511028010249,Academic,4,2026-Sem1
EV002120,RA2511028010243,RA2511028010250,Academic,2,2026-Sem2
EV002121,RA2511028010244,RA2511028010245,Academic,4,2026-Sem2
EV002122,RA2511028010244,RA2511028010245,Academic,2,2026-Sem2
EV002123,RA2511028010244,RA2511028010246,Project,4,2026-Sem1
EV002124,RA2511028010244,RA2511028010247,Social,1,2026-Sem1
EV002125,RA2511028010244,RA2511028010248,Project,4,2026-Sem1
EV002126,RA2511028010244,RA2511028010248,Project,3,2026-Sem2
EV002127,RA2511028010245,RA2511028010246,Project,2,2026-Sem2
EV002128,RA2511028010245,RA2511028010248,Academic,2,2026-Sem2
EV002129,RA2511028010245,RA2511028010249,Project,4,2026-Sem1
EV002130,RA2511028010246,RA2511028010249,Event,2,2026-Sem2
EV002131,RA2511028010246,RA2511028010250,Project,1,2026-Sem1
EV002132,RA2511028010247,RA2511028010249,Social,3,2026-Sem2
EV002133,RA2511028010247,RA2511028010249,Social,2,2026-Sem2
EV002134,RA2511028010247,RA2511028010250,Project,3,2026-Sem1
EV002135,RA2511028010248,RA2511028010249,Event,1,2026-Sem1
EV002136,RA2511028010248,RA2511028010249,Event,4,2026-Sem2
EV002137,RA2511028010249,RA2511028010250,Event,4,2026-Sem1
EV002138,RA2611028010252,RA2611028010253,Social,1,2026-Sem2
EV002139,RA2611028010252,RA2611028010255,Event,2,2026-Sem2
EV002140,RA2611028010252,RA2611028010256,Academic,1,2026-Sem1
EV002141,RA2611028010252,RA2611028010257,Social,3,2026-Sem2
EV002142,RA2611028010252,RA2611028010257,Social,1,2026-Sem1
EV002143,RA2611028010252,RA2611028010257,Social,2,2026-Sem2
EV002144,RA2611028010252,RA2611028010257,Social,3,2026-Sem1
EV002145,RA2611028010252,RA2611028010258,Social,2,2026-Sem1
EV002146,RA2611028010252,RA2611028010259,Academic,2,2026-Sem1
EV002147,RA2611028010252,RA2611028010260,Event,2,2026-Sem2
EV002148,RA2611028010252,RA2611028010260,Event,3,2026-Sem2
EV002149,RA2611028010252,RA2611028010263,Project,3,2026-Sem2
EV002150,RA2611028010252,RA2611028010266,Academic,4,2026-Sem2
EV002151,RA2611028010252,RA2611028010268,Academic,3,2026-Sem1
EV002152,RA2611028010252,RA2611028010270,Social,2,2026-Sem1
EV002153,RA2611028010252,RA2611028010271,Academic,1,2026-Sem1
EV002154,RA2611028010252,RA2611028010272,Project,2,2026-Sem1
EV002155,RA2611028010252,RA2611028010272,Project,4,2026-Sem2
EV002156,RA2611028010252,RA2611028010272,Project,3,2026-Sem2
EV002157,RA2611028010253,RA2611028010255,Project,2,2026-Sem2
EV002158,RA2611028010253,RA2611028010259,Academic,4,2026-Sem1
EV002159,RA2611028010253,RA2611028010259,Academic,1,2026-Sem1
EV002160,RA2611028010253,RA2611028010260,Event,4,2026-Sem2
EV002161,RA2611028010253,RA2611028010261,Event,2,2026-Sem1
EV002162,RA2611028010253,RA2611028010261,Event,4,2026-Sem1
EV002163,RA2611028010253,RA2611028010261,Event,2,2026-Sem2
EV002164,RA2611028010253,RA2611028010262,Event,1,2026-Sem1
EV002165,RA2611028010253,RA2611028010262,Event,4,2026-Sem1
EV002166,RA2611028010253,RA2611028010265,Academic,2,2026-Sem1
EV002167,RA2611028010253,RA2611028010266,Event,2,2026-Sem1
EV002168,RA2611028010253,RA2611028010267,Social,1,2026-Sem2
EV002169,RA2611028010253,RA2611028010268,Project,4,2026-Sem1
EV002170,RA2611028010253,RA2611028010269,Event,1,2026-Sem2
EV002171,RA2611028010253,RA2611028010270,Event,1,2026-Sem1
EV002172,RA2611028010254,RA2611028010255,Academic,1,2026-Sem2
EV002173,RA2611028010254,RA2611028010258,Event,1,2026-Sem1
EV002174,RA2611028010254,RA2611028010262,Social,4,2026-Sem2
EV002175,RA2611028010254,RA2611028010262,Social,3,2026-Sem1
EV002176,RA2611028010254,RA2611028010263,Event,3,2026-Sem1
EV002177,RA2611028010254,RA2611028010264,Academic,3,2026-Sem2
EV002178,RA2611028010254,RA2611028010265,Event,1,2026-Sem2
EV002179,RA2611028010254,RA2611028010266,Social,2,2026-Sem1
EV002180,RA2611028010254,RA2611028010267,Academic,4,2026-Sem1
EV002181,RA2611028010254,RA2611028010269,Social,1,2026-Sem2
EV002182,RA2611028010254,RA2611028010270,Social,4,2026-Sem1
EV002183,RA2611028010254,RA2611028010271,Academic,2,2026-Sem2
EV002184,RA2611028010254,RA2611028010271,Academic,2,2026-Sem2
EV002185,RA2611028010254,RA2611028010271,Academic,3,2026-Sem1
EV002186,RA2611028010254,RA2611028010271,Academic,2,2026-Sem2
EV002187,RA2611028010254,RA2611028010273,Event,4,2026-Sem2
EV002188,RA2611028010254,RA2611028010273,Event,3,2026-Sem1
EV002189,RA2611028010255,RA2611028010257,Academic,4,2026-Sem2
EV002190,RA2611028010255,RA2611028010257,Academic,3,2026-Sem2
EV002191,RA2611028010255,RA2611028010258,Project,1,2026-Sem1
EV002192,RA2611028010255,RA2611028010259,Project,3,2026-Sem2
EV002193,RA2611028010255,RA2611028010260,Social,3,2026-Sem1
EV002194,RA2611028010255,RA2611028010264,Social,1,2026-Sem1
EV002195,RA2611028010255,RA2611028010266,Academic,1,2026-Sem2
EV002196,RA2611028010255,RA2611028010268,Project,2,2026-Sem2
EV002197,RA2611028010255,RA2611028010268,Project,3,2026-Sem2
EV002198,RA2611028010255,RA2611028010269,Academic,1,2026-Sem1
EV002199,RA2611028010255,RA2611028010270,Academic,3,2026-Sem2
EV002200,RA2611028010255,RA2611028010272,Project,1,2026-Sem2
EV002201,RA2611028010256,RA2611028010259,Project,2,2026-Sem2
EV002202,RA2611028010256,RA2611028010259,Project,4,2026-Sem1
EV002203,RA2611028010256,RA2611028010260,Academic,1,2026-Sem2
EV002204,RA2611028010256,RA2611028010261,Project,1,2026-Sem1
EV002205,RA2611028010256,RA2611028010262,Social,3,2026-Sem2
EV002206,RA2611028010256,RA2611028010262,Social,3,2026-Sem2
EV002207,RA2611028010256,RA2611028010265,Project,2,2026-Sem1
EV002208,RA2611028010256,RA2611028010267,Academic,4,2026-Sem1
EV002209,RA2611028010256,RA2611028010268,Academic,2,2026-Sem2
EV002210,RA2611028010256,RA2611028010270,Social,3,2026-Sem2
EV002211,RA2611028010256,RA2611028010271,Academic,1,2026-Sem2
EV002212,RA2611028010257,RA2611028010258,Project,1,2026-Sem2
EV002213,RA2611028010257,RA2611028010259,Academic,1,2026-Sem1
EV002214,RA2611028010257,RA2611028010262,Social,2,2026-Sem2
EV002215,RA2611028010257,RA2611028010266,Social,3,2026-Sem1
EV002216,RA2611028010257,RA2611028010267,Project,4,2026-Sem2
EV002217,RA2611028010257,RA2611028010268,Project,4,2026-Sem2
EV002218,RA2611028010257,RA2611028010268,Project,1,2026-Sem1
EV002219,RA2611028010257,RA2611028010269,Academic,4,2026-Sem2
EV002220,RA2611028010257,RA2611028010271,Academic,3,2026-Sem2
EV002221,RA2611028010257,RA2611028010272,Academic,4,2026-Sem1
EV002222,RA2611028010258,RA2611028010260,Event,2,2026-Sem1
EV002223,RA2611028010258,RA2611028010260,Event,3,2026-Sem1
EV002224,RA2611028010258,RA2611028010262,Project,1,2026-Sem2
EV002225,RA2611028010258,RA2611028010263,Event,3,2026-Sem2
EV002226,RA2611028010258,RA2611028010264,Academic,1,2026-Sem1
EV002227,RA2611028010258,RA2611028010265,Project,3,2026-Sem2
EV002228,RA2611028010258,RA2611028010266,Event,1,2026-Sem1
EV002229,RA2611028010258,RA2611028010269,Academic,3,2026-Sem2
EV002230,RA2611028010258,RA2611028010270,Project,3,2026-Sem2
EV002231,RA2611028010258,RA2611028010270,Project,2,2026-Sem2
EV002232,RA2611028010258,RA2611028010271,Social,2,2026-Sem2
EV002233,RA2611028010259,RA2611028010260,Academic,2,2026-Sem2
EV002234,RA2611028010259,RA2611028010261,Event,4,2026-Sem2
EV002235,RA2611028010259,RA2611028010261,Event,2,2026-Sem2
EV002236,RA2611028010259,RA2611028010262,Project,1,2026-Sem1
EV002237,RA2611028010259,RA2611028010263,Academic,4,2026-Sem1
EV002238,RA2611028010259,RA2611028010263,Academic,3,2026-Sem2
EV002239,RA2611028010259,RA2611028010264,Event,1,2026-Sem1
EV002240,RA2611028010259,RA2611028010265,Event,4,2026-Sem1
EV002241,RA2611028010259,RA2611028010265,Event,1,2026-Sem1
EV002242,RA2611028010259,RA2611028010268,Project,1,2026-Sem2
EV002243,RA2611028010259,RA2611028010269,Social,1,2026-Sem2
EV002244,RA2611028010259,RA2611028010271,Project,1,2026-Sem1
EV002245,RA2611028010259,RA2611028010271,Project,4,2026-Sem1
EV002246,RA2611028010259,RA2611028010272,Social,4,2026-Sem1
EV002247,RA2611028010260,RA2611028010262,Project,4,2026-Sem2
EV002248,RA2611028010260,RA2611028010263,Project,1,2026-Sem2
EV002249,RA2611028010260,RA2611028010265,Project,4,2026-Sem1
EV002250,RA2611028010260,RA2611028010267,Event,3,2026-Sem2
EV002251,RA2611028010260,RA2611028010267,Event,2,2026-Sem2
EV002252,RA2611028010260,RA2611028010268,Social,3,2026-Sem2
EV002253,RA2611028010260,RA2611028010269,Project,4,2026-Sem2
EV002254,RA2611028010260,RA2611028010269,Project,3,2026-Sem2
EV002255,RA2611028010260,RA2611028010271,Academic,1,2026-Sem1
EV002256,RA2611028010260,RA2611028010272,Academic,3,2026-Sem2
EV002257,RA2611028010260,RA2611028010273,Academic,3,2026-Sem1
EV002258,RA2611028010261,RA2611028010262,Academic,4,2026-Sem1
EV002259,RA2611028010261,RA2611028010262,Academic,1,2026-Sem1
EV002260,RA2611028010261,RA2611028010263,Project,1,2026-Sem2
EV002261,RA2611028010261,RA2611028010264,Academic,1,2026-Sem2
EV002262,RA2611028010261,RA2611028010266,Event,3,2026-Sem2
EV002263,RA2611028010261,RA2611028010266,Event,3,2026-Sem1
EV002264,RA2611028010261,RA2611028010268,Event,3,2026-Sem1
EV002265,RA2611028010261,RA2611028010269,Event,1,2026-Sem2
EV002266,RA2611028010261,RA2611028010273,Academic,2,2026-Sem1
EV002267,RA2611028010262,RA2611028010264,Social,3,2026-Sem2
EV002268,RA2611028010262,RA2611028010265,Project,4,2026-Sem2
EV002269,RA2611028010262,RA2611028010265,Project,1,2026-Sem1
EV002270,RA2611028010262,RA2611028010266,Social,3,2026-Sem2
EV002271,RA2611028010262,RA2611028010266,Social,2,2026-Sem1
EV002272,RA2611028010262,RA2611028010267,Social,3,2026-Sem2
EV002273,RA2611028010262,RA2611028010267,Social,4,2026-Sem2
EV002274,RA2611028010262,RA2611028010268,Social,3,2026-Sem1
EV002275,RA2611028010262,RA2611028010269,Social,1,2026-Sem2
EV002276,RA2611028010262,RA2611028010270,Academic,3,2026-Sem2
EV002277,RA2611028010262,RA2611028010272,Social,2,2026-Sem2
EV002278,RA2611028010262,RA2611028010273,Event,1,2026-Sem1
EV002279,RA2611028010262,RA2611028010273,Event,4,2026-Sem2
EV002280,RA2611028010263,RA2611028010269,Social,3,2026-Sem1
EV002281,RA2611028010263,RA2611028010270,Academic,1,2026-Sem2
EV002282,RA2611028010263,RA2611028010271,Event,3,2026-Sem1
EV002283,RA2611028010263,RA2611028010273,Social,3,2026-Sem2
EV002284,RA2611028010264,RA2611028010265,Academic,1,2026-Sem1
EV002285,RA2611028010264,RA2611028010267,Event,3,2026-Sem2
EV002286,RA2611028010264,RA2611028010267,Event,4,2026-Sem1
EV002287,RA2611028010264,RA2611028010268,Academic,1,2026-Sem2
EV002288,RA2611028010264,RA2611028010269,Project,3,2026-Sem1
EV002289,RA2611028010264,RA2611028010271,Academic,2,2026-Sem1
EV002290,RA2611028010264,RA2611028010273,Project,3,2026-Sem2
EV002291,RA2611028010265,RA2611028010266,Academic,2,2026-Sem1
EV002292,RA2611028010265,RA2611028010267,Project,2,2026-Sem2
EV002293,RA2611028010265,RA2611028010267,Project,4,2026-Sem2
EV002294,RA2611028010265,RA2611028010268,Social,2,2026-Sem2
EV002295,RA2611028010265,RA2611028010269,Social,3,2026-Sem1
EV002296,RA2611028010265,RA2611028010271,Event,3,2026-Sem2
EV002297,RA2611028010265,RA2611028010272,Social,1,2026-Sem2
EV002298,RA2611028010265,RA2611028010273,Event,2,2026-Sem1
EV002299,RA2611028010266,RA2611028010267,Academic,1,2026-Sem2
EV002300,RA2611028010266,RA2611028010268,Project,4,2026-Sem1
EV002301,RA2611028010266,RA2611028010269,Social,1,2026-Sem2
EV002302,RA2611028010266,RA2611028010270,Project,1,2026-Sem1
EV002303,RA2611028010266,RA2611028010271,Social,4,2026-Sem2
EV002304,RA2611028010266,RA2611028010272,Social,1,2026-Sem1
EV002305,RA2611028010266,RA2611028010273,Academic,4,2026-Sem2
EV002306,RA2611028010267,RA2611028010269,Event,3,2026-Sem1
EV002307,RA2611028010267,RA2611028010270,Social,1,2026-Sem2
EV002308,RA2611028010267,RA2611028010271,Event,3,2026-Sem1
EV002309,RA2611028010267,RA2611028010271,Event,2,2026-Sem1
EV002310,RA2611028010268,RA2611028010269,Social,4,2026-Sem1
EV002311,RA2611028010268,RA2611028010270,Social,1,2026-Sem1
EV002312,RA2611028010268,RA2611028010270,Social,2,2026-Sem2
EV002313,RA2611028010268,RA2611028010270,Social,4,2026-Sem2
EV002314,RA2611028010268,RA2611028010270,Social,2,2026-Sem1
EV002315,RA2611028010269,RA2611028010273,Academic,2,2026-Sem1
EV002316,RA2611028010269,RA2611028010273,Academic,3,2026-Sem2
EV002317,RA2611028010270,RA2611028010272,Academic,2,2026-Sem2
EV002318,RA2611028010270,RA2611028010273,Project,3,2026-Sem1
EV002319,RA2611028010271,RA2611028010272,Academic,4,2026-Sem2
EV002320,RA2611028010271,RA2611028010273,Project,4,2026-Sem2
EV002321,RA2611028010271,RA2611028010273,Project,1,2026-Sem2
EV002322,RA2311029010274,RA2311029010275,Academic,3,2026-Sem2
EV002323,RA2311029010274,RA2311029010276,Academic,1,2026-Sem1
EV002324,RA2311029010274,RA2311029010276,Academic,4,2026-Sem2
EV002325,RA2311029010274,RA2311029010276,Academic,4,2026-Sem1
EV002326,RA2311029010274,RA2311029010276,Academic,1,2026-Sem1
EV002327,RA2311029010274,RA2311029010277,Event,2,2026-Sem1
EV002328,RA2311029010274,RA2311029010278,Academic,4,2026-Sem1
EV002329,RA2311029010274,RA2311029010278,Academic,3,2026-Sem2
EV002330,RA2311029010274,RA2311029010279,Project,3,2026-Sem2
EV002331,RA2311029010274,RA2311029010279,Project,2,2026-Sem1
EV002332,RA2311029010274,RA2311029010280,Event,2,2026-Sem2
EV002333,RA2311029010274,RA2311029010281,Social,2,2026-Sem2
EV002334,RA2311029010274,RA2311029010283,Academic,1,2026-Sem2
EV002335,RA2311029010274,RA2311029010287,Event,2,2026-Sem1
EV002336,RA2311029010274,RA2311029010290,Event,1,2026-Sem1
EV002337,RA2311029010274,RA2311029010291,Academic,1,2026-Sem1
EV002338,RA2311029010274,RA2311029010292,Social,1,2026-Sem1
EV002339,RA2311029010274,RA2311029010295,Event,4,2026-Sem1
EV002340,RA2311029010274,RA2311029010296,Project,3,2026-Sem1
EV002341,RA2311029010275,RA2311029010278,Project,2,2026-Sem2
EV002342,RA2311029010275,RA2311029010278,Project,4,2026-Sem2
EV002343,RA2311029010275,RA2311029010279,Event,1,2026-Sem2
EV002344,RA2311029010275,RA2311029010283,Event,2,2026-Sem1
EV002345,RA2311029010275,RA2311029010286,Social,4,2026-Sem1
EV002346,RA2311029010275,RA2311029010286,Social,4,2026-Sem1
EV002347,RA2311029010275,RA2311029010286,Social,1,2026-Sem1
EV002348,RA2311029010275,RA2311029010288,Social,2,2026-Sem2
EV002349,RA2311029010275,RA2311029010289,Project,1,2026-Sem2
EV002350,RA2311029010275,RA2311029010291,Academic,4,2026-Sem2
EV002351,RA2311029010275,RA2311029010292,Event,3,2026-Sem2
EV002352,RA2311029010275,RA2311029010295,Academic,2,2026-Sem2
EV002353,RA2311029010276,RA2311029010277,Social,1,2026-Sem2
EV002354,RA2311029010276,RA2311029010278,Social,3,2026-Sem2
EV002355,RA2311029010276,RA2311029010280,Academic,2,2026-Sem1
EV002356,RA2311029010276,RA2311029010281,Social,1,2026-Sem2
EV002357,RA2311029010276,RA2311029010283,Academic,3,2026-Sem1
EV002358,RA2311029010276,RA2311029010286,Academic,4,2026-Sem2
EV002359,RA2311029010276,RA2311029010287,Social,2,2026-Sem2
EV002360,RA2311029010276,RA2311029010287,Social,4,2026-Sem2
EV002361,RA2311029010276,RA2311029010287,Social,1,2026-Sem1
EV002362,RA2311029010276,RA2311029010290,Social,1,2026-Sem2
EV002363,RA2311029010276,RA2311029010291,Project,1,2026-Sem2
EV002364,RA2311029010276,RA2311029010292,Social,3,2026-Sem2
EV002365,RA2311029010276,RA2311029010292,Social,2,2026-Sem2
EV002366,RA2311029010276,RA2311029010293,Project,1,2026-Sem2
EV002367,RA2311029010276,RA2311029010294,Project,3,2026-Sem1
EV002368,RA2311029010276,RA2311029010294,Project,3,2026-Sem2
EV002369,RA2311029010276,RA2311029010296,Academic,2,2026-Sem2
EV002370,RA2311029010277,RA2311029010279,Project,2,2026-Sem2
EV002371,RA2311029010277,RA2311029010279,Project,2,2026-Sem2
EV002372,RA2311029010277,RA2311029010279,Project,4,2026-Sem2
EV002373,RA2311029010277,RA2311029010280,Social,3,2026-Sem1
EV002374,RA2311029010277,RA2311029010280,Social,2,2026-Sem1
EV002375,RA2311029010277,RA2311029010281,Event,4,2026-Sem2
EV002376,RA2311029010277,RA2311029010281,Event,3,2026-Sem2
EV002377,RA2311029010277,RA2311029010283,Social,1,2026-Sem2
EV002378,RA2311029010277,RA2311029010284,Academic,2,2026-Sem2
EV002379,RA2311029010277,RA2311029010287,Project,2,2026-Sem2
EV002380,RA2311029010277,RA2311029010288,Academic,3,2026-Sem1
EV002381,RA2311029010277,RA2311029010290,Academic,3,2026-Sem1
EV002382,RA2311029010277,RA2311029010290,Academic,2,2026-Sem1
EV002383,RA2311029010277,RA2311029010292,Academic,1,2026-Sem2
EV002384,RA2311029010277,RA2311029010294,Event,1,2026-Sem2
EV002385,RA2311029010277,RA2311029010295,Academic,2,2026-Sem2
EV002386,RA2311029010277,RA2311029010296,Academic,3,2026-Sem1
EV002387,RA2311029010277,RA2311029010296,Academic,2,2026-Sem2
EV002388,RA2311029010278,RA2311029010280,Project,1,2026-Sem2
EV002389,RA2311029010278,RA2311029010281,Academic,1,2026-Sem2
EV002390,RA2311029010278,RA2311029010284,Social,2,2026-Sem1
EV002391,RA2311029010278,RA2311029010288,Academic,1,2026-Sem2
EV002392,RA2311029010278,RA2311029010289,Academic,3,2026-Sem1
EV002393,RA2311029010278,RA2311029010292,Academic,1,2026-Sem2
EV002394,RA2311029010278,RA2311029010292,Academic,4,2026-Sem1
EV002395,RA2311029010278,RA2311029010292,Academic,2,2026-Sem1
EV002396,RA2311029010278,RA2311029010292,Academic,3,2026-Sem1
EV002397,RA2311029010278,RA2311029010293,Project,1,2026-Sem1
EV002398,RA2311029010278,RA2311029010293,Project,3,2026-Sem1
EV002399,RA2311029010278,RA2311029010293,Project,4,2026-Sem2
EV002400,RA2311029010278,RA2311029010295,Project,3,2026-Sem2
EV002401,RA2311029010279,RA2311029010280,Social,4,2026-Sem2
EV002402,RA2311029010279,RA2311029010280,Social,2,2026-Sem1
EV002403,RA2311029010279,RA2311029010280,Social,3,2026-Sem2
EV002404,RA2311029010279,RA2311029010280,Social,3,2026-Sem2
EV002405,RA2311029010279,RA2311029010281,Project,2,2026-Sem1
EV002406,RA2311029010279,RA2311029010284,Event,1,2026-Sem2
EV002407,RA2311029010279,RA2311029010286,Social,4,2026-Sem2
EV002408,RA2311029010279,RA2311029010286,Social,1,2026-Sem1
EV002409,RA2311029010279,RA2311029010287,Academic,1,2026-Sem2
EV002410,RA2311029010279,RA2311029010288,Event,2,2026-Sem1
EV002411,RA2311029010279,RA2311029010289,Social,4,2026-Sem1
EV002412,RA2311029010279,RA2311029010291,Event,2,2026-Sem1
EV002413,RA2311029010279,RA2311029010293,Academic,4,2026-Sem2
EV002414,RA2311029010279,RA2311029010293,Academic,3,2026-Sem1
EV002415,RA2311029010279,RA2311029010296,Academic,1,2026-Sem1
EV002416,RA2311029010279,RA2311029010296,Academic,3,2026-Sem2
EV002417,RA2311029010279,RA2311029010296,Academic,1,2026-Sem1
EV002418,RA2311029010279,RA2311029010296,Academic,1,2026-Sem1
EV002419,RA2311029010279,RA2311029010296,Academic,2,2026-Sem2
EV002420,RA2311029010279,RA2311029010296,Academic,3,2026-Sem2
EV002421,RA2311029010279,RA2311029010296,Academic,3,2026-Sem1
EV002422,RA2311029010280,RA2311029010281,Academic,2,2026-Sem1
EV002423,RA2311029010280,RA2311029010283,Academic,1,2026-Sem2
EV002424,RA2311029010280,RA2311029010284,Academic,3,2026-Sem1
EV002425,RA2311029010280,RA2311029010284,Academic,2,2026-Sem1
EV002426,RA2311029010280,RA2311029010287,Social,1,2026-Sem2
EV002427,RA2311029010280,RA2311029010287,Social,2,2026-Sem2
EV002428,RA2311029010280,RA2311029010287,Social,3,2026-Sem2
EV002429,RA2311029010280,RA2311029010287,Social,4,2026-Sem2
EV002430,RA2311029010280,RA2311029010288,Event,1,2026-Sem1
EV002431,RA2311029010280,RA2311029010291,Social,3,2026-Sem2
EV002432,RA2311029010280,RA2311029010291,Social,2,2026-Sem2
EV002433,RA2311029010280,RA2311029010294,Event,4,2026-Sem2
EV002434,RA2311029010280,RA2311029010294,Event,1,2026-Sem2
EV002435,RA2311029010280,RA2311029010294,Event,4,2026-Sem1
EV002436,RA2311029010280,RA2311029010294,Event,3,2026-Sem2
EV002437,RA2311029010280,RA2311029010295,Project,4,2026-Sem2
EV002438,RA2311029010280,RA2311029010295,Project,1,2026-Sem2
EV002439,RA2311029010280,RA2311029010296,Social,3,2026-Sem2
EV002440,RA2311029010281,RA2311029010283,Project,1,2026-Sem1
EV002441,RA2311029010281,RA2311029010287,Academic,1,2026-Sem2
EV002442,RA2311029010281,RA2311029010287,Academic,2,2026-Sem2
EV002443,RA2311029010281,RA2311029010287,Academic,4,2026-Sem2
EV002444,RA2311029010281,RA2311029010287,Academic,3,2026-Sem2
EV002445,RA2311029010281,RA2311029010288,Social,1,2026-Sem1
EV002446,RA2311029010281,RA2311029010290,Academic,4,2026-Sem1
EV002447,RA2311029010281,RA2311029010291,Event,3,2026-Sem1
EV002448,RA2311029010281,RA2311029010291,Event,3,2026-Sem1
EV002449,RA2311029010281,RA2311029010292,Event,3,2026-Sem1
EV002450,RA2311029010281,RA2311029010293,Social,1,2026-Sem1
EV002451,RA2311029010281,RA2311029010293,Social,2,2026-Sem2
EV002452,RA2311029010281,RA2311029010293,Social,3,2026-Sem2
EV002453,RA2311029010281,RA2311029010294,Academic,3,2026-Sem1
EV002454,RA2311029010281,RA2311029010294,Academic,3,2026-Sem2
EV002455,RA2311029010281,RA2311029010294,Academic,3,2026-Sem2
EV002456,RA2311029010281,RA2311029010295,Event,2,2026-Sem2
EV002457,RA2311029010281,RA2311029010295,Event,2,2026-Sem1
EV002458,RA2311029010281,RA2311029010295,Event,3,2026-Sem1
EV002459,RA2311029010281,RA2311029010296,Event,2,2026-Sem2
EV002460,RA2311029010283,RA2311029010284,Event,1,2026-Sem1
EV002461,RA2311029010283,RA2311029010286,Social,3,2026-Sem1
EV002462,RA2311029010283,RA2311029010286,Social,4,2026-Sem1
EV002463,RA2311029010283,RA2311029010287,Event,1,2026-Sem1
EV002464,RA2311029010283,RA2311029010289,Academic,3,2026-Sem2
EV002465,RA2311029010283,RA2311029010290,Event,3,2026-Sem2
EV002466,RA2311029010283,RA2311029010292,Event,2,2026-Sem1
EV002467,RA2311029010283,RA2311029010293,Event,4,2026-Sem2
EV002468,RA2311029010283,RA2311029010294,Social,2,2026-Sem2
EV002469,RA2311029010283,RA2311029010295,Academic,1,2026-Sem2
EV002470,RA2311029010283,RA2311029010296,Academic,4,2026-Sem1
EV002471,RA2311029010283,RA2311029010296,Academic,1,2026-Sem1
EV002472,RA2311029010284,RA2311029010287,Event,2,2026-Sem1
EV002473,RA2311029010284,RA2311029010288,Social,1,2026-Sem2
EV002474,RA2311029010284,RA2311029010289,Project,4,2026-Sem2
EV002475,RA2311029010284,RA2311029010290,Academic,3,2026-Sem1
EV002476,RA2311029010284,RA2311029010290,Academic,3,2026-Sem2
EV002477,RA2311029010284,RA2311029010291,Project,1,2026-Sem2
EV002478,RA2311029010284,RA2311029010292,Event,4,2026-Sem2
EV002479,RA2311029010284,RA2311029010293,Event,2,2026-Sem2
EV002480,RA2311029010284,RA2311029010295,Social,2,2026-Sem1
EV002481,RA2311029010284,RA2311029010296,Academic,1,2026-Sem1
EV002482,RA2311029010284,RA2311029010296,Academic,3,2026-Sem2
EV002483,RA2311029010284,RA2311029010296,Academic,2,2026-Sem2
EV002484,RA2311029010286,RA2311029010287,Project,2,2026-Sem1
EV002485,RA2311029010286,RA2311029010288,Social,1,2026-Sem1
EV002486,RA2311029010286,RA2311029010289,Event,1,2026-Sem1
EV002487,RA2311029010286,RA2311029010292,Project,2,2026-Sem1
EV002488,RA2311029010286,RA2311029010293,Event,4,2026-Sem1
EV002489,RA2311029010286,RA2311029010293,Event,2,2026-Sem2
EV002490,RA2311029010287,RA2311029010288,Social,2,2026-Sem1
EV002491,RA2311029010287,RA2311029010289,Event,3,2026-Sem2
EV002492,RA2311029010287,RA2311029010290,Academic,4,2026-Sem2
EV002493,RA2311029010287,RA2311029010291,Social,3,2026-Sem2
EV002494,RA2311029010287,RA2311029010292,Project,2,2026-Sem2
EV002495,RA2311029010287,RA2311029010293,Event,4,2026-Sem2
EV002496,RA2311029010287,RA2311029010294,Academic,4,2026-Sem2
EV002497,RA2311029010287,RA2311029010295,Project,4,2026-Sem1
EV002498,RA2311029010287,RA2311029010296,Event,2,2026-Sem1
EV002499,RA2311029010288,RA2311029010295,Project,2,2026-Sem1
EV002500,RA2311029010288,RA2311029010296,Project,2,2026-Sem2
EV002501,RA2311029010288,RA2311029010296,Project,3,2026-Sem1
EV002502,RA2311029010289,RA2311029010292,Academic,4,2026-Sem1
EV002503,RA2311029010289,RA2311029010294,Social,4,2026-Sem1
EV002504,RA2311029010289,RA2311029010295,Project,2,2026-Sem1
EV002505,RA2311029010289,RA2311029010296,Project,1,2026-Sem2
EV002506,RA2311029010290,RA2311029010292,Event,3,2026-Sem2
EV002507,RA2311029010290,RA2311029010293,Academic,1,2026-Sem1
EV002508,RA2311029010290,RA2311029010294,Academic,2,2026-Sem2
EV002509,RA2311029010291,RA2311029010292,Academic,4,2026-Sem2
EV002510,RA2311029010291,RA2311029010292,Academic,1,2026-Sem2
EV002511,RA2311029010291,RA2311029010292,Academic,4,2026-Sem1
EV002512,RA2311029010291,RA2311029010293,Academic,1,2026-Sem2
EV002513,RA2311029010291,RA2311029010295,Social,2,2026-Sem1
EV002514,RA2311029010291,RA2311029010295,Social,4,2026-Sem2
EV002515,RA2311029010292,RA2311029010293,Social,4,2026-Sem2
EV002516,RA2311029010292,RA2311029010295,Project,2,2026-Sem2
EV002517,RA2311029010292,RA2311029010296,Academic,3,2026-Sem1
EV002518,RA2311029010294,RA2311029010295,Academic,2,2026-Sem2
EV002519,RA2311029010294,RA2311029010296,Social,2,2026-Sem1
EV002520,RA2311029010295,RA2311029010296,Event,2,2026-Sem2
EV002521,RA2311029010295,RA2311029010296,Event,4,2026-Sem2
EV002522,RA2411029010297,RA2411029010300,Academic,1,2026-Sem2
EV002523,RA2411029010297,RA2411029010302,Social,1,2026-Sem2
EV002524,RA2411029010297,RA2411029010302,Social,4,2026-Sem2
EV002525,RA2411029010297,RA2411029010302,Social,1,2026-Sem1
EV002526,RA2411029010297,RA2411029010303,Social,2,2026-Sem1
EV002527,RA2411029010297,RA2411029010303,Social,3,2026-Sem1
EV002528,RA2411029010297,RA2411029010304,Event,3,2026-Sem1
EV002529,RA2411029010297,RA2411029010305,Social,3,2026-Sem1
EV002530,RA2411029010297,RA2411029010305,Social,4,2026-Sem1
EV002531,RA2411029010297,RA2411029010307,Social,1,2026-Sem1
EV002532,RA2411029010297,RA2411029010307,Social,1,2026-Sem2
EV002533,RA2411029010297,RA2411029010307,Social,4,2026-Sem2
EV002534,RA2411029010297,RA2411029010308,Academic,2,2026-Sem2
EV002535,RA2411029010297,RA2411029010308,Academic,4,2026-Sem1
EV002536,RA2411029010297,RA2411029010313,Event,2,2026-Sem1
EV002537,RA2411029010297,RA2411029010315,Academic,3,2026-Sem2
EV002538,RA2411029010297,RA2411029010316,Event,2,2026-Sem1
EV002539,RA2411029010297,RA2411029010318,Social,2,2026-Sem1
EV002540,RA2411029010298,RA2411029010301,Project,3,2026-Sem2
EV002541,RA2411029010298,RA2411029010301,Project,4,2026-Sem1
EV002542,RA2411029010298,RA2411029010305,Academic,2,2026-Sem1
EV002543,RA2411029010298,RA2411029010306,Event,3,2026-Sem1
EV002544,RA2411029010298,RA2411029010307,Social,2,2026-Sem1
EV002545,RA2411029010298,RA2411029010307,Social,3,2026-Sem2
EV002546,RA2411029010298,RA2411029010312,Social,3,2026-Sem1
EV002547,RA2411029010298,RA2411029010314,Social,3,2026-Sem2
EV002548,RA2411029010298,RA2411029010315,Academic,4,2026-Sem1
EV002549,RA2411029010298,RA2411029010316,Event,3,2026-Sem1
EV002550,RA2411029010298,RA2411029010316,Event,3,2026-Sem1
EV002551,RA2411029010298,RA2411029010317,Event,1,2026-Sem2
EV002552,RA2411029010298,RA2411029010318,Academic,1,2026-Sem2
EV002553,RA2411029010299,RA2411029010300,Project,1,2026-Sem1
EV002554,RA2411029010299,RA2411029010300,Project,2,2026-Sem1
EV002555,RA2411029010299,RA2411029010300,Project,3,2026-Sem2
EV002556,RA2411029010299,RA2411029010303,Event,3,2026-Sem2
EV002557,RA2411029010299,RA2411029010303,Event,4,2026-Sem1
EV002558,RA2411029010299,RA2411029010304,Project,4,2026-Sem1
EV002559,RA2411029010299,RA2411029010307,Event,2,2026-Sem1
EV002560,RA2411029010299,RA2411029010308,Event,3,2026-Sem1
EV002561,RA2411029010299,RA2411029010308,Event,1,2026-Sem1
EV002562,RA2411029010299,RA2411029010308,Event,4,2026-Sem1
EV002563,RA2411029010299,RA2411029010310,Academic,3,2026-Sem2
EV002564,RA2411029010299,RA2411029010310,Academic,1,2026-Sem2
EV002565,RA2411029010299,RA2411029010310,Academic,4,2026-Sem2
EV002566,RA2411029010299,RA2411029010315,Project,1,2026-Sem1
EV002567,RA2411029010299,RA2411029010316,Social,1,2026-Sem1
EV002568,RA2411029010299,RA2411029010318,Academic,1,2026-Sem1
EV002569,RA2411029010300,RA2411029010301,Event,4,2026-Sem2
EV002570,RA2411029010300,RA2411029010301,Event,2,2026-Sem2
EV002571,RA2411029010300,RA2411029010302,Project,3,2026-Sem2
EV002572,RA2411029010300,RA2411029010302,Project,2,2026-Sem2
EV002573,RA2411029010300,RA2411029010303,Social,2,2026-Sem2
EV002574,RA2411029010300,RA2411029010304,Project,3,2026-Sem2
EV002575,RA2411029010300,RA2411029010305,Project,2,2026-Sem2
EV002576,RA2411029010300,RA2411029010305,Project,3,2026-Sem2
EV002577,RA2411029010300,RA2411029010305,Project,1,2026-Sem1
EV002578,RA2411029010300,RA2411029010305,Project,1,2026-Sem1
EV002579,RA2411029010300,RA2411029010305,Project,4,2026-Sem2
EV002580,RA2411029010300,RA2411029010305,Project,3,2026-Sem2
EV002581,RA2411029010300,RA2411029010306,Project,2,2026-Sem1
EV002582,RA2411029010300,RA2411029010307,Project,1,2026-Sem1
EV002583,RA2411029010300,RA2411029010309,Event,4,2026-Sem2
EV002584,RA2411029010300,RA2411029010309,Event,3,2026-Sem1
EV002585,RA2411029010300,RA2411029010310,Event,1,2026-Sem1
EV002586,RA2411029010300,RA2411029010311,Social,1,2026-Sem2
EV002587,RA2411029010300,RA2411029010311,Social,1,2026-Sem2
EV002588,RA2411029010300,RA2411029010311,Social,4,2026-Sem1
EV002589,RA2411029010300,RA2411029010311,Social,4,2026-Sem1
EV002590,RA2411029010300,RA2411029010312,Project,1,2026-Sem1
EV002591,RA2411029010300,RA2411029010312,Project,4,2026-Sem1
EV002592,RA2411029010300,RA2411029010315,Academic,3,2026-Sem2
EV002593,RA2411029010300,RA2411029010316,Project,3,2026-Sem1
EV002594,RA2411029010300,RA2411029010317,Academic,1,2026-Sem1
EV002595,RA2411029010300,RA2411029010318,Event,2,2026-Sem2
EV002596,RA2411029010301,RA2411029010302,Social,1,2026-Sem1
EV002597,RA2411029010301,RA2411029010304,Project,2,2026-Sem2
EV002598,RA2411029010301,RA2411029010305,Social,2,2026-Sem1
EV002599,RA2411029010301,RA2411029010305,Social,1,2026-Sem2
EV002600,RA2411029010301,RA2411029010305,Social,4,2026-Sem2
EV002601,RA2411029010301,RA2411029010306,Social,4,2026-Sem1
EV002602,RA2411029010301,RA2411029010306,Social,1,2026-Sem2
EV002603,RA2411029010301,RA2411029010307,Social,1,2026-Sem2
EV002604,RA2411029010301,RA2411029010308,Project,3,2026-Sem1
EV002605,RA2411029010301,RA2411029010310,Social,1,2026-Sem1
EV002606,RA2411029010301,RA2411029010310,Social,3,2026-Sem2
EV002607,RA2411029010301,RA2411029010310,Social,4,2026-Sem1
EV002608,RA2411029010301,RA2411029010311,Social,4,2026-Sem1
EV002609,RA2411029010301,RA2411029010313,Social,3,2026-Sem1
EV002610,RA2411029010301,RA2411029010314,Event,3,2026-Sem1
EV002611,RA2411029010301,RA2411029010314,Event,2,2026-Sem1
EV002612,RA2411029010301,RA2411029010315,Event,1,2026-Sem2
EV002613,RA2411029010301,RA2411029010316,Project,1,2026-Sem2
EV002614,RA2411029010301,RA2411029010317,Project,2,2026-Sem1
EV002615,RA2411029010301,RA2411029010317,Project,3,2026-Sem2
EV002616,RA2411029010301,RA2411029010318,Event,1,2026-Sem1
EV002617,RA2411029010302,RA2411029010303,Event,3,2026-Sem1
EV002618,RA2411029010302,RA2411029010304,Project,1,2026-Sem1
EV002619,RA2411029010302,RA2411029010305,Social,1,2026-Sem1
EV002620,RA2411029010302,RA2411029010306,Social,3,2026-Sem1
EV002621,RA2411029010302,RA2411029010308,Academic,3,2026-Sem1
EV002622,RA2411029010302,RA2411029010309,Event,4,2026-Sem2
EV002623,RA2411029010302,RA2411029010309,Event,4,2026-Sem2
EV002624,RA2411029010302,RA2411029010310,Event,4,2026-Sem2
EV002625,RA2411029010302,RA2411029010312,Academic,2,2026-Sem1
EV002626,RA2411029010302,RA2411029010313,Academic,3,2026-Sem1
EV002627,RA2411029010302,RA2411029010313,Academic,3,2026-Sem2
EV002628,RA2411029010302,RA2411029010314,Academic,3,2026-Sem1
EV002629,RA2411029010302,RA2411029010316,Social,4,2026-Sem1
EV002630,RA2411029010302,RA2411029010317,Academic,4,2026-Sem2
EV002631,RA2411029010303,RA2411029010304,Project,1,2026-Sem1
EV002632,RA2411029010303,RA2411029010305,Social,2,2026-Sem2
EV002633,RA2411029010303,RA2411029010306,Academic,3,2026-Sem2
EV002634,RA2411029010303,RA2411029010307,Academic,2,2026-Sem1
EV002635,RA2411029010303,RA2411029010308,Event,1,2026-Sem1
EV002636,RA2411029010303,RA2411029010310,Event,2,2026-Sem2
EV002637,RA2411029010303,RA2411029010313,Event,1,2026-Sem1
EV002638,RA2411029010303,RA2411029010313,Event,4,2026-Sem1
EV002639,RA2411029010303,RA2411029010313,Event,1,2026-Sem2
EV002640,RA2411029010303,RA2411029010317,Social,4,2026-Sem1
EV002641,RA2411029010304,RA2411029010305,Event,3,2026-Sem2
EV002642,RA2411029010304,RA2411029010306,Social,3,2026-Sem1
EV002643,RA2411029010304,RA2411029010307,Event,2,2026-Sem1
EV002644,RA2411029010304,RA2411029010307,Event,4,2026-Sem2
EV002645,RA2411029010304,RA2411029010308,Event,4,2026-Sem1
EV002646,RA2411029010304,RA2411029010309,Social,4,2026-Sem2
EV002647,RA2411029010304,RA2411029010309,Social,3,2026-Sem2
EV002648,RA2411029010304,RA2411029010309,Social,3,2026-Sem2
EV002649,RA2411029010304,RA2411029010314,Academic,2,2026-Sem2
EV002650,RA2411029010304,RA2411029010315,Event,2,2026-Sem2
EV002651,RA2411029010304,RA2411029010318,Project,3,2026-Sem2
EV002652,RA2411029010305,RA2411029010306,Academic,3,2026-Sem1
EV002653,RA2411029010305,RA2411029010308,Event,2,2026-Sem1
EV002654,RA2411029010305,RA2411029010309,Social,2,2026-Sem2
EV002655,RA2411029010305,RA2411029010310,Academic,1,2026-Sem1
EV002656,RA2411029010305,RA2411029010312,Project,3,2026-Sem2
EV002657,RA2411029010305,RA2411029010312,Project,3,2026-Sem2
EV002658,RA2411029010305,RA2411029010313,Event,3,2026-Sem1
EV002659,RA2411029010305,RA2411029010313,Event,4,2026-Sem1
EV002660,RA2411029010305,RA2411029010314,Event,1,2026-Sem2
EV002661,RA2411029010305,RA2411029010314,Event,4,2026-Sem2
EV002662,RA2411029010305,RA2411029010315,Social,2,2026-Sem2
EV002663,RA2411029010305,RA2411029010318,Academic,4,2026-Sem1
EV002664,RA2411029010305,RA2411029010318,Academic,1,2026-Sem1
EV002665,RA2411029010306,RA2411029010307,Academic,3,2026-Sem2
EV002666,RA2411029010306,RA2411029010308,Event,1,2026-Sem2
EV002667,RA2411029010306,RA2411029010309,Event,3,2026-Sem2
EV002668,RA2411029010306,RA2411029010310,Event,2,2026-Sem2
EV002669,RA2411029010306,RA2411029010312,Event,4,2026-Sem1
EV002670,RA2411029010306,RA2411029010312,Event,2,2026-Sem1
EV002671,RA2411029010306,RA2411029010313,Project,1,2026-Sem1
EV002672,RA2411029010306,RA2411029010314,Academic,4,2026-Sem1
EV002673,RA2411029010306,RA2411029010314,Academic,1,2026-Sem2
EV002674,RA2411029010306,RA2411029010315,Academic,1,2026-Sem1
EV002675,RA2411029010306,RA2411029010318,Project,1,2026-Sem1
EV002676,RA2411029010307,RA2411029010309,Event,1,2026-Sem1
EV002677,RA2411029010307,RA2411029010310,Project,1,2026-Sem1
EV002678,RA2411029010307,RA2411029010310,Project,4,2026-Sem1
EV002679,RA2411029010307,RA2411029010311,Event,3,2026-Sem2
EV002680,RA2411029010307,RA2411029010313,Project,2,2026-Sem1
EV002681,RA2411029010307,RA2411029010315,Social,1,2026-Sem2
EV002682,RA2411029010308,RA2411029010311,Social,1,2026-Sem2
EV002683,RA2411029010308,RA2411029010312,Event,2,2026-Sem2
EV002684,RA2411029010308,RA2411029010313,Academic,3,2026-Sem2
EV002685,RA2411029010308,RA2411029010314,Academic,2,2026-Sem1
EV002686,RA2411029010308,RA2411029010317,Social,3,2026-Sem1
EV002687,RA2411029010308,RA2411029010318,Project,2,2026-Sem1
EV002688,RA2411029010309,RA2411029010310,Social,3,2026-Sem1
EV002689,RA2411029010309,RA2411029010311,Social,2,2026-Sem2
EV002690,RA2411029010309,RA2411029010311,Social,1,2026-Sem2
EV002691,RA2411029010309,RA2411029010311,Social,3,2026-Sem1
EV002692,RA2411029010309,RA2411029010311,Social,2,2026-Sem1
EV002693,RA2411029010309,RA2411029010314,Social,3,2026-Sem2
EV002694,RA2411029010309,RA2411029010314,Social,2,2026-Sem1
EV002695,RA2411029010309,RA2411029010315,Event,1,2026-Sem2
EV002696,RA2411029010309,RA2411029010315,Event,4,2026-Sem1
EV002697,RA2411029010309,RA2411029010315,Event,1,2026-Sem2
EV002698,RA2411029010310,RA2411029010314,Academic,4,2026-Sem1
EV002699,RA2411029010310,RA2411029010315,Project,1,2026-Sem2
EV002700,RA2411029010310,RA2411029010316,Event,4,2026-Sem1
EV002701,RA2411029010310,RA2411029010316,Event,4,2026-Sem1
EV002702,RA2411029010310,RA2411029010317,Project,1,2026-Sem2
EV002703,RA2411029010310,RA2411029010318,Academic,2,2026-Sem1
EV002704,RA2411029010311,RA2411029010312,Project,1,2026-Sem2
EV002705,RA2411029010311,RA2411029010314,Academic,2,2026-Sem2
EV002706,RA2411029010311,RA2411029010315,Project,1,2026-Sem1
EV002707,RA2411029010311,RA2411029010316,Social,1,2026-Sem2
EV002708,RA2411029010311,RA2411029010316,Social,2,2026-Sem1
EV002709,RA2411029010311,RA2411029010316,Social,4,2026-Sem2
EV002710,RA2411029010311,RA2411029010316,Social,1,2026-Sem2
EV002711,RA2411029010311,RA2411029010316,Social,4,2026-Sem2
EV002712,RA2411029010311,RA2411029010316,Social,2,2026-Sem2
EV002713,RA2411029010312,RA2411029010314,Project,4,2026-Sem1
EV002714,RA2411029010312,RA2411029010314,Project,2,2026-Sem1
EV002715,RA2411029010312,RA2411029010316,Academic,3,2026-Sem1
EV002716,RA2411029010312,RA2411029010316,Academic,2,2026-Sem1
EV002717,RA2411029010312,RA2411029010318,Event,2,2026-Sem1
EV002718,RA2411029010312,RA2411029010318,Event,1,2026-Sem1
EV002719,RA2411029010312,RA2411029010318,Event,2,2026-Sem1
EV002720,RA2411029010312,RA2411029010318,Event,4,2026-Sem2
EV002721,RA2411029010313,RA2411029010317,Academic,2,2026-Sem1
EV002722,RA2411029010313,RA2411029010317,Academic,4,2026-Sem2
EV002723,RA2411029010313,RA2411029010318,Academic,1,2026-Sem2
EV002724,RA2411029010314,RA2411029010315,Project,4,2026-Sem2
EV002725,RA2411029010314,RA2411029010315,Project,3,2026-Sem2
EV002726,RA2411029010314,RA2411029010316,Social,4,2026-Sem2
EV002727,RA2411029010314,RA2411029010316,Social,1,2026-Sem2
EV002728,RA2411029010314,RA2411029010318,Academic,1,2026-Sem1
EV002729,RA2411029010315,RA2411029010316,Project,1,2026-Sem2
EV002730,RA2411029010315,RA2411029010317,Event,3,2026-Sem2
EV002731,RA2411029010315,RA2411029010317,Event,2,2026-Sem1
EV002732,RA2411029010315,RA2411029010318,Event,2,2026-Sem2
EV002733,RA2411029010316,RA2411029010317,Academic,2,2026-Sem2
EV002734,RA2411029010317,RA2411029010318,Project,1,2026-Sem2
EV002735,RA2511029010319,RA2511029010321,Project,1,2026-Sem2
EV002736,RA2511029010319,RA2511029010322,Event,4,2026-Sem2
EV002737,RA2511029010319,RA2511029010322,Event,3,2026-Sem1
EV002738,RA2511029010319,RA2511029010324,Social,1,2026-Sem1
EV002739,RA2511029010319,RA2511029010324,Social,3,2026-Sem1
EV002740,RA2511029010319,RA2511029010324,Social,4,2026-Sem1
EV002741,RA2511029010319,RA2511029010325,Academic,4,2026-Sem2
EV002742,RA2511029010319,RA2511029010325,Academic,1,2026-Sem2
EV002743,RA2511029010319,RA2511029010326,Academic,1,2026-Sem2
EV002744,RA2511029010319,RA2511029010327,Project,3,2026-Sem1
EV002745,RA2511029010319,RA2511029010328,Academic,4,2026-Sem2
EV002746,RA2511029010319,RA2511029010331,Social,2,2026-Sem2
EV002747,RA2511029010319,RA2511029010336,Social,1,2026-Sem2
EV002748,RA2511029010319,RA2511029010337,Project,3,2026-Sem1
EV002749,RA2511029010319,RA2511029010337,Project,2,2026-Sem1
EV002750,RA2511029010319,RA2511029010338,Project,3,2026-Sem2
EV002751,RA2511029010319,RA2511029010338,Project,4,2026-Sem1
EV002752,RA2511029010319,RA2511029010340,Event,4,2026-Sem2
EV002753,RA2511029010319,RA2511029010340,Event,1,2026-Sem2
EV002754,RA2511029010320,RA2511029010322,Project,1,2026-Sem1
EV002755,RA2511029010320,RA2511029010322,Project,4,2026-Sem2
EV002756,RA2511029010320,RA2511029010322,Project,2,2026-Sem2
EV002757,RA2511029010320,RA2511029010323,Social,2,2026-Sem2
EV002758,RA2511029010320,RA2511029010326,Social,1,2026-Sem1
EV002759,RA2511029010320,RA2511029010327,Social,3,2026-Sem2
EV002760,RA2511029010320,RA2511029010329,Academic,4,2026-Sem2
EV002761,RA2511029010320,RA2511029010329,Academic,3,2026-Sem2
EV002762,RA2511029010320,RA2511029010330,Social,2,2026-Sem1
EV002763,RA2511029010320,RA2511029010334,Academic,3,2026-Sem2
EV002764,RA2511029010320,RA2511029010334,Academic,3,2026-Sem2
EV002765,RA2511029010320,RA2511029010335,Social,1,2026-Sem1
EV002766,RA2511029010320,RA2511029010338,Academic,3,2026-Sem2
EV002767,RA2511029010321,RA2511029010322,Project,2,2026-Sem2
EV002768,RA2511029010321,RA2511029010323,Project,4,2026-Sem1
EV002769,RA2511029010321,RA2511029010323,Project,1,2026-Sem1
EV002770,RA2511029010321,RA2511029010324,Project,1,2026-Sem1
EV002771,RA2511029010321,RA2511029010325,Project,2,2026-Sem2
EV002772,RA2511029010321,RA2511029010325,Project,4,2026-Sem1
EV002773,RA2511029010321,RA2511029010326,Academic,1,2026-Sem1
EV002774,RA2511029010321,RA2511029010327,Event,1,2026-Sem1
EV002775,RA2511029010321,RA2511029010328,Project,3,2026-Sem2
EV002776,RA2511029010321,RA2511029010329,Social,4,2026-Sem1
EV002777,RA2511029010321,RA2511029010330,Event,1,2026-Sem1
EV002778,RA2511029010321,RA2511029010330,Event,3,2026-Sem2
EV002779,RA2511029010321,RA2511029010330,Event,3,2026-Sem1
EV002780,RA2511029010321,RA2511029010331,Event,2,2026-Sem2
EV002781,RA2511029010321,RA2511029010331,Event,2,2026-Sem1
EV002782,RA2511029010321,RA2511029010331,Event,3,2026-Sem1
EV002783,RA2511029010321,RA2511029010331,Event,3,2026-Sem1
EV002784,RA2511029010321,RA2511029010331,Event,4,2026-Sem2
EV002785,RA2511029010321,RA2511029010335,Project,1,2026-Sem2
EV002786,RA2511029010321,RA2511029010336,Event,1,2026-Sem2
EV002787,RA2511029010321,RA2511029010339,Project,3,2026-Sem1
EV002788,RA2511029010321,RA2511029010340,Project,3,2026-Sem2
EV002789,RA2511029010321,RA2511029010340,Project,1,2026-Sem1
EV002790,RA2511029010321,RA2511029010340,Project,4,2026-Sem1
EV002791,RA2511029010321,RA2511029010341,Academic,4,2026-Sem2
EV002792,RA2511029010322,RA2511029010323,Academic,2,2026-Sem1
EV002793,RA2511029010322,RA2511029010324,Project,1,2026-Sem1
EV002794,RA2511029010322,RA2511029010325,Social,2,2026-Sem1
EV002795,RA2511029010322,RA2511029010326,Project,1,2026-Sem2
EV002796,RA2511029010322,RA2511029010327,Academic,1,2026-Sem1
EV002797,RA2511029010322,RA2511029010327,Academic,3,2026-Sem1
EV002798,RA2511029010322,RA2511029010327,Academic,4,2026-Sem2
EV002799,RA2511029010322,RA2511029010328,Social,1,2026-Sem1
EV002800,RA2511029010322,RA2511029010330,Academic,3,2026-Sem2
EV002801,RA2511029010322,RA2511029010331,Academic,2,2026-Sem2
EV002802,RA2511029010322,RA2511029010332,Event,4,2026-Sem2
EV002803,RA2511029010322,RA2511029010332,Event,3,2026-Sem1
EV002804,RA2511029010322,RA2511029010334,Project,3,2026-Sem2
EV002805,RA2511029010322,RA2511029010334,Project,2,2026-Sem2
EV002806,RA2511029010322,RA2511029010335,Event,3,2026-Sem2
EV002807,RA2511029010322,RA2511029010335,Event,2,2026-Sem1
EV002808,RA2511029010322,RA2511029010337,Social,1,2026-Sem2
EV002809,RA2511029010322,RA2511029010340,Event,2,2026-Sem1
EV002810,RA2511029010322,RA2511029010341,Event,2,2026-Sem2
EV002811,RA2511029010322,RA2511029010341,Event,3,2026-Sem1
EV002812,RA2511029010323,RA2511029010327,Social,3,2026-Sem2
EV002813,RA2511029010323,RA2511029010328,Academic,1,2026-Sem2
EV002814,RA2511029010323,RA2511029010329,Academic,3,2026-Sem2
EV002815,RA2511029010323,RA2511029010329,Academic,2,2026-Sem2
EV002816,RA2511029010323,RA2511029010329,Academic,4,2026-Sem1
EV002817,RA2511029010323,RA2511029010330,Event,3,2026-Sem1
EV002818,RA2511029010323,RA2511029010331,Project,3,2026-Sem1
EV002819,RA2511029010323,RA2511029010331,Project,4,2026-Sem2
EV002820,RA2511029010323,RA2511029010331,Project,2,2026-Sem1
EV002821,RA2511029010323,RA2511029010332,Project,2,2026-Sem1
EV002822,RA2511029010323,RA2511029010335,Social,2,2026-Sem1
EV002823,RA2511029010323,RA2511029010336,Academic,2,2026-Sem2
EV002824,RA2511029010323,RA2511029010337,Academic,4,2026-Sem2
EV002825,RA2511029010323,RA2511029010337,Academic,2,2026-Sem1
EV002826,RA2511029010323,RA2511029010338,Social,1,2026-Sem2
EV002827,RA2511029010323,RA2511029010340,Social,1,2026-Sem1
EV002828,RA2511029010323,RA2511029010341,Academic,1,2026-Sem1
EV002829,RA2511029010324,RA2511029010327,Social,1,2026-Sem1
EV002830,RA2511029010324,RA2511029010329,Academic,2,2026-Sem2
EV002831,RA2511029010324,RA2511029010330,Social,2,2026-Sem2
EV002832,RA2511029010324,RA2511029010333,Project,2,2026-Sem1
EV002833,RA2511029010324,RA2511029010333,Project,3,2026-Sem1
EV002834,RA2511029010324,RA2511029010334,Event,3,2026-Sem2
EV002835,RA2511029010324,RA2511029010335,Academic,2,2026-Sem2
EV002836,RA2511029010324,RA2511029010336,Event,1,2026-Sem2
EV002837,RA2511029010324,RA2511029010337,Project,3,2026-Sem1
EV002838,RA2511029010324,RA2511029010337,Project,4,2026-Sem1
EV002839,RA2511029010324,RA2511029010338,Academic,2,2026-Sem1
EV002840,RA2511029010324,RA2511029010339,Project,2,2026-Sem2
EV002841,RA2511029010324,RA2511029010340,Academic,2,2026-Sem2
EV002842,RA2511029010324,RA2511029010340,Academic,4,2026-Sem2
EV002843,RA2511029010324,RA2511029010341,Project,2,2026-Sem1
EV002844,RA2511029010325,RA2511029010328,Event,3,2026-Sem2
EV002845,RA2511029010325,RA2511029010328,Event,4,2026-Sem2
EV002846,RA2511029010325,RA2511029010328,Event,2,2026-Sem2
EV002847,RA2511029010325,RA2511029010329,Academic,1,2026-Sem2
EV002848,RA2511029010325,RA2511029010330,Social,4,2026-Sem1
EV002849,RA2511029010325,RA2511029010331,Academic,4,2026-Sem1
EV002850,RA2511029010325,RA2511029010331,Academic,4,2026-Sem2
EV002851,RA2511029010325,RA2511029010332,Social,3,2026-Sem1
EV002852,RA2511029010325,RA2511029010332,Social,3,2026-Sem1
EV002853,RA2511029010325,RA2511029010333,Social,1,2026-Sem2
EV002854,RA2511029010325,RA2511029010333,Social,4,2026-Sem2
EV002855,RA2511029010325,RA2511029010333,Social,1,2026-Sem2
EV002856,RA2511029010325,RA2511029010334,Social,1,2026-Sem1
EV002857,RA2511029010325,RA2511029010336,Social,1,2026-Sem1
EV002858,RA2511029010326,RA2511029010327,Social,3,2026-Sem2
EV002859,RA2511029010326,RA2511029010327,Social,4,2026-Sem1
EV002860,RA2511029010326,RA2511029010332,Social,2,2026-Sem2
EV002861,RA2511029010326,RA2511029010333,Social,1,2026-Sem1
EV002862,RA2511029010326,RA2511029010336,Event,1,2026-Sem2
EV002863,RA2511029010326,RA2511029010337,Project,2,2026-Sem1
EV002864,RA2511029010326,RA2511029010341,Academic,3,2026-Sem1
EV002865,RA2511029010327,RA2511029010330,Academic,2,2026-Sem2
EV002866,RA2511029010327,RA2511029010333,Project,3,2026-Sem1
EV002867,RA2511029010327,RA2511029010333,Project,3,2026-Sem1
EV002868,RA2511029010327,RA2511029010336,Social,3,2026-Sem2
EV002869,RA2511029010327,RA2511029010336,Social,3,2026-Sem2
EV002870,RA2511029010327,RA2511029010336,Social,2,2026-Sem2
EV002871,RA2511029010327,RA2511029010337,Project,4,2026-Sem2
EV002872,RA2511029010327,RA2511029010337,Project,1,2026-Sem2
EV002873,RA2511029010327,RA2511029010341,Social,3,2026-Sem1
EV002874,RA2511029010327,RA2511029010341,Social,3,2026-Sem2
EV002875,RA2511029010328,RA2511029010329,Event,1,2026-Sem2
EV002876,RA2511029010328,RA2511029010329,Event,3,2026-Sem2
EV002877,RA2511029010328,RA2511029010329,Event,3,2026-Sem1
EV002878,RA2511029010328,RA2511029010329,Event,2,2026-Sem2
EV002879,RA2511029010328,RA2511029010330,Event,2,2026-Sem2
EV002880,RA2511029010328,RA2511029010330,Event,4,2026-Sem2
EV002881,RA2511029010328,RA2511029010330,Event,1,2026-Sem1
EV002882,RA2511029010328,RA2511029010332,Project,3,2026-Sem2
EV002883,RA2511029010328,RA2511029010332,Project,2,2026-Sem1
EV002884,RA2511029010328,RA2511029010332,Project,1,2026-Sem2
EV002885,RA2511029010328,RA2511029010332,Project,1,2026-Sem2
EV002886,RA2511029010328,RA2511029010332,Project,4,2026-Sem1
EV002887,RA2511029010328,RA2511029010332,Project,1,2026-Sem2
EV002888,RA2511029010328,RA2511029010334,Social,3,2026-Sem1
EV002889,RA2511029010328,RA2511029010335,Project,4,2026-Sem2
EV002890,RA2511029010328,RA2511029010336,Project,1,2026-Sem1
EV002891,RA2511029010328,RA2511029010337,Academic,1,2026-Sem2
EV002892,RA2511029010329,RA2511029010330,Academic,4,2026-Sem2
EV002893,RA2511029010329,RA2511029010330,Academic,1,2026-Sem1
EV002894,RA2511029010329,RA2511029010330,Academic,1,2026-Sem1
EV002895,RA2511029010329,RA2511029010330,Academic,1,2026-Sem2
EV002896,RA2511029010329,RA2511029010330,Academic,3,2026-Sem2
EV002897,RA2511029010329,RA2511029010330,Academic,4,2026-Sem2
EV002898,RA2511029010329,RA2511029010332,Social,4,2026-Sem1
EV002899,RA2511029010329,RA2511029010334,Event,4,2026-Sem2
EV002900,RA2511029010329,RA2511029010336,Social,3,2026-Sem2
EV002901,RA2511029010329,RA2511029010338,Event,3,2026-Sem1
EV002902,RA2511029010329,RA2511029010339,Academic,1,2026-Sem2
EV002903,RA2511029010329,RA2511029010339,Academic,4,2026-Sem1
EV002904,RA2511029010329,RA2511029010339,Academic,2,2026-Sem1
EV002905,RA2511029010329,RA2511029010340,Social,3,2026-Sem2
EV002906,RA2511029010329,RA2511029010340,Social,4,2026-Sem2
EV002907,RA2511029010329,RA2511029010341,Social,1,2026-Sem2
EV002908,RA2511029010330,RA2511029010331,Academic,4,2026-Sem2
EV002909,RA2511029010330,RA2511029010331,Academic,3,2026-Sem1
EV002910,RA2511029010330,RA2511029010334,Event,2,2026-Sem2
EV002911,RA2511029010330,RA2511029010334,Event,3,2026-Sem2
EV002912,RA2511029010330,RA2511029010334,Event,4,2026-Sem2
EV002913,RA2511029010330,RA2511029010336,Social,2,2026-Sem1
EV002914,RA2511029010330,RA2511029010338,Event,3,2026-Sem2
EV002915,RA2511029010330,RA2511029010339,Social,3,2026-Sem2
EV002916,RA2511029010330,RA2511029010339,Social,3,2026-Sem2
EV002917,RA2511029010330,RA2511029010340,Event,2,2026-Sem1
EV002918,RA2511029010330,RA2511029010341,Academic,3,2026-Sem1
EV002919,RA2511029010330,RA2511029010341,Academic,3,2026-Sem1
EV002920,RA2511029010331,RA2511029010332,Project,2,2026-Sem2
EV002921,RA2511029010331,RA2511029010332,Project,3,2026-Sem2
EV002922,RA2511029010331,RA2511029010332,Project,3,2026-Sem1
EV002923,RA2511029010331,RA2511029010334,Academic,4,2026-Sem2
EV002924,RA2511029010331,RA2511029010335,Academic,4,2026-Sem2
EV002925,RA2511029010331,RA2511029010335,Academic,4,2026-Sem2
EV002926,RA2511029010331,RA2511029010335,Academic,2,2026-Sem1
EV002927,RA2511029010331,RA2511029010337,Academic,4,2026-Sem2
EV002928,RA2511029010331,RA2511029010337,Academic,1,2026-Sem1
EV002929,RA2511029010331,RA2511029010338,Event,1,2026-Sem1
EV002930,RA2511029010331,RA2511029010339,Event,1,2026-Sem2
EV002931,RA2511029010331,RA2511029010341,Social,1,2026-Sem1
EV002932,RA2511029010331,RA2511029010341,Social,4,2026-Sem1
EV002933,RA2511029010331,RA2511029010341,Social,1,2026-Sem1
EV002934,RA2511029010332,RA2511029010333,Event,2,2026-Sem1
EV002935,RA2511029010332,RA2511029010334,Academic,3,2026-Sem2
EV002936,RA2511029010332,RA2511029010335,Event,4,2026-Sem1
EV002937,RA2511029010332,RA2511029010335,Event,3,2026-Sem2
EV002938,RA2511029010332,RA2511029010336,Social,4,2026-Sem1
EV002939,RA2511029010332,RA2511029010338,Social,4,2026-Sem2
EV002940,RA2511029010332,RA2511029010339,Academic,4,2026-Sem1
EV002941,RA2511029010332,RA2511029010340,Project,3,2026-Sem2
EV002942,RA2511029010332,RA2511029010340,Project,4,2026-Sem2
EV002943,RA2511029010332,RA2511029010341,Social,2,2026-Sem1
EV002944,RA2511029010333,RA2511029010334,Event,1,2026-Sem2
EV002945,RA2511029010333,RA2511029010335,Academic,1,2026-Sem2
EV002946,RA2511029010333,RA2511029010336,Event,3,2026-Sem2
EV002947,RA2511029010333,RA2511029010338,Project,1,2026-Sem1
EV002948,RA2511029010333,RA2511029010339,Social,2,2026-Sem2
EV002949,RA2511029010333,RA2511029010341,Project,1,2026-Sem1
EV002950,RA2511029010334,RA2511029010335,Academic,3,2026-Sem2
EV002951,RA2511029010334,RA2511029010336,Project,4,2026-Sem2
EV002952,RA2511029010334,RA2511029010337,Academic,2,2026-Sem2
EV002953,RA2511029010334,RA2511029010341,Social,1,2026-Sem1
EV002954,RA2511029010334,RA2511029010341,Social,4,2026-Sem2
EV002955,RA2511029010334,RA2511029010341,Social,1,2026-Sem2
EV002956,RA2511029010335,RA2511029010336,Social,4,2026-Sem2
EV002957,RA2511029010335,RA2511029010337,Project,1,2026-Sem1
EV002958,RA2511029010335,RA2511029010340,Academic,4,2026-Sem1
EV002959,RA2511029010336,RA2511029010337,Project,2,2026-Sem2
EV002960,RA2511029010336,RA2511029010340,Event,1,2026-Sem1
EV002961,RA2511029010336,RA2511029010341,Academic,2,2026-Sem1
EV002962,RA2511029010337,RA2511029010338,Academic,3,2026-Sem2
EV002963,RA2511029010337,RA2511029010339,Event,1,2026-Sem1
EV002964,RA2511029010337,RA2511029010340,Social,1,2026-Sem1
EV002965,RA2511029010337,RA2511029010341,Project,2,2026-Sem1
EV002966,RA2511029010338,RA2511029010339,Social,4,2026-Sem2
EV002967,RA2511029010338,RA2511029010339,Social,1,2026-Sem1
EV002968,RA2511029010338,RA2511029010340,Project,1,2026-Sem1
EV002969,RA2511029010338,RA2511029010341,Social,1,2026-Sem2
EV002970,RA2511029010338,RA2511029010341,Social,1,2026-Sem2
EV002971,RA2511029010338,RA2511029010341,Social,4,2026-Sem2
EV002972,RA2511029010338,RA2511029010341,Social,1,2026-Sem1
EV002973,RA2511029010339,RA2511029010340,Project,2,2026-Sem2
EV002974,RA2511029010340,RA2511029010341,Project,2,2026-Sem2
EV002975,RA2611029010342,RA2611029010343,Social,4,2026-Sem1
EV002976,RA2611029010342,RA2611029010349,Project,3,2026-Sem2
EV002977,RA2611029010342,RA2611029010349,Project,4,2026-Sem1
EV002978,RA2611029010342,RA2611029010350,Project,1,2026-Sem2
EV002979,RA2611029010342,RA2611029010351,Social,2,2026-Sem1
EV002980,RA2611029010342,RA2611029010352,Project,1,2026-Sem2
EV002981,RA2611029010342,RA2611029010352,Project,2,2026-Sem2
EV002982,RA2611029010342,RA2611029010352,Project,4,2026-Sem2
EV002983,RA2611029010342,RA2611029010352,Project,1,2026-Sem1
EV002984,RA2611029010342,RA2611029010354,Social,3,2026-Sem1
EV002985,RA2611029010342,RA2611029010354,Social,2,2026-Sem2
EV002986,RA2611029010342,RA2611029010355,Academic,4,2026-Sem2
EV002987,RA2611029010342,RA2611029010356,Project,2,2026-Sem2
EV002988,RA2611029010342,RA2611029010356,Project,4,2026-Sem2
EV002989,RA2611029010342,RA2611029010359,Academic,4,2026-Sem1
EV002990,RA2611029010342,RA2611029010359,Academic,1,2026-Sem2
EV002991,RA2611029010342,RA2611029010361,Project,3,2026-Sem1
EV002992,RA2611029010343,RA2611029010344,Event,3,2026-Sem2
EV002993,RA2611029010343,RA2611029010345,Social,3,2026-Sem1
EV002994,RA2611029010343,RA2611029010346,Event,3,2026-Sem1
EV002995,RA2611029010343,RA2611029010347,Academic,1,2026-Sem1
EV002996,RA2611029010343,RA2611029010349,Project,2,2026-Sem2
EV002997,RA2611029010343,RA2611029010350,Event,4,2026-Sem1
EV002998,RA2611029010343,RA2611029010352,Academic,1,2026-Sem1
EV002999,RA2611029010343,RA2611029010353,Event,3,2026-Sem1
EV003000,RA2611029010343,RA2611029010354,Academic,3,2026-Sem2
EV003001,RA2611029010343,RA2611029010356,Event,3,2026-Sem1
EV003002,RA2611029010343,RA2611029010357,Event,2,2026-Sem1
EV003003,RA2611029010343,RA2611029010358,Project,3,2026-Sem1
EV003004,RA2611029010343,RA2611029010359,Academic,2,2026-Sem1
EV003005,RA2611029010343,RA2611029010360,Academic,3,2026-Sem1
EV003006,RA2611029010343,RA2611029010360,Academic,2,2026-Sem1
EV003007,RA2611029010343,RA2611029010362,Academic,2,2026-Sem2
EV003008,RA2611029010343,RA2611029010363,Social,1,2026-Sem2
EV003009,RA2611029010344,RA2611029010345,Social,2,2026-Sem2
EV003010,RA2611029010344,RA2611029010345,Social,3,2026-Sem2
EV003011,RA2611029010344,RA2611029010348,Project,2,2026-Sem2
EV003012,RA2611029010344,RA2611029010348,Project,4,2026-Sem1
EV003013,RA2611029010344,RA2611029010348,Project,3,2026-Sem2
EV003014,RA2611029010344,RA2611029010348,Project,4,2026-Sem2
EV003015,RA2611029010344,RA2611029010348,Project,1,2026-Sem1
EV003016,RA2611029010344,RA2611029010352,Social,2,2026-Sem2
EV003017,RA2611029010344,RA2611029010353,Event,1,2026-Sem1
EV003018,RA2611029010344,RA2611029010353,Event,1,2026-Sem1
EV003019,RA2611029010344,RA2611029010353,Event,4,2026-Sem1
EV003020,RA2611029010344,RA2611029010353,Event,2,2026-Sem2
EV003021,RA2611029010344,RA2611029010356,Project,4,2026-Sem2
EV003022,RA2611029010344,RA2611029010356,Project,2,2026-Sem1
EV003023,RA2611029010344,RA2611029010357,Project,3,2026-Sem2
EV003024,RA2611029010344,RA2611029010358,Event,1,2026-Sem1
EV003025,RA2611029010344,RA2611029010358,Event,4,2026-Sem2
EV003026,RA2611029010344,RA2611029010359,Academic,2,2026-Sem1
EV003027,RA2611029010344,RA2611029010360,Event,1,2026-Sem2
EV003028,RA2611029010344,RA2611029010361,Academic,2,2026-Sem1
EV003029,RA2611029010344,RA2611029010362,Project,2,2026-Sem2
EV003030,RA2611029010345,RA2611029010346,Social,2,2026-Sem2
EV003031,RA2611029010345,RA2611029010347,Event,1,2026-Sem1
EV003032,RA2611029010345,RA2611029010347,Event,4,2026-Sem2
EV003033,RA2611029010345,RA2611029010349,Academic,3,2026-Sem2
EV003034,RA2611029010345,RA2611029010350,Project,1,2026-Sem1
EV003035,RA2611029010345,RA2611029010352,Event,1,2026-Sem1
EV003036,RA2611029010345,RA2611029010352,Event,2,2026-Sem1
EV003037,RA2611029010345,RA2611029010352,Event,2,2026-Sem1
EV003038,RA2611029010345,RA2611029010352,Event,3,2026-Sem1
EV003039,RA2611029010345,RA2611029010352,Event,4,2026-Sem2
EV003040,RA2611029010345,RA2611029010353,Event,1,2026-Sem1
EV003041,RA2611029010345,RA2611029010354,Event,1,2026-Sem2
EV003042,RA2611029010345,RA2611029010355,Event,4,2026-Sem1
EV003043,RA2611029010345,RA2611029010356,Project,1,2026-Sem1
EV003044,RA2611029010345,RA2611029010357,Academic,4,2026-Sem1
EV003045,RA2611029010345,RA2611029010357,Academic,2,2026-Sem2
EV003046,RA2611029010345,RA2611029010358,Academic,1,2026-Sem2
EV003047,RA2611029010345,RA2611029010359,Event,2,2026-Sem2
EV003048,RA2611029010345,RA2611029010360,Academic,3,2026-Sem2
EV003049,RA2611029010345,RA2611029010361,Academic,1,2026-Sem2
EV003050,RA2611029010345,RA2611029010363,Project,3,2026-Sem2
EV003051,RA2611029010345,RA2611029010363,Project,4,2026-Sem2
EV003052,RA2611029010345,RA2611029010363,Project,2,2026-Sem1
EV003053,RA2611029010345,RA2611029010363,Project,3,2026-Sem2
EV003054,RA2611029010346,RA2611029010347,Event,3,2026-Sem2
EV003055,RA2611029010346,RA2611029010348,Project,1,2026-Sem2
EV003056,RA2611029010346,RA2611029010349,Event,3,2026-Sem1
EV003057,RA2611029010346,RA2611029010349,Event,3,2026-Sem1
EV003058,RA2611029010346,RA2611029010351,Social,4,2026-Sem1
EV003059,RA2611029010346,RA2611029010352,Event,2,2026-Sem2
EV003060,RA2611029010346,RA2611029010353,Project,3,2026-Sem1
EV003061,RA2611029010346,RA2611029010355,Project,3,2026-Sem1
EV003062,RA2611029010346,RA2611029010358,Academic,4,2026-Sem2
EV003063,RA2611029010346,RA2611029010358,Academic,1,2026-Sem1
EV003064,RA2611029010346,RA2611029010359,Event,2,2026-Sem1
EV003065,RA2611029010346,RA2611029010362,Project,2,2026-Sem2
EV003066,RA2611029010346,RA2611029010363,Event,3,2026-Sem1
EV003067,RA2611029010347,RA2611029010349,Academic,2,2026-Sem1
EV003068,RA2611029010347,RA2611029010351,Project,2,2026-Sem1
EV003069,RA2611029010347,RA2611029010353,Academic,1,2026-Sem1
EV003070,RA2611029010347,RA2611029010353,Academic,4,2026-Sem2
EV003071,RA2611029010347,RA2611029010355,Event,2,2026-Sem2
EV003072,RA2611029010347,RA2611029010357,Social,1,2026-Sem2
EV003073,RA2611029010347,RA2611029010358,Social,2,2026-Sem1
EV003074,RA2611029010347,RA2611029010359,Project,3,2026-Sem2
EV003075,RA2611029010347,RA2611029010360,Academic,4,2026-Sem2
EV003076,RA2611029010347,RA2611029010362,Social,1,2026-Sem2
EV003077,RA2611029010347,RA2611029010362,Social,4,2026-Sem2
EV003078,RA2611029010348,RA2611029010349,Academic,2,2026-Sem1
EV003079,RA2611029010348,RA2611029010351,Event,3,2026-Sem1
EV003080,RA2611029010348,RA2611029010352,Project,1,2026-Sem1
EV003081,RA2611029010348,RA2611029010352,Project,4,2026-Sem2
EV003082,RA2611029010348,RA2611029010353,Event,2,2026-Sem1
EV003083,RA2611029010348,RA2611029010353,Event,4,2026-Sem1
EV003084,RA2611029010348,RA2611029010355,Academic,4,2026-Sem2
EV003085,RA2611029010348,RA2611029010356,Academic,3,2026-Sem2
EV003086,RA2611029010348,RA2611029010357,Academic,4,2026-Sem1
EV003087,RA2611029010348,RA2611029010358,Social,1,2026-Sem1
EV003088,RA2611029010348,RA2611029010359,Project,1,2026-Sem1
EV003089,RA2611029010348,RA2611029010359,Project,4,2026-Sem2
EV003090,RA2611029010348,RA2611029010361,Event,2,2026-Sem1
EV003091,RA2611029010348,RA2611029010361,Event,3,2026-Sem2
EV003092,RA2611029010349,RA2611029010353,Social,3,2026-Sem1
EV003093,RA2611029010349,RA2611029010354,Academic,2,2026-Sem1
EV003094,RA2611029010349,RA2611029010354,Academic,3,2026-Sem2
EV003095,RA2611029010349,RA2611029010357,Project,1,2026-Sem2
EV003096,RA2611029010349,RA2611029010358,Academic,3,2026-Sem2
EV003097,RA2611029010349,RA2611029010358,Academic,4,2026-Sem1
EV003098,RA2611029010349,RA2611029010358,Academic,1,2026-Sem2
EV003099,RA2611029010349,RA2611029010358,Academic,4,2026-Sem2
EV003100,RA2611029010349,RA2611029010359,Project,4,2026-Sem2
EV003101,RA2611029010349,RA2611029010360,Academic,1,2026-Sem1
EV003102,RA2611029010349,RA2611029010360,Academic,4,2026-Sem2
EV003103,RA2611029010349,RA2611029010360,Academic,1,2026-Sem1
EV003104,RA2611029010349,RA2611029010362,Project,1,2026-Sem2
EV003105,RA2611029010349,RA2611029010363,Social,2,2026-Sem1
EV003106,RA2611029010350,RA2611029010354,Event,1,2026-Sem2
EV003107,RA2611029010350,RA2611029010355,Social,2,2026-Sem2
EV003108,RA2611029010350,RA2611029010356,Social,1,2026-Sem2
EV003109,RA2611029010350,RA2611029010357,Project,1,2026-Sem1
EV003110,RA2611029010350,RA2611029010360,Academic,4,2026-Sem1
EV003111,RA2611029010350,RA2611029010360,Academic,3,2026-Sem1
EV003112,RA2611029010350,RA2611029010361,Event,4,2026-Sem1
EV003113,RA2611029010350,RA2611029010361,Event,1,2026-Sem2
EV003114,RA2611029010350,RA2611029010361,Event,4,2026-Sem1
EV003115,RA2611029010350,RA2611029010361,Event,3,2026-Sem2
EV003116,RA2611029010350,RA2611029010362,Project,2,2026-Sem1
EV003117,RA2611029010350,RA2611029010363,Social,4,2026-Sem1
EV003118,RA2611029010350,RA2611029010363,Social,1,2026-Sem1
EV003119,RA2611029010350,RA2611029010363,Social,2,2026-Sem2
EV003120,RA2611029010350,RA2611029010363,Social,3,2026-Sem2
EV003121,RA2611029010350,RA2611029010363,Social,2,2026-Sem2
EV003122,RA2611029010351,RA2611029010356,Social,3,2026-Sem2
EV003123,RA2611029010351,RA2611029010356,Social,4,2026-Sem2
EV003124,RA2611029010351,RA2611029010356,Social,3,2026-Sem1
EV003125,RA2611029010351,RA2611029010358,Academic,4,2026-Sem1
EV003126,RA2611029010351,RA2611029010359,Event,3,2026-Sem2
EV003127,RA2611029010351,RA2611029010361,Academic,2,2026-Sem1
EV003128,RA2611029010351,RA2611029010362,Academic,2,2026-Sem2
EV003129,RA2611029010352,RA2611029010354,Academic,1,2026-Sem1
EV003130,RA2611029010352,RA2611029010355,Project,1,2026-Sem1
EV003131,RA2611029010352,RA2611029010356,Academic,2,2026-Sem2
EV003132,RA2611029010352,RA2611029010359,Social,1,2026-Sem2
EV003133,RA2611029010352,RA2611029010360,Academic,3,2026-Sem1
EV003134,RA2611029010352,RA2611029010363,Academic,2,2026-Sem2
EV003135,RA2611029010353,RA2611029010355,Project,3,2026-Sem1
EV003136,RA2611029010353,RA2611029010358,Project,4,2026-Sem1
EV003137,RA2611029010353,RA2611029010359,Social,1,2026-Sem2
EV003138,RA2611029010353,RA2611029010361,Event,1,2026-Sem1
EV003139,RA2611029010353,RA2611029010362,Project,3,2026-Sem1
EV003140,RA2611029010353,RA2611029010362,Project,4,2026-Sem1
EV003141,RA2611029010353,RA2611029010362,Project,1,2026-Sem1
EV003142,RA2611029010353,RA2611029010363,Project,4,2026-Sem1
EV003143,RA2611029010354,RA2611029010357,Academic,3,2026-Sem2
EV003144,RA2611029010354,RA2611029010358,Project,1,2026-Sem1
EV003145,RA2611029010354,RA2611029010358,Project,4,2026-Sem2
EV003146,RA2611029010354,RA2611029010359,Project,4,2026-Sem1
EV003147,RA2611029010354,RA2611029010360,Event,4,2026-Sem2
EV003148,RA2611029010354,RA2611029010360,Event,1,2026-Sem2
EV003149,RA2611029010354,RA2611029010360,Event,4,2026-Sem2
EV003150,RA2611029010354,RA2611029010361,Event,1,2026-Sem1
EV003151,RA2611029010354,RA2611029010363,Project,3,2026-Sem1
EV003152,RA2611029010355,RA2611029010356,Event,3,2026-Sem1
EV003153,RA2611029010355,RA2611029010356,Event,2,2026-Sem1
EV003154,RA2611029010355,RA2611029010359,Event,3,2026-Sem1
EV003155,RA2611029010355,RA2611029010360,Social,4,2026-Sem2
EV003156,RA2611029010355,RA2611029010361,Project,2,2026-Sem1
EV003157,RA2611029010355,RA2611029010362,Event,2,2026-Sem2
EV003158,RA2611029010355,RA2611029010363,Event,1,2026-Sem1
EV003159,RA2611029010356,RA2611029010357,Event,1,2026-Sem2
EV003160,RA2611029010356,RA2611029010359,Social,3,2026-Sem1
EV003161,RA2611029010356,RA2611029010363,Event,2,2026-Sem1
EV003162,RA2611029010357,RA2611029010359,Academic,2,2026-Sem1
EV003163,RA2611029010357,RA2611029010359,Academic,4,2026-Sem1
EV003164,RA2611029010357,RA2611029010359,Academic,4,2026-Sem2
EV003165,RA2611029010357,RA2611029010359,Academic,4,2026-Sem2
EV003166,RA2611029010357,RA2611029010360,Project,1,2026-Sem1
EV003167,RA2611029010357,RA2611029010361,Social,2,2026-Sem1
EV003168,RA2611029010357,RA2611029010361,Social,3,2026-Sem1
EV003169,RA2611029010357,RA2611029010363,Event,4,2026-Sem2
EV003170,RA2611029010358,RA2611029010359,Academic,4,2026-Sem1
EV003171,RA2611029010358,RA2611029010362,Academic,3,2026-Sem1
EV003172,RA2611029010358,RA2611029010362,Academic,1,2026-Sem1
EV003173,RA2611029010358,RA2611029010362,Academic,4,2026-Sem2
EV003174,RA2611029010358,RA2611029010363,Academic,3,2026-Sem2
EV003175,RA2611029010358,RA2611029010363,Academic,2,2026-Sem1
EV003176,RA2611029010359,RA2611029010361,Event,3,2026-Sem1
EV003177,RA2611029010359,RA2611029010361,Event,4,2026-Sem2
EV003178,RA2611029010359,RA2611029010361,Event,1,2026-Sem2
EV003179,RA2611029010359,RA2611029010362,Project,4,2026-Sem2
EV003180,RA2611029010360,RA2611029010362,Academic,4,2026-Sem2
EV003181,RA2611029010361,RA2611029010362,Academic,3,2026-Sem1
EV003182,RA2611029010361,RA2611029010363,Event,1,2026-Sem2
EV003183,RA2611029010362,RA2611029010363,Social,3,2026-Sem1
EV003184,RA2311030010364,RA2311030010365,Event,4,2026-Sem1
EV003185,RA2311030010364,RA2311030010370,Social,2,2026-Sem1
EV003186,RA2311030010364,RA2311030010370,Social,4,2026-Sem2
EV003187,RA2311030010364,RA2311030010371,Project,1,2026-Sem1
EV003188,RA2311030010364,RA2311030010371,Project,2,2026-Sem1
EV003189,RA2311030010364,RA2311030010371,Project,2,2026-Sem1
EV003190,RA2311030010364,RA2311030010371,Project,3,2026-Sem2
EV003191,RA2311030010364,RA2311030010372,Social,1,2026-Sem2
EV003192,RA2311030010364,RA2311030010373,Event,1,2026-Sem2
EV003193,RA2311030010364,RA2311030010374,Event,3,2026-Sem1
EV003194,RA2311030010364,RA2311030010377,Social,1,2026-Sem1
EV003195,RA2311030010364,RA2311030010378,Event,1,2026-Sem2
EV003196,RA2311030010364,RA2311030010380,Project,1,2026-Sem2
EV003197,RA2311030010364,RA2311030010381,Project,1,2026-Sem2
EV003198,RA2311030010364,RA2311030010381,Project,4,2026-Sem1
EV003199,RA2311030010364,RA2311030010381,Project,1,2026-Sem2
EV003200,RA2311030010364,RA2311030010382,Event,3,2026-Sem1
EV003201,RA2311030010364,RA2311030010384,Project,1,2026-Sem1
EV003202,RA2311030010364,RA2311030010385,Academic,2,2026-Sem1
EV003203,RA2311030010364,RA2311030010386,Project,3,2026-Sem2
EV003204,RA2311030010365,RA2311030010367,Academic,2,2026-Sem2
EV003205,RA2311030010365,RA2311030010371,Project,3,2026-Sem2
EV003206,RA2311030010365,RA2311030010372,Social,1,2026-Sem2
EV003207,RA2311030010365,RA2311030010372,Social,1,2026-Sem1
EV003208,RA2311030010365,RA2311030010372,Social,3,2026-Sem2
EV003209,RA2311030010365,RA2311030010372,Social,3,2026-Sem1
EV003210,RA2311030010365,RA2311030010373,Social,4,2026-Sem2
EV003211,RA2311030010365,RA2311030010374,Social,1,2026-Sem2
EV003212,RA2311030010365,RA2311030010374,Social,3,2026-Sem1
EV003213,RA2311030010365,RA2311030010374,Social,3,2026-Sem1
EV003214,RA2311030010365,RA2311030010374,Social,2,2026-Sem2
EV003215,RA2311030010365,RA2311030010374,Social,4,2026-Sem2
EV003216,RA2311030010365,RA2311030010374,Social,1,2026-Sem1
EV003217,RA2311030010365,RA2311030010378,Academic,4,2026-Sem2
EV003218,RA2311030010365,RA2311030010378,Academic,4,2026-Sem2
EV003219,RA2311030010365,RA2311030010378,Academic,2,2026-Sem2
EV003220,RA2311030010365,RA2311030010381,Event,1,2026-Sem1
EV003221,RA2311030010365,RA2311030010381,Event,4,2026-Sem2
EV003222,RA2311030010365,RA2311030010383,Academic,3,2026-Sem1
EV003223,RA2311030010365,RA2311030010383,Academic,3,2026-Sem2
EV003224,RA2311030010365,RA2311030010384,Project,2,2026-Sem2
EV003225,RA2311030010365,RA2311030010385,Event,3,2026-Sem2
EV003226,RA2311030010366,RA2311030010367,Social,1,2026-Sem1
EV003227,RA2311030010366,RA2311030010368,Academic,1,2026-Sem2
EV003228,RA2311030010366,RA2311030010368,Academic,2,2026-Sem1
EV003229,RA2311030010366,RA2311030010368,Academic,2,2026-Sem1
EV003230,RA2311030010366,RA2311030010368,Academic,4,2026-Sem1
EV003231,RA2311030010366,RA2311030010371,Event,2,2026-Sem2
EV003232,RA2311030010366,RA2311030010372,Academic,2,2026-Sem2
EV003233,RA2311030010366,RA2311030010375,Academic,4,2026-Sem2
EV003234,RA2311030010366,RA2311030010375,Academic,1,2026-Sem2
EV003235,RA2311030010366,RA2311030010376,Project,3,2026-Sem2
EV003236,RA2311030010366,RA2311030010376,Project,2,2026-Sem1
EV003237,RA2311030010366,RA2311030010381,Event,1,2026-Sem2
EV003238,RA2311030010366,RA2311030010381,Event,3,2026-Sem1
EV003239,RA2311030010366,RA2311030010381,Event,2,2026-Sem2
EV003240,RA2311030010366,RA2311030010382,Event,1,2026-Sem2
EV003241,RA2311030010366,RA2311030010383,Academic,3,2026-Sem1
EV003242,RA2311030010366,RA2311030010384,Project,1,2026-Sem1
EV003243,RA2311030010367,RA2311030010368,Event,1,2026-Sem2
EV003244,RA2311030010367,RA2311030010368,Event,4,2026-Sem1
EV003245,RA2311030010367,RA2311030010368,Event,3,2026-Sem2
EV003246,RA2311030010367,RA2311030010368,Event,2,2026-Sem2
EV003247,RA2311030010367,RA2311030010368,Event,4,2026-Sem1
EV003248,RA2311030010367,RA2311030010369,Social,4,2026-Sem2
EV003249,RA2311030010367,RA2311030010369,Social,3,2026-Sem2
EV003250,RA2311030010367,RA2311030010371,Social,4,2026-Sem2
EV003251,RA2311030010367,RA2311030010377,Social,4,2026-Sem1
EV003252,RA2311030010367,RA2311030010377,Social,3,2026-Sem1
EV003253,RA2311030010367,RA2311030010380,Social,2,2026-Sem1
EV003254,RA2311030010367,RA2311030010383,Event,1,2026-Sem2
EV003255,RA2311030010367,RA2311030010383,Event,4,2026-Sem2
EV003256,RA2311030010367,RA2311030010383,Event,1,2026-Sem2
EV003257,RA2311030010367,RA2311030010384,Academic,2,2026-Sem2
EV003258,RA2311030010367,RA2311030010385,Social,3,2026-Sem2
EV003259,RA2311030010367,RA2311030010385,Social,2,2026-Sem2
EV003260,RA2311030010368,RA2311030010370,Social,1,2026-Sem2
EV003261,RA2311030010368,RA2311030010371,Event,4,2026-Sem2
EV003262,RA2311030010368,RA2311030010372,Academic,4,2026-Sem2
EV003263,RA2311030010368,RA2311030010373,Event,2,2026-Sem2
EV003264,RA2311030010368,RA2311030010373,Event,2,2026-Sem1
EV003265,RA2311030010368,RA2311030010373,Event,4,2026-Sem1
EV003266,RA2311030010368,RA2311030010373,Event,2,2026-Sem2
EV003267,RA2311030010368,RA2311030010374,Social,3,2026-Sem2
EV003268,RA2311030010368,RA2311030010374,Social,3,2026-Sem1
EV003269,RA2311030010368,RA2311030010376,Project,1,2026-Sem1
EV003270,RA2311030010368,RA2311030010377,Event,2,2026-Sem1
EV003271,RA2311030010368,RA2311030010379,Project,3,2026-Sem2
EV003272,RA2311030010368,RA2311030010380,Social,1,2026-Sem2
EV003273,RA2311030010368,RA2311030010384,Social,3,2026-Sem2
EV003274,RA2311030010368,RA2311030010386,Event,4,2026-Sem2
EV003275,RA2311030010369,RA2311030010370,Social,1,2026-Sem2
EV003276,RA2311030010369,RA2311030010370,Social,4,2026-Sem2
EV003277,RA2311030010369,RA2311030010371,Social,1,2026-Sem1
EV003278,RA2311030010369,RA2311030010375,Academic,4,2026-Sem1
EV003279,RA2311030010369,RA2311030010375,Academic,4,2026-Sem1
EV003280,RA2311030010369,RA2311030010379,Project,2,2026-Sem2
EV003281,RA2311030010369,RA2311030010379,Project,4,2026-Sem1
EV003282,RA2311030010369,RA2311030010379,Project,4,2026-Sem2
EV003283,RA2311030010369,RA2311030010379,Project,4,2026-Sem2
EV003284,RA2311030010369,RA2311030010380,Social,3,2026-Sem2
EV003285,RA2311030010369,RA2311030010381,Social,3,2026-Sem2
EV003286,RA2311030010369,RA2311030010381,Social,2,2026-Sem1
EV003287,RA2311030010369,RA2311030010382,Social,2,2026-Sem1
EV003288,RA2311030010369,RA2311030010385,Academic,1,2026-Sem2
EV003289,RA2311030010370,RA2311030010371,Academic,2,2026-Sem2
EV003290,RA2311030010370,RA2311030010371,Academic,4,2026-Sem1
EV003291,RA2311030010370,RA2311030010373,Project,4,2026-Sem2
EV003292,RA2311030010370,RA2311030010374,Event,2,2026-Sem2
EV003293,RA2311030010370,RA2311030010375,Project,2,2026-Sem2
EV003294,RA2311030010370,RA2311030010375,Project,4,2026-Sem1
EV003295,RA2311030010370,RA2311030010376,Academic,2,2026-Sem1
EV003296,RA2311030010370,RA2311030010378,Project,2,2026-Sem1
EV003297,RA2311030010370,RA2311030010381,Academic,1,2026-Sem2
EV003298,RA2311030010370,RA2311030010383,Academic,1,2026-Sem1
EV003299,RA2311030010370,RA2311030010384,Social,4,2026-Sem2
EV003300,RA2311030010371,RA2311030010372,Academic,1,2026-Sem1
EV003301,RA2311030010371,RA2311030010373,Social,4,2026-Sem1
EV003302,RA2311030010371,RA2311030010376,Academic,4,2026-Sem1
EV003303,RA2311030010371,RA2311030010376,Academic,1,2026-Sem1
EV003304,RA2311030010371,RA2311030010379,Event,2,2026-Sem1
EV003305,RA2311030010371,RA2311030010380,Academic,1,2026-Sem2
EV003306,RA2311030010371,RA2311030010383,Event,2,2026-Sem1
EV003307,RA2311030010371,RA2311030010386,Event,3,2026-Sem1
EV003308,RA2311030010371,RA2311030010386,Event,2,2026-Sem1
EV003309,RA2311030010371,RA2311030010386,Event,2,2026-Sem1
EV003310,RA2311030010371,RA2311030010386,Event,1,2026-Sem1
EV003311,RA2311030010371,RA2311030010386,Event,2,2026-Sem1
EV003312,RA2311030010371,RA2311030010386,Event,4,2026-Sem2
EV003313,RA2311030010372,RA2311030010374,Project,1,2026-Sem2
EV003314,RA2311030010372,RA2311030010375,Project,2,2026-Sem2
EV003315,RA2311030010372,RA2311030010377,Event,1,2026-Sem1
EV003316,RA2311030010372,RA2311030010379,Academic,4,2026-Sem1
EV003317,RA2311030010372,RA2311030010379,Academic,1,2026-Sem2
EV003318,RA2311030010372,RA2311030010380,Academic,1,2026-Sem2
EV003319,RA2311030010372,RA2311030010381,Project,1,2026-Sem1
EV003320,RA2311030010372,RA2311030010382,Social,1,2026-Sem1
EV003321,RA2311030010372,RA2311030010383,Project,4,2026-Sem2
EV003322,RA2311030010372,RA2311030010384,Social,3,2026-Sem1
EV003323,RA2311030010372,RA2311030010384,Social,3,2026-Sem1
EV003324,RA2311030010372,RA2311030010385,Academic,3,2026-Sem2
EV003325,RA2311030010372,RA2311030010386,Project,3,2026-Sem2
EV003326,RA2311030010373,RA2311030010375,Social,1,2026-Sem2
EV003327,RA2311030010373,RA2311030010378,Event,1,2026-Sem2
EV003328,RA2311030010373,RA2311030010379,Social,3,2026-Sem1
EV003329,RA2311030010373,RA2311030010381,Project,4,2026-Sem2
EV003330,RA2311030010373,RA2311030010383,Academic,1,2026-Sem1
EV003331,RA2311030010373,RA2311030010384,Project,2,2026-Sem2
EV003332,RA2311030010373,RA2311030010384,Project,2,2026-Sem2
EV003333,RA2311030010373,RA2311030010384,Project,1,2026-Sem1
EV003334,RA2311030010373,RA2311030010384,Project,4,2026-Sem2
EV003335,RA2311030010373,RA2311030010385,Project,4,2026-Sem2
EV003336,RA2311030010373,RA2311030010386,Event,1,2026-Sem2
EV003337,RA2311030010374,RA2311030010375,Event,4,2026-Sem2
EV003338,RA2311030010374,RA2311030010376,Event,1,2026-Sem2
EV003339,RA2311030010374,RA2311030010377,Event,4,2026-Sem2
EV003340,RA2311030010374,RA2311030010377,Event,4,2026-Sem1
EV003341,RA2311030010374,RA2311030010378,Project,1,2026-Sem1
EV003342,RA2311030010374,RA2311030010382,Social,3,2026-Sem1
EV003343,RA2311030010374,RA2311030010384,Project,2,2026-Sem1
EV003344,RA2311030010374,RA2311030010385,Event,2,2026-Sem2
EV003345,RA2311030010375,RA2311030010376,Social,1,2026-Sem1
EV003346,RA2311030010375,RA2311030010377,Event,1,2026-Sem2
EV003347,RA2311030010375,RA2311030010379,Social,3,2026-Sem2
EV003348,RA2311030010375,RA2311030010379,Social,2,2026-Sem1
EV003349,RA2311030010375,RA2311030010380,Project,2,2026-Sem1
EV003350,RA2311030010375,RA2311030010381,Project,2,2026-Sem2
EV003351,RA2311030010375,RA2311030010382,Academic,1,2026-Sem1
EV003352,RA2311030010375,RA2311030010384,Event,1,2026-Sem2
EV003353,RA2311030010375,RA2311030010385,Social,3,2026-Sem2
EV003354,RA2311030010375,RA2311030010386,Academic,1,2026-Sem2
EV003355,RA2311030010376,RA2311030010378,Social,2,2026-Sem2
EV003356,RA2311030010376,RA2311030010378,Social,4,2026-Sem2
EV003357,RA2311030010376,RA2311030010381,Event,3,2026-Sem1
EV003358,RA2311030010376,RA2311030010382,Academic,4,2026-Sem2
EV003359,RA2311030010376,RA2311030010385,Social,1,2026-Sem2
EV003360,RA2311030010377,RA2311030010380,Event,4,2026-Sem2
EV003361,RA2311030010377,RA2311030010380,Event,1,2026-Sem1
EV003362,RA2311030010377,RA2311030010381,Social,2,2026-Sem1
EV003363,RA2311030010377,RA2311030010381,Social,4,2026-Sem1
EV003364,RA2311030010377,RA2311030010382,Social,2,2026-Sem1
EV003365,RA2311030010377,RA2311030010382,Social,1,2026-Sem1
EV003366,RA2311030010377,RA2311030010382,Social,1,2026-Sem2
EV003367,RA2311030010377,RA2311030010382,Social,1,2026-Sem1
EV003368,RA2311030010377,RA2311030010382,Social,4,2026-Sem2
EV003369,RA2311030010377,RA2311030010383,Project,2,2026-Sem2
EV003370,RA2311030010377,RA2311030010386,Social,4,2026-Sem1
EV003371,RA2311030010377,RA2311030010386,Social,2,2026-Sem1
EV003372,RA2311030010378,RA2311030010380,Project,4,2026-Sem2
EV003373,RA2311030010378,RA2311030010380,Project,4,2026-Sem1
EV003374,RA2311030010378,RA2311030010381,Academic,1,2026-Sem2
EV003375,RA2311030010378,RA2311030010382,Event,2,2026-Sem1
EV003376,RA2311030010378,RA2311030010382,Event,4,2026-Sem2
EV003377,RA2311030010378,RA2311030010383,Event,4,2026-Sem1
EV003378,RA2311030010378,RA2311030010385,Event,3,2026-Sem2
EV003379,RA2311030010379,RA2311030010382,Project,3,2026-Sem2
EV003380,RA2311030010379,RA2311030010382,Project,4,2026-Sem1
EV003381,RA2311030010380,RA2311030010381,Academic,4,2026-Sem1
EV003382,RA2311030010380,RA2311030010385,Project,1,2026-Sem2
EV003383,RA2311030010380,RA2311030010386,Project,3,2026-Sem2
EV003384,RA2311030010381,RA2311030010383,Event,1,2026-Sem2
EV003385,RA2311030010381,RA2311030010385,Project,3,2026-Sem1
EV003386,RA2311030010381,RA2311030010385,Project,3,2026-Sem2
EV003387,RA2311030010382,RA2311030010384,Event,2,2026-Sem1
EV003388,RA2311030010382,RA2311030010385,Event,1,2026-Sem1
EV003389,RA2311030010382,RA2311030010386,Academic,2,2026-Sem1
EV003390,RA2311030010382,RA2311030010386,Academic,1,2026-Sem2
EV003391,RA2311030010382,RA2311030010386,Academic,1,2026-Sem1
EV003392,RA2311030010382,RA2311030010386,Academic,4,2026-Sem2
EV003393,RA2311030010383,RA2311030010386,Academic,4,2026-Sem1
EV003394,RA2311030010384,RA2311030010385,Social,1,2026-Sem1
EV003395,RA2311030010384,RA2311030010386,Project,2,2026-Sem1
EV003396,RA2311030010385,RA2311030010386,Event,3,2026-Sem2
EV003397,RA2411030010387,RA2411030010388,Project,2,2026-Sem2
EV003398,RA2411030010387,RA2411030010390,Social,2,2026-Sem2
EV003399,RA2411030010387,RA2411030010391,Social,2,2026-Sem1
EV003400,RA2411030010387,RA2411030010393,Social,1,2026-Sem1
EV003401,RA2411030010387,RA2411030010394,Event,1,2026-Sem1
EV003402,RA2411030010387,RA2411030010395,Event,1,2026-Sem1
EV003403,RA2411030010387,RA2411030010398,Social,1,2026-Sem1
EV003404,RA2411030010387,RA2411030010399,Social,1,2026-Sem1
EV003405,RA2411030010387,RA2411030010399,Social,4,2026-Sem2
EV003406,RA2411030010387,RA2411030010399,Social,2,2026-Sem2
EV003407,RA2411030010387,RA2411030010400,Project,3,2026-Sem2
EV003408,RA2411030010387,RA2411030010400,Project,1,2026-Sem2
EV003409,RA2411030010387,RA2411030010400,Project,4,2026-Sem2
EV003410,RA2411030010387,RA2411030010403,Event,3,2026-Sem2
EV003411,RA2411030010387,RA2411030010406,Event,3,2026-Sem1
EV003412,RA2411030010388,RA2411030010389,Academic,1,2026-Sem1
EV003413,RA2411030010388,RA2411030010389,Academic,3,2026-Sem2
EV003414,RA2411030010388,RA2411030010389,Academic,4,2026-Sem1
EV003415,RA2411030010388,RA2411030010389,Academic,1,2026-Sem2
EV003416,RA2411030010388,RA2411030010391,Social,3,2026-Sem2
EV003417,RA2411030010388,RA2411030010393,Social,3,2026-Sem1
EV003418,RA2411030010388,RA2411030010394,Academic,3,2026-Sem1
EV003419,RA2411030010388,RA2411030010395,Event,1,2026-Sem2
EV003420,RA2411030010388,RA2411030010396,Project,2,2026-Sem2
EV003421,RA2411030010388,RA2411030010396,Project,3,2026-Sem2
EV003422,RA2411030010388,RA2411030010397,Social,3,2026-Sem2
EV003423,RA2411030010388,RA2411030010397,Social,2,2026-Sem1
EV003424,RA2411030010388,RA2411030010400,Event,1,2026-Sem1
EV003425,RA2411030010388,RA2411030010404,Project,1,2026-Sem1
EV003426,RA2411030010388,RA2411030010407,Academic,1,2026-Sem2
EV003427,RA2411030010388,RA2411030010408,Project,1,2026-Sem2
EV003428,RA2411030010388,RA2411030010408,Project,3,2026-Sem2
EV003429,RA2411030010388,RA2411030010408,Project,4,2026-Sem1
EV003430,RA2411030010389,RA2411030010390,Project,1,2026-Sem1
EV003431,RA2411030010389,RA2411030010391,Event,3,2026-Sem1
EV003432,RA2411030010389,RA2411030010394,Event,3,2026-Sem2
EV003433,RA2411030010389,RA2411030010395,Academic,2,2026-Sem2
EV003434,RA2411030010389,RA2411030010396,Social,2,2026-Sem1
EV003435,RA2411030010389,RA2411030010396,Social,2,2026-Sem2
EV003436,RA2411030010389,RA2411030010396,Social,4,2026-Sem1
EV003437,RA2411030010389,RA2411030010398,Academic,1,2026-Sem2
EV003438,RA2411030010389,RA2411030010399,Social,1,2026-Sem1
EV003439,RA2411030010389,RA2411030010400,Academic,3,2026-Sem1
EV003440,RA2411030010389,RA2411030010401,Event,2,2026-Sem2
EV003441,RA2411030010389,RA2411030010402,Academic,4,2026-Sem2
EV003442,RA2411030010389,RA2411030010405,Social,4,2026-Sem1
EV003443,RA2411030010389,RA2411030010405,Social,1,2026-Sem1
EV003444,RA2411030010389,RA2411030010406,Social,2,2026-Sem1
EV003445,RA2411030010389,RA2411030010407,Event,1,2026-Sem2
EV003446,RA2411030010389,RA2411030010408,Academic,1,2026-Sem2
EV003447,RA2411030010390,RA2411030010394,Event,1,2026-Sem2
EV003448,RA2411030010390,RA2411030010394,Event,3,2026-Sem1
EV003449,RA2411030010390,RA2411030010394,Event,4,2026-Sem2
EV003450,RA2411030010390,RA2411030010395,Social,2,2026-Sem1
EV003451,RA2411030010390,RA2411030010396,Project,3,2026-Sem1
EV003452,RA2411030010390,RA2411030010397,Project,1,2026-Sem2
EV003453,RA2411030010390,RA2411030010398,Social,1,2026-Sem1
EV003454,RA2411030010390,RA2411030010398,Social,4,2026-Sem2
EV003455,RA2411030010390,RA2411030010398,Social,2,2026-Sem2
EV003456,RA2411030010390,RA2411030010401,Social,2,2026-Sem1
EV003457,RA2411030010390,RA2411030010401,Social,2,2026-Sem2
EV003458,RA2411030010390,RA2411030010401,Social,3,2026-Sem1
EV003459,RA2411030010390,RA2411030010402,Academic,2,2026-Sem1
EV003460,RA2411030010390,RA2411030010402,Academic,1,2026-Sem1
EV003461,RA2411030010390,RA2411030010402,Academic,4,2026-Sem2
EV003462,RA2411030010390,RA2411030010403,Event,3,2026-Sem1
EV003463,RA2411030010390,RA2411030010406,Social,2,2026-Sem1
EV003464,RA2411030010390,RA2411030010406,Social,3,2026-Sem1
EV003465,RA2411030010390,RA2411030010407,Academic,4,2026-Sem1
EV003466,RA2411030010390,RA2411030010407,Academic,3,2026-Sem1
EV003467,RA2411030010390,RA2411030010407,Academic,2,2026-Sem2
EV003468,RA2411030010390,RA2411030010408,Project,3,2026-Sem1
EV003469,RA2411030010390,RA2411030010408,Project,2,2026-Sem1
EV003470,RA2411030010391,RA2411030010392,Academic,1,2026-Sem2
EV003471,RA2411030010391,RA2411030010394,Event,2,2026-Sem2
EV003472,RA2411030010391,RA2411030010395,Project,1,2026-Sem2
EV003473,RA2411030010391,RA2411030010396,Academic,1,2026-Sem1
EV003474,RA2411030010391,RA2411030010396,Academic,4,2026-Sem1
EV003475,RA2411030010391,RA2411030010396,Academic,2,2026-Sem2
EV003476,RA2411030010391,RA2411030010398,Social,2,2026-Sem1
EV003477,RA2411030010391,RA2411030010399,Social,3,2026-Sem2
EV003478,RA2411030010391,RA2411030010400,Academic,3,2026-Sem1
EV003479,RA2411030010391,RA2411030010401,Project,1,2026-Sem2
EV003480,RA2411030010391,RA2411030010401,Project,3,2026-Sem2
EV003481,RA2411030010391,RA2411030010401,Project,4,2026-Sem2
EV003482,RA2411030010391,RA2411030010402,Project,2,2026-Sem1
EV003483,RA2411030010391,RA2411030010405,Project,3,2026-Sem2
EV003484,RA2411030010391,RA2411030010406,Social,4,2026-Sem1
EV003485,RA2411030010391,RA2411030010408,Social,3,2026-Sem2
EV003486,RA2411030010391,RA2411030010408,Social,2,2026-Sem1
EV003487,RA2411030010392,RA2411030010393,Social,2,2026-Sem2
EV003488,RA2411030010392,RA2411030010394,Academic,2,2026-Sem2
EV003489,RA2411030010392,RA2411030010394,Academic,4,2026-Sem1
EV003490,RA2411030010392,RA2411030010395,Social,1,2026-Sem2
EV003491,RA2411030010392,RA2411030010397,Academic,1,2026-Sem1
EV003492,RA2411030010392,RA2411030010397,Academic,4,2026-Sem1
EV003493,RA2411030010392,RA2411030010400,Project,2,2026-Sem2
EV003494,RA2411030010392,RA2411030010400,Project,4,2026-Sem2
EV003495,RA2411030010392,RA2411030010401,Social,1,2026-Sem2
EV003496,RA2411030010392,RA2411030010404,Event,2,2026-Sem1
EV003497,RA2411030010392,RA2411030010406,Event,1,2026-Sem2
EV003498,RA2411030010392,RA2411030010407,Project,4,2026-Sem2
EV003499,RA2411030010392,RA2411030010407,Project,2,2026-Sem1
EV003500,RA2411030010392,RA2411030010408,Event,3,2026-Sem2
EV003501,RA2411030010392,RA2411030010408,Event,2,2026-Sem2
EV003502,RA2411030010392,RA2411030010408,Event,3,2026-Sem1
EV003503,RA2411030010393,RA2411030010394,Social,1,2026-Sem2
EV003504,RA2411030010393,RA2411030010395,Project,3,2026-Sem2
EV003505,RA2411030010393,RA2411030010395,Project,3,2026-Sem2
EV003506,RA2411030010393,RA2411030010397,Project,1,2026-Sem1
EV003507,RA2411030010393,RA2411030010398,Event,1,2026-Sem2
EV003508,RA2411030010393,RA2411030010399,Academic,4,2026-Sem2
EV003509,RA2411030010393,RA2411030010400,Academic,1,2026-Sem2
EV003510,RA2411030010393,RA2411030010401,Academic,1,2026-Sem1
EV003511,RA2411030010393,RA2411030010403,Academic,3,2026-Sem2
EV003512,RA2411030010393,RA2411030010403,Academic,3,2026-Sem2
EV003513,RA2411030010393,RA2411030010404,Academic,3,2026-Sem1
EV003514,RA2411030010393,RA2411030010407,Project,3,2026-Sem1
EV003515,RA2411030010393,RA2411030010408,Event,2,2026-Sem1
EV003516,RA2411030010393,RA2411030010408,Event,4,2026-Sem1
EV003517,RA2411030010394,RA2411030010395,Event,1,2026-Sem2
EV003518,RA2411030010394,RA2411030010396,Social,4,2026-Sem1
EV003519,RA2411030010394,RA2411030010397,Academic,1,2026-Sem2
EV003520,RA2411030010394,RA2411030010398,Event,1,2026-Sem1
EV003521,RA2411030010394,RA2411030010400,Event,2,2026-Sem2
EV003522,RA2411030010394,RA2411030010401,Social,2,2026-Sem2
EV003523,RA2411030010394,RA2411030010403,Academic,3,2026-Sem2
EV003524,RA2411030010394,RA2411030010405,Social,2,2026-Sem1
EV003525,RA2411030010394,RA2411030010406,Academic,2,2026-Sem1
EV003526,RA2411030010394,RA2411030010408,Academic,4,2026-Sem1
EV003527,RA2411030010395,RA2411030010396,Social,4,2026-Sem2
EV003528,RA2411030010395,RA2411030010398,Social,4,2026-Sem1
EV003529,RA2411030010395,RA2411030010399,Academic,2,2026-Sem1
EV003530,RA2411030010395,RA2411030010400,Social,4,2026-Sem2
EV003531,RA2411030010395,RA2411030010400,Social,4,2026-Sem2
EV003532,RA2411030010395,RA2411030010403,Academic,2,2026-Sem2
EV003533,RA2411030010395,RA2411030010403,Academic,4,2026-Sem2
EV003534,RA2411030010395,RA2411030010406,Project,2,2026-Sem1
EV003535,RA2411030010396,RA2411030010397,Academic,1,2026-Sem2
EV003536,RA2411030010396,RA2411030010398,Social,1,2026-Sem1
EV003537,RA2411030010396,RA2411030010399,Project,1,2026-Sem2
EV003538,RA2411030010396,RA2411030010400,Social,3,2026-Sem2
EV003539,RA2411030010396,RA2411030010401,Event,4,2026-Sem1
EV003540,RA2411030010396,RA2411030010403,Project,2,2026-Sem1
EV003541,RA2411030010396,RA2411030010404,Event,3,2026-Sem2
EV003542,RA2411030010396,RA2411030010406,Event,3,2026-Sem2
EV003543,RA2411030010397,RA2411030010398,Academic,2,2026-Sem1
EV003544,RA2411030010397,RA2411030010399,Academic,2,2026-Sem1
EV003545,RA2411030010397,RA2411030010400,Project,2,2026-Sem2
EV003546,RA2411030010397,RA2411030010400,Project,2,2026-Sem1
EV003547,RA2411030010397,RA2411030010400,Project,4,2026-Sem1
EV003548,RA2411030010397,RA2411030010401,Social,2,2026-Sem2
EV003549,RA2411030010397,RA2411030010404,Event,1,2026-Sem1
EV003550,RA2411030010397,RA2411030010408,Project,1,2026-Sem1
EV003551,RA2411030010398,RA2411030010399,Project,2,2026-Sem2
EV003552,RA2411030010398,RA2411030010400,Event,2,2026-Sem1
EV003553,RA2411030010398,RA2411030010403,Project,1,2026-Sem2
EV003554,RA2411030010398,RA2411030010404,Academic,2,2026-Sem1
EV003555,RA2411030010398,RA2411030010405,Event,1,2026-Sem1
EV003556,RA2411030010398,RA2411030010406,Project,1,2026-Sem2
EV003557,RA2411030010398,RA2411030010406,Project,4,2026-Sem1
EV003558,RA2411030010398,RA2411030010408,Event,2,2026-Sem2
EV003559,RA2411030010398,RA2411030010408,Event,3,2026-Sem2
EV003560,RA2411030010399,RA2411030010400,Academic,2,2026-Sem1
EV003561,RA2411030010399,RA2411030010401,Academic,4,2026-Sem2
EV003562,RA2411030010399,RA2411030010402,Project,1,2026-Sem2
EV003563,RA2411030010399,RA2411030010406,Social,3,2026-Sem2
EV003564,RA2411030010399,RA2411030010406,Social,4,2026-Sem1
EV003565,RA2411030010399,RA2411030010407,Project,3,2026-Sem1
EV003566,RA2411030010399,RA2411030010408,Academic,3,2026-Sem1
EV003567,RA2411030010400,RA2411030010402,Project,2,2026-Sem2
EV003568,RA2411030010400,RA2411030010403,Event,1,2026-Sem1
EV003569,RA2411030010400,RA2411030010405,Academic,2,2026-Sem1
EV003570,RA2411030010400,RA2411030010405,Academic,4,2026-Sem2
EV003571,RA2411030010400,RA2411030010406,Social,4,2026-Sem2
EV003572,RA2411030010400,RA2411030010407,Event,1,2026-Sem2
EV003573,RA2411030010401,RA2411030010403,Academic,1,2026-Sem2
EV003574,RA2411030010401,RA2411030010404,Social,1,2026-Sem1
EV003575,RA2411030010401,RA2411030010405,Academic,1,2026-Sem1
EV003576,RA2411030010401,RA2411030010406,Social,1,2026-Sem1
EV003577,RA2411030010401,RA2411030010407,Academic,2,2026-Sem2
EV003578,RA2411030010401,RA2411030010408,Academic,3,2026-Sem2
EV003579,RA2411030010402,RA2411030010404,Social,1,2026-Sem2
EV003580,RA2411030010402,RA2411030010405,Social,4,2026-Sem2
EV003581,RA2411030010402,RA2411030010405,Social,1,2026-Sem1
EV003582,RA2411030010402,RA2411030010407,Social,3,2026-Sem1
EV003583,RA2411030010402,RA2411030010407,Social,2,2026-Sem1
EV003584,RA2411030010403,RA2411030010406,Event,2,2026-Sem1
EV003585,RA2411030010403,RA2411030010406,Event,4,2026-Sem1
EV003586,RA2411030010403,RA2411030010406,Event,1,2026-Sem2
EV003587,RA2411030010403,RA2411030010407,Project,1,2026-Sem2
EV003588,RA2411030010404,RA2411030010405,Academic,2,2026-Sem1
EV003589,RA2411030010404,RA2411030010406,Event,1,2026-Sem2
EV003590,RA2411030010405,RA2411030010406,Project,3,2026-Sem1
EV003591,RA2411030010405,RA2411030010406,Project,3,2026-Sem1
EV003592,RA2411030010406,RA2411030010407,Social,3,2026-Sem1
EV003593,RA2411030010406,RA2411030010408,Social,2,2026-Sem1
EV003594,RA2511030010409,RA2511030010410,Event,2,2026-Sem1
EV003595,RA2511030010409,RA2511030010412,Project,3,2026-Sem1
EV003596,RA2511030010409,RA2511030010414,Academic,1,2026-Sem1
EV003597,RA2511030010409,RA2511030010416,Academic,3,2026-Sem2
EV003598,RA2511030010409,RA2511030010417,Project,3,2026-Sem2
EV003599,RA2511030010409,RA2511030010417,Project,4,2026-Sem1
EV003600,RA2511030010409,RA2511030010417,Project,1,2026-Sem2
EV003601,RA2511030010409,RA2511030010418,Social,4,2026-Sem2
EV003602,RA2511030010409,RA2511030010419,Academic,1,2026-Sem1
EV003603,RA2511030010409,RA2511030010421,Event,4,2026-Sem2
EV003604,RA2511030010409,RA2511030010421,Event,2,2026-Sem2
EV003605,RA2511030010409,RA2511030010421,Event,4,2026-Sem2
EV003606,RA2511030010409,RA2511030010423,Project,3,2026-Sem1
EV003607,RA2511030010409,RA2511030010423,Project,3,2026-Sem1
EV003608,RA2511030010409,RA2511030010423,Project,2,2026-Sem1
EV003609,RA2511030010409,RA2511030010425,Social,1,2026-Sem2
EV003610,RA2511030010409,RA2511030010425,Social,4,2026-Sem1
EV003611,RA2511030010409,RA2511030010425,Social,1,2026-Sem1
EV003612,RA2511030010409,RA2511030010426,Project,3,2026-Sem2
EV003613,RA2511030010409,RA2511030010427,Social,2,2026-Sem2
EV003614,RA2511030010409,RA2511030010429,Social,3,2026-Sem2
EV003615,RA2511030010409,RA2511030010429,Social,4,2026-Sem1
EV003616,RA2511030010410,RA2511030010412,Academic,2,2026-Sem2
EV003617,RA2511030010410,RA2511030010412,Academic,3,2026-Sem1
EV003618,RA2511030010410,RA2511030010413,Academic,1,2026-Sem2
EV003619,RA2511030010410,RA2511030010414,Event,1,2026-Sem1
EV003620,RA2511030010410,RA2511030010415,Academic,2,2026-Sem2
EV003621,RA2511030010410,RA2511030010418,Event,4,2026-Sem2
EV003622,RA2511030010410,RA2511030010420,Academic,1,2026-Sem1
EV003623,RA2511030010410,RA2511030010421,Event,2,2026-Sem2
EV003624,RA2511030010410,RA2511030010421,Event,3,2026-Sem1
EV003625,RA2511030010410,RA2511030010422,Social,1,2026-Sem2
EV003626,RA2511030010410,RA2511030010423,Event,1,2026-Sem1
EV003627,RA2511030010410,RA2511030010425,Event,1,2026-Sem2
EV003628,RA2511030010410,RA2511030010426,Event,1,2026-Sem2
EV003629,RA2511030010410,RA2511030010427,Academic,2,2026-Sem1
EV003630,RA2511030010410,RA2511030010427,Academic,1,2026-Sem1
EV003631,RA2511030010410,RA2511030010427,Academic,2,2026-Sem1
EV003632,RA2511030010410,RA2511030010427,Academic,4,2026-Sem1
EV003633,RA2511030010410,RA2511030010427,Academic,3,2026-Sem2
EV003634,RA2511030010410,RA2511030010429,Social,3,2026-Sem1
EV003635,RA2511030010410,RA2511030010429,Social,2,2026-Sem1
EV003636,RA2511030010411,RA2511030010413,Project,1,2026-Sem1
EV003637,RA2511030010411,RA2511030010413,Project,2,2026-Sem2
EV003638,RA2511030010411,RA2511030010413,Project,3,2026-Sem2
EV003639,RA2511030010411,RA2511030010416,Project,1,2026-Sem1
EV003640,RA2511030010411,RA2511030010417,Event,1,2026-Sem1
EV003641,RA2511030010411,RA2511030010419,Event,3,2026-Sem1
EV003642,RA2511030010411,RA2511030010421,Academic,1,2026-Sem2
EV003643,RA2511030010411,RA2511030010423,Social,1,2026-Sem2
EV003644,RA2511030010411,RA2511030010424,Event,3,2026-Sem2
EV003645,RA2511030010411,RA2511030010425,Project,1,2026-Sem2
EV003646,RA2511030010411,RA2511030010425,Project,2,2026-Sem2
EV003647,RA2511030010411,RA2511030010425,Project,2,2026-Sem1
EV003648,RA2511030010411,RA2511030010425,Project,4,2026-Sem1
EV003649,RA2511030010411,RA2511030010426,Event,2,2026-Sem2
EV003650,RA2511030010411,RA2511030010426,Event,4,2026-Sem1
EV003651,RA2511030010411,RA2511030010427,Project,1,2026-Sem2
EV003652,RA2511030010411,RA2511030010429,Social,4,2026-Sem1
EV003653,RA2511030010412,RA2511030010417,Event,4,2026-Sem1
EV003654,RA2511030010412,RA2511030010417,Event,4,2026-Sem1
EV003655,RA2511030010412,RA2511030010418,Social,1,2026-Sem1
EV003656,RA2511030010412,RA2511030010420,Academic,2,2026-Sem2
EV003657,RA2511030010412,RA2511030010420,Academic,1,2026-Sem1
EV003658,RA2511030010412,RA2511030010420,Academic,4,2026-Sem1
EV003659,RA2511030010412,RA2511030010420,Academic,3,2026-Sem2
EV003660,RA2511030010412,RA2511030010420,Academic,2,2026-Sem2
EV003661,RA2511030010412,RA2511030010425,Academic,1,2026-Sem2
EV003662,RA2511030010412,RA2511030010427,Project,4,2026-Sem1
EV003663,RA2511030010412,RA2511030010428,Project,3,2026-Sem1
EV003664,RA2511030010412,RA2511030010428,Project,3,2026-Sem1
EV003665,RA2511030010412,RA2511030010428,Project,3,2026-Sem1
EV003666,RA2511030010413,RA2511030010414,Academic,2,2026-Sem2
EV003667,RA2511030010413,RA2511030010415,Social,3,2026-Sem2
EV003668,RA2511030010413,RA2511030010415,Social,4,2026-Sem2
EV003669,RA2511030010413,RA2511030010416,Academic,1,2026-Sem1
EV003670,RA2511030010413,RA2511030010416,Academic,4,2026-Sem1
EV003671,RA2511030010413,RA2511030010418,Event,2,2026-Sem2
EV003672,RA2511030010413,RA2511030010420,Social,1,2026-Sem2
EV003673,RA2511030010413,RA2511030010421,Event,2,2026-Sem1
EV003674,RA2511030010413,RA2511030010422,Project,3,2026-Sem1
EV003675,RA2511030010413,RA2511030010423,Event,4,2026-Sem2
EV003676,RA2511030010413,RA2511030010427,Academic,2,2026-Sem1
EV003677,RA2511030010413,RA2511030010427,Academic,4,2026-Sem2
EV003678,RA2511030010413,RA2511030010428,Academic,4,2026-Sem1
EV003679,RA2511030010413,RA2511030010429,Event,1,2026-Sem1
EV003680,RA2511030010413,RA2511030010429,Event,4,2026-Sem2
EV003681,RA2511030010414,RA2511030010416,Event,3,2026-Sem1
EV003682,RA2511030010414,RA2511030010420,Event,3,2026-Sem2
EV003683,RA2511030010414,RA2511030010421,Event,2,2026-Sem2
EV003684,RA2511030010414,RA2511030010421,Event,3,2026-Sem1
EV003685,RA2511030010414,RA2511030010421,Event,4,2026-Sem2
EV003686,RA2511030010414,RA2511030010422,Event,2,2026-Sem1
EV003687,RA2511030010414,RA2511030010426,Social,3,2026-Sem2
EV003688,RA2511030010414,RA2511030010426,Social,2,2026-Sem2
EV003689,RA2511030010414,RA2511030010427,Social,3,2026-Sem2
EV003690,RA2511030010414,RA2511030010427,Social,4,2026-Sem1
EV003691,RA2511030010414,RA2511030010428,Event,4,2026-Sem2
EV003692,RA2511030010414,RA2511030010429,Event,1,2026-Sem2
EV003693,RA2511030010415,RA2511030010416,Social,2,2026-Sem1
EV003694,RA2511030010415,RA2511030010416,Social,4,2026-Sem1
EV003695,RA2511030010415,RA2511030010417,Social,2,2026-Sem2
EV003696,RA2511030010415,RA2511030010420,Event,1,2026-Sem2
EV003697,RA2511030010415,RA2511030010424,Project,2,2026-Sem1
EV003698,RA2511030010415,RA2511030010424,Project,4,2026-Sem1
EV003699,RA2511030010415,RA2511030010424,Project,2,2026-Sem2
EV003700,RA2511030010415,RA2511030010425,Project,2,2026-Sem1
EV003701,RA2511030010415,RA2511030010426,Project,3,2026-Sem1
EV003702,RA2511030010415,RA2511030010427,Project,3,2026-Sem2
EV003703,RA2511030010416,RA2511030010419,Project,4,2026-Sem1
EV003704,RA2511030010416,RA2511030010419,Project,4,2026-Sem2
EV003705,RA2511030010416,RA2511030010420,Academic,1,2026-Sem1
EV003706,RA2511030010416,RA2511030010421,Project,1,2026-Sem1
EV003707,RA2511030010416,RA2511030010424,Event,1,2026-Sem1
EV003708,RA2511030010416,RA2511030010429,Project,2,2026-Sem2
EV003709,RA2511030010417,RA2511030010418,Project,4,2026-Sem1
EV003710,RA2511030010417,RA2511030010418,Project,1,2026-Sem2
EV003711,RA2511030010417,RA2511030010420,Social,4,2026-Sem1
EV003712,RA2511030010417,RA2511030010421,Project,4,2026-Sem2
EV003713,RA2511030010417,RA2511030010423,Academic,1,2026-Sem1
EV003714,RA2511030010417,RA2511030010425,Project,2,2026-Sem1
EV003715,RA2511030010417,RA2511030010427,Event,3,2026-Sem2
EV003716,RA2511030010417,RA2511030010427,Event,3,2026-Sem2
EV003717,RA2511030010417,RA2511030010429,Academic,3,2026-Sem2
EV003718,RA2511030010418,RA2511030010419,Academic,3,2026-Sem2
EV003719,RA2511030010418,RA2511030010421,Event,2,2026-Sem2
EV003720,RA2511030010418,RA2511030010422,Event,1,2026-Sem2
EV003721,RA2511030010418,RA2511030010422,Event,2,2026-Sem1
EV003722,RA2511030010418,RA2511030010422,Event,3,2026-Sem2
EV003723,RA2511030010418,RA2511030010423,Academic,1,2026-Sem1
EV003724,RA2511030010418,RA2511030010423,Academic,1,2026-Sem1
EV003725,RA2511030010418,RA2511030010423,Academic,1,2026-Sem1
EV003726,RA2511030010418,RA2511030010423,Academic,4,2026-Sem2
EV003727,RA2511030010418,RA2511030010427,Social,4,2026-Sem1
EV003728,RA2511030010418,RA2511030010427,Social,1,2026-Sem1
EV003729,RA2511030010418,RA2511030010427,Social,2,2026-Sem2
EV003730,RA2511030010418,RA2511030010427,Social,1,2026-Sem1
EV003731,RA2511030010418,RA2511030010427,Social,1,2026-Sem2
EV003732,RA2511030010418,RA2511030010427,Social,4,2026-Sem1
EV003733,RA2511030010418,RA2511030010427,Social,1,2026-Sem2
EV003734,RA2511030010418,RA2511030010428,Academic,1,2026-Sem1
EV003735,RA2511030010419,RA2511030010421,Academic,3,2026-Sem1
EV003736,RA2511030010419,RA2511030010422,Project,1,2026-Sem2
EV003737,RA2511030010419,RA2511030010423,Project,1,2026-Sem2
EV003738,RA2511030010419,RA2511030010424,Academic,3,2026-Sem1
EV003739,RA2511030010419,RA2511030010424,Academic,2,2026-Sem2
EV003740,RA2511030010419,RA2511030010426,Event,1,2026-Sem2
EV003741,RA2511030010419,RA2511030010427,Social,3,2026-Sem1
EV003742,RA2511030010419,RA2511030010429,Event,3,2026-Sem1
EV003743,RA2511030010419,RA2511030010429,Event,4,2026-Sem2
EV003744,RA2511030010419,RA2511030010429,Event,1,2026-Sem2
EV003745,RA2511030010420,RA2511030010421,Project,4,2026-Sem1
EV003746,RA2511030010420,RA2511030010423,Event,1,2026-Sem2
EV003747,RA2511030010420,RA2511030010425,Project,4,2026-Sem1
EV003748,RA2511030010420,RA2511030010425,Project,2,2026-Sem1
EV003749,RA2511030010420,RA2511030010427,Event,3,2026-Sem1
EV003750,RA2511030010421,RA2511030010423,Event,1,2026-Sem2
EV003751,RA2511030010421,RA2511030010424,Academic,3,2026-Sem1
EV003752,RA2511030010421,RA2511030010427,Event,2,2026-Sem2
EV003753,RA2511030010422,RA2511030010424,Academic,1,2026-Sem1
EV003754,RA2511030010422,RA2511030010426,Project,2,2026-Sem1
EV003755,RA2511030010422,RA2511030010427,Social,2,2026-Sem1
EV003756,RA2511030010422,RA2511030010429,Social,4,2026-Sem2
EV003757,RA2511030010423,RA2511030010425,Social,4,2026-Sem1
EV003758,RA2511030010423,RA2511030010425,Social,3,2026-Sem1
EV003759,RA2511030010423,RA2511030010426,Event,2,2026-Sem2
EV003760,RA2511030010423,RA2511030010427,Project,1,2026-Sem1
EV003761,RA2511030010423,RA2511030010428,Academic,4,2026-Sem2
EV003762,RA2511030010424,RA2511030010426,Social,1,2026-Sem2
EV003763,RA2511030010424,RA2511030010427,Event,3,2026-Sem2
EV003764,RA2511030010424,RA2511030010429,Academic,3,2026-Sem1
EV003765,RA2511030010425,RA2511030010426,Event,2,2026-Sem2
EV003766,RA2511030010425,RA2511030010427,Academic,4,2026-Sem1
EV003767,RA2511030010426,RA2511030010428,Event,1,2026-Sem1
EV003768,RA2511030010426,RA2511030010429,Academic,2,2026-Sem1
EV003769,RA2511030010427,RA2511030010428,Event,1,2026-Sem1
EV003770,RA2611030010431,RA2611030010432,Social,2,2026-Sem2
EV003771,RA2611030010431,RA2611030010434,Social,3,2026-Sem2
EV003772,RA2611030010431,RA2611030010435,Social,3,2026-Sem1
EV003773,RA2611030010431,RA2611030010435,Social,2,2026-Sem2
EV003774,RA2611030010431,RA2611030010436,Academic,3,2026-Sem2
EV003775,RA2611030010431,RA2611030010436,Academic,3,2026-Sem1
EV003776,RA2611030010431,RA2611030010438,Project,1,2026-Sem2
EV003777,RA2611030010431,RA2611030010439,Academic,4,2026-Sem1
EV003778,RA2611030010431,RA2611030010439,Academic,3,2026-Sem2
EV003779,RA2611030010431,RA2611030010439,Academic,4,2026-Sem2
EV003780,RA2611030010431,RA2611030010439,Academic,3,2026-Sem1
EV003781,RA2611030010431,RA2611030010442,Academic,1,2026-Sem2
EV003782,RA2611030010431,RA2611030010444,Academic,4,2026-Sem2
EV003783,RA2611030010431,RA2611030010444,Academic,4,2026-Sem2
EV003784,RA2611030010431,RA2611030010446,Academic,1,2026-Sem2
EV003785,RA2611030010431,RA2611030010448,Social,4,2026-Sem1
EV003786,RA2611030010431,RA2611030010450,Project,3,2026-Sem2
EV003787,RA2611030010431,RA2611030010450,Project,1,2026-Sem1
EV003788,RA2611030010431,RA2611030010450,Project,4,2026-Sem2
EV003789,RA2611030010431,RA2611030010451,Academic,1,2026-Sem2
EV003790,RA2611030010432,RA2611030010436,Event,4,2026-Sem2
EV003791,RA2611030010432,RA2611030010437,Project,4,2026-Sem2
EV003792,RA2611030010432,RA2611030010440,Event,2,2026-Sem1
EV003793,RA2611030010432,RA2611030010441,Social,3,2026-Sem2
EV003794,RA2611030010432,RA2611030010441,Social,2,2026-Sem2
EV003795,RA2611030010432,RA2611030010442,Project,4,2026-Sem1
EV003796,RA2611030010432,RA2611030010444,Academic,1,2026-Sem2
EV003797,RA2611030010432,RA2611030010445,Project,1,2026-Sem1
EV003798,RA2611030010432,RA2611030010446,Event,1,2026-Sem1
EV003799,RA2611030010432,RA2611030010447,Project,1,2026-Sem2
EV003800,RA2611030010432,RA2611030010447,Project,2,2026-Sem1
EV003801,RA2611030010432,RA2611030010447,Project,3,2026-Sem1
EV003802,RA2611030010432,RA2611030010449,Social,1,2026-Sem1
EV003803,RA2611030010432,RA2611030010449,Social,4,2026-Sem2
EV003804,RA2611030010432,RA2611030010450,Event,4,2026-Sem2
EV003805,RA2611030010432,RA2611030010452,Project,1,2026-Sem2
EV003806,RA2611030010432,RA2611030010453,Event,3,2026-Sem1
EV003807,RA2611030010432,RA2611030010453,Event,3,2026-Sem1
EV003808,RA2611030010434,RA2611030010435,Event,1,2026-Sem2
EV003809,RA2611030010434,RA2611030010436,Project,4,2026-Sem2
EV003810,RA2611030010434,RA2611030010438,Academic,1,2026-Sem2
EV003811,RA2611030010434,RA2611030010441,Event,1,2026-Sem1
EV003812,RA2611030010434,RA2611030010442,Event,2,2026-Sem1
EV003813,RA2611030010434,RA2611030010443,Academic,2,2026-Sem1
EV003814,RA2611030010434,RA2611030010444,Event,3,2026-Sem1
EV003815,RA2611030010434,RA2611030010445,Academic,3,2026-Sem2
EV003816,RA2611030010434,RA2611030010446,Academic,4,2026-Sem2
EV003817,RA2611030010434,RA2611030010448,Social,1,2026-Sem2
EV003818,RA2611030010434,RA2611030010449,Social,3,2026-Sem1
EV003819,RA2611030010434,RA2611030010450,Event,1,2026-Sem1
EV003820,RA2611030010434,RA2611030010451,Project,4,2026-Sem1
EV003821,RA2611030010434,RA2611030010451,Project,3,2026-Sem2
EV003822,RA2611030010434,RA2611030010451,Project,2,2026-Sem2
EV003823,RA2611030010434,RA2611030010452,Academic,2,2026-Sem1
EV003824,RA2611030010434,RA2611030010452,Academic,1,2026-Sem1
EV003825,RA2611030010434,RA2611030010452,Academic,4,2026-Sem2
EV003826,RA2611030010434,RA2611030010453,Project,1,2026-Sem1
EV003827,RA2611030010435,RA2611030010436,Project,2,2026-Sem2
EV003828,RA2611030010435,RA2611030010436,Project,3,2026-Sem2
EV003829,RA2611030010435,RA2611030010436,Project,2,2026-Sem2
EV003830,RA2611030010435,RA2611030010438,Event,1,2026-Sem1
EV003831,RA2611030010435,RA2611030010441,Project,1,2026-Sem1
EV003832,RA2611030010435,RA2611030010442,Social,3,2026-Sem2
EV003833,RA2611030010435,RA2611030010442,Social,2,2026-Sem1
EV003834,RA2611030010435,RA2611030010443,Academic,1,2026-Sem1
EV003835,RA2611030010435,RA2611030010444,Event,2,2026-Sem2
EV003836,RA2611030010435,RA2611030010444,Event,3,2026-Sem2
EV003837,RA2611030010435,RA2611030010447,Academic,1,2026-Sem2
EV003838,RA2611030010435,RA2611030010448,Event,1,2026-Sem1
EV003839,RA2611030010435,RA2611030010449,Event,3,2026-Sem2
EV003840,RA2611030010435,RA2611030010450,Social,2,2026-Sem2
EV003841,RA2611030010435,RA2611030010450,Social,4,2026-Sem1
EV003842,RA2611030010435,RA2611030010450,Social,1,2026-Sem2
EV003843,RA2611030010435,RA2611030010451,Academic,4,2026-Sem1
EV003844,RA2611030010435,RA2611030010453,Event,1,2026-Sem1
EV003845,RA2611030010435,RA2611030010453,Event,3,2026-Sem1
EV003846,RA2611030010435,RA2611030010453,Event,3,2026-Sem1
EV003847,RA2611030010436,RA2611030010437,Academic,1,2026-Sem1
EV003848,RA2611030010436,RA2611030010437,Academic,1,2026-Sem1
EV003849,RA2611030010436,RA2611030010437,Academic,4,2026-Sem2
EV003850,RA2611030010436,RA2611030010438,Social,2,2026-Sem2
EV003851,RA2611030010436,RA2611030010438,Social,4,2026-Sem1
EV003852,RA2611030010436,RA2611030010439,Project,3,2026-Sem1
EV003853,RA2611030010436,RA2611030010439,Project,2,2026-Sem1
EV003854,RA2611030010436,RA2611030010441,Social,3,2026-Sem2
EV003855,RA2611030010436,RA2611030010444,Event,2,2026-Sem2
EV003856,RA2611030010436,RA2611030010445,Social,2,2026-Sem1
EV003857,RA2611030010436,RA2611030010446,Event,1,2026-Sem2
EV003858,RA2611030010436,RA2611030010449,Event,4,2026-Sem2
EV003859,RA2611030010436,RA2611030010449,Event,2,2026-Sem2
EV003860,RA2611030010436,RA2611030010451,Event,1,2026-Sem2
EV003861,RA2611030010436,RA2611030010452,Event,2,2026-Sem2
EV003862,RA2611030010437,RA2611030010438,Event,4,2026-Sem1
EV003863,RA2611030010437,RA2611030010443,Project,2,2026-Sem2
EV003864,RA2611030010437,RA2611030010446,Event,2,2026-Sem2
EV003865,RA2611030010437,RA2611030010446,Event,1,2026-Sem2
EV003866,RA2611030010437,RA2611030010446,Event,2,2026-Sem1
EV003867,RA2611030010437,RA2611030010446,Event,3,2026-Sem2
EV003868,RA2611030010437,RA2611030010447,Project,1,2026-Sem1
EV003869,RA2611030010437,RA2611030010448,Social,4,2026-Sem2
EV003870,RA2611030010437,RA2611030010448,Social,2,2026-Sem2
EV003871,RA2611030010437,RA2611030010449,Event,3,2026-Sem1
EV003872,RA2611030010437,RA2611030010451,Academic,1,2026-Sem1
EV003873,RA2611030010437,RA2611030010451,Academic,2,2026-Sem1
EV003874,RA2611030010437,RA2611030010451,Academic,1,2026-Sem1
EV003875,RA2611030010437,RA2611030010451,Academic,2,2026-Sem2
EV003876,RA2611030010437,RA2611030010451,Academic,3,2026-Sem1
EV003877,RA2611030010437,RA2611030010452,Project,3,2026-Sem2
EV003878,RA2611030010437,RA2611030010453,Social,4,2026-Sem2
EV003879,RA2611030010438,RA2611030010440,Social,1,2026-Sem2
EV003880,RA2611030010438,RA2611030010441,Event,1,2026-Sem2
EV003881,RA2611030010438,RA2611030010442,Academic,1,2026-Sem1
EV003882,RA2611030010438,RA2611030010443,Event,2,2026-Sem1
EV003883,RA2611030010438,RA2611030010445,Project,2,2026-Sem2
EV003884,RA2611030010438,RA2611030010446,Project,1,2026-Sem2
EV003885,RA2611030010438,RA2611030010446,Project,1,2026-Sem2
EV003886,RA2611030010438,RA2611030010446,Project,1,2026-Sem1
EV003887,RA2611030010438,RA2611030010446,Project,1,2026-Sem2
EV003888,RA2611030010438,RA2611030010446,Project,1,2026-Sem2
EV003889,RA2611030010438,RA2611030010446,Project,4,2026-Sem2
EV003890,RA2611030010438,RA2611030010448,Project,3,2026-Sem2
EV003891,RA2611030010438,RA2611030010450,Academic,3,2026-Sem1
EV003892,RA2611030010438,RA2611030010451,Event,3,2026-Sem1
EV003893,RA2611030010438,RA2611030010453,Social,2,2026-Sem1
EV003894,RA2611030010438,RA2611030010453,Social,2,2026-Sem2
EV003895,RA2611030010438,RA2611030010453,Social,4,2026-Sem2
EV003896,RA2611030010439,RA2611030010440,Project,3,2026-Sem2
EV003897,RA2611030010439,RA2611030010442,Project,4,2026-Sem2
EV003898,RA2611030010439,RA2611030010443,Project,2,2026-Sem1
EV003899,RA2611030010439,RA2611030010444,Social,1,2026-Sem2
EV003900,RA2611030010439,RA2611030010445,Event,3,2026-Sem1
EV003901,RA2611030010439,RA2611030010446,Event,1,2026-Sem2
EV003902,RA2611030010439,RA2611030010447,Social,3,2026-Sem1
EV003903,RA2611030010439,RA2611030010449,Social,3,2026-Sem2
EV003904,RA2611030010439,RA2611030010450,Event,3,2026-Sem1
EV003905,RA2611030010439,RA2611030010452,Event,1,2026-Sem2
EV003906,RA2611030010439,RA2611030010453,Social,4,2026-Sem2
EV003907,RA2611030010439,RA2611030010453,Social,1,2026-Sem2
EV003908,RA2611030010440,RA2611030010441,Social,1,2026-Sem2
EV003909,RA2611030010440,RA2611030010442,Social,1,2026-Sem2
EV003910,RA2611030010440,RA2611030010444,Academic,3,2026-Sem1
EV003911,RA2611030010440,RA2611030010446,Academic,1,2026-Sem1
EV003912,RA2611030010440,RA2611030010447,Academic,2,2026-Sem1
EV003913,RA2611030010440,RA2611030010448,Social,3,2026-Sem1
EV003914,RA2611030010440,RA2611030010451,Academic,3,2026-Sem1
EV003915,RA2611030010440,RA2611030010451,Academic,2,2026-Sem2
EV003916,RA2611030010440,RA2611030010452,Event,1,2026-Sem2
EV003917,RA2611030010441,RA2611030010443,Social,2,2026-Sem1
EV003918,RA2611030010441,RA2611030010443,Social,3,2026-Sem1
EV003919,RA2611030010441,RA2611030010447,Academic,1,2026-Sem2
EV003920,RA2611030010441,RA2611030010448,Academic,3,2026-Sem1
EV003921,RA2611030010441,RA2611030010449,Academic,3,2026-Sem2
EV003922,RA2611030010441,RA2611030010451,Academic,1,2026-Sem2
EV003923,RA2611030010441,RA2611030010451,Academic,3,2026-Sem1
EV003924,RA2611030010441,RA2611030010451,Academic,4,2026-Sem1
EV003925,RA2611030010441,RA2611030010452,Event,1,2026-Sem1
EV003926,RA2611030010441,RA2611030010452,Event,1,2026-Sem1
EV003927,RA2611030010441,RA2611030010452,Event,4,2026-Sem2
EV003928,RA2611030010441,RA2611030010452,Event,1,2026-Sem2
EV003929,RA2611030010441,RA2611030010452,Event,1,2026-Sem1
EV003930,RA2611030010441,RA2611030010452,Event,4,2026-Sem2
EV003931,RA2611030010442,RA2611030010444,Event,1,2026-Sem2
EV003932,RA2611030010442,RA2611030010444,Event,1,2026-Sem1
EV003933,RA2611030010442,RA2611030010444,Event,4,2026-Sem2
EV003934,RA2611030010442,RA2611030010445,Event,1,2026-Sem2
EV003935,RA2611030010442,RA2611030010446,Project,1,2026-Sem1
EV003936,RA2611030010442,RA2611030010446,Project,1,2026-Sem1
EV003937,RA2611030010442,RA2611030010446,Project,4,2026-Sem2
EV003938,RA2611030010442,RA2611030010448,Project,3,2026-Sem2
EV003939,RA2611030010442,RA2611030010449,Academic,2,2026-Sem2
EV003940,RA2611030010442,RA2611030010449,Academic,4,2026-Sem2
EV003941,RA2611030010442,RA2611030010449,Academic,3,2026-Sem1
EV003942,RA2611030010442,RA2611030010450,Social,2,2026-Sem2
EV003943,RA2611030010442,RA2611030010452,Event,1,2026-Sem1
EV003944,RA2611030010442,RA2611030010452,Event,2,2026-Sem2
EV003945,RA2611030010442,RA2611030010452,Event,3,2026-Sem1
EV003946,RA2611030010442,RA2611030010453,Social,3,2026-Sem2
EV003947,RA2611030010443,RA2611030010444,Academic,4,2026-Sem1
EV003948,RA2611030010443,RA2611030010445,Event,1,2026-Sem1
EV003949,RA2611030010443,RA2611030010448,Event,2,2026-Sem1
EV003950,RA2611030010443,RA2611030010450,Project,2,2026-Sem1
EV003951,RA2611030010443,RA2611030010452,Academic,1,2026-Sem1
EV003952,RA2611030010443,RA2611030010453,Social,3,2026-Sem1
EV003953,RA2611030010444,RA2611030010446,Social,3,2026-Sem1
EV003954,RA2611030010444,RA2611030010446,Social,3,2026-Sem1
EV003955,RA2611030010444,RA2611030010446,Social,2,2026-Sem1
EV003956,RA2611030010444,RA2611030010447,Event,2,2026-Sem1
EV003957,RA2611030010444,RA2611030010448,Project,4,2026-Sem2
EV003958,RA2611030010444,RA2611030010451,Project,1,2026-Sem2
EV003959,RA2611030010444,RA2611030010451,Project,4,2026-Sem1
EV003960,RA2611030010444,RA2611030010452,Social,4,2026-Sem2
EV003961,RA2611030010445,RA2611030010446,Academic,3,2026-Sem2
EV003962,RA2611030010445,RA2611030010446,Academic,3,2026-Sem1
EV003963,RA2611030010445,RA2611030010447,Academic,4,2026-Sem2
EV003964,RA2611030010445,RA2611030010448,Event,2,2026-Sem2
EV003965,RA2611030010445,RA2611030010449,Project,1,2026-Sem1
EV003966,RA2611030010445,RA2611030010452,Event,3,2026-Sem1
EV003967,RA2611030010445,RA2611030010452,Event,4,2026-Sem2
EV003968,RA2611030010445,RA2611030010452,Event,1,2026-Sem1
EV003969,RA2611030010445,RA2611030010453,Social,1,2026-Sem2
EV003970,RA2611030010446,RA2611030010448,Social,4,2026-Sem2
EV003971,RA2611030010446,RA2611030010451,Event,2,2026-Sem1
EV003972,RA2611030010446,RA2611030010453,Project,1,2026-Sem1
EV003973,RA2611030010447,RA2611030010448,Social,2,2026-Sem1
EV003974,RA2611030010447,RA2611030010450,Project,1,2026-Sem1
EV003975,RA2611030010447,RA2611030010451,Academic,1,2026-Sem1
EV003976,RA2611030010448,RA2611030010449,Event,3,2026-Sem2
EV003977,RA2611030010448,RA2611030010451,Event,1,2026-Sem2
EV003978,RA2611030010448,RA2611030010452,Event,3,2026-Sem2
EV003979,RA2611030010448,RA2611030010453,Project,3,2026-Sem2
EV003980,RA2611030010448,RA2611030010453,Project,3,2026-Sem2
EV003981,RA2611030010449,RA2611030010450,Event,2,2026-Sem1
EV003982,RA2611030010449,RA2611030010450,Event,4,2026-Sem2
EV003983,RA2611030010449,RA2611030010450,Event,1,2026-Sem2
EV003984,RA2611030010449,RA2611030010451,Project,3,2026-Sem1
EV003985,RA2611030010449,RA2611030010451,Project,2,2026-Sem2
EV003986,RA2611030010449,RA2611030010452,Academic,3,2026-Sem2
EV003987,RA2611030010449,RA2611030010453,Social,1,2026-Sem1
EV003988,RA2611030010450,RA2611030010452,Social,2,2026-Sem1
EV003989,RA2611030010450,RA2611030010453,Project,2,2026-Sem2
EV003990,RA2611030010450,RA2611030010453,Project,3,2026-Sem2
EV003991,RA2611030010450,RA2611030010453,Project,4,2026-Sem2
EV003992,RA2611030010451,RA2611030010452,Project,1,2026-Sem1
EV003993,RA2611030010451,RA2611030010452,Project,2,2026-Sem1
EV003994,RA2611030010451,RA2611030010452,Project,3,2026-Sem1
EV003995,RA2611030010452,RA2611030010453,Event,4,2026-Sem2
EV003996,RA2311054010454,RA2311054010455,Academic,4,2026-Sem2
EV003997,RA2311054010454,RA2311054010459,Event,2,2026-Sem1
EV003998,RA2311054010454,RA2311054010461,Academic,1,2026-Sem1
EV003999,RA2311054010454,RA2311054010462,Social,4,2026-Sem2
EV004000,RA2311054010454,RA2311054010462,Social,4,2026-Sem1
EV004001,RA2311054010454,RA2311054010465,Academic,1,2026-Sem2
EV004002,RA2311054010454,RA2311054010465,Academic,1,2026-Sem1
EV004003,RA2311054010454,RA2311054010465,Academic,4,2026-Sem1
EV004004,RA2311054010454,RA2311054010466,Academic,2,2026-Sem2
EV004005,RA2311054010454,RA2311054010467,Event,4,2026-Sem2
EV004006,RA2311054010454,RA2311054010468,Academic,3,2026-Sem1
EV004007,RA2311054010454,RA2311054010468,Academic,4,2026-Sem1
EV004008,RA2311054010454,RA2311054010469,Project,2,2026-Sem1
EV004009,RA2311054010454,RA2311054010470,Academic,3,2026-Sem2
EV004010,RA2311054010454,RA2311054010471,Social,3,2026-Sem2
EV004011,RA2311054010454,RA2311054010472,Project,1,2026-Sem2
EV004012,RA2311054010454,RA2311054010473,Project,3,2026-Sem1
EV004013,RA2311054010455,RA2311054010456,Academic,2,2026-Sem1
EV004014,RA2311054010455,RA2311054010457,Project,3,2026-Sem1
EV004015,RA2311054010455,RA2311054010458,Project,1,2026-Sem1
EV004016,RA2311054010455,RA2311054010459,Social,2,2026-Sem1
EV004017,RA2311054010455,RA2311054010461,Academic,2,2026-Sem2
EV004018,RA2311054010455,RA2311054010462,Academic,2,2026-Sem2
EV004019,RA2311054010455,RA2311054010466,Academic,3,2026-Sem2
EV004020,RA2311054010455,RA2311054010466,Academic,4,2026-Sem1
EV004021,RA2311054010455,RA2311054010467,Academic,1,2026-Sem1
EV004022,RA2311054010455,RA2311054010468,Project,2,2026-Sem2
EV004023,RA2311054010455,RA2311054010469,Project,2,2026-Sem2
EV004024,RA2311054010455,RA2311054010469,Project,1,2026-Sem2
EV004025,RA2311054010455,RA2311054010469,Project,3,2026-Sem1
EV004026,RA2311054010455,RA2311054010469,Project,1,2026-Sem2
EV004027,RA2311054010455,RA2311054010469,Project,4,2026-Sem2
EV004028,RA2311054010455,RA2311054010469,Project,3,2026-Sem2
EV004029,RA2311054010455,RA2311054010470,Event,3,2026-Sem2
EV004030,RA2311054010455,RA2311054010471,Academic,1,2026-Sem2
EV004031,RA2311054010455,RA2311054010473,Social,4,2026-Sem2
EV004032,RA2311054010455,RA2311054010473,Social,3,2026-Sem2
EV004033,RA2311054010455,RA2311054010475,Social,1,2026-Sem2
EV004034,RA2311054010455,RA2311054010475,Social,1,2026-Sem1
EV004035,RA2311054010455,RA2311054010475,Social,4,2026-Sem1
EV004036,RA2311054010455,RA2311054010475,Social,2,2026-Sem1
EV004037,RA2311054010456,RA2311054010457,Project,3,2026-Sem1
EV004038,RA2311054010456,RA2311054010458,Academic,1,2026-Sem2
EV004039,RA2311054010456,RA2311054010463,Project,4,2026-Sem1
EV004040,RA2311054010456,RA2311054010463,Project,3,2026-Sem1
EV004041,RA2311054010456,RA2311054010465,Social,4,2026-Sem2
EV004042,RA2311054010456,RA2311054010465,Social,1,2026-Sem1
EV004043,RA2311054010456,RA2311054010466,Social,4,2026-Sem2
EV004044,RA2311054010456,RA2311054010466,Social,1,2026-Sem2
EV004045,RA2311054010456,RA2311054010468,Project,2,2026-Sem1
EV004046,RA2311054010456,RA2311054010468,Project,3,2026-Sem1
EV004047,RA2311054010456,RA2311054010470,Academic,1,2026-Sem2
EV004048,RA2311054010456,RA2311054010472,Event,2,2026-Sem1
EV004049,RA2311054010456,RA2311054010474,Event,3,2026-Sem1
EV004050,RA2311054010456,RA2311054010476,Academic,2,2026-Sem1
EV004051,RA2311054010457,RA2311054010458,Event,3,2026-Sem2
EV004052,RA2311054010457,RA2311054010461,Social,1,2026-Sem2
EV004053,RA2311054010457,RA2311054010461,Social,1,2026-Sem1
EV004054,RA2311054010457,RA2311054010461,Social,3,2026-Sem1
EV004055,RA2311054010457,RA2311054010461,Social,3,2026-Sem1
EV004056,RA2311054010457,RA2311054010464,Social,1,2026-Sem2
EV004057,RA2311054010457,RA2311054010464,Social,3,2026-Sem2
EV004058,RA2311054010457,RA2311054010464,Social,2,2026-Sem1
EV004059,RA2311054010457,RA2311054010465,Academic,2,2026-Sem2
EV004060,RA2311054010457,RA2311054010467,Event,3,2026-Sem2
EV004061,RA2311054010457,RA2311054010467,Event,2,2026-Sem2
EV004062,RA2311054010457,RA2311054010471,Social,3,2026-Sem1
EV004063,RA2311054010457,RA2311054010471,Social,3,2026-Sem1
EV004064,RA2311054010457,RA2311054010473,Social,1,2026-Sem1
EV004065,RA2311054010457,RA2311054010474,Project,1,2026-Sem2
EV004066,RA2311054010457,RA2311054010475,Social,1,2026-Sem2
EV004067,RA2311054010457,RA2311054010476,Social,2,2026-Sem2
EV004068,RA2311054010458,RA2311054010459,Social,2,2026-Sem2
EV004069,RA2311054010458,RA2311054010464,Academic,2,2026-Sem1
EV004070,RA2311054010458,RA2311054010468,Academic,3,2026-Sem1
EV004071,RA2311054010458,RA2311054010469,Social,3,2026-Sem1
EV004072,RA2311054010458,RA2311054010471,Academic,4,2026-Sem2
EV004073,RA2311054010458,RA2311054010472,Social,1,2026-Sem1
EV004074,RA2311054010458,RA2311054010472,Social,2,2026-Sem2
EV004075,RA2311054010458,RA2311054010472,Social,2,2026-Sem1
EV004076,RA2311054010458,RA2311054010472,Social,4,2026-Sem1
EV004077,RA2311054010458,RA2311054010473,Social,3,2026-Sem1
EV004078,RA2311054010458,RA2311054010473,Social,2,2026-Sem2
EV004079,RA2311054010458,RA2311054010474,Event,1,2026-Sem2
EV004080,RA2311054010458,RA2311054010476,Academic,2,2026-Sem2
EV004081,RA2311054010459,RA2311054010462,Event,4,2026-Sem1
EV004082,RA2311054010459,RA2311054010463,Project,1,2026-Sem2
EV004083,RA2311054010459,RA2311054010465,Social,1,2026-Sem1
EV004084,RA2311054010459,RA2311054010468,Academic,4,2026-Sem2
EV004085,RA2311054010459,RA2311054010469,Academic,3,2026-Sem2
EV004086,RA2311054010459,RA2311054010470,Academic,2,2026-Sem1
EV004087,RA2311054010459,RA2311054010471,Social,1,2026-Sem2
EV004088,RA2311054010459,RA2311054010471,Social,2,2026-Sem2
EV004089,RA2311054010459,RA2311054010471,Social,3,2026-Sem2
EV004090,RA2311054010459,RA2311054010473,Event,2,2026-Sem2
EV004091,RA2311054010459,RA2311054010473,Event,4,2026-Sem1
EV004092,RA2311054010459,RA2311054010473,Event,1,2026-Sem1
EV004093,RA2311054010459,RA2311054010474,Social,4,2026-Sem2
EV004094,RA2311054010459,RA2311054010475,Event,4,2026-Sem2
EV004095,RA2311054010459,RA2311054010475,Event,3,2026-Sem1
EV004096,RA2311054010459,RA2311054010476,Social,4,2026-Sem1
EV004097,RA2311054010461,RA2311054010462,Academic,2,2026-Sem2
EV004098,RA2311054010461,RA2311054010463,Academic,1,2026-Sem2
EV004099,RA2311054010461,RA2311054010464,Social,3,2026-Sem2
EV004100,RA2311054010461,RA2311054010466,Social,1,2026-Sem2
EV004101,RA2311054010461,RA2311054010466,Social,1,2026-Sem1
EV004102,RA2311054010461,RA2311054010466,Social,3,2026-Sem1
EV004103,RA2311054010461,RA2311054010466,Social,3,2026-Sem1
EV004104,RA2311054010461,RA2311054010467,Academic,4,2026-Sem2
EV004105,RA2311054010461,RA2311054010468,Academic,4,2026-Sem2
EV004106,RA2311054010461,RA2311054010468,Academic,1,2026-Sem2
EV004107,RA2311054010461,RA2311054010468,Academic,4,2026-Sem1
EV004108,RA2311054010461,RA2311054010471,Event,3,2026-Sem2
EV004109,RA2311054010461,RA2311054010472,Academic,4,2026-Sem2
EV004110,RA2311054010461,RA2311054010474,Social,2,2026-Sem1
EV004111,RA2311054010461,RA2311054010476,Project,2,2026-Sem2
EV004112,RA2311054010462,RA2311054010465,Social,2,2026-Sem2
EV004113,RA2311054010462,RA2311054010465,Social,3,2026-Sem2
EV004114,RA2311054010462,RA2311054010466,Project,3,2026-Sem1
EV004115,RA2311054010462,RA2311054010468,Academic,2,2026-Sem1
EV004116,RA2311054010462,RA2311054010469,Social,4,2026-Sem1
EV004117,RA2311054010462,RA2311054010470,Event,4,2026-Sem1
EV004118,RA2311054010462,RA2311054010470,Event,1,2026-Sem2
EV004119,RA2311054010462,RA2311054010471,Project,1,2026-Sem2
EV004120,RA2311054010462,RA2311054010471,Project,2,2026-Sem2
EV004121,RA2311054010462,RA2311054010471,Project,3,2026-Sem2
EV004122,RA2311054010462,RA2311054010471,Project,2,2026-Sem2
EV004123,RA2311054010462,RA2311054010472,Event,4,2026-Sem2
EV004124,RA2311054010462,RA2311054010474,Social,2,2026-Sem1
EV004125,RA2311054010462,RA2311054010475,Event,3,2026-Sem2
EV004126,RA2311054010463,RA2311054010464,Project,1,2026-Sem1
EV004127,RA2311054010463,RA2311054010464,Project,3,2026-Sem2
EV004128,RA2311054010463,RA2311054010464,Project,3,2026-Sem2
EV004129,RA2311054010463,RA2311054010466,Academic,2,2026-Sem2
EV004130,RA2311054010463,RA2311054010469,Academic,1,2026-Sem1
EV004131,RA2311054010463,RA2311054010470,Event,1,2026-Sem1
EV004132,RA2311054010463,RA2311054010471,Academic,1,2026-Sem1
EV004133,RA2311054010463,RA2311054010475,Event,3,2026-Sem1
EV004134,RA2311054010463,RA2311054010475,Event,2,2026-Sem2
EV004135,RA2311054010463,RA2311054010476,Social,1,2026-Sem1
EV004136,RA2311054010464,RA2311054010467,Academic,4,2026-Sem2
EV004137,RA2311054010464,RA2311054010467,Academic,2,2026-Sem2
EV004138,RA2311054010464,RA2311054010467,Academic,3,2026-Sem1
EV004139,RA2311054010464,RA2311054010467,Academic,1,2026-Sem2
EV004140,RA2311054010464,RA2311054010467,Academic,4,2026-Sem1
EV004141,RA2311054010464,RA2311054010468,Social,2,2026-Sem2
EV004142,RA2311054010464,RA2311054010468,Social,1,2026-Sem1
EV004143,RA2311054010464,RA2311054010468,Social,1,2026-Sem1
EV004144,RA2311054010464,RA2311054010468,Social,4,2026-Sem1
EV004145,RA2311054010464,RA2311054010472,Event,1,2026-Sem1
EV004146,RA2311054010464,RA2311054010472,Event,4,2026-Sem2
EV004147,RA2311054010464,RA2311054010475,Academic,1,2026-Sem2
EV004148,RA2311054010464,RA2311054010476,Social,4,2026-Sem1
EV004149,RA2311054010465,RA2311054010466,Social,3,2026-Sem2
EV004150,RA2311054010465,RA2311054010467,Social,1,2026-Sem2
EV004151,RA2311054010465,RA2311054010467,Social,2,2026-Sem2
EV004152,RA2311054010465,RA2311054010467,Social,3,2026-Sem1
EV004153,RA2311054010465,RA2311054010467,Social,2,2026-Sem1
EV004154,RA2311054010465,RA2311054010468,Social,3,2026-Sem1
EV004155,RA2311054010465,RA2311054010469,Event,2,2026-Sem1
EV004156,RA2311054010465,RA2311054010470,Project,1,2026-Sem1
EV004157,RA2311054010465,RA2311054010470,Project,2,2026-Sem1
EV004158,RA2311054010465,RA2311054010470,Project,3,2026-Sem2
EV004159,RA2311054010465,RA2311054010470,Project,3,2026-Sem1
EV004160,RA2311054010465,RA2311054010471,Project,3,2026-Sem2
EV004161,RA2311054010465,RA2311054010472,Social,1,2026-Sem2
EV004162,RA2311054010465,RA2311054010473,Academic,2,2026-Sem1
EV004163,RA2311054010465,RA2311054010474,Project,2,2026-Sem1
EV004164,RA2311054010465,RA2311054010474,Project,1,2026-Sem1
EV004165,RA2311054010465,RA2311054010474,Project,4,2026-Sem2
EV004166,RA2311054010465,RA2311054010475,Social,3,2026-Sem1
EV004167,RA2311054010465,RA2311054010475,Social,4,2026-Sem2
EV004168,RA2311054010465,RA2311054010475,Social,2,2026-Sem2
EV004169,RA2311054010465,RA2311054010475,Social,3,2026-Sem2
EV004170,RA2311054010466,RA2311054010469,Project,3,2026-Sem2
EV004171,RA2311054010466,RA2311054010470,Project,1,2026-Sem2
EV004172,RA2311054010466,RA2311054010473,Project,1,2026-Sem1
EV004173,RA2311054010466,RA2311054010475,Project,2,2026-Sem1
EV004174,RA2311054010467,RA2311054010468,Event,3,2026-Sem1
EV004175,RA2311054010467,RA2311054010470,Academic,1,2026-Sem1
EV004176,RA2311054010467,RA2311054010470,Academic,4,2026-Sem1
EV004177,RA2311054010467,RA2311054010472,Event,3,2026-Sem1
EV004178,RA2311054010467,RA2311054010473,Project,4,2026-Sem1
EV004179,RA2311054010467,RA2311054010473,Project,1,2026-Sem2
EV004180,RA2311054010467,RA2311054010473,Project,3,2026-Sem1
EV004181,RA2311054010467,RA2311054010473,Project,4,2026-Sem2
EV004182,RA2311054010467,RA2311054010473,Project,2,2026-Sem1
EV004183,RA2311054010467,RA2311054010475,Social,2,2026-Sem1
EV004184,RA2311054010467,RA2311054010475,Social,4,2026-Sem1
EV004185,RA2311054010468,RA2311054010469,Academic,2,2026-Sem1
EV004186,RA2311054010468,RA2311054010470,Social,3,2026-Sem2
EV004187,RA2311054010468,RA2311054010473,Social,3,2026-Sem1
EV004188,RA2311054010468,RA2311054010473,Social,4,2026-Sem2
EV004189,RA2311054010468,RA2311054010474,Academic,2,2026-Sem2
EV004190,RA2311054010468,RA2311054010474,Academic,2,2026-Sem2
EV004191,RA2311054010468,RA2311054010474,Academic,4,2026-Sem1
EV004192,RA2311054010468,RA2311054010476,Academic,4,2026-Sem2
EV004193,RA2311054010468,RA2311054010476,Academic,4,2026-Sem2
EV004194,RA2311054010469,RA2311054010471,Event,3,2026-Sem1
EV004195,RA2311054010469,RA2311054010471,Event,4,2026-Sem1
EV004196,RA2311054010469,RA2311054010472,Project,2,2026-Sem1
EV004197,RA2311054010469,RA2311054010473,Project,2,2026-Sem1
EV004198,RA2311054010469,RA2311054010473,Project,3,2026-Sem1
EV004199,RA2311054010469,RA2311054010474,Project,4,2026-Sem1
EV004200,RA2311054010469,RA2311054010475,Project,1,2026-Sem2
EV004201,RA2311054010469,RA2311054010476,Project,2,2026-Sem1
EV004202,RA2311054010469,RA2311054010476,Project,3,2026-Sem2
EV004203,RA2311054010470,RA2311054010471,Social,4,2026-Sem2
EV004204,RA2311054010470,RA2311054010473,Social,3,2026-Sem1
EV004205,RA2311054010470,RA2311054010475,Social,2,2026-Sem2
EV004206,RA2311054010470,RA2311054010475,Social,4,2026-Sem1
EV004207,RA2311054010471,RA2311054010473,Event,4,2026-Sem2
EV004208,RA2311054010471,RA2311054010474,Social,1,2026-Sem2
EV004209,RA2311054010471,RA2311054010475,Social,2,2026-Sem2
EV004210,RA2311054010471,RA2311054010476,Project,4,2026-Sem1
EV004211,RA2311054010472,RA2311054010473,Event,2,2026-Sem2
EV004212,RA2311054010472,RA2311054010473,Event,2,2026-Sem2
EV004213,RA2311054010472,RA2311054010473,Event,3,2026-Sem2
EV004214,RA2311054010472,RA2311054010473,Event,2,2026-Sem2
EV004215,RA2311054010472,RA2311054010475,Event,3,2026-Sem1
EV004216,RA2311054010472,RA2311054010475,Event,2,2026-Sem2
EV004217,RA2311054010473,RA2311054010474,Event,4,2026-Sem2
EV004218,RA2311054010473,RA2311054010476,Social,3,2026-Sem1
EV004219,RA2311054010475,RA2311054010476,Social,2,2026-Sem1
EV004220,RA2411054010477,RA2411054010478,Event,1,2026-Sem2
EV004221,RA2411054010477,RA2411054010478,Event,2,2026-Sem1
EV004222,RA2411054010477,RA2411054010478,Event,3,2026-Sem1
EV004223,RA2411054010477,RA2411054010479,Social,4,2026-Sem2
EV004224,RA2411054010477,RA2411054010479,Social,3,2026-Sem1
EV004225,RA2411054010477,RA2411054010480,Project,2,2026-Sem1
EV004226,RA2411054010477,RA2411054010482,Event,2,2026-Sem2
EV004227,RA2411054010477,RA2411054010484,Academic,4,2026-Sem2
EV004228,RA2411054010477,RA2411054010484,Academic,4,2026-Sem1
EV004229,RA2411054010477,RA2411054010485,Social,1,2026-Sem2
EV004230,RA2411054010477,RA2411054010486,Academic,3,2026-Sem2
EV004231,RA2411054010477,RA2411054010486,Academic,3,2026-Sem1
EV004232,RA2411054010477,RA2411054010487,Social,4,2026-Sem1
EV004233,RA2411054010477,RA2411054010487,Social,3,2026-Sem2
EV004234,RA2411054010477,RA2411054010489,Academic,3,2026-Sem2
EV004235,RA2411054010477,RA2411054010490,Project,1,2026-Sem1
EV004236,RA2411054010477,RA2411054010490,Project,3,2026-Sem1
EV004237,RA2411054010477,RA2411054010490,Project,2,2026-Sem1
EV004238,RA2411054010477,RA2411054010490,Project,3,2026-Sem2
EV004239,RA2411054010477,RA2411054010490,Project,3,2026-Sem1
EV004240,RA2411054010477,RA2411054010492,Project,2,2026-Sem2
EV004241,RA2411054010477,RA2411054010493,Social,2,2026-Sem1
EV004242,RA2411054010477,RA2411054010494,Project,1,2026-Sem2
EV004243,RA2411054010477,RA2411054010494,Project,2,2026-Sem2
EV004244,RA2411054010477,RA2411054010494,Project,4,2026-Sem1
EV004245,RA2411054010477,RA2411054010494,Project,1,2026-Sem1
EV004246,RA2411054010477,RA2411054010495,Academic,2,2026-Sem1
EV004247,RA2411054010477,RA2411054010495,Academic,3,2026-Sem2
EV004248,RA2411054010477,RA2411054010496,Event,3,2026-Sem1
EV004249,RA2411054010477,RA2411054010496,Event,3,2026-Sem1
EV004250,RA2411054010477,RA2411054010497,Social,2,2026-Sem1
EV004251,RA2411054010477,RA2411054010498,Project,1,2026-Sem2
EV004252,RA2411054010478,RA2411054010481,Event,1,2026-Sem2
EV004253,RA2411054010478,RA2411054010483,Academic,1,2026-Sem2
EV004254,RA2411054010478,RA2411054010484,Event,1,2026-Sem2
EV004255,RA2411054010478,RA2411054010486,Project,1,2026-Sem1
EV004256,RA2411054010478,RA2411054010487,Event,1,2026-Sem2
EV004257,RA2411054010478,RA2411054010488,Social,2,2026-Sem2
EV004258,RA2411054010478,RA2411054010488,Social,3,2026-Sem2
EV004259,RA2411054010478,RA2411054010489,Academic,2,2026-Sem2
EV004260,RA2411054010478,RA2411054010490,Academic,2,2026-Sem2
EV004261,RA2411054010478,RA2411054010492,Social,3,2026-Sem1
EV004262,RA2411054010478,RA2411054010493,Event,3,2026-Sem1
EV004263,RA2411054010478,RA2411054010494,Project,2,2026-Sem2
EV004264,RA2411054010479,RA2411054010481,Academic,2,2026-Sem2
EV004265,RA2411054010479,RA2411054010482,Social,3,2026-Sem2
EV004266,RA2411054010479,RA2411054010483,Social,2,2026-Sem1
EV004267,RA2411054010479,RA2411054010486,Project,1,2026-Sem1
EV004268,RA2411054010479,RA2411054010488,Academic,1,2026-Sem1
EV004269,RA2411054010479,RA2411054010489,Event,3,2026-Sem2
EV004270,RA2411054010479,RA2411054010492,Event,2,2026-Sem1
EV004271,RA2411054010479,RA2411054010493,Social,4,2026-Sem2
EV004272,RA2411054010479,RA2411054010493,Social,2,2026-Sem1
EV004273,RA2411054010479,RA2411054010494,Event,2,2026-Sem2
EV004274,RA2411054010479,RA2411054010494,Event,2,2026-Sem2
EV004275,RA2411054010479,RA2411054010494,Event,3,2026-Sem2
EV004276,RA2411054010479,RA2411054010495,Project,4,2026-Sem2
EV004277,RA2411054010479,RA2411054010495,Project,1,2026-Sem1
EV004278,RA2411054010479,RA2411054010497,Social,1,2026-Sem1
EV004279,RA2411054010479,RA2411054010497,Social,3,2026-Sem2
EV004280,RA2411054010479,RA2411054010497,Social,2,2026-Sem1
EV004281,RA2411054010479,RA2411054010497,Social,3,2026-Sem1
EV004282,RA2411054010479,RA2411054010498,Event,1,2026-Sem1
EV004283,RA2411054010479,RA2411054010498,Event,4,2026-Sem1
EV004284,RA2411054010480,RA2411054010481,Academic,3,2026-Sem2
EV004285,RA2411054010480,RA2411054010481,Academic,2,2026-Sem1
EV004286,RA2411054010480,RA2411054010481,Academic,3,2026-Sem1
EV004287,RA2411054010480,RA2411054010482,Academic,2,2026-Sem1
EV004288,RA2411054010480,RA2411054010484,Academic,1,2026-Sem2
EV004289,RA2411054010480,RA2411054010485,Academic,1,2026-Sem1
EV004290,RA2411054010480,RA2411054010486,Project,4,2026-Sem2
EV004291,RA2411054010480,RA2411054010487,Project,2,2026-Sem1
EV004292,RA2411054010480,RA2411054010487,Project,3,2026-Sem1
EV004293,RA2411054010480,RA2411054010488,Event,1,2026-Sem1
EV004294,RA2411054010480,RA2411054010489,Social,4,2026-Sem1
EV004295,RA2411054010480,RA2411054010489,Social,1,2026-Sem1
EV004296,RA2411054010480,RA2411054010491,Social,4,2026-Sem1
EV004297,RA2411054010480,RA2411054010492,Project,1,2026-Sem2
EV004298,RA2411054010480,RA2411054010493,Project,2,2026-Sem2
EV004299,RA2411054010480,RA2411054010493,Project,4,2026-Sem2
EV004300,RA2411054010480,RA2411054010495,Social,3,2026-Sem2
EV004301,RA2411054010480,RA2411054010496,Social,3,2026-Sem1
EV004302,RA2411054010480,RA2411054010496,Social,2,2026-Sem1
EV004303,RA2411054010480,RA2411054010496,Social,3,2026-Sem2
EV004304,RA2411054010481,RA2411054010482,Event,1,2026-Sem1
EV004305,RA2411054010481,RA2411054010483,Project,3,2026-Sem1
EV004306,RA2411054010481,RA2411054010485,Project,1,2026-Sem1
EV004307,RA2411054010481,RA2411054010486,Event,2,2026-Sem2
EV004308,RA2411054010481,RA2411054010487,Event,4,2026-Sem1
EV004309,RA2411054010481,RA2411054010488,Project,2,2026-Sem2
EV004310,RA2411054010481,RA2411054010489,Project,2,2026-Sem1
EV004311,RA2411054010481,RA2411054010492,Social,2,2026-Sem2
EV004312,RA2411054010481,RA2411054010495,Project,1,2026-Sem2
EV004313,RA2411054010481,RA2411054010496,Project,2,2026-Sem1
EV004314,RA2411054010481,RA2411054010497,Academic,1,2026-Sem2
EV004315,RA2411054010481,RA2411054010498,Event,2,2026-Sem1
EV004316,RA2411054010482,RA2411054010484,Social,4,2026-Sem2
EV004317,RA2411054010482,RA2411054010484,Social,2,2026-Sem2
EV004318,RA2411054010482,RA2411054010484,Social,3,2026-Sem2
EV004319,RA2411054010482,RA2411054010486,Event,1,2026-Sem1
EV004320,RA2411054010482,RA2411054010487,Project,2,2026-Sem2
EV004321,RA2411054010482,RA2411054010487,Project,3,2026-Sem2
EV004322,RA2411054010482,RA2411054010487,Project,1,2026-Sem1
EV004323,RA2411054010482,RA2411054010487,Project,1,2026-Sem2
EV004324,RA2411054010482,RA2411054010487,Project,1,2026-Sem1
EV004325,RA2411054010482,RA2411054010487,Project,4,2026-Sem1
EV004326,RA2411054010482,RA2411054010488,Project,1,2026-Sem2
EV004327,RA2411054010482,RA2411054010489,Academic,2,2026-Sem2
EV004328,RA2411054010482,RA2411054010491,Event,3,2026-Sem1
EV004329,RA2411054010482,RA2411054010492,Social,3,2026-Sem1
EV004330,RA2411054010482,RA2411054010493,Event,2,2026-Sem2
EV004331,RA2411054010482,RA2411054010494,Event,2,2026-Sem1
EV004332,RA2411054010482,RA2411054010496,Academic,2,2026-Sem1
EV004333,RA2411054010482,RA2411054010496,Academic,1,2026-Sem1
EV004334,RA2411054010482,RA2411054010496,Academic,4,2026-Sem2
EV004335,RA2411054010483,RA2411054010488,Event,1,2026-Sem2
EV004336,RA2411054010483,RA2411054010488,Event,4,2026-Sem1
EV004337,RA2411054010483,RA2411054010489,Academic,3,2026-Sem1
EV004338,RA2411054010483,RA2411054010490,Social,1,2026-Sem1
EV004339,RA2411054010483,RA2411054010494,Event,1,2026-Sem2
EV004340,RA2411054010483,RA2411054010495,Project,2,2026-Sem1
EV004341,RA2411054010483,RA2411054010496,Academic,1,2026-Sem1
EV004342,RA2411054010483,RA2411054010497,Project,1,2026-Sem1
EV004343,RA2411054010483,RA2411054010498,Academic,1,2026-Sem1
EV004344,RA2411054010483,RA2411054010498,Academic,3,2026-Sem1
EV004345,RA2411054010483,RA2411054010498,Academic,3,2026-Sem2
EV004346,RA2411054010484,RA2411054010486,Academic,4,2026-Sem1
EV004347,RA2411054010484,RA2411054010487,Social,4,2026-Sem2
EV004348,RA2411054010484,RA2411054010488,Social,2,2026-Sem2
EV004349,RA2411054010484,RA2411054010489,Academic,2,2026-Sem1
EV004350,RA2411054010484,RA2411054010489,Academic,4,2026-Sem2
EV004351,RA2411054010484,RA2411054010493,Event,2,2026-Sem1
EV004352,RA2411054010484,RA2411054010493,Event,3,2026-Sem1
EV004353,RA2411054010484,RA2411054010495,Academic,1,2026-Sem2
EV004354,RA2411054010484,RA2411054010496,Project,4,2026-Sem1
EV004355,RA2411054010484,RA2411054010496,Project,1,2026-Sem1
EV004356,RA2411054010484,RA2411054010497,Project,1,2026-Sem2
EV004357,RA2411054010485,RA2411054010486,Event,4,2026-Sem2
EV004358,RA2411054010485,RA2411054010487,Academic,4,2026-Sem2
EV004359,RA2411054010485,RA2411054010487,Academic,2,2026-Sem2
EV004360,RA2411054010485,RA2411054010488,Project,4,2026-Sem1
EV004361,RA2411054010485,RA2411054010490,Social,2,2026-Sem1
EV004362,RA2411054010485,RA2411054010490,Social,1,2026-Sem2
EV004363,RA2411054010485,RA2411054010490,Social,4,2026-Sem2
EV004364,RA2411054010485,RA2411054010491,Social,3,2026-Sem2
EV004365,RA2411054010485,RA2411054010493,Academic,1,2026-Sem2
EV004366,RA2411054010485,RA2411054010495,Social,1,2026-Sem1
EV004367,RA2411054010485,RA2411054010496,Social,4,2026-Sem1
EV004368,RA2411054010485,RA2411054010498,Academic,2,2026-Sem2
EV004369,RA2411054010486,RA2411054010487,Academic,2,2026-Sem1
EV004370,RA2411054010486,RA2411054010488,Academic,3,2026-Sem2
EV004371,RA2411054010486,RA2411054010489,Academic,4,2026-Sem2
EV004372,RA2411054010486,RA2411054010489,Academic,3,2026-Sem2
EV004373,RA2411054010486,RA2411054010490,Academic,1,2026-Sem1
EV004374,RA2411054010486,RA2411054010491,Academic,1,2026-Sem2
EV004375,RA2411054010486,RA2411054010491,Academic,4,2026-Sem2
EV004376,RA2411054010486,RA2411054010493,Social,3,2026-Sem2
EV004377,RA2411054010486,RA2411054010496,Project,1,2026-Sem1
EV004378,RA2411054010486,RA2411054010496,Project,4,2026-Sem2
EV004379,RA2411054010486,RA2411054010498,Event,1,2026-Sem2
EV004380,RA2411054010486,RA2411054010498,Event,4,2026-Sem2
EV004381,RA2411054010487,RA2411054010488,Project,3,2026-Sem2
EV004382,RA2411054010487,RA2411054010489,Project,2,2026-Sem1
EV004383,RA2411054010487,RA2411054010490,Social,2,2026-Sem2
EV004384,RA2411054010487,RA2411054010491,Academic,3,2026-Sem1
EV004385,RA2411054010487,RA2411054010492,Social,1,2026-Sem1
EV004386,RA2411054010487,RA2411054010492,Social,4,2026-Sem2
EV004387,RA2411054010487,RA2411054010493,Project,1,2026-Sem1
EV004388,RA2411054010487,RA2411054010495,Project,1,2026-Sem2
EV004389,RA2411054010487,RA2411054010495,Project,1,2026-Sem2
EV004390,RA2411054010487,RA2411054010495,Project,1,2026-Sem2
EV004391,RA2411054010487,RA2411054010495,Project,4,2026-Sem1
EV004392,RA2411054010487,RA2411054010495,Project,2,2026-Sem1
EV004393,RA2411054010487,RA2411054010495,Project,3,2026-Sem1
EV004394,RA2411054010487,RA2411054010495,Project,2,2026-Sem2
EV004395,RA2411054010487,RA2411054010496,Social,1,2026-Sem2
EV004396,RA2411054010487,RA2411054010498,Social,1,2026-Sem1
EV004397,RA2411054010488,RA2411054010490,Event,2,2026-Sem1
EV004398,RA2411054010488,RA2411054010492,Project,3,2026-Sem1
EV004399,RA2411054010488,RA2411054010493,Social,2,2026-Sem1
EV004400,RA2411054010488,RA2411054010494,Academic,2,2026-Sem1
EV004401,RA2411054010488,RA2411054010495,Social,3,2026-Sem1
EV004402,RA2411054010488,RA2411054010495,Social,3,2026-Sem2
EV004403,RA2411054010488,RA2411054010496,Event,3,2026-Sem2
EV004404,RA2411054010488,RA2411054010497,Academic,1,2026-Sem2
EV004405,RA2411054010488,RA2411054010498,Project,3,2026-Sem1
EV004406,RA2411054010489,RA2411054010490,Academic,3,2026-Sem2
EV004407,RA2411054010489,RA2411054010491,Event,3,2026-Sem1
EV004408,RA2411054010489,RA2411054010491,Event,2,2026-Sem2
EV004409,RA2411054010489,RA2411054010492,Project,2,2026-Sem2
EV004410,RA2411054010489,RA2411054010493,Social,3,2026-Sem2
EV004411,RA2411054010489,RA2411054010494,Academic,2,2026-Sem2
EV004412,RA2411054010489,RA2411054010494,Academic,2,2026-Sem2
EV004413,RA2411054010489,RA2411054010494,Academic,1,2026-Sem1
EV004414,RA2411054010489,RA2411054010494,Academic,1,2026-Sem1
EV004415,RA2411054010489,RA2411054010494,Academic,4,2026-Sem2
EV004416,RA2411054010489,RA2411054010498,Event,3,2026-Sem1
EV004417,RA2411054010490,RA2411054010491,Event,4,2026-Sem2
EV004418,RA2411054010490,RA2411054010492,Project,3,2026-Sem2
EV004419,RA2411054010490,RA2411054010492,Project,2,2026-Sem2
EV004420,RA2411054010490,RA2411054010492,Project,3,2026-Sem2
EV004421,RA2411054010490,RA2411054010496,Project,1,2026-Sem1
EV004422,RA2411054010490,RA2411054010497,Academic,4,2026-Sem1
EV004423,RA2411054010490,RA2411054010497,Academic,2,2026-Sem1
EV004424,RA2411054010490,RA2411054010497,Academic,4,2026-Sem2
EV004425,RA2411054010490,RA2411054010498,Project,3,2026-Sem1
EV004426,RA2411054010490,RA2411054010498,Project,3,2026-Sem1
EV004427,RA2411054010491,RA2411054010492,Project,3,2026-Sem1
EV004428,RA2411054010491,RA2411054010494,Project,2,2026-Sem2
EV004429,RA2411054010491,RA2411054010495,Project,3,2026-Sem1
EV004430,RA2411054010491,RA2411054010495,Project,3,2026-Sem2
EV004431,RA2411054010491,RA2411054010496,Project,1,2026-Sem1
EV004432,RA2411054010491,RA2411054010497,Social,1,2026-Sem2
EV004433,RA2411054010491,RA2411054010498,Academic,3,2026-Sem1
EV004434,RA2411054010493,RA2411054010495,Project,2,2026-Sem2
EV004435,RA2411054010493,RA2411054010497,Social,2,2026-Sem1
EV004436,RA2411054010493,RA2411054010497,Social,2,2026-Sem2
EV004437,RA2411054010493,RA2411054010497,Social,3,2026-Sem2
EV004438,RA2411054010494,RA2411054010496,Event,3,2026-Sem2
EV004439,RA2411054010494,RA2411054010497,Academic,2,2026-Sem2
EV004440,RA2411054010494,RA2411054010498,Project,2,2026-Sem1
EV004441,RA2411054010495,RA2411054010496,Academic,4,2026-Sem1
EV004442,RA2411054010496,RA2411054010498,Project,1,2026-Sem2
EV004443,RA2411054010497,RA2411054010498,Academic,2,2026-Sem2
EV004444,RA2511054010499,RA2511054010501,Social,2,2026-Sem2
EV004445,RA2511054010499,RA2511054010503,Social,4,2026-Sem2
EV004446,RA2511054010499,RA2511054010503,Social,4,2026-Sem2
EV004447,RA2511054010499,RA2511054010503,Social,1,2026-Sem1
EV004448,RA2511054010499,RA2511054010504,Project,2,2026-Sem1
EV004449,RA2511054010499,RA2511054010505,Academic,3,2026-Sem1
EV004450,RA2511054010499,RA2511054010506,Academic,4,2026-Sem2
EV004451,RA2511054010499,RA2511054010507,Academic,1,2026-Sem1
EV004452,RA2511054010499,RA2511054010508,Event,4,2026-Sem1
EV004453,RA2511054010499,RA2511054010509,Event,3,2026-Sem2
EV004454,RA2511054010499,RA2511054010510,Event,2,2026-Sem2
EV004455,RA2511054010499,RA2511054010512,Event,3,2026-Sem2
EV004456,RA2511054010499,RA2511054010517,Project,4,2026-Sem1
EV004457,RA2511054010499,RA2511054010517,Project,4,2026-Sem2
EV004458,RA2511054010499,RA2511054010517,Project,4,2026-Sem2
EV004459,RA2511054010499,RA2511054010519,Event,1,2026-Sem1
EV004460,RA2511054010499,RA2511054010519,Event,4,2026-Sem1
EV004461,RA2511054010499,RA2511054010519,Event,2,2026-Sem2
EV004462,RA2511054010499,RA2511054010520,Academic,2,2026-Sem2
EV004463,RA2511054010500,RA2511054010501,Project,3,2026-Sem1
EV004464,RA2511054010500,RA2511054010502,Event,3,2026-Sem1
EV004465,RA2511054010500,RA2511054010503,Academic,1,2026-Sem2
EV004466,RA2511054010500,RA2511054010504,Social,1,2026-Sem1
EV004467,RA2511054010500,RA2511054010505,Social,2,2026-Sem1
EV004468,RA2511054010500,RA2511054010506,Social,1,2026-Sem1
EV004469,RA2511054010500,RA2511054010506,Social,4,2026-Sem1
EV004470,RA2511054010500,RA2511054010507,Social,1,2026-Sem2
EV004471,RA2511054010500,RA2511054010508,Academic,3,2026-Sem2
EV004472,RA2511054010500,RA2511054010509,Academic,4,2026-Sem1
EV004473,RA2511054010500,RA2511054010510,Academic,3,2026-Sem1
EV004474,RA2511054010500,RA2511054010511,Project,1,2026-Sem1
EV004475,RA2511054010500,RA2511054010512,Project,4,2026-Sem2
EV004476,RA2511054010500,RA2511054010513,Social,2,2026-Sem2
EV004477,RA2511054010500,RA2511054010514,Project,4,2026-Sem1
EV004478,RA2511054010500,RA2511054010514,Project,3,2026-Sem1
EV004479,RA2511054010500,RA2511054010519,Academic,1,2026-Sem1
EV004480,RA2511054010500,RA2511054010520,Project,4,2026-Sem1
EV004481,RA2511054010501,RA2511054010503,Academic,2,2026-Sem2
EV004482,RA2511054010501,RA2511054010505,Event,1,2026-Sem2
EV004483,RA2511054010501,RA2511054010507,Academic,4,2026-Sem1
EV004484,RA2511054010501,RA2511054010507,Academic,2,2026-Sem1
EV004485,RA2511054010501,RA2511054010508,Academic,2,2026-Sem2
EV004486,RA2511054010501,RA2511054010508,Academic,4,2026-Sem1
EV004487,RA2511054010501,RA2511054010509,Social,4,2026-Sem2
EV004488,RA2511054010501,RA2511054010510,Project,1,2026-Sem2
EV004489,RA2511054010501,RA2511054010510,Project,4,2026-Sem2
EV004490,RA2511054010501,RA2511054010511,Event,1,2026-Sem1
EV004491,RA2511054010501,RA2511054010513,Project,2,2026-Sem1
EV004492,RA2511054010501,RA2511054010515,Project,4,2026-Sem1
EV004493,RA2511054010501,RA2511054010516,Event,1,2026-Sem2
EV004494,RA2511054010501,RA2511054010520,Event,4,2026-Sem2
EV004495,RA2511054010502,RA2511054010503,Project,2,2026-Sem1
EV004496,RA2511054010502,RA2511054010505,Social,3,2026-Sem2
EV004497,RA2511054010502,RA2511054010505,Social,2,2026-Sem1
EV004498,RA2511054010502,RA2511054010506,Event,4,2026-Sem2
EV004499,RA2511054010502,RA2511054010508,Event,3,2026-Sem1
EV004500,RA2511054010502,RA2511054010509,Social,2,2026-Sem2
EV004501,RA2511054010502,RA2511054010510,Event,1,2026-Sem2
EV004502,RA2511054010502,RA2511054010512,Project,4,2026-Sem1
EV004503,RA2511054010502,RA2511054010513,Academic,4,2026-Sem1
EV004504,RA2511054010502,RA2511054010514,Academic,4,2026-Sem1
EV004505,RA2511054010502,RA2511054010515,Social,1,2026-Sem1
EV004506,RA2511054010502,RA2511054010517,Social,2,2026-Sem2
EV004507,RA2511054010502,RA2511054010519,Event,1,2026-Sem1
EV004508,RA2511054010502,RA2511054010521,Social,3,2026-Sem2
EV004509,RA2511054010503,RA2511054010504,Academic,3,2026-Sem2
EV004510,RA2511054010503,RA2511054010504,Academic,2,2026-Sem2
EV004511,RA2511054010503,RA2511054010505,Event,3,2026-Sem2
EV004512,RA2511054010503,RA2511054010505,Event,3,2026-Sem2
EV004513,RA2511054010503,RA2511054010505,Event,3,2026-Sem1
EV004514,RA2511054010503,RA2511054010505,Event,3,2026-Sem1
EV004515,RA2511054010503,RA2511054010506,Project,2,2026-Sem2
EV004516,RA2511054010503,RA2511054010508,Event,1,2026-Sem2
EV004517,RA2511054010503,RA2511054010510,Project,2,2026-Sem2
EV004518,RA2511054010503,RA2511054010510,Project,4,2026-Sem1
EV004519,RA2511054010503,RA2511054010514,Social,4,2026-Sem2
EV004520,RA2511054010503,RA2511054010514,Social,1,2026-Sem2
EV004521,RA2511054010503,RA2511054010515,Social,2,2026-Sem1
EV004522,RA2511054010503,RA2511054010516,Academic,4,2026-Sem2
EV004523,RA2511054010503,RA2511054010521,Event,2,2026-Sem2
EV004524,RA2511054010504,RA2511054010505,Event,2,2026-Sem2
EV004525,RA2511054010504,RA2511054010507,Project,2,2026-Sem1
EV004526,RA2511054010504,RA2511054010508,Social,4,2026-Sem1
EV004527,RA2511054010504,RA2511054010508,Social,1,2026-Sem2
EV004528,RA2511054010504,RA2511054010511,Event,2,2026-Sem2
EV004529,RA2511054010504,RA2511054010511,Event,2,2026-Sem2
EV004530,RA2511054010504,RA2511054010511,Event,1,2026-Sem2
EV004531,RA2511054010504,RA2511054010511,Event,4,2026-Sem2
EV004532,RA2511054010504,RA2511054010511,Event,1,2026-Sem2
EV004533,RA2511054010504,RA2511054010512,Academic,4,2026-Sem2
EV004534,RA2511054010504,RA2511054010513,Academic,4,2026-Sem1
EV004535,RA2511054010504,RA2511054010516,Project,1,2026-Sem2
EV004536,RA2511054010504,RA2511054010521,Event,3,2026-Sem2
EV004537,RA2511054010505,RA2511054010508,Social,4,2026-Sem1
EV004538,RA2511054010505,RA2511054010508,Social,1,2026-Sem2
EV004539,RA2511054010505,RA2511054010509,Event,4,2026-Sem2
EV004540,RA2511054010505,RA2511054010509,Event,4,2026-Sem1
EV004541,RA2511054010505,RA2511054010511,Social,1,2026-Sem2
EV004542,RA2511054010505,RA2511054010512,Event,3,2026-Sem1
EV004543,RA2511054010505,RA2511054010514,Project,4,2026-Sem1
EV004544,RA2511054010505,RA2511054010514,Project,2,2026-Sem1
EV004545,RA2511054010505,RA2511054010516,Academic,4,2026-Sem1
EV004546,RA2511054010505,RA2511054010516,Academic,2,2026-Sem2
EV004547,RA2511054010505,RA2511054010521,Academic,1,2026-Sem2
EV004548,RA2511054010506,RA2511054010507,Event,4,2026-Sem1
EV004549,RA2511054010506,RA2511054010507,Event,2,2026-Sem1
EV004550,RA2511054010506,RA2511054010510,Event,3,2026-Sem1
EV004551,RA2511054010506,RA2511054010510,Event,1,2026-Sem2
EV004552,RA2511054010506,RA2511054010510,Event,2,2026-Sem2
EV004553,RA2511054010506,RA2511054010510,Event,3,2026-Sem1
EV004554,RA2511054010506,RA2511054010512,Academic,3,2026-Sem1
EV004555,RA2511054010506,RA2511054010514,Event,2,2026-Sem1
EV004556,RA2511054010506,RA2511054010514,Event,4,2026-Sem2
EV004557,RA2511054010506,RA2511054010516,Event,3,2026-Sem1
EV004558,RA2511054010506,RA2511054010516,Event,2,2026-Sem1
EV004559,RA2511054010506,RA2511054010517,Event,3,2026-Sem1
EV004560,RA2511054010506,RA2511054010519,Project,4,2026-Sem2
EV004561,RA2511054010506,RA2511054010519,Project,2,2026-Sem1
EV004562,RA2511054010506,RA2511054010521,Academic,3,2026-Sem1
EV004563,RA2511054010506,RA2511054010521,Academic,2,2026-Sem1
EV004564,RA2511054010507,RA2511054010508,Social,1,2026-Sem1
EV004565,RA2511054010507,RA2511054010509,Event,1,2026-Sem1
EV004566,RA2511054010507,RA2511054010510,Academic,3,2026-Sem1
EV004567,RA2511054010507,RA2511054010514,Event,2,2026-Sem2
EV004568,RA2511054010507,RA2511054010515,Social,3,2026-Sem2
EV004569,RA2511054010507,RA2511054010516,Project,1,2026-Sem1
EV004570,RA2511054010507,RA2511054010517,Project,2,2026-Sem2
EV004571,RA2511054010507,RA2511054010517,Project,2,2026-Sem2
EV004572,RA2511054010507,RA2511054010517,Project,3,2026-Sem2
EV004573,RA2511054010507,RA2511054010519,Social,2,2026-Sem1
EV004574,RA2511054010507,RA2511054010521,Social,3,2026-Sem2
EV004575,RA2511054010508,RA2511054010509,Social,1,2026-Sem2
EV004576,RA2511054010508,RA2511054010511,Social,2,2026-Sem2
EV004577,RA2511054010508,RA2511054010511,Social,4,2026-Sem1
EV004578,RA2511054010508,RA2511054010512,Project,1,2026-Sem1
EV004579,RA2511054010508,RA2511054010513,Social,1,2026-Sem1
EV004580,RA2511054010508,RA2511054010514,Social,2,2026-Sem1
EV004581,RA2511054010508,RA2511054010514,Social,3,2026-Sem2
EV004582,RA2511054010508,RA2511054010517,Project,4,2026-Sem2
EV004583,RA2511054010508,RA2511054010517,Project,1,2026-Sem2
EV004584,RA2511054010508,RA2511054010517,Project,4,2026-Sem2
EV004585,RA2511054010508,RA2511054010517,Project,1,2026-Sem1
EV004586,RA2511054010508,RA2511054010520,Social,3,2026-Sem1
EV004587,RA2511054010508,RA2511054010521,Event,4,2026-Sem2
EV004588,RA2511054010509,RA2511054010511,Event,3,2026-Sem2
EV004589,RA2511054010509,RA2511054010511,Event,4,2026-Sem2
EV004590,RA2511054010509,RA2511054010512,Academic,2,2026-Sem2
EV004591,RA2511054010509,RA2511054010513,Project,1,2026-Sem1
EV004592,RA2511054010509,RA2511054010514,Academic,4,2026-Sem1
EV004593,RA2511054010509,RA2511054010515,Event,3,2026-Sem1
EV004594,RA2511054010509,RA2511054010517,Project,1,2026-Sem2
EV004595,RA2511054010509,RA2511054010517,Project,4,2026-Sem1
EV004596,RA2511054010509,RA2511054010519,Academic,2,2026-Sem2
EV004597,RA2511054010509,RA2511054010520,Social,3,2026-Sem2
EV004598,RA2511054010509,RA2511054010521,Academic,1,2026-Sem1
EV004599,RA2511054010509,RA2511054010521,Academic,4,2026-Sem2
EV004600,RA2511054010509,RA2511054010521,Academic,3,2026-Sem2
EV004601,RA2511054010509,RA2511054010521,Academic,2,2026-Sem2
EV004602,RA2511054010510,RA2511054010511,Project,2,2026-Sem2
EV004603,RA2511054010510,RA2511054010513,Project,2,2026-Sem2
EV004604,RA2511054010510,RA2511054010515,Social,3,2026-Sem1
EV004605,RA2511054010510,RA2511054010516,Project,2,2026-Sem1
EV004606,RA2511054010510,RA2511054010516,Project,3,2026-Sem1
EV004607,RA2511054010510,RA2511054010520,Social,1,2026-Sem1
EV004608,RA2511054010510,RA2511054010521,Event,3,2026-Sem1
EV004609,RA2511054010511,RA2511054010512,Academic,2,2026-Sem2
EV004610,RA2511054010511,RA2511054010514,Academic,3,2026-Sem1
EV004611,RA2511054010511,RA2511054010515,Academic,3,2026-Sem2
EV004612,RA2511054010511,RA2511054010516,Event,2,2026-Sem2
EV004613,RA2511054010511,RA2511054010517,Event,1,2026-Sem2
EV004614,RA2511054010511,RA2511054010517,Event,4,2026-Sem1
EV004615,RA2511054010511,RA2511054010517,Event,1,2026-Sem1
EV004616,RA2511054010511,RA2511054010519,Event,2,2026-Sem1
EV004617,RA2511054010511,RA2511054010519,Event,3,2026-Sem1
EV004618,RA2511054010511,RA2511054010520,Event,1,2026-Sem2
EV004619,RA2511054010511,RA2511054010520,Event,4,2026-Sem2
EV004620,RA2511054010511,RA2511054010520,Event,3,2026-Sem2
EV004621,RA2511054010511,RA2511054010520,Event,3,2026-Sem1
EV004622,RA2511054010511,RA2511054010520,Event,3,2026-Sem1
EV004623,RA2511054010511,RA2511054010521,Event,4,2026-Sem2
EV004624,RA2511054010512,RA2511054010513,Project,2,2026-Sem2
EV004625,RA2511054010512,RA2511054010514,Social,3,2026-Sem2
EV004626,RA2511054010512,RA2511054010514,Social,3,2026-Sem2
EV004627,RA2511054010512,RA2511054010514,Social,3,2026-Sem1
EV004628,RA2511054010512,RA2511054010515,Project,2,2026-Sem1
EV004629,RA2511054010512,RA2511054010517,Event,1,2026-Sem2
EV004630,RA2511054010512,RA2511054010520,Academic,2,2026-Sem1
EV004631,RA2511054010513,RA2511054010514,Project,1,2026-Sem2
EV004632,RA2511054010513,RA2511054010517,Event,2,2026-Sem2
EV004633,RA2511054010513,RA2511054010521,Academic,1,2026-Sem2
EV004634,RA2511054010513,RA2511054010521,Academic,4,2026-Sem2
EV004635,RA2511054010514,RA2511054010515,Social,2,2026-Sem2
EV004636,RA2511054010514,RA2511054010516,Academic,4,2026-Sem2
EV004637,RA2511054010514,RA2511054010519,Project,2,2026-Sem1
EV004638,RA2511054010514,RA2511054010520,Event,2,2026-Sem1
EV004639,RA2511054010514,RA2511054010520,Event,3,2026-Sem2
EV004640,RA2511054010515,RA2511054010516,Project,2,2026-Sem2
EV004641,RA2511054010515,RA2511054010517,Event,4,2026-Sem1
EV004642,RA2511054010515,RA2511054010521,Social,3,2026-Sem1
EV004643,RA2511054010516,RA2511054010519,Project,2,2026-Sem2
EV004644,RA2511054010517,RA2511054010519,Social,3,2026-Sem2
EV004645,RA2511054010517,RA2511054010520,Event,1,2026-Sem1
EV004646,RA2511054010519,RA2511054010520,Event,2,2026-Sem1
EV004647,RA2611054010522,RA2611054010524,Project,1,2026-Sem1
EV004648,RA2611054010522,RA2611054010526,Social,1,2026-Sem1
EV004649,RA2611054010522,RA2611054010527,Event,2,2026-Sem2
EV004650,RA2611054010522,RA2611054010528,Project,4,2026-Sem1
EV004651,RA2611054010522,RA2611054010528,Project,2,2026-Sem2
EV004652,RA2611054010522,RA2611054010529,Event,1,2026-Sem1
EV004653,RA2611054010522,RA2611054010529,Event,2,2026-Sem1
EV004654,RA2611054010522,RA2611054010529,Event,3,2026-Sem1
EV004655,RA2611054010522,RA2611054010530,Project,1,2026-Sem2
EV004656,RA2611054010522,RA2611054010533,Academic,3,2026-Sem2
EV004657,RA2611054010522,RA2611054010533,Academic,2,2026-Sem1
EV004658,RA2611054010522,RA2611054010534,Event,2,2026-Sem2
EV004659,RA2611054010522,RA2611054010536,Academic,1,2026-Sem1
EV004660,RA2611054010522,RA2611054010538,Social,3,2026-Sem2
EV004661,RA2611054010522,RA2611054010539,Event,1,2026-Sem1
EV004662,RA2611054010522,RA2611054010541,Event,4,2026-Sem2
EV004663,RA2611054010522,RA2611054010541,Event,2,2026-Sem1
EV004664,RA2611054010522,RA2611054010543,Project,3,2026-Sem1
EV004665,RA2611054010523,RA2611054010524,Social,4,2026-Sem2
EV004666,RA2611054010523,RA2611054010526,Social,4,2026-Sem1
EV004667,RA2611054010523,RA2611054010527,Academic,2,2026-Sem1
EV004668,RA2611054010523,RA2611054010527,Academic,1,2026-Sem1
EV004669,RA2611054010523,RA2611054010527,Academic,4,2026-Sem1
EV004670,RA2611054010523,RA2611054010531,Event,3,2026-Sem2
EV004671,RA2611054010523,RA2611054010531,Event,2,2026-Sem1
EV004672,RA2611054010523,RA2611054010532,Social,3,2026-Sem2
EV004673,RA2611054010523,RA2611054010533,Social,1,2026-Sem2
EV004674,RA2611054010523,RA2611054010535,Academic,1,2026-Sem2
EV004675,RA2611054010523,RA2611054010537,Event,2,2026-Sem1
EV004676,RA2611054010523,RA2611054010537,Event,4,2026-Sem2
EV004677,RA2611054010523,RA2611054010539,Social,1,2026-Sem1
EV004678,RA2611054010523,RA2611054010540,Academic,1,2026-Sem1
EV004679,RA2611054010523,RA2611054010540,Academic,2,2026-Sem1
EV004680,RA2611054010523,RA2611054010540,Academic,1,2026-Sem1
EV004681,RA2611054010523,RA2611054010540,Academic,4,2026-Sem1
EV004682,RA2611054010523,RA2611054010540,Academic,1,2026-Sem1
EV004683,RA2611054010523,RA2611054010542,Event,2,2026-Sem1
EV004684,RA2611054010523,RA2611054010543,Academic,3,2026-Sem1
EV004685,RA2611054010523,RA2611054010543,Academic,2,2026-Sem1
EV004686,RA2611054010524,RA2611054010525,Academic,3,2026-Sem2
EV004687,RA2611054010524,RA2611054010528,Event,4,2026-Sem1
EV004688,RA2611054010524,RA2611054010532,Social,3,2026-Sem1
EV004689,RA2611054010524,RA2611054010535,Social,1,2026-Sem1
EV004690,RA2611054010524,RA2611054010537,Event,4,2026-Sem1
EV004691,RA2611054010524,RA2611054010537,Event,3,2026-Sem1
EV004692,RA2611054010524,RA2611054010538,Social,1,2026-Sem1
EV004693,RA2611054010524,RA2611054010540,Project,2,2026-Sem1
EV004694,RA2611054010524,RA2611054010541,Project,4,2026-Sem1
EV004695,RA2611054010524,RA2611054010543,Project,4,2026-Sem2
EV004696,RA2611054010524,RA2611054010543,Project,1,2026-Sem2
EV004697,RA2611054010525,RA2611054010526,Social,2,2026-Sem2
EV004698,RA2611054010525,RA2611054010526,Social,1,2026-Sem2
EV004699,RA2611054010525,RA2611054010526,Social,4,2026-Sem2
EV004700,RA2611054010525,RA2611054010528,Project,3,2026-Sem2
EV004701,RA2611054010525,RA2611054010528,Project,2,2026-Sem2
EV004702,RA2611054010525,RA2611054010529,Project,1,2026-Sem1
EV004703,RA2611054010525,RA2611054010530,Academic,2,2026-Sem1
EV004704,RA2611054010525,RA2611054010530,Academic,3,2026-Sem2
EV004705,RA2611054010525,RA2611054010531,Academic,2,2026-Sem1
EV004706,RA2611054010525,RA2611054010532,Project,4,2026-Sem1
EV004707,RA2611054010525,RA2611054010533,Project,3,2026-Sem1
EV004708,RA2611054010525,RA2611054010534,Project,1,2026-Sem1
EV004709,RA2611054010525,RA2611054010534,Project,4,2026-Sem1
EV004710,RA2611054010525,RA2611054010535,Event,1,2026-Sem2
EV004711,RA2611054010525,RA2611054010537,Project,2,2026-Sem1
EV004712,RA2611054010525,RA2611054010538,Event,1,2026-Sem2
EV004713,RA2611054010525,RA2611054010540,Academic,1,2026-Sem2
EV004714,RA2611054010525,RA2611054010541,Academic,1,2026-Sem2
EV004715,RA2611054010525,RA2611054010542,Event,4,2026-Sem2
EV004716,RA2611054010525,RA2611054010542,Event,1,2026-Sem2
EV004717,RA2611054010525,RA2611054010543,Social,2,2026-Sem1
EV004718,RA2611054010526,RA2611054010527,Academic,3,2026-Sem2
EV004719,RA2611054010526,RA2611054010527,Academic,3,2026-Sem2
EV004720,RA2611054010526,RA2611054010528,Social,3,2026-Sem1
EV004721,RA2611054010526,RA2611054010530,Event,4,2026-Sem1
EV004722,RA2611054010526,RA2611054010530,Event,2,2026-Sem2
EV004723,RA2611054010526,RA2611054010531,Academic,2,2026-Sem2
EV004724,RA2611054010526,RA2611054010534,Social,2,2026-Sem2
EV004725,RA2611054010526,RA2611054010539,Social,2,2026-Sem2
EV004726,RA2611054010526,RA2611054010539,Social,3,2026-Sem2
EV004727,RA2611054010526,RA2611054010541,Project,1,2026-Sem1
EV004728,RA2611054010526,RA2611054010542,Project,1,2026-Sem2
EV004729,RA2611054010526,RA2611054010543,Academic,1,2026-Sem2
EV004730,RA2611054010527,RA2611054010531,Event,2,2026-Sem2
EV004731,RA2611054010527,RA2611054010531,Event,4,2026-Sem2
EV004732,RA2611054010527,RA2611054010532,Project,3,2026-Sem2
EV004733,RA2611054010527,RA2611054010532,Project,4,2026-Sem2
EV004734,RA2611054010527,RA2611054010532,Project,1,2026-Sem1
EV004735,RA2611054010527,RA2611054010536,Academic,4,2026-Sem1
EV004736,RA2611054010527,RA2611054010536,Academic,1,2026-Sem2
EV004737,RA2611054010527,RA2611054010537,Project,2,2026-Sem2
EV004738,RA2611054010527,RA2611054010540,Social,1,2026-Sem2
EV004739,RA2611054010527,RA2611054010541,Academic,4,2026-Sem2
EV004740,RA2611054010527,RA2611054010541,Academic,3,2026-Sem2
EV004741,RA2611054010527,RA2611054010542,Project,1,2026-Sem2
EV004742,RA2611054010527,RA2611054010542,Project,1,2026-Sem1
EV004743,RA2611054010527,RA2611054010542,Project,4,2026-Sem1
EV004744,RA2611054010527,RA2611054010542,Project,1,2026-Sem2
EV004745,RA2611054010527,RA2611054010543,Event,2,2026-Sem2
EV004746,RA2611054010527,RA2611054010543,Event,3,2026-Sem1
EV004747,RA2611054010528,RA2611054010530,Academic,1,2026-Sem1
EV004748,RA2611054010528,RA2611054010532,Academic,1,2026-Sem1
EV004749,RA2611054010528,RA2611054010533,Event,4,2026-Sem1
EV004750,RA2611054010528,RA2611054010533,Event,2,2026-Sem2
EV004751,RA2611054010528,RA2611054010534,Project,3,2026-Sem1
EV004752,RA2611054010528,RA2611054010534,Project,3,2026-Sem2
EV004753,RA2611054010528,RA2611054010536,Event,3,2026-Sem1
EV004754,RA2611054010528,RA2611054010538,Social,1,2026-Sem2
EV004755,RA2611054010528,RA2611054010538,Social,2,2026-Sem2
EV004756,RA2611054010528,RA2611054010538,Social,1,2026-Sem2
EV004757,RA2611054010528,RA2611054010538,Social,1,2026-Sem2
EV004758,RA2611054010528,RA2611054010538,Social,4,2026-Sem2
EV004759,RA2611054010528,RA2611054010540,Event,4,2026-Sem1
EV004760,RA2611054010528,RA2611054010540,Event,1,2026-Sem1
EV004761,RA2611054010528,RA2611054010542,Project,3,2026-Sem1
EV004762,RA2611054010529,RA2611054010530,Academic,4,2026-Sem2
EV004763,RA2611054010529,RA2611054010530,Academic,1,2026-Sem2
EV004764,RA2611054010529,RA2611054010532,Academic,2,2026-Sem2
EV004765,RA2611054010529,RA2611054010533,Social,2,2026-Sem2
EV004766,RA2611054010529,RA2611054010536,Social,1,2026-Sem1
EV004767,RA2611054010529,RA2611054010536,Social,4,2026-Sem2
EV004768,RA2611054010529,RA2611054010537,Event,2,2026-Sem1
EV004769,RA2611054010529,RA2611054010538,Academic,1,2026-Sem1
EV004770,RA2611054010529,RA2611054010538,Academic,4,2026-Sem2
EV004771,RA2611054010529,RA2611054010543,Academic,2,2026-Sem2
EV004772,RA2611054010529,RA2611054010543,Academic,4,2026-Sem1
EV004773,RA2611054010530,RA2611054010531,Event,2,2026-Sem2
EV004774,RA2611054010530,RA2611054010532,Event,3,2026-Sem1
EV004775,RA2611054010530,RA2611054010532,Event,3,2026-Sem2
EV004776,RA2611054010530,RA2611054010533,Event,3,2026-Sem1
EV004777,RA2611054010530,RA2611054010534,Social,3,2026-Sem1
EV004778,RA2611054010530,RA2611054010535,Social,4,2026-Sem1
EV004779,RA2611054010530,RA2611054010536,Social,2,2026-Sem2
EV004780,RA2611054010530,RA2611054010538,Event,1,2026-Sem2
EV004781,RA2611054010530,RA2611054010538,Event,4,2026-Sem1
EV004782,RA2611054010530,RA2611054010539,Academic,4,2026-Sem1
EV004783,RA2611054010530,RA2611054010540,Social,1,2026-Sem2
EV004784,RA2611054010530,RA2611054010541,Academic,1,2026-Sem2
EV004785,RA2611054010530,RA2611054010541,Academic,4,2026-Sem1
EV004786,RA2611054010530,RA2611054010541,Academic,4,2026-Sem2
EV004787,RA2611054010530,RA2611054010542,Project,2,2026-Sem1
EV004788,RA2611054010530,RA2611054010542,Project,4,2026-Sem2
EV004789,RA2611054010530,RA2611054010542,Project,4,2026-Sem1
EV004790,RA2611054010531,RA2611054010532,Social,1,2026-Sem1
EV004791,RA2611054010531,RA2611054010533,Event,3,2026-Sem2
EV004792,RA2611054010531,RA2611054010535,Project,2,2026-Sem2
EV004793,RA2611054010531,RA2611054010538,Project,1,2026-Sem2
EV004794,RA2611054010531,RA2611054010538,Project,4,2026-Sem1
EV004795,RA2611054010531,RA2611054010539,Social,3,2026-Sem1
EV004796,RA2611054010531,RA2611054010541,Academic,4,2026-Sem2
EV004797,RA2611054010531,RA2611054010541,Academic,2,2026-Sem2
EV004798,RA2611054010531,RA2611054010542,Project,4,2026-Sem2
EV004799,RA2611054010531,RA2611054010542,Project,1,2026-Sem1
EV004800,RA2611054010532,RA2611054010533,Project,1,2026-Sem2
EV004801,RA2611054010532,RA2611054010534,Project,4,2026-Sem1
EV004802,RA2611054010532,RA2611054010534,Project,2,2026-Sem1
EV004803,RA2611054010532,RA2611054010536,Event,3,2026-Sem1
EV004804,RA2611054010532,RA2611054010536,Event,3,2026-Sem1
EV004805,RA2611054010532,RA2611054010537,Event,2,2026-Sem1
EV004806,RA2611054010532,RA2611054010541,Project,1,2026-Sem1
EV004807,RA2611054010532,RA2611054010541,Project,4,2026-Sem2
EV004808,RA2611054010532,RA2611054010542,Academic,2,2026-Sem1
EV004809,RA2611054010532,RA2611054010543,Social,1,2026-Sem1
EV004810,RA2611054010533,RA2611054010535,Academic,1,2026-Sem2
EV004811,RA2611054010533,RA2611054010536,Project,3,2026-Sem2
EV004812,RA2611054010533,RA2611054010537,Project,2,2026-Sem1
EV004813,RA2611054010533,RA2611054010538,Event,2,2026-Sem1
EV004814,RA2611054010533,RA2611054010539,Social,1,2026-Sem1
EV004815,RA2611054010533,RA2611054010541,Event,1,2026-Sem2
EV004816,RA2611054010534,RA2611054010535,Event,1,2026-Sem1
EV004817,RA2611054010534,RA2611054010536,Social,1,2026-Sem1
EV004818,RA2611054010534,RA2611054010537,Social,3,2026-Sem2
EV004819,RA2611054010534,RA2611054010539,Project,4,2026-Sem2
EV004820,RA2611054010534,RA2611054010540,Academic,3,2026-Sem2
EV004821,RA2611054010534,RA2611054010541,Project,1,2026-Sem1
EV004822,RA2611054010535,RA2611054010536,Social,2,2026-Sem1
EV004823,RA2611054010535,RA2611054010536,Social,1,2026-Sem1
EV004824,RA2611054010535,RA2611054010536,Social,1,2026-Sem1
EV004825,RA2611054010535,RA2611054010536,Social,4,2026-Sem2
EV004826,RA2611054010535,RA2611054010536,Social,4,2026-Sem2
EV004827,RA2611054010535,RA2611054010536,Social,3,2026-Sem2
EV004828,RA2611054010535,RA2611054010537,Social,1,2026-Sem2
EV004829,RA2611054010535,RA2611054010538,Project,2,2026-Sem2
EV004830,RA2611054010535,RA2611054010538,Project,3,2026-Sem2
EV004831,RA2611054010535,RA2611054010538,Project,2,2026-Sem2
EV004832,RA2611054010535,RA2611054010542,Academic,1,2026-Sem2
EV004833,RA2611054010536,RA2611054010539,Event,2,2026-Sem2
EV004834,RA2611054010536,RA2611054010539,Event,4,2026-Sem1
EV004835,RA2611054010536,RA2611054010541,Academic,4,2026-Sem2
EV004836,RA2611054010536,RA2611054010541,Academic,2,2026-Sem1
EV004837,RA2611054010536,RA2611054010542,Social,1,2026-Sem2
EV004838,RA2611054010536,RA2611054010542,Social,1,2026-Sem2
EV004839,RA2611054010536,RA2611054010542,Social,3,2026-Sem1
EV004840,RA2611054010536,RA2611054010542,Social,2,2026-Sem2
EV004841,RA2611054010537,RA2611054010538,Social,2,2026-Sem2
EV004842,RA2611054010537,RA2611054010538,Social,3,2026-Sem1
EV004843,RA2611054010537,RA2611054010538,Social,3,2026-Sem1
EV004844,RA2611054010537,RA2611054010538,Social,4,2026-Sem1
EV004845,RA2611054010537,RA2611054010539,Academic,2,2026-Sem2
EV004846,RA2611054010537,RA2611054010539,Academic,3,2026-Sem1
EV004847,RA2611054010537,RA2611054010540,Event,2,2026-Sem2
EV004848,RA2611054010537,RA2611054010541,Social,1,2026-Sem2
EV004849,RA2611054010538,RA2611054010539,Event,4,2026-Sem2
EV004850,RA2611054010538,RA2611054010542,Academic,4,2026-Sem2
EV004851,RA2611054010539,RA2611054010541,Academic,4,2026-Sem1
EV004852,RA2611054010539,RA2611054010541,Academic,4,2026-Sem1
EV004853,RA2611054010539,RA2611054010541,Academic,1,2026-Sem2
EV004854,RA2611054010539,RA2611054010542,Event,3,2026-Sem2
EV004855,RA2611054010539,RA2611054010542,Event,3,2026-Sem1
EV004856,RA2611054010540,RA2611054010541,Event,4,2026-Sem2
EV004857,RA2611054010540,RA2611054010541,Event,2,2026-Sem1
EV004858,RA2611054010540,RA2611054010542,Academic,3,2026-Sem2
EV004859,RA2611054010540,RA2611054010542,Academic,4,2026-Sem1
EV004860,RA2611054010540,RA2611054010542,Academic,1,2026-Sem2
EV004861,RA2311056010544,RA2311056010545,Project,1,2026-Sem2
EV004862,RA2311056010544,RA2311056010547,Event,1,2026-Sem1
EV004863,RA2311056010544,RA2311056010547,Event,2,2026-Sem2
EV004864,RA2311056010544,RA2311056010547,Event,3,2026-Sem2
EV004865,RA2311056010544,RA2311056010550,Social,2,2026-Sem1
EV004866,RA2311056010544,RA2311056010552,Academic,2,2026-Sem2
EV004867,RA2311056010544,RA2311056010556,Social,1,2026-Sem2
EV004868,RA2311056010544,RA2311056010556,Social,4,2026-Sem2
EV004869,RA2311056010544,RA2311056010560,Event,3,2026-Sem2
EV004870,RA2311056010544,RA2311056010560,Event,3,2026-Sem2
EV004871,RA2311056010544,RA2311056010561,Project,2,2026-Sem1
EV004872,RA2311056010544,RA2311056010562,Academic,4,2026-Sem2
EV004873,RA2311056010544,RA2311056010563,Event,4,2026-Sem1
EV004874,RA2311056010544,RA2311056010565,Event,2,2026-Sem1
EV004875,RA2311056010545,RA2311056010549,Academic,1,2026-Sem2
EV004876,RA2311056010545,RA2311056010550,Social,3,2026-Sem1
EV004877,RA2311056010545,RA2311056010550,Social,2,2026-Sem2
EV004878,RA2311056010545,RA2311056010551,Event,4,2026-Sem1
EV004879,RA2311056010545,RA2311056010552,Academic,1,2026-Sem2
EV004880,RA2311056010545,RA2311056010553,Event,1,2026-Sem1
EV004881,RA2311056010545,RA2311056010553,Event,1,2026-Sem1
EV004882,RA2311056010545,RA2311056010553,Event,4,2026-Sem1
EV004883,RA2311056010545,RA2311056010554,Social,3,2026-Sem2
EV004884,RA2311056010545,RA2311056010555,Event,1,2026-Sem1
EV004885,RA2311056010545,RA2311056010560,Academic,2,2026-Sem2
EV004886,RA2311056010545,RA2311056010561,Academic,2,2026-Sem2
EV004887,RA2311056010545,RA2311056010562,Social,1,2026-Sem2
EV004888,RA2311056010545,RA2311056010563,Project,2,2026-Sem2
EV004889,RA2311056010545,RA2311056010564,Project,1,2026-Sem1
EV004890,RA2311056010545,RA2311056010565,Academic,2,2026-Sem1
EV004891,RA2311056010545,RA2311056010565,Academic,4,2026-Sem1
EV004892,RA2311056010545,RA2311056010566,Event,2,2026-Sem2
EV004893,RA2311056010546,RA2311056010547,Project,2,2026-Sem2
EV004894,RA2311056010546,RA2311056010549,Event,1,2026-Sem1
EV004895,RA2311056010546,RA2311056010549,Event,4,2026-Sem1
EV004896,RA2311056010546,RA2311056010553,Social,2,2026-Sem2
EV004897,RA2311056010546,RA2311056010555,Social,1,2026-Sem1
EV004898,RA2311056010546,RA2311056010557,Project,3,2026-Sem1
EV004899,RA2311056010546,RA2311056010557,Project,3,2026-Sem1
EV004900,RA2311056010546,RA2311056010558,Academic,2,2026-Sem1
EV004901,RA2311056010546,RA2311056010558,Academic,4,2026-Sem2
EV004902,RA2311056010546,RA2311056010558,Academic,2,2026-Sem2
EV004903,RA2311056010546,RA2311056010558,Academic,4,2026-Sem2
EV004904,RA2311056010546,RA2311056010561,Event,3,2026-Sem1
EV004905,RA2311056010546,RA2311056010562,Project,1,2026-Sem2
EV004906,RA2311056010546,RA2311056010562,Project,4,2026-Sem2
EV004907,RA2311056010546,RA2311056010565,Project,3,2026-Sem2
EV004908,RA2311056010546,RA2311056010566,Academic,3,2026-Sem1
EV004909,RA2311056010547,RA2311056010548,Event,1,2026-Sem2
EV004910,RA2311056010547,RA2311056010550,Event,3,2026-Sem1
EV004911,RA2311056010547,RA2311056010551,Social,3,2026-Sem1
EV004912,RA2311056010547,RA2311056010553,Social,1,2026-Sem1
EV004913,RA2311056010547,RA2311056010555,Academic,3,2026-Sem2
EV004914,RA2311056010547,RA2311056010555,Academic,2,2026-Sem2
EV004915,RA2311056010547,RA2311056010556,Project,3,2026-Sem2
EV004916,RA2311056010547,RA2311056010556,Project,3,2026-Sem2
EV004917,RA2311056010547,RA2311056010556,Project,1,2026-Sem2
EV004918,RA2311056010547,RA2311056010556,Project,2,2026-Sem1
EV004919,RA2311056010547,RA2311056010556,Project,3,2026-Sem2
EV004920,RA2311056010547,RA2311056010557,Event,2,2026-Sem1
EV004921,RA2311056010547,RA2311056010560,Project,3,2026-Sem2
EV004922,RA2311056010547,RA2311056010563,Social,3,2026-Sem2
EV004923,RA2311056010547,RA2311056010563,Social,3,2026-Sem1
EV004924,RA2311056010547,RA2311056010565,Social,4,2026-Sem1
EV004925,RA2311056010548,RA2311056010549,Academic,3,2026-Sem2
EV004926,RA2311056010548,RA2311056010552,Project,4,2026-Sem1
EV004927,RA2311056010548,RA2311056010552,Project,2,2026-Sem2
EV004928,RA2311056010548,RA2311056010553,Event,2,2026-Sem2
EV004929,RA2311056010548,RA2311056010553,Event,3,2026-Sem2
EV004930,RA2311056010548,RA2311056010554,Academic,1,2026-Sem2
EV004931,RA2311056010548,RA2311056010554,Academic,3,2026-Sem1
EV004932,RA2311056010548,RA2311056010554,Academic,4,2026-Sem1
EV004933,RA2311056010548,RA2311056010555,Event,4,2026-Sem2
EV004934,RA2311056010548,RA2311056010555,Event,2,2026-Sem2
EV004935,RA2311056010548,RA2311056010556,Event,1,2026-Sem2
EV004936,RA2311056010548,RA2311056010557,Academic,2,2026-Sem2
EV004937,RA2311056010548,RA2311056010558,Event,4,2026-Sem2
EV004938,RA2311056010548,RA2311056010558,Event,3,2026-Sem2
EV004939,RA2311056010548,RA2311056010560,Project,2,2026-Sem2
EV004940,RA2311056010548,RA2311056010561,Social,3,2026-Sem2
EV004941,RA2311056010548,RA2311056010561,Social,4,2026-Sem2
EV004942,RA2311056010548,RA2311056010561,Social,1,2026-Sem1
EV004943,RA2311056010548,RA2311056010561,Social,4,2026-Sem2
EV004944,RA2311056010548,RA2311056010563,Academic,3,2026-Sem1
EV004945,RA2311056010548,RA2311056010564,Academic,1,2026-Sem1
EV004946,RA2311056010548,RA2311056010564,Academic,2,2026-Sem2
EV004947,RA2311056010548,RA2311056010564,Academic,1,2026-Sem2
EV004948,RA2311056010548,RA2311056010564,Academic,4,2026-Sem1
EV004949,RA2311056010548,RA2311056010564,Academic,4,2026-Sem2
EV004950,RA2311056010548,RA2311056010565,Social,1,2026-Sem2
EV004951,RA2311056010548,RA2311056010566,Academic,1,2026-Sem1
EV004952,RA2311056010549,RA2311056010550,Academic,2,2026-Sem2
EV004953,RA2311056010549,RA2311056010550,Academic,4,2026-Sem2
EV004954,RA2311056010549,RA2311056010551,Social,2,2026-Sem1
EV004955,RA2311056010549,RA2311056010551,Social,4,2026-Sem1
EV004956,RA2311056010549,RA2311056010553,Event,1,2026-Sem1
EV004957,RA2311056010549,RA2311056010554,Social,1,2026-Sem2
EV004958,RA2311056010549,RA2311056010556,Social,4,2026-Sem2
EV004959,RA2311056010549,RA2311056010561,Project,3,2026-Sem2
EV004960,RA2311056010549,RA2311056010561,Project,3,2026-Sem1
EV004961,RA2311056010549,RA2311056010562,Academic,4,2026-Sem2
EV004962,RA2311056010549,RA2311056010562,Academic,4,2026-Sem2
EV004963,RA2311056010549,RA2311056010565,Social,1,2026-Sem1
EV004964,RA2311056010549,RA2311056010565,Social,3,2026-Sem2
EV004965,RA2311056010549,RA2311056010565,Social,4,2026-Sem2
EV004966,RA2311056010549,RA2311056010566,Project,4,2026-Sem1
EV004967,RA2311056010550,RA2311056010551,Academic,3,2026-Sem1
EV004968,RA2311056010550,RA2311056010552,Social,2,2026-Sem1
EV004969,RA2311056010550,RA2311056010552,Social,4,2026-Sem1
EV004970,RA2311056010550,RA2311056010552,Social,2,2026-Sem2
EV004971,RA2311056010550,RA2311056010554,Event,3,2026-Sem2
EV004972,RA2311056010550,RA2311056010554,Event,2,2026-Sem1
EV004973,RA2311056010550,RA2311056010557,Project,2,2026-Sem2
EV004974,RA2311056010550,RA2311056010558,Event,1,2026-Sem1
EV004975,RA2311056010550,RA2311056010560,Social,1,2026-Sem1
EV004976,RA2311056010550,RA2311056010562,Academic,4,2026-Sem1
EV004977,RA2311056010550,RA2311056010562,Academic,2,2026-Sem1
EV004978,RA2311056010550,RA2311056010563,Social,2,2026-Sem2
EV004979,RA2311056010550,RA2311056010563,Social,3,2026-Sem1
EV004980,RA2311056010550,RA2311056010563,Social,2,2026-Sem1
EV004981,RA2311056010550,RA2311056010564,Event,1,2026-Sem1
EV004982,RA2311056010550,RA2311056010564,Event,4,2026-Sem2
EV004983,RA2311056010550,RA2311056010566,Project,3,2026-Sem1
EV004984,RA2311056010551,RA2311056010552,Event,2,2026-Sem2
EV004985,RA2311056010551,RA2311056010553,Event,1,2026-Sem1
EV004986,RA2311056010551,RA2311056010554,Event,4,2026-Sem2
EV004987,RA2311056010551,RA2311056010555,Social,2,2026-Sem2
EV004988,RA2311056010551,RA2311056010555,Social,3,2026-Sem2
EV004989,RA2311056010551,RA2311056010557,Academic,1,2026-Sem2
EV004990,RA2311056010551,RA2311056010558,Project,4,2026-Sem2
EV004991,RA2311056010551,RA2311056010561,Academic,4,2026-Sem1
EV004992,RA2311056010551,RA2311056010561,Academic,1,2026-Sem1
EV004993,RA2311056010551,RA2311056010561,Academic,4,2026-Sem1
EV004994,RA2311056010551,RA2311056010562,Social,1,2026-Sem1
EV004995,RA2311056010551,RA2311056010562,Social,1,2026-Sem2
EV004996,RA2311056010551,RA2311056010562,Social,2,2026-Sem2
EV004997,RA2311056010551,RA2311056010562,Social,1,2026-Sem2
EV004998,RA2311056010551,RA2311056010562,Social,4,2026-Sem2
EV004999,RA2311056010551,RA2311056010563,Event,1,2026-Sem2
EV005000,RA2311056010551,RA2311056010563,Event,4,2026-Sem2
EV005001,RA2311056010551,RA2311056010564,Project,3,2026-Sem2
EV005002,RA2311056010551,RA2311056010566,Project,1,2026-Sem2
EV005003,RA2311056010552,RA2311056010556,Project,3,2026-Sem2
EV005004,RA2311056010552,RA2311056010557,Academic,1,2026-Sem2
EV005005,RA2311056010552,RA2311056010558,Academic,2,2026-Sem2
EV005006,RA2311056010552,RA2311056010558,Academic,4,2026-Sem2
EV005007,RA2311056010552,RA2311056010558,Academic,2,2026-Sem2
EV005008,RA2311056010552,RA2311056010560,Project,4,2026-Sem1
EV005009,RA2311056010552,RA2311056010562,Project,1,2026-Sem1
EV005010,RA2311056010552,RA2311056010562,Project,2,2026-Sem2
EV005011,RA2311056010552,RA2311056010562,Project,2,2026-Sem1
EV005012,RA2311056010552,RA2311056010562,Project,2,2026-Sem2
EV005013,RA2311056010552,RA2311056010562,Project,4,2026-Sem1
EV005014,RA2311056010552,RA2311056010562,Project,1,2026-Sem2
EV005015,RA2311056010552,RA2311056010564,Event,1,2026-Sem2
EV005016,RA2311056010552,RA2311056010565,Project,4,2026-Sem2
EV005017,RA2311056010552,RA2311056010566,Event,4,2026-Sem2
EV005018,RA2311056010553,RA2311056010556,Social,2,2026-Sem1
EV005019,RA2311056010553,RA2311056010557,Event,2,2026-Sem1
EV005020,RA2311056010553,RA2311056010560,Event,2,2026-Sem2
EV005021,RA2311056010553,RA2311056010561,Event,1,2026-Sem2
EV005022,RA2311056010553,RA2311056010563,Project,1,2026-Sem1
EV005023,RA2311056010553,RA2311056010564,Project,3,2026-Sem1
EV005024,RA2311056010553,RA2311056010564,Project,4,2026-Sem1
EV005025,RA2311056010553,RA2311056010565,Project,3,2026-Sem1
EV005026,RA2311056010553,RA2311056010566,Social,1,2026-Sem1
EV005027,RA2311056010553,RA2311056010566,Social,2,2026-Sem2
EV005028,RA2311056010553,RA2311056010566,Social,1,2026-Sem1
EV005029,RA2311056010553,RA2311056010566,Social,2,2026-Sem1
EV005030,RA2311056010553,RA2311056010566,Social,3,2026-Sem1
EV005031,RA2311056010554,RA2311056010557,Social,2,2026-Sem1
EV005032,RA2311056010554,RA2311056010558,Academic,4,2026-Sem2
EV005033,RA2311056010554,RA2311056010558,Academic,1,2026-Sem2
EV005034,RA2311056010554,RA2311056010560,Project,3,2026-Sem1
EV005035,RA2311056010554,RA2311056010560,Project,4,2026-Sem2
EV005036,RA2311056010554,RA2311056010560,Project,2,2026-Sem2
EV005037,RA2311056010554,RA2311056010561,Event,1,2026-Sem1
EV005038,RA2311056010554,RA2311056010562,Academic,3,2026-Sem2
EV005039,RA2311056010554,RA2311056010563,Project,1,2026-Sem2
EV005040,RA2311056010554,RA2311056010564,Academic,2,2026-Sem2
EV005041,RA2311056010554,RA2311056010564,Academic,3,2026-Sem1
EV005042,RA2311056010554,RA2311056010566,Social,3,2026-Sem2
EV005043,RA2311056010555,RA2311056010556,Academic,4,2026-Sem2
EV005044,RA2311056010555,RA2311056010557,Project,1,2026-Sem1
EV005045,RA2311056010555,RA2311056010557,Project,4,2026-Sem1
EV005046,RA2311056010555,RA2311056010560,Academic,1,2026-Sem2
EV005047,RA2311056010555,RA2311056010560,Academic,4,2026-Sem1
EV005048,RA2311056010555,RA2311056010560,Academic,3,2026-Sem2
EV005049,RA2311056010555,RA2311056010561,Social,4,2026-Sem1
EV005050,RA2311056010555,RA2311056010561,Social,4,2026-Sem1
EV005051,RA2311056010555,RA2311056010562,Project,4,2026-Sem1
EV005052,RA2311056010555,RA2311056010562,Project,3,2026-Sem1
EV005053,RA2311056010555,RA2311056010563,Event,1,2026-Sem1
EV005054,RA2311056010555,RA2311056010564,Academic,2,2026-Sem2
EV005055,RA2311056010555,RA2311056010566,Event,1,2026-Sem2
EV005056,RA2311056010556,RA2311056010557,Project,4,2026-Sem2
EV005057,RA2311056010556,RA2311056010558,Project,1,2026-Sem2
EV005058,RA2311056010556,RA2311056010561,Academic,2,2026-Sem1
EV005059,RA2311056010556,RA2311056010562,Project,3,2026-Sem2
EV005060,RA2311056010556,RA2311056010562,Project,2,2026-Sem1
EV005061,RA2311056010556,RA2311056010563,Academic,1,2026-Sem1
EV005062,RA2311056010556,RA2311056010564,Project,1,2026-Sem1
EV005063,RA2311056010556,RA2311056010565,Academic,4,2026-Sem2
EV005064,RA2311056010556,RA2311056010565,Academic,2,2026-Sem1
EV005065,RA2311056010557,RA2311056010558,Project,1,2026-Sem2
EV005066,RA2311056010557,RA2311056010558,Project,4,2026-Sem2
EV005067,RA2311056010557,RA2311056010560,Academic,1,2026-Sem1
EV005068,RA2311056010557,RA2311056010562,Event,2,2026-Sem2
EV005069,RA2311056010557,RA2311056010563,Event,3,2026-Sem2
EV005070,RA2311056010557,RA2311056010563,Event,4,2026-Sem1
EV005071,RA2311056010557,RA2311056010564,Event,4,2026-Sem1
EV005072,RA2311056010557,RA2311056010565,Event,3,2026-Sem1
EV005073,RA2311056010558,RA2311056010560,Social,2,2026-Sem2
EV005074,RA2311056010558,RA2311056010561,Project,2,2026-Sem1
EV005075,RA2311056010558,RA2311056010561,Project,2,2026-Sem2
EV005076,RA2311056010558,RA2311056010561,Project,4,2026-Sem1
EV005077,RA2311056010558,RA2311056010561,Project,1,2026-Sem2
EV005078,RA2311056010558,RA2311056010562,Social,2,2026-Sem2
EV005079,RA2311056010558,RA2311056010562,Social,1,2026-Sem1
EV005080,RA2311056010558,RA2311056010562,Social,4,2026-Sem2
EV005081,RA2311056010558,RA2311056010563,Academic,3,2026-Sem2
EV005082,RA2311056010558,RA2311056010564,Academic,3,2026-Sem2
EV005083,RA2311056010558,RA2311056010566,Project,3,2026-Sem2
EV005084,RA2311056010558,RA2311056010566,Project,2,2026-Sem2
EV005085,RA2311056010558,RA2311056010566,Project,4,2026-Sem1
EV005086,RA2311056010558,RA2311056010566,Project,3,2026-Sem2
EV005087,RA2311056010560,RA2311056010561,Social,1,2026-Sem1
EV005088,RA2311056010560,RA2311056010562,Event,3,2026-Sem1
EV005089,RA2311056010560,RA2311056010563,Event,3,2026-Sem2
EV005090,RA2311056010560,RA2311056010564,Event,1,2026-Sem2
EV005091,RA2311056010560,RA2311056010565,Project,1,2026-Sem1
EV005092,RA2311056010560,RA2311056010566,Project,3,2026-Sem2
EV005093,RA2311056010560,RA2311056010566,Project,3,2026-Sem2
EV005094,RA2311056010560,RA2311056010566,Project,2,2026-Sem2
EV005095,RA2311056010561,RA2311056010564,Event,3,2026-Sem1
EV005096,RA2311056010561,RA2311056010566,Social,1,2026-Sem2
EV005097,RA2311056010562,RA2311056010563,Academic,3,2026-Sem2
EV005098,RA2311056010562,RA2311056010564,Event,1,2026-Sem2
EV005099,RA2311056010562,RA2311056010565,Project,4,2026-Sem1
EV005100,RA2311056010563,RA2311056010564,Event,1,2026-Sem2
EV005101,RA2311056010563,RA2311056010565,Project,2,2026-Sem2
EV005102,RA2311056010564,RA2311056010565,Project,4,2026-Sem2
EV005103,RA2311056010564,RA2311056010566,Project,1,2026-Sem2
EV005104,RA2311056010565,RA2311056010566,Project,4,2026-Sem1
EV005105,RA2311056010565,RA2311056010566,Project,2,2026-Sem1
EV005106,RA2411056010567,RA2411056010568,Event,2,2026-Sem1
EV005107,RA2411056010567,RA2411056010570,Academic,4,2026-Sem1
EV005108,RA2411056010567,RA2411056010572,Academic,1,2026-Sem1
EV005109,RA2411056010567,RA2411056010572,Academic,3,2026-Sem2
EV005110,RA2411056010567,RA2411056010572,Academic,4,2026-Sem2
EV005111,RA2411056010567,RA2411056010574,Academic,2,2026-Sem2
EV005112,RA2411056010567,RA2411056010577,Project,4,2026-Sem1
EV005113,RA2411056010567,RA2411056010577,Project,1,2026-Sem2
EV005114,RA2411056010567,RA2411056010577,Project,4,2026-Sem1
EV005115,RA2411056010567,RA2411056010578,Academic,2,2026-Sem1
EV005116,RA2411056010567,RA2411056010580,Event,3,2026-Sem2
EV005117,RA2411056010567,RA2411056010582,Academic,3,2026-Sem2
EV005118,RA2411056010567,RA2411056010582,Academic,3,2026-Sem1
EV005119,RA2411056010567,RA2411056010583,Project,1,2026-Sem2
EV005120,RA2411056010567,RA2411056010584,Event,1,2026-Sem2
EV005121,RA2411056010567,RA2411056010585,Event,1,2026-Sem2
EV005122,RA2411056010567,RA2411056010585,Event,4,2026-Sem2
EV005123,RA2411056010567,RA2411056010586,Project,1,2026-Sem2
EV005124,RA2411056010567,RA2411056010586,Project,2,2026-Sem1
EV005125,RA2411056010567,RA2411056010586,Project,1,2026-Sem1
EV005126,RA2411056010567,RA2411056010586,Project,1,2026-Sem1
EV005127,RA2411056010567,RA2411056010586,Project,2,2026-Sem1
EV005128,RA2411056010567,RA2411056010586,Project,3,2026-Sem1
EV005129,RA2411056010567,RA2411056010588,Event,1,2026-Sem1
EV005130,RA2411056010567,RA2411056010589,Event,3,2026-Sem2
EV005131,RA2411056010567,RA2411056010590,Academic,4,2026-Sem1
EV005132,RA2411056010568,RA2411056010570,Event,4,2026-Sem2
EV005133,RA2411056010568,RA2411056010571,Academic,2,2026-Sem1
EV005134,RA2411056010568,RA2411056010571,Academic,2,2026-Sem2
EV005135,RA2411056010568,RA2411056010571,Academic,4,2026-Sem1
EV005136,RA2411056010568,RA2411056010571,Academic,2,2026-Sem2
EV005137,RA2411056010568,RA2411056010573,Social,1,2026-Sem1
EV005138,RA2411056010568,RA2411056010573,Social,1,2026-Sem1
EV005139,RA2411056010568,RA2411056010573,Social,3,2026-Sem1
EV005140,RA2411056010568,RA2411056010573,Social,2,2026-Sem2
EV005141,RA2411056010568,RA2411056010573,Social,3,2026-Sem1
EV005142,RA2411056010568,RA2411056010573,Social,2,2026-Sem2
EV005143,RA2411056010568,RA2411056010576,Project,4,2026-Sem2
EV005144,RA2411056010568,RA2411056010579,Project,4,2026-Sem1
EV005145,RA2411056010568,RA2411056010579,Project,2,2026-Sem2
EV005146,RA2411056010568,RA2411056010579,Project,3,2026-Sem2
EV005147,RA2411056010568,RA2411056010580,Academic,2,2026-Sem1
EV005148,RA2411056010568,RA2411056010582,Event,4,2026-Sem1
EV005149,RA2411056010568,RA2411056010582,Event,3,2026-Sem2
EV005150,RA2411056010568,RA2411056010582,Event,3,2026-Sem2
EV005151,RA2411056010568,RA2411056010582,Event,4,2026-Sem2
EV005152,RA2411056010568,RA2411056010583,Social,1,2026-Sem2
EV005153,RA2411056010568,RA2411056010584,Academic,3,2026-Sem2
EV005154,RA2411056010568,RA2411056010586,Project,3,2026-Sem2
EV005155,RA2411056010568,RA2411056010586,Project,2,2026-Sem2
EV005156,RA2411056010568,RA2411056010587,Event,2,2026-Sem2
EV005157,RA2411056010568,RA2411056010588,Event,4,2026-Sem2
EV005158,RA2411056010568,RA2411056010589,Academic,1,2026-Sem2
EV005159,RA2411056010569,RA2411056010572,Event,1,2026-Sem1
EV005160,RA2411056010569,RA2411056010573,Event,1,2026-Sem2
EV005161,RA2411056010569,RA2411056010577,Event,2,2026-Sem2
EV005162,RA2411056010569,RA2411056010578,Social,2,2026-Sem2
EV005163,RA2411056010569,RA2411056010578,Social,3,2026-Sem1
EV005164,RA2411056010569,RA2411056010579,Event,2,2026-Sem1
EV005165,RA2411056010569,RA2411056010580,Event,4,2026-Sem1
EV005166,RA2411056010569,RA2411056010580,Event,3,2026-Sem2
EV005167,RA2411056010569,RA2411056010581,Social,3,2026-Sem2
EV005168,RA2411056010569,RA2411056010581,Social,3,2026-Sem1
EV005169,RA2411056010569,RA2411056010583,Project,2,2026-Sem2
EV005170,RA2411056010569,RA2411056010583,Project,4,2026-Sem1
EV005171,RA2411056010569,RA2411056010584,Academic,1,2026-Sem2
EV005172,RA2411056010569,RA2411056010585,Project,2,2026-Sem2
EV005173,RA2411056010569,RA2411056010585,Project,3,2026-Sem1
EV005174,RA2411056010569,RA2411056010587,Academic,1,2026-Sem2
EV005175,RA2411056010569,RA2411056010587,Academic,4,2026-Sem1
EV005176,RA2411056010569,RA2411056010588,Academic,1,2026-Sem1
EV005177,RA2411056010570,RA2411056010571,Social,4,2026-Sem2
EV005178,RA2411056010570,RA2411056010571,Social,1,2026-Sem1
EV005179,RA2411056010570,RA2411056010572,Academic,1,2026-Sem1
EV005180,RA2411056010570,RA2411056010573,Academic,1,2026-Sem1
EV005181,RA2411056010570,RA2411056010576,Event,1,2026-Sem2
EV005182,RA2411056010570,RA2411056010576,Event,3,2026-Sem2
EV005183,RA2411056010570,RA2411056010576,Event,2,2026-Sem2
EV005184,RA2411056010570,RA2411056010577,Academic,3,2026-Sem2
EV005185,RA2411056010570,RA2411056010577,Academic,2,2026-Sem1
EV005186,RA2411056010570,RA2411056010578,Project,3,2026-Sem1
EV005187,RA2411056010570,RA2411056010579,Event,4,2026-Sem1
EV005188,RA2411056010570,RA2411056010580,Social,1,2026-Sem1
EV005189,RA2411056010570,RA2411056010580,Social,4,2026-Sem2
EV005190,RA2411056010570,RA2411056010581,Academic,3,2026-Sem2
EV005191,RA2411056010570,RA2411056010582,Academic,1,2026-Sem2
EV005192,RA2411056010570,RA2411056010583,Project,4,2026-Sem1
EV005193,RA2411056010570,RA2411056010583,Project,3,2026-Sem1
EV005194,RA2411056010570,RA2411056010584,Project,2,2026-Sem2
EV005195,RA2411056010570,RA2411056010584,Project,3,2026-Sem1
EV005196,RA2411056010570,RA2411056010586,Project,2,2026-Sem2
EV005197,RA2411056010570,RA2411056010586,Project,4,2026-Sem1
EV005198,RA2411056010570,RA2411056010588,Event,4,2026-Sem1
EV005199,RA2411056010570,RA2411056010589,Event,3,2026-Sem1
EV005200,RA2411056010570,RA2411056010590,Event,2,2026-Sem1
EV005201,RA2411056010571,RA2411056010572,Project,3,2026-Sem2
EV005202,RA2411056010571,RA2411056010576,Project,1,2026-Sem2
EV005203,RA2411056010571,RA2411056010577,Social,1,2026-Sem1
EV005204,RA2411056010571,RA2411056010577,Social,2,2026-Sem2
EV005205,RA2411056010571,RA2411056010577,Social,4,2026-Sem1
EV005206,RA2411056010571,RA2411056010578,Event,1,2026-Sem2
EV005207,RA2411056010571,RA2411056010581,Academic,2,2026-Sem1
EV005208,RA2411056010571,RA2411056010585,Academic,3,2026-Sem2
EV005209,RA2411056010571,RA2411056010587,Social,1,2026-Sem1
EV005210,RA2411056010571,RA2411056010587,Social,4,2026-Sem1
EV005211,RA2411056010571,RA2411056010588,Event,2,2026-Sem1
EV005212,RA2411056010571,RA2411056010589,Project,2,2026-Sem2
EV005213,RA2411056010571,RA2411056010590,Social,2,2026-Sem1
EV005214,RA2411056010572,RA2411056010574,Event,3,2026-Sem2
EV005215,RA2411056010572,RA2411056010577,Project,4,2026-Sem2
EV005216,RA2411056010572,RA2411056010577,Project,1,2026-Sem1
EV005217,RA2411056010572,RA2411056010578,Academic,1,2026-Sem2
EV005218,RA2411056010572,RA2411056010578,Academic,4,2026-Sem2
EV005219,RA2411056010572,RA2411056010578,Academic,2,2026-Sem1
EV005220,RA2411056010572,RA2411056010580,Project,2,2026-Sem1
EV005221,RA2411056010572,RA2411056010581,Project,1,2026-Sem1
EV005222,RA2411056010572,RA2411056010583,Academic,2,2026-Sem1
EV005223,RA2411056010572,RA2411056010584,Social,1,2026-Sem2
EV005224,RA2411056010572,RA2411056010585,Project,2,2026-Sem2
EV005225,RA2411056010572,RA2411056010587,Project,1,2026-Sem2
EV005226,RA2411056010572,RA2411056010588,Event,3,2026-Sem1
EV005227,RA2411056010572,RA2411056010590,Academic,2,2026-Sem1
EV005228,RA2411056010573,RA2411056010574,Social,1,2026-Sem1
EV005229,RA2411056010573,RA2411056010574,Social,4,2026-Sem1
EV005230,RA2411056010573,RA2411056010576,Project,2,2026-Sem2
EV005231,RA2411056010573,RA2411056010579,Academic,2,2026-Sem2
EV005232,RA2411056010573,RA2411056010579,Academic,3,2026-Sem2
EV005233,RA2411056010573,RA2411056010579,Academic,4,2026-Sem1
EV005234,RA2411056010573,RA2411056010581,Social,4,2026-Sem1
EV005235,RA2411056010573,RA2411056010582,Academic,4,2026-Sem1
EV005236,RA2411056010573,RA2411056010583,Social,4,2026-Sem1
EV005237,RA2411056010573,RA2411056010583,Social,1,2026-Sem2
EV005238,RA2411056010573,RA2411056010586,Event,1,2026-Sem2
EV005239,RA2411056010573,RA2411056010587,Event,2,2026-Sem2
EV005240,RA2411056010574,RA2411056010579,Social,3,2026-Sem1
EV005241,RA2411056010574,RA2411056010580,Social,2,2026-Sem2
EV005242,RA2411056010574,RA2411056010580,Social,3,2026-Sem1
EV005243,RA2411056010574,RA2411056010584,Project,3,2026-Sem1
EV005244,RA2411056010574,RA2411056010584,Project,2,2026-Sem1
EV005245,RA2411056010574,RA2411056010585,Project,3,2026-Sem1
EV005246,RA2411056010574,RA2411056010586,Academic,2,2026-Sem1
EV005247,RA2411056010574,RA2411056010588,Project,4,2026-Sem1
EV005248,RA2411056010574,RA2411056010589,Event,3,2026-Sem1
EV005249,RA2411056010576,RA2411056010579,Event,1,2026-Sem1
EV005250,RA2411056010576,RA2411056010579,Event,4,2026-Sem1
EV005251,RA2411056010576,RA2411056010581,Project,2,2026-Sem1
EV005252,RA2411056010576,RA2411056010583,Project,4,2026-Sem1
EV005253,RA2411056010576,RA2411056010584,Event,3,2026-Sem1
EV005254,RA2411056010576,RA2411056010587,Social,4,2026-Sem2
EV005255,RA2411056010576,RA2411056010588,Project,3,2026-Sem1
EV005256,RA2411056010576,RA2411056010588,Project,2,2026-Sem1
EV005257,RA2411056010576,RA2411056010588,Project,4,2026-Sem1
EV005258,RA2411056010576,RA2411056010589,Academic,2,2026-Sem2
EV005259,RA2411056010576,RA2411056010590,Project,3,2026-Sem2
EV005260,RA2411056010577,RA2411056010578,Project,3,2026-Sem2
EV005261,RA2411056010577,RA2411056010578,Project,3,2026-Sem1
EV005262,RA2411056010577,RA2411056010579,Academic,2,2026-Sem1
EV005263,RA2411056010577,RA2411056010580,Social,1,2026-Sem1
EV005264,RA2411056010577,RA2411056010583,Event,1,2026-Sem1
EV005265,RA2411056010577,RA2411056010583,Event,4,2026-Sem1
EV005266,RA2411056010577,RA2411056010585,Event,3,2026-Sem1
EV005267,RA2411056010577,RA2411056010586,Social,1,2026-Sem1
EV005268,RA2411056010577,RA2411056010587,Social,1,2026-Sem1
EV005269,RA2411056010577,RA2411056010588,Social,1,2026-Sem2
EV005270,RA2411056010577,RA2411056010589,Academic,1,2026-Sem2
EV005271,RA2411056010578,RA2411056010579,Social,1,2026-Sem1
EV005272,RA2411056010578,RA2411056010581,Academic,4,2026-Sem1
EV005273,RA2411056010578,RA2411056010583,Social,4,2026-Sem2
EV005274,RA2411056010578,RA2411056010586,Academic,2,2026-Sem1
EV005275,RA2411056010578,RA2411056010586,Academic,4,2026-Sem2
EV005276,RA2411056010578,RA2411056010586,Academic,1,2026-Sem2
EV005277,RA2411056010578,RA2411056010587,Project,3,2026-Sem1
EV005278,RA2411056010578,RA2411056010589,Academic,3,2026-Sem2
EV005279,RA2411056010579,RA2411056010580,Social,1,2026-Sem2
EV005280,RA2411056010579,RA2411056010580,Social,1,2026-Sem1
EV005281,RA2411056010579,RA2411056010580,Social,2,2026-Sem1
EV005282,RA2411056010579,RA2411056010580,Social,1,2026-Sem2
EV005283,RA2411056010579,RA2411056010580,Social,3,2026-Sem1
EV005284,RA2411056010579,RA2411056010580,Social,2,2026-Sem2
EV005285,RA2411056010579,RA2411056010581,Event,2,2026-Sem1
EV005286,RA2411056010579,RA2411056010582,Event,3,2026-Sem1
EV005287,RA2411056010579,RA2411056010583,Event,2,2026-Sem1
EV005288,RA2411056010579,RA2411056010583,Event,3,2026-Sem1
EV005289,RA2411056010579,RA2411056010584,Academic,1,2026-Sem1
EV005290,RA2411056010579,RA2411056010584,Academic,3,2026-Sem2
EV005291,RA2411056010579,RA2411056010584,Academic,2,2026-Sem2
EV005292,RA2411056010579,RA2411056010585,Academic,4,2026-Sem1
EV005293,RA2411056010579,RA2411056010585,Academic,1,2026-Sem2
EV005294,RA2411056010579,RA2411056010587,Academic,4,2026-Sem1
EV005295,RA2411056010579,RA2411056010588,Academic,4,2026-Sem2
EV005296,RA2411056010579,RA2411056010590,Academic,1,2026-Sem2
EV005297,RA2411056010580,RA2411056010581,Project,4,2026-Sem2
EV005298,RA2411056010580,RA2411056010581,Project,1,2026-Sem2
EV005299,RA2411056010580,RA2411056010581,Project,4,2026-Sem2
EV005300,RA2411056010580,RA2411056010582,Social,2,2026-Sem2
EV005301,RA2411056010580,RA2411056010585,Social,3,2026-Sem1
EV005302,RA2411056010580,RA2411056010588,Academic,1,2026-Sem2
EV005303,RA2411056010580,RA2411056010589,Project,4,2026-Sem2
EV005304,RA2411056010580,RA2411056010590,Academic,4,2026-Sem1
EV005305,RA2411056010581,RA2411056010582,Project,2,2026-Sem1
EV005306,RA2411056010581,RA2411056010583,Academic,1,2026-Sem2
EV005307,RA2411056010581,RA2411056010583,Academic,2,2026-Sem1
EV005308,RA2411056010581,RA2411056010583,Academic,4,2026-Sem2
EV005309,RA2411056010581,RA2411056010585,Social,3,2026-Sem1
EV005310,RA2411056010581,RA2411056010586,Project,2,2026-Sem2
EV005311,RA2411056010581,RA2411056010586,Project,3,2026-Sem1
EV005312,RA2411056010581,RA2411056010587,Project,2,2026-Sem1
EV005313,RA2411056010581,RA2411056010588,Academic,4,2026-Sem1
EV005314,RA2411056010581,RA2411056010589,Event,4,2026-Sem2
EV005315,RA2411056010582,RA2411056010583,Event,1,2026-Sem2
EV005316,RA2411056010582,RA2411056010584,Event,1,2026-Sem1
EV005317,RA2411056010582,RA2411056010584,Event,4,2026-Sem1
EV005318,RA2411056010582,RA2411056010584,Event,1,2026-Sem1
EV005319,RA2411056010582,RA2411056010587,Social,4,2026-Sem2
EV005320,RA2411056010582,RA2411056010587,Social,2,2026-Sem2
EV005321,RA2411056010583,RA2411056010584,Academic,4,2026-Sem1
EV005322,RA2411056010583,RA2411056010585,Social,1,2026-Sem1
EV005323,RA2411056010583,RA2411056010586,Academic,1,2026-Sem2
EV005324,RA2411056010583,RA2411056010587,Social,1,2026-Sem2
EV005325,RA2411056010583,RA2411056010589,Social,3,2026-Sem2
EV005326,RA2411056010583,RA2411056010590,Project,4,2026-Sem2
EV005327,RA2411056010583,RA2411056010590,Project,4,2026-Sem1
EV005328,RA2411056010584,RA2411056010585,Social,2,2026-Sem1
EV005329,RA2411056010584,RA2411056010585,Social,4,2026-Sem1
EV005330,RA2411056010584,RA2411056010588,Academic,4,2026-Sem1
EV005331,RA2411056010584,RA2411056010588,Academic,3,2026-Sem1
EV005332,RA2411056010584,RA2411056010590,Academic,4,2026-Sem1
EV005333,RA2411056010584,RA2411056010590,Academic,4,2026-Sem2
EV005334,RA2411056010585,RA2411056010587,Event,1,2026-Sem1
EV005335,RA2411056010585,RA2411056010587,Event,4,2026-Sem2
EV005336,RA2411056010585,RA2411056010589,Social,1,2026-Sem1
EV005337,RA2411056010585,RA2411056010590,Event,3,2026-Sem1
EV005338,RA2411056010585,RA2411056010590,Event,2,2026-Sem2
EV005339,RA2411056010586,RA2411056010587,Social,2,2026-Sem1
EV005340,RA2411056010586,RA2411056010588,Academic,2,2026-Sem1
EV005341,RA2411056010586,RA2411056010588,Academic,2,2026-Sem2
EV005342,RA2411056010586,RA2411056010588,Academic,3,2026-Sem1
EV005343,RA2411056010586,RA2411056010589,Social,3,2026-Sem1
EV005344,RA2411056010587,RA2411056010590,Academic,4,2026-Sem2
EV005345,RA2411056010587,RA2411056010590,Academic,3,2026-Sem2
EV005346,RA2411056010588,RA2411056010590,Academic,1,2026-Sem2
EV005347,RA2411056010589,RA2411056010590,Social,2,2026-Sem2
EV005348,RA2511056010591,RA2511056010593,Project,1,2026-Sem1
EV005349,RA2511056010591,RA2511056010594,Event,1,2026-Sem1
EV005350,RA2511056010591,RA2511056010595,Event,2,2026-Sem1
EV005351,RA2511056010591,RA2511056010597,Academic,4,2026-Sem2
EV005352,RA2511056010591,RA2511056010602,Social,1,2026-Sem2
EV005353,RA2511056010591,RA2511056010603,Project,2,2026-Sem1
EV005354,RA2511056010591,RA2511056010606,Academic,4,2026-Sem1
EV005355,RA2511056010591,RA2511056010606,Academic,2,2026-Sem2
EV005356,RA2511056010591,RA2511056010606,Academic,2,2026-Sem2
EV005357,RA2511056010591,RA2511056010606,Academic,3,2026-Sem2
EV005358,RA2511056010591,RA2511056010606,Academic,3,2026-Sem2
EV005359,RA2511056010591,RA2511056010607,Event,3,2026-Sem2
EV005360,RA2511056010591,RA2511056010612,Academic,4,2026-Sem1
EV005361,RA2511056010591,RA2511056010613,Event,3,2026-Sem1
EV005362,RA2511056010592,RA2511056010593,Social,1,2026-Sem2
EV005363,RA2511056010592,RA2511056010593,Social,4,2026-Sem1
EV005364,RA2511056010592,RA2511056010594,Social,2,2026-Sem2
EV005365,RA2511056010592,RA2511056010594,Social,3,2026-Sem1
EV005366,RA2511056010592,RA2511056010595,Project,4,2026-Sem1
EV005367,RA2511056010592,RA2511056010596,Social,4,2026-Sem2
EV005368,RA2511056010592,RA2511056010596,Social,1,2026-Sem1
EV005369,RA2511056010592,RA2511056010597,Event,4,2026-Sem2
EV005370,RA2511056010592,RA2511056010598,Event,1,2026-Sem1
EV005371,RA2511056010592,RA2511056010599,Project,2,2026-Sem2
EV005372,RA2511056010592,RA2511056010600,Event,3,2026-Sem1
EV005373,RA2511056010592,RA2511056010601,Project,2,2026-Sem1
EV005374,RA2511056010592,RA2511056010601,Project,1,2026-Sem1
EV005375,RA2511056010592,RA2511056010601,Project,4,2026-Sem2
EV005376,RA2511056010592,RA2511056010602,Project,4,2026-Sem1
EV005377,RA2511056010592,RA2511056010603,Project,4,2026-Sem2
EV005378,RA2511056010592,RA2511056010603,Project,2,2026-Sem2
EV005379,RA2511056010592,RA2511056010606,Project,3,2026-Sem2
EV005380,RA2511056010592,RA2511056010606,Project,3,2026-Sem2
EV005381,RA2511056010592,RA2511056010607,Event,4,2026-Sem2
EV005382,RA2511056010592,RA2511056010607,Event,3,2026-Sem2
EV005383,RA2511056010592,RA2511056010609,Academic,4,2026-Sem2
EV005384,RA2511056010592,RA2511056010610,Project,3,2026-Sem1
EV005385,RA2511056010592,RA2511056010610,Project,2,2026-Sem2
EV005386,RA2511056010592,RA2511056010613,Social,2,2026-Sem2
EV005387,RA2511056010592,RA2511056010613,Social,3,2026-Sem1
EV005388,RA2511056010593,RA2511056010595,Event,3,2026-Sem1
EV005389,RA2511056010593,RA2511056010597,Social,1,2026-Sem2
EV005390,RA2511056010593,RA2511056010597,Social,4,2026-Sem1
EV005391,RA2511056010593,RA2511056010600,Event,1,2026-Sem1
EV005392,RA2511056010593,RA2511056010609,Academic,4,2026-Sem2
EV005393,RA2511056010593,RA2511056010609,Academic,1,2026-Sem2
EV005394,RA2511056010593,RA2511056010610,Event,2,2026-Sem1
EV005395,RA2511056010593,RA2511056010611,Academic,4,2026-Sem2
EV005396,RA2511056010593,RA2511056010611,Academic,4,2026-Sem1
EV005397,RA2511056010593,RA2511056010611,Academic,1,2026-Sem1
EV005398,RA2511056010593,RA2511056010612,Academic,1,2026-Sem2
EV005399,RA2511056010593,RA2511056010613,Project,3,2026-Sem2
EV005400,RA2511056010593,RA2511056010613,Project,3,2026-Sem1
EV005401,RA2511056010594,RA2511056010596,Event,1,2026-Sem1
EV005402,RA2511056010594,RA2511056010596,Event,3,2026-Sem2
EV005403,RA2511056010594,RA2511056010596,Event,1,2026-Sem2
EV005404,RA2511056010594,RA2511056010596,Event,4,2026-Sem2
EV005405,RA2511056010594,RA2511056010597,Social,4,2026-Sem1
EV005406,RA2511056010594,RA2511056010598,Social,2,2026-Sem1
EV005407,RA2511056010594,RA2511056010599,Social,3,2026-Sem2
EV005408,RA2511056010594,RA2511056010600,Event,4,2026-Sem1
EV005409,RA2511056010594,RA2511056010601,Event,4,2026-Sem1
EV005410,RA2511056010594,RA2511056010601,Event,1,2026-Sem2
EV005411,RA2511056010594,RA2511056010601,Event,4,2026-Sem1
EV005412,RA2511056010594,RA2511056010601,Event,1,2026-Sem1
EV005413,RA2511056010594,RA2511056010602,Social,1,2026-Sem2
EV005414,RA2511056010594,RA2511056010607,Academic,3,2026-Sem2
EV005415,RA2511056010594,RA2511056010608,Social,1,2026-Sem1
EV005416,RA2511056010594,RA2511056010608,Social,4,2026-Sem1
EV005417,RA2511056010594,RA2511056010608,Social,3,2026-Sem1
EV005418,RA2511056010594,RA2511056010611,Event,2,2026-Sem2
EV005419,RA2511056010594,RA2511056010611,Event,3,2026-Sem1
EV005420,RA2511056010594,RA2511056010612,Social,3,2026-Sem2
EV005421,RA2511056010594,RA2511056010613,Academic,3,2026-Sem2
EV005422,RA2511056010595,RA2511056010597,Event,1,2026-Sem2
EV005423,RA2511056010595,RA2511056010598,Event,1,2026-Sem2
EV005424,RA2511056010595,RA2511056010599,Academic,4,2026-Sem2
EV005425,RA2511056010595,RA2511056010600,Academic,3,2026-Sem2
EV005426,RA2511056010595,RA2511056010600,Academic,2,2026-Sem2
EV005427,RA2511056010595,RA2511056010600,Academic,3,2026-Sem1
EV005428,RA2511056010595,RA2511056010601,Project,3,2026-Sem2
EV005429,RA2511056010595,RA2511056010603,Academic,2,2026-Sem2
EV005430,RA2511056010595,RA2511056010606,Event,1,2026-Sem1
EV005431,RA2511056010595,RA2511056010607,Project,1,2026-Sem2
EV005432,RA2511056010595,RA2511056010608,Event,1,2026-Sem2
EV005433,RA2511056010595,RA2511056010609,Academic,1,2026-Sem1
EV005434,RA2511056010595,RA2511056010610,Academic,2,2026-Sem2
EV005435,RA2511056010595,RA2511056010613,Event,1,2026-Sem1
EV005436,RA2511056010596,RA2511056010597,Social,2,2026-Sem2
EV005437,RA2511056010596,RA2511056010597,Social,4,2026-Sem2
EV005438,RA2511056010596,RA2511056010598,Event,2,2026-Sem2
EV005439,RA2511056010596,RA2511056010599,Academic,1,2026-Sem2
EV005440,RA2511056010596,RA2511056010600,Academic,3,2026-Sem2
EV005441,RA2511056010596,RA2511056010601,Event,1,2026-Sem2
EV005442,RA2511056010596,RA2511056010602,Social,4,2026-Sem2
EV005443,RA2511056010596,RA2511056010603,Event,1,2026-Sem2
EV005444,RA2511056010596,RA2511056010606,Event,1,2026-Sem1
EV005445,RA2511056010596,RA2511056010607,Social,3,2026-Sem1
EV005446,RA2511056010596,RA2511056010608,Project,2,2026-Sem1
EV005447,RA2511056010596,RA2511056010608,Project,1,2026-Sem1
EV005448,RA2511056010596,RA2511056010608,Project,4,2026-Sem2
EV005449,RA2511056010596,RA2511056010610,Project,1,2026-Sem1
EV005450,RA2511056010596,RA2511056010611,Project,3,2026-Sem1
EV005451,RA2511056010596,RA2511056010613,Social,3,2026-Sem2
EV005452,RA2511056010597,RA2511056010600,Academic,3,2026-Sem1
EV005453,RA2511056010597,RA2511056010601,Project,2,2026-Sem1
EV005454,RA2511056010597,RA2511056010603,Social,1,2026-Sem2
EV005455,RA2511056010597,RA2511056010607,Social,4,2026-Sem2
EV005456,RA2511056010597,RA2511056010608,Project,2,2026-Sem2
EV005457,RA2511056010597,RA2511056010609,Event,2,2026-Sem1
EV005458,RA2511056010597,RA2511056010609,Event,4,2026-Sem2
EV005459,RA2511056010597,RA2511056010610,Event,3,2026-Sem1
EV005460,RA2511056010597,RA2511056010611,Project,2,2026-Sem2
EV005461,RA2511056010597,RA2511056010613,Academic,1,2026-Sem1
EV005462,RA2511056010598,RA2511056010599,Project,3,2026-Sem1
EV005463,RA2511056010598,RA2511056010599,Project,3,2026-Sem2
EV005464,RA2511056010598,RA2511056010600,Academic,3,2026-Sem2
EV005465,RA2511056010598,RA2511056010601,Event,1,2026-Sem1
EV005466,RA2511056010598,RA2511056010601,Event,3,2026-Sem1
EV005467,RA2511056010598,RA2511056010601,Event,2,2026-Sem1
EV005468,RA2511056010598,RA2511056010602,Project,4,2026-Sem2
EV005469,RA2511056010598,RA2511056010602,Project,2,2026-Sem1
EV005470,RA2511056010598,RA2511056010603,Event,1,2026-Sem1
EV005471,RA2511056010598,RA2511056010606,Event,1,2026-Sem1
EV005472,RA2511056010598,RA2511056010609,Project,2,2026-Sem2
EV005473,RA2511056010598,RA2511056010609,Project,3,2026-Sem2
EV005474,RA2511056010598,RA2511056010610,Event,4,2026-Sem1
EV005475,RA2511056010598,RA2511056010612,Social,3,2026-Sem1
EV005476,RA2511056010598,RA2511056010613,Academic,2,2026-Sem2
EV005477,RA2511056010599,RA2511056010600,Project,3,2026-Sem2
EV005478,RA2511056010599,RA2511056010600,Project,2,2026-Sem1
EV005479,RA2511056010599,RA2511056010601,Social,2,2026-Sem2
EV005480,RA2511056010599,RA2511056010602,Social,2,2026-Sem2
EV005481,RA2511056010599,RA2511056010603,Social,1,2026-Sem1
EV005482,RA2511056010599,RA2511056010603,Social,4,2026-Sem1
EV005483,RA2511056010599,RA2511056010603,Social,2,2026-Sem2
EV005484,RA2511056010599,RA2511056010607,Event,2,2026-Sem2
EV005485,RA2511056010599,RA2511056010612,Project,3,2026-Sem2
EV005486,RA2511056010599,RA2511056010613,Event,1,2026-Sem2
EV005487,RA2511056010599,RA2511056010613,Event,2,2026-Sem2
EV005488,RA2511056010599,RA2511056010613,Event,3,2026-Sem2
EV005489,RA2511056010599,RA2511056010613,Event,4,2026-Sem2
EV005490,RA2511056010600,RA2511056010601,Academic,2,2026-Sem2
EV005491,RA2511056010600,RA2511056010602,Social,3,2026-Sem2
EV005492,RA2511056010600,RA2511056010602,Social,4,2026-Sem1
EV005493,RA2511056010600,RA2511056010603,Project,2,2026-Sem1
EV005494,RA2511056010600,RA2511056010608,Social,4,2026-Sem2
EV005495,RA2511056010600,RA2511056010608,Social,4,2026-Sem1
EV005496,RA2511056010600,RA2511056010608,Social,2,2026-Sem2
EV005497,RA2511056010600,RA2511056010609,Social,3,2026-Sem2
EV005498,RA2511056010600,RA2511056010610,Social,4,2026-Sem1
EV005499,RA2511056010600,RA2511056010612,Project,1,2026-Sem1
EV005500,RA2511056010600,RA2511056010612,Project,1,2026-Sem2
EV005501,RA2511056010600,RA2511056010612,Project,4,2026-Sem1
EV005502,RA2511056010601,RA2511056010602,Social,4,2026-Sem1
EV005503,RA2511056010601,RA2511056010602,Social,1,2026-Sem2
EV005504,RA2511056010601,RA2511056010603,Project,3,2026-Sem2
EV005505,RA2511056010601,RA2511056010603,Project,3,2026-Sem2
EV005506,RA2511056010601,RA2511056010606,Project,1,2026-Sem2
EV005507,RA2511056010601,RA2511056010608,Project,1,2026-Sem1
EV005508,RA2511056010601,RA2511056010611,Event,2,2026-Sem1
EV005509,RA2511056010601,RA2511056010612,Social,3,2026-Sem1
EV005510,RA2511056010601,RA2511056010612,Social,4,2026-Sem1
EV005511,RA2511056010601,RA2511056010612,Social,1,2026-Sem1
EV005512,RA2511056010601,RA2511056010613,Social,1,2026-Sem1
EV005513,RA2511056010602,RA2511056010603,Social,1,2026-Sem2
EV005514,RA2511056010602,RA2511056010606,Event,1,2026-Sem2
EV005515,RA2511056010602,RA2511056010607,Social,4,2026-Sem1
EV005516,RA2511056010602,RA2511056010607,Social,4,2026-Sem1
EV005517,RA2511056010602,RA2511056010608,Social,3,2026-Sem1
EV005518,RA2511056010602,RA2511056010609,Social,1,2026-Sem1
EV005519,RA2511056010602,RA2511056010610,Event,4,2026-Sem2
EV005520,RA2511056010602,RA2511056010611,Event,2,2026-Sem1
EV005521,RA2511056010602,RA2511056010612,Academic,2,2026-Sem2
EV005522,RA2511056010603,RA2511056010606,Academic,2,2026-Sem1
EV005523,RA2511056010603,RA2511056010607,Social,1,2026-Sem1
EV005524,RA2511056010603,RA2511056010608,Event,1,2026-Sem2
EV005525,RA2511056010603,RA2511056010610,Academic,1,2026-Sem2
EV005526,RA2511056010603,RA2511056010613,Project,2,2026-Sem2
EV005527,RA2511056010606,RA2511056010607,Social,4,2026-Sem1
EV005528,RA2511056010606,RA2511056010607,Social,4,2026-Sem1
EV005529,RA2511056010606,RA2511056010608,Project,1,2026-Sem1
EV005530,RA2511056010606,RA2511056010609,Social,3,2026-Sem2
EV005531,RA2511056010606,RA2511056010609,Social,2,2026-Sem2
EV005532,RA2511056010606,RA2511056010610,Event,1,2026-Sem1
EV005533,RA2511056010606,RA2511056010611,Project,1,2026-Sem2
EV005534,RA2511056010607,RA2511056010608,Event,1,2026-Sem1
EV005535,RA2511056010607,RA2511056010609,Event,2,2026-Sem1
EV005536,RA2511056010607,RA2511056010610,Project,3,2026-Sem2
EV005537,RA2511056010607,RA2511056010610,Project,4,2026-Sem1
EV005538,RA2511056010607,RA2511056010612,Academic,2,2026-Sem1
EV005539,RA2511056010607,RA2511056010613,Event,3,2026-Sem1
EV005540,RA2511056010608,RA2511056010609,Academic,2,2026-Sem2
EV005541,RA2511056010608,RA2511056010610,Project,2,2026-Sem2
EV005542,RA2511056010608,RA2511056010610,Project,3,2026-Sem2
EV005543,RA2511056010608,RA2511056010611,Event,1,2026-Sem2
EV005544,RA2511056010608,RA2511056010613,Event,3,2026-Sem2
EV005545,RA2511056010609,RA2511056010611,Academic,3,2026-Sem1
EV005546,RA2511056010609,RA2511056010612,Event,4,2026-Sem1
EV005547,RA2511056010609,RA2511056010613,Academic,4,2026-Sem1
EV005548,RA2511056010610,RA2511056010612,Event,1,2026-Sem1
EV005549,RA2511056010610,RA2511056010613,Event,2,2026-Sem2
EV005550,RA2511056010612,RA2511056010613,Event,3,2026-Sem2
EV005551,RA2511056010612,RA2511056010613,Event,3,2026-Sem2
EV005552,RA2511056010612,RA2511056010613,Event,3,2026-Sem2
EV005553,RA2611056010614,RA2611056010616,Academic,3,2026-Sem1
EV005554,RA2611056010614,RA2611056010619,Social,2,2026-Sem1
EV005555,RA2611056010614,RA2611056010620,Event,3,2026-Sem1
EV005556,RA2611056010614,RA2611056010620,Event,2,2026-Sem1
EV005557,RA2611056010614,RA2611056010622,Social,2,2026-Sem2
EV005558,RA2611056010614,RA2611056010623,Social,3,2026-Sem1
EV005559,RA2611056010614,RA2611056010624,Project,3,2026-Sem1
EV005560,RA2611056010614,RA2611056010624,Project,3,2026-Sem1
EV005561,RA2611056010614,RA2611056010626,Project,1,2026-Sem2
EV005562,RA2611056010614,RA2611056010628,Academic,2,2026-Sem1
EV005563,RA2611056010614,RA2611056010629,Social,3,2026-Sem1
EV005564,RA2611056010614,RA2611056010630,Event,2,2026-Sem2
EV005565,RA2611056010614,RA2611056010632,Social,1,2026-Sem1
EV005566,RA2611056010614,RA2611056010633,Academic,4,2026-Sem1
EV005567,RA2611056010614,RA2611056010634,Project,2,2026-Sem2
EV005568,RA2611056010614,RA2611056010635,Event,4,2026-Sem2
EV005569,RA2611056010614,RA2611056010635,Event,3,2026-Sem2
EV005570,RA2611056010614,RA2611056010636,Project,4,2026-Sem2
EV005571,RA2611056010615,RA2611056010616,Academic,2,2026-Sem1
EV005572,RA2611056010615,RA2611056010619,Event,3,2026-Sem1
EV005573,RA2611056010615,RA2611056010620,Project,1,2026-Sem1
EV005574,RA2611056010615,RA2611056010622,Academic,2,2026-Sem1
EV005575,RA2611056010615,RA2611056010623,Social,3,2026-Sem2
EV005576,RA2611056010615,RA2611056010624,Academic,2,2026-Sem2
EV005577,RA2611056010615,RA2611056010625,Event,1,2026-Sem2
EV005578,RA2611056010615,RA2611056010626,Social,4,2026-Sem1
EV005579,RA2611056010615,RA2611056010627,Project,3,2026-Sem2
EV005580,RA2611056010615,RA2611056010630,Academic,1,2026-Sem2
EV005581,RA2611056010615,RA2611056010631,Academic,2,2026-Sem1
EV005582,RA2611056010615,RA2611056010632,Event,4,2026-Sem2
EV005583,RA2611056010615,RA2611056010633,Event,2,2026-Sem1
EV005584,RA2611056010615,RA2611056010633,Event,4,2026-Sem2
EV005585,RA2611056010615,RA2611056010633,Event,1,2026-Sem2
EV005586,RA2611056010615,RA2611056010634,Social,4,2026-Sem2
EV005587,RA2611056010615,RA2611056010634,Social,1,2026-Sem1
EV005588,RA2611056010615,RA2611056010635,Event,1,2026-Sem2
EV005589,RA2611056010615,RA2611056010635,Event,4,2026-Sem1
EV005590,RA2611056010615,RA2611056010636,Event,1,2026-Sem1
EV005591,RA2611056010616,RA2611056010619,Academic,1,2026-Sem2
EV005592,RA2611056010616,RA2611056010620,Social,2,2026-Sem1
EV005593,RA2611056010616,RA2611056010620,Social,4,2026-Sem2
EV005594,RA2611056010616,RA2611056010621,Event,2,2026-Sem1
EV005595,RA2611056010616,RA2611056010622,Academic,2,2026-Sem1
EV005596,RA2611056010616,RA2611056010623,Academic,1,2026-Sem1
EV005597,RA2611056010616,RA2611056010626,Project,4,2026-Sem1
EV005598,RA2611056010616,RA2611056010627,Project,1,2026-Sem1
EV005599,RA2611056010616,RA2611056010630,Event,3,2026-Sem1
EV005600,RA2611056010616,RA2611056010631,Project,3,2026-Sem2
EV005601,RA2611056010616,RA2611056010632,Academic,2,2026-Sem2
EV005602,RA2611056010616,RA2611056010633,Academic,2,2026-Sem1
EV005603,RA2611056010616,RA2611056010634,Event,4,2026-Sem2
EV005604,RA2611056010616,RA2611056010634,Event,3,2026-Sem2
EV005605,RA2611056010618,RA2611056010619,Social,2,2026-Sem1
EV005606,RA2611056010618,RA2611056010620,Event,1,2026-Sem1
EV005607,RA2611056010618,RA2611056010623,Social,1,2026-Sem2
EV005608,RA2611056010618,RA2611056010625,Academic,1,2026-Sem2
EV005609,RA2611056010618,RA2611056010627,Academic,3,2026-Sem1
EV005610,RA2611056010618,RA2611056010629,Event,2,2026-Sem1
EV005611,RA2611056010618,RA2611056010631,Social,2,2026-Sem2
EV005612,RA2611056010618,RA2611056010632,Academic,4,2026-Sem1
EV005613,RA2611056010618,RA2611056010632,Academic,3,2026-Sem2
EV005614,RA2611056010618,RA2611056010634,Academic,4,2026-Sem2
EV005615,RA2611056010618,RA2611056010635,Academic,4,2026-Sem1
EV005616,RA2611056010618,RA2611056010635,Academic,1,2026-Sem1
EV005617,RA2611056010618,RA2611056010635,Academic,1,2026-Sem1
EV005618,RA2611056010618,RA2611056010635,Academic,4,2026-Sem1
EV005619,RA2611056010618,RA2611056010635,Academic,4,2026-Sem1
EV005620,RA2611056010618,RA2611056010636,Event,2,2026-Sem2
EV005621,RA2611056010619,RA2611056010623,Project,1,2026-Sem1
EV005622,RA2611056010619,RA2611056010624,Event,2,2026-Sem1
EV005623,RA2611056010619,RA2611056010625,Academic,4,2026-Sem1
EV005624,RA2611056010619,RA2611056010625,Academic,4,2026-Sem2
EV005625,RA2611056010619,RA2611056010625,Academic,1,2026-Sem1
EV005626,RA2611056010619,RA2611056010626,Project,2,2026-Sem1
EV005627,RA2611056010619,RA2611056010628,Social,1,2026-Sem2
EV005628,RA2611056010619,RA2611056010628,Social,1,2026-Sem1
EV005629,RA2611056010619,RA2611056010628,Social,3,2026-Sem2
EV005630,RA2611056010619,RA2611056010628,Social,2,2026-Sem2
EV005631,RA2611056010619,RA2611056010628,Social,4,2026-Sem2
EV005632,RA2611056010619,RA2611056010628,Social,3,2026-Sem2
EV005633,RA2611056010619,RA2611056010629,Academic,1,2026-Sem2
EV005634,RA2611056010619,RA2611056010630,Event,2,2026-Sem2
EV005635,RA2611056010619,RA2611056010630,Event,3,2026-Sem2
EV005636,RA2611056010619,RA2611056010631,Project,1,2026-Sem2
EV005637,RA2611056010619,RA2611056010631,Project,3,2026-Sem2
EV005638,RA2611056010619,RA2611056010631,Project,4,2026-Sem2
EV005639,RA2611056010619,RA2611056010632,Academic,4,2026-Sem2
EV005640,RA2611056010619,RA2611056010634,Social,3,2026-Sem2
EV005641,RA2611056010619,RA2611056010634,Social,3,2026-Sem1
EV005642,RA2611056010619,RA2611056010636,Social,4,2026-Sem2
EV005643,RA2611056010620,RA2611056010621,Project,4,2026-Sem2
EV005644,RA2611056010620,RA2611056010623,Social,4,2026-Sem2
EV005645,RA2611056010620,RA2611056010623,Social,2,2026-Sem2
EV005646,RA2611056010620,RA2611056010625,Academic,3,2026-Sem1
EV005647,RA2611056010620,RA2611056010626,Social,3,2026-Sem1
EV005648,RA2611056010620,RA2611056010628,Social,1,2026-Sem2
EV005649,RA2611056010620,RA2611056010628,Social,3,2026-Sem2
EV005650,RA2611056010620,RA2611056010628,Social,2,2026-Sem2
EV005651,RA2611056010620,RA2611056010629,Project,3,2026-Sem2
EV005652,RA2611056010620,RA2611056010631,Project,3,2026-Sem1
EV005653,RA2611056010620,RA2611056010632,Academic,1,2026-Sem1
EV005654,RA2611056010620,RA2611056010632,Academic,4,2026-Sem2
EV005655,RA2611056010620,RA2611056010633,Event,3,2026-Sem1
EV005656,RA2611056010620,RA2611056010633,Event,2,2026-Sem1
EV005657,RA2611056010620,RA2611056010634,Social,2,2026-Sem1
EV005658,RA2611056010620,RA2611056010635,Event,2,2026-Sem2
EV005659,RA2611056010620,RA2611056010635,Event,2,2026-Sem2
EV005660,RA2611056010620,RA2611056010635,Event,4,2026-Sem1
EV005661,RA2611056010621,RA2611056010624,Event,1,2026-Sem1
EV005662,RA2611056010621,RA2611056010624,Event,2,2026-Sem2
EV005663,RA2611056010621,RA2611056010624,Event,3,2026-Sem2
EV005664,RA2611056010621,RA2611056010624,Event,2,2026-Sem2
EV005665,RA2611056010621,RA2611056010624,Event,4,2026-Sem1
EV005666,RA2611056010621,RA2611056010624,Event,2,2026-Sem1
EV005667,RA2611056010621,RA2611056010624,Event,4,2026-Sem1
EV005668,RA2611056010621,RA2611056010625,Event,4,2026-Sem2
EV005669,RA2611056010621,RA2611056010625,Event,1,2026-Sem2
EV005670,RA2611056010621,RA2611056010625,Event,2,2026-Sem2
EV005671,RA2611056010621,RA2611056010625,Event,3,2026-Sem1
EV005672,RA2611056010621,RA2611056010626,Social,1,2026-Sem2
EV005673,RA2611056010621,RA2611056010627,Event,3,2026-Sem1
EV005674,RA2611056010621,RA2611056010627,Event,2,2026-Sem2
EV005675,RA2611056010621,RA2611056010627,Event,3,2026-Sem2
EV005676,RA2611056010621,RA2611056010628,Project,2,2026-Sem2
EV005677,RA2611056010621,RA2611056010630,Project,2,2026-Sem2
EV005678,RA2611056010621,RA2611056010631,Event,3,2026-Sem1
EV005679,RA2611056010621,RA2611056010631,Event,3,2026-Sem1
EV005680,RA2611056010621,RA2611056010632,Academic,3,2026-Sem1
EV005681,RA2611056010621,RA2611056010632,Academic,3,2026-Sem2
EV005682,RA2611056010621,RA2611056010633,Event,3,2026-Sem1
EV005683,RA2611056010621,RA2611056010634,Project,1,2026-Sem2
EV005684,RA2611056010621,RA2611056010634,Project,2,2026-Sem2
EV005685,RA2611056010621,RA2611056010634,Project,4,2026-Sem1
EV005686,RA2611056010621,RA2611056010634,Project,2,2026-Sem1
EV005687,RA2611056010621,RA2611056010634,Project,4,2026-Sem2
EV005688,RA2611056010621,RA2611056010634,Project,1,2026-Sem1
EV005689,RA2611056010621,RA2611056010635,Project,1,2026-Sem1
EV005690,RA2611056010621,RA2611056010636,Social,4,2026-Sem2
EV005691,RA2611056010622,RA2611056010626,Project,2,2026-Sem1
EV005692,RA2611056010622,RA2611056010626,Project,3,2026-Sem2
EV005693,RA2611056010622,RA2611056010626,Project,2,2026-Sem1
EV005694,RA2611056010622,RA2611056010627,Academic,2,2026-Sem2
EV005695,RA2611056010622,RA2611056010627,Academic,2,2026-Sem1
EV005696,RA2611056010622,RA2611056010627,Academic,4,2026-Sem1
EV005697,RA2611056010622,RA2611056010627,Academic,2,2026-Sem2
EV005698,RA2611056010622,RA2611056010627,Academic,4,2026-Sem1
EV005699,RA2611056010622,RA2611056010628,Academic,4,2026-Sem1
EV005700,RA2611056010622,RA2611056010630,Project,1,2026-Sem1
EV005701,RA2611056010622,RA2611056010630,Project,2,2026-Sem2
EV005702,RA2611056010622,RA2611056010630,Project,4,2026-Sem1
EV005703,RA2611056010622,RA2611056010632,Social,4,2026-Sem1
EV005704,RA2611056010622,RA2611056010633,Academic,3,2026-Sem1
EV005705,RA2611056010622,RA2611056010633,Academic,3,2026-Sem1
EV005706,RA2611056010622,RA2611056010634,Academic,3,2026-Sem2
EV005707,RA2611056010622,RA2611056010636,Academic,3,2026-Sem1
EV005708,RA2611056010623,RA2611056010624,Social,1,2026-Sem1
EV005709,RA2611056010623,RA2611056010629,Social,2,2026-Sem2
EV005710,RA2611056010623,RA2611056010631,Project,1,2026-Sem2
EV005711,RA2611056010623,RA2611056010631,Project,2,2026-Sem1
EV005712,RA2611056010623,RA2611056010631,Project,3,2026-Sem1
EV005713,RA2611056010623,RA2611056010634,Event,1,2026-Sem1
EV005714,RA2611056010623,RA2611056010635,Academic,1,2026-Sem1
EV005715,RA2611056010624,RA2611056010625,Event,1,2026-Sem1
EV005716,RA2611056010624,RA2611056010627,Social,4,2026-Sem2
EV005717,RA2611056010624,RA2611056010628,Event,3,2026-Sem2
EV005718,RA2611056010624,RA2611056010629,Social,4,2026-Sem1
EV005719,RA2611056010624,RA2611056010629,Social,4,2026-Sem1
EV005720,RA2611056010624,RA2611056010630,Event,4,2026-Sem2
EV005721,RA2611056010624,RA2611056010631,Event,1,2026-Sem2
EV005722,RA2611056010624,RA2611056010632,Academic,1,2026-Sem2
EV005723,RA2611056010624,RA2611056010632,Academic,4,2026-Sem1
EV005724,RA2611056010624,RA2611056010632,Academic,1,2026-Sem2
EV005725,RA2611056010624,RA2611056010634,Event,3,2026-Sem1
EV005726,RA2611056010625,RA2611056010627,Social,3,2026-Sem1
EV005727,RA2611056010625,RA2611056010627,Social,2,2026-Sem2
EV005728,RA2611056010625,RA2611056010633,Project,4,2026-Sem2
EV005729,RA2611056010625,RA2611056010633,Project,1,2026-Sem2
EV005730,RA2611056010625,RA2611056010633,Project,4,2026-Sem2
EV005731,RA2611056010625,RA2611056010634,Event,3,2026-Sem2
EV005732,RA2611056010625,RA2611056010634,Event,4,2026-Sem2
EV005733,RA2611056010625,RA2611056010635,Academic,3,2026-Sem1
EV005734,RA2611056010625,RA2611056010635,Academic,4,2026-Sem1
EV005735,RA2611056010625,RA2611056010636,Event,3,2026-Sem2
EV005736,RA2611056010625,RA2611056010636,Event,2,2026-Sem2
EV005737,RA2611056010625,RA2611056010636,Event,4,2026-Sem1
EV005738,RA2611056010626,RA2611056010629,Academic,4,2026-Sem2
EV005739,RA2611056010626,RA2611056010632,Academic,1,2026-Sem2
EV005740,RA2611056010626,RA2611056010635,Project,2,2026-Sem1
EV005741,RA2611056010627,RA2611056010629,Event,3,2026-Sem1
EV005742,RA2611056010627,RA2611056010629,Event,4,2026-Sem1
EV005743,RA2611056010627,RA2611056010631,Project,3,2026-Sem2
EV005744,RA2611056010627,RA2611056010634,Social,3,2026-Sem1
EV005745,RA2611056010627,RA2611056010636,Social,1,2026-Sem2
EV005746,RA2611056010628,RA2611056010629,Academic,3,2026-Sem2
EV005747,RA2611056010628,RA2611056010633,Project,2,2026-Sem2
EV005748,RA2611056010628,RA2611056010633,Project,2,2026-Sem1
EV005749,RA2611056010628,RA2611056010633,Project,4,2026-Sem1
EV005750,RA2611056010628,RA2611056010635,Social,2,2026-Sem1
EV005751,RA2611056010629,RA2611056010630,Project,4,2026-Sem2
EV005752,RA2611056010629,RA2611056010631,Event,2,2026-Sem2
EV005753,RA2611056010629,RA2611056010632,Academic,2,2026-Sem1
EV005754,RA2611056010629,RA2611056010634,Academic,3,2026-Sem1
EV005755,RA2611056010630,RA2611056010631,Event,1,2026-Sem1
EV005756,RA2611056010631,RA2611056010633,Project,3,2026-Sem2
EV005757,RA2611056010631,RA2611056010634,Academic,1,2026-Sem1
EV005758,RA2611056010631,RA2611056010634,Academic,2,2026-Sem1
EV005759,RA2611056010631,RA2611056010634,Academic,3,2026-Sem2
EV005760,RA2611056010631,RA2611056010636,Social,1,2026-Sem2
EV005761,RA2611056010632,RA2611056010634,Event,1,2026-Sem2
EV005762,RA2611056010633,RA2611056010634,Project,3,2026-Sem1
EV005763,RA2611056010633,RA2611056010634,Project,1,2026-Sem1
EV005764,RA2611056010633,RA2611056010634,Project,4,2026-Sem2
EV005765,RA2611056010633,RA2611056010636,Social,4,2026-Sem1
EV005766,RA2611056010634,RA2611056010635,Event,1,2026-Sem2
EV005767,RA2611056010634,RA2611056010636,Academic,4,2026-Sem2
EV005768,RA2611056010634,RA2611056010636,Academic,1,2026-Sem2
EV005769,RA2611056010635,RA2611056010636,Academic,1,2026-Sem1
EV005770,RA2311003010001,RA2411003010036,Project,4,2026-Sem2
EV005771,RA2311003010001,RA2411003010036,Project,2,2026-Sem2
EV005772,RA2311003010001,RA2411003010036,Project,3,2026-Sem2
EV005773,RA2311003010002,RA2511003010063,Project,3,2026-Sem2
EV005774,RA2311003010003,RA2411003010024,Project,4,2026-Sem1
EV005775,RA2311003010003,RA2411003010024,Project,1,2026-Sem2
EV005776,RA2311003010010,RA2511003010063,Project,1,2026-Sem2
EV005777,RA2311003010011,RA2511003010059,Academic,4,2026-Sem1
EV005778,RA2311003010013,RA2611003010085,Project,3,2026-Sem1
EV005779,RA2311003010015,RA2411003010039,Project,3,2026-Sem1
EV005780,RA2311003010015,RA2411003010039,Project,1,2026-Sem1
EV005781,RA2311003010015,RA2411003010039,Project,3,2026-Sem1
EV005782,RA2311003010015,RA2411003010039,Project,3,2026-Sem1
EV005783,RA2311003010015,RA2411003010039,Project,2,2026-Sem2
EV005784,RA2311003010016,RA2411003010045,Project,2,2026-Sem2
EV005785,RA2311003010017,RA2611003010082,Project,2,2026-Sem1
EV005786,RA2311003010017,RA2611003010082,Project,3,2026-Sem1
EV005787,RA2311003010018,RA2611003010079,Academic,2,2026-Sem2
EV005788,RA2311003010021,RA2411003010040,Academic,1,2026-Sem2
EV005789,RA2311003010022,RA2511003010066,Academic,4,2026-Sem2
EV005790,RA2311003010022,RA2611003010075,Academic,1,2026-Sem1
EV005791,RA2411003010024,RA2611003010071,Project,4,2026-Sem2
EV005792,RA2411003010025,RA2511003010069,Academic,4,2026-Sem2
EV005793,RA2411003010027,RA2511003010057,Academic,2,2026-Sem2
EV005794,RA2411003010027,RA2511003010057,Academic,3,2026-Sem1
EV005795,RA2411003010027,RA2611003010081,Project,1,2026-Sem2
EV005796,RA2411003010029,RA2511003010057,Project,3,2026-Sem2
EV005797,RA2411003010029,RA2511003010057,Project,1,2026-Sem1
EV005798,RA2411003010029,RA2511003010057,Project,4,2026-Sem2
EV005799,RA2411003010030,RA2611003010092,Academic,2,2026-Sem2
EV005800,RA2311003010006,RA2411003010032,Academic,2,2026-Sem2
EV005801,RA2311003010011,RA2411003010032,Academic,4,2026-Sem2
EV005802,RA2411003010036,RA2511003010062,Project,2,2026-Sem2
EV005803,RA2411003010037,RA2511003010068,Academic,3,2026-Sem2
EV005804,RA2411003010037,RA2511003010061,Academic,3,2026-Sem1
EV005805,RA2411003010037,RA2511003010061,Academic,2,2026-Sem1
EV005806,RA2411003010038,RA2511003010058,Project,1,2026-Sem2
EV005807,RA2411003010039,RA2611003010073,Academic,3,2026-Sem1
EV005808,RA2411003010039,RA2611003010081,Project,4,2026-Sem1
EV005809,RA2411003010039,RA2611003010081,Project,1,2026-Sem1
EV005810,RA2411003010039,RA2611003010081,Project,4,2026-Sem1
EV005811,RA2411003010039,RA2511003010064,Project,2,2026-Sem1
EV005812,RA2411003010041,RA2611003010071,Project,3,2026-Sem1
EV005813,RA2411003010042,RA2611003010091,Academic,2,2026-Sem1
EV005814,RA2411003010042,RA2611003010072,Academic,4,2026-Sem1
EV005815,RA2411003010042,RA2611003010072,Academic,1,2026-Sem2
EV005816,RA2411003010043,RA2611003010086,Academic,2,2026-Sem2
EV005817,RA2311003010001,RA2411003010044,Project,2,2026-Sem1
EV005818,RA2311003010001,RA2411003010044,Project,3,2026-Sem2
EV005819,RA2311003010014,RA2411003010046,Academic,2,2026-Sem2
EV005820,RA2411003010035,RA2511003010047,Academic,1,2026-Sem2
EV005821,RA2511003010049,RA2611003010076,Academic,1,2026-Sem1
EV005822,RA2311003010005,RA2511003010050,Project,1,2026-Sem1
EV005823,RA2411003010038,RA2511003010050,Project,2,2026-Sem1
EV005824,RA2411003010038,RA2511003010050,Project,3,2026-Sem2
EV005825,RA2411003010038,RA2511003010050,Project,2,2026-Sem2
EV005826,RA2311003010014,RA2511003010055,Project,1,2026-Sem1
EV005827,RA2511003010056,RA2611003010086,Academic,2,2026-Sem1
EV005828,RA2311003010021,RA2511003010059,Project,1,2026-Sem2
EV005829,RA2311003010010,RA2511003010059,Project,1,2026-Sem2
EV005830,RA2311003010011,RA2511003010060,Academic,1,2026-Sem1
EV005831,RA2311003010011,RA2511003010060,Academic,4,2026-Sem1
EV005832,RA2311003010021,RA2511003010060,Project,1,2026-Sem1
EV005833,RA2311003010021,RA2511003010060,Project,3,2026-Sem2
EV005834,RA2311003010021,RA2511003010060,Project,3,2026-Sem2
EV005835,RA2511003010062,RA2611003010083,Project,2,2026-Sem1
EV005836,RA2311003010016,RA2511003010063,Academic,2,2026-Sem2
EV005837,RA2511003010065,RA2611003010072,Academic,2,2026-Sem1
EV005838,RA2411003010025,RA2511003010065,Academic,2,2026-Sem1
EV005839,RA2511003010067,RA2611003010076,Project,4,2026-Sem2
EV005840,RA2511003010067,RA2611003010076,Project,2,2026-Sem2
EV005841,RA2311003010019,RA2511003010067,Academic,4,2026-Sem1
EV005842,RA2311003010019,RA2511003010067,Academic,1,2026-Sem2
EV005843,RA2311003010020,RA2511003010068,Academic,3,2026-Sem2
EV005844,RA2311003010020,RA2511003010068,Academic,2,2026-Sem2
EV005845,RA2311003010023,RA2511003010069,Academic,1,2026-Sem2
EV005846,RA2311003010023,RA2511003010069,Academic,4,2026-Sem2
EV005847,RA2411003010039,RA2611003010074,Project,2,2026-Sem1
EV005848,RA2411003010042,RA2611003010075,Project,3,2026-Sem1
EV005849,RA2511003010065,RA2611003010076,Project,2,2026-Sem2
EV005850,RA2511003010065,RA2611003010076,Project,1,2026-Sem2
EV005851,RA2511003010065,RA2611003010076,Project,4,2026-Sem2
EV005852,RA2311003010008,RA2611003010076,Project,3,2026-Sem2
EV005853,RA2511003010054,RA2611003010077,Project,3,2026-Sem1
EV005854,RA2511003010058,RA2611003010077,Project,1,2026-Sem2
EV005855,RA2511003010058,RA2611003010077,Project,3,2026-Sem2
EV005856,RA2511003010058,RA2611003010077,Project,2,2026-Sem1
EV005857,RA2511003010066,RA2611003010078,Project,4,2026-Sem2
EV005858,RA2311003010018,RA2611003010080,Academic,4,2026-Sem2
EV005859,RA2311003010018,RA2611003010080,Academic,4,2026-Sem2
EV005860,RA2311003010009,RA2611003010080,Academic,3,2026-Sem2
EV005861,RA2311003010009,RA2611003010080,Academic,4,2026-Sem1
EV005862,RA2511003010069,RA2611003010082,Academic,2,2026-Sem1
EV005863,RA2311003010021,RA2611003010084,Project,4,2026-Sem2
EV005864,RA2311003010010,RA2611003010084,Academic,3,2026-Sem1
EV005865,RA2511003010058,RA2611003010085,Project,3,2026-Sem1
EV005866,RA2511003010058,RA2611003010085,Project,2,2026-Sem1
EV005867,RA2411003010044,RA2611003010085,Project,1,2026-Sem2
EV005868,RA2311003010022,RA2611003010085,Project,1,2026-Sem2
EV005869,RA2311003010022,RA2611003010086,Academic,1,2026-Sem2
EV005870,RA2511003010049,RA2611003010087,Academic,4,2026-Sem2
EV005871,RA2411003010043,RA2611003010087,Project,1,2026-Sem1
EV005872,RA2411003010043,RA2611003010087,Project,4,2026-Sem2
EV005873,RA2411003010043,RA2611003010087,Project,1,2026-Sem2
EV005874,RA2311003010019,RA2611003010089,Project,1,2026-Sem2
EV005875,RA2411003010043,RA2611003010091,Academic,1,2026-Sem1
EV005876,RA2411003010027,RA2611003010092,Academic,2,2026-Sem1
EV005877,RA2411003010038,RA2611003010092,Academic,4,2026-Sem2
EV005878,RA2411003010038,RA2611003010092,Academic,2,2026-Sem1
EV005879,RA2311027010094,RA2611027010167,Academic,3,2026-Sem2
EV005880,RA2311027010094,RA2611027010167,Academic,3,2026-Sem1
EV005881,RA2311027010094,RA2611027010175,Academic,1,2026-Sem2
EV005882,RA2311027010098,RA2511027010150,Academic,1,2026-Sem2
EV005883,RA2311027010098,RA2611027010168,Academic,4,2026-Sem1
EV005884,RA2311027010103,RA2611027010179,Project,2,2026-Sem1
EV005885,RA2311027010104,RA2611027010165,Project,1,2026-Sem2
EV005886,RA2311027010104,RA2511027010140,Academic,4,2026-Sem1
EV005887,RA2311027010106,RA2411027010127,Project,2,2026-Sem2
EV005888,RA2311027010106,RA2511027010155,Academic,1,2026-Sem1
EV005889,RA2311027010106,RA2511027010155,Academic,4,2026-Sem1
EV005890,RA2311027010107,RA2611027010166,Project,4,2026-Sem1
EV005891,RA2311027010108,RA2511027010148,Academic,1,2026-Sem2
EV005892,RA2311027010108,RA2511027010152,Academic,3,2026-Sem2
EV005893,RA2311027010108,RA2511027010152,Academic,2,2026-Sem2
EV005894,RA2311027010108,RA2511027010152,Academic,3,2026-Sem1
EV005895,RA2311027010110,RA2511027010147,Project,1,2026-Sem2
EV005896,RA2311027010111,RA2411027010119,Project,2,2026-Sem1
EV005897,RA2311027010113,RA2611027010177,Academic,1,2026-Sem2
EV005898,RA2311027010113,RA2411027010123,Academic,3,2026-Sem2
EV005899,RA2311027010113,RA2411027010123,Academic,3,2026-Sem2
EV005900,RA2411027010116,RA2511027010145,Academic,4,2026-Sem1
EV005901,RA2311027010101,RA2411027010117,Project,2,2026-Sem1
EV005902,RA2411027010117,RA2611027010162,Academic,2,2026-Sem1
EV005903,RA2411027010117,RA2611027010162,Academic,3,2026-Sem2
EV005904,RA2411027010121,RA2511027010139,Project,3,2026-Sem2
EV005905,RA2311027010111,RA2411027010125,Project,1,2026-Sem1
EV005906,RA2411027010125,RA2511027010156,Academic,3,2026-Sem1
EV005907,RA2311027010114,RA2411027010128,Academic,2,2026-Sem2
EV005908,RA2411027010129,RA2611027010167,Project,4,2026-Sem1
EV005909,RA2411027010130,RA2611027010169,Academic,1,2026-Sem1
EV005910,RA2411027010130,RA2611027010169,Academic,4,2026-Sem1
EV005911,RA2311027010100,RA2411027010133,Academic,4,2026-Sem2
EV005912,RA2411027010134,RA2511027010147,Academic,4,2026-Sem2
EV005913,RA2311027010106,RA2411027010136,Project,1,2026-Sem2
EV005914,RA2411027010136,RA2611027010175,Academic,3,2026-Sem2
EV005915,RA2411027010136,RA2611027010175,Academic,4,2026-Sem2
EV005916,RA2411027010137,RA2511027010150,Project,2,2026-Sem1
EV005917,RA2311027010113,RA2511027010138,Academic,2,2026-Sem2
EV005918,RA2411027010117,RA2511027010140,Project,1,2026-Sem1
EV005919,RA2411027010117,RA2511027010140,Project,4,2026-Sem2
EV005920,RA2411027010117,RA2511027010140,Project,3,2026-Sem2
EV005921,RA2511027010140,RA2611027010175,Academic,1,2026-Sem2
EV005922,RA2311027010095,RA2511027010144,Academic,4,2026-Sem2
EV005923,RA2511027010145,RA2611027010175,Academic,1,2026-Sem2
EV005924,RA2511027010146,RA2611027010167,Academic,3,2026-Sem2
EV005925,RA2411027010130,RA2511027010147,Project,1,2026-Sem1
EV005926,RA2311027010101,RA2511027010147,Academic,1,2026-Sem2
EV005927,RA2311027010101,RA2511027010147,Academic,1,2026-Sem1
EV005928,RA2311027010101,RA2511027010147,Academic,2,2026-Sem1
EV005929,RA2311027010101,RA2511027010147,Academic,3,2026-Sem1
EV005930,RA2311027010101,RA2511027010147,Academic,3,2026-Sem1
EV005931,RA2411027010132,RA2511027010148,Academic,2,2026-Sem2
EV005932,RA2311027010109,RA2511027010149,Academic,3,2026-Sem2
EV005933,RA2311027010109,RA2511027010149,Academic,4,2026-Sem2
EV005934,RA2311027010109,RA2511027010151,Project,1,2026-Sem1
EV005935,RA2511027010152,RA2611027010175,Academic,1,2026-Sem1
EV005936,RA2511027010152,RA2611027010175,Academic,3,2026-Sem1
EV005937,RA2511027010152,RA2611027010175,Academic,2,2026-Sem2
EV005938,RA2411027010126,RA2511027010152,Project,2,2026-Sem1
EV005939,RA2411027010127,RA2511027010154,Academic,2,2026-Sem1
EV005940,RA2511027010154,RA2611027010164,Academic,1,2026-Sem1
EV005941,RA2411027010116,RA2511027010156,Academic,2,2026-Sem2
EV005942,RA2511027010157,RA2611027010169,Project,2,2026-Sem2
EV005943,RA2511027010157,RA2611027010169,Project,3,2026-Sem2
EV005944,RA2511027010160,RA2611027010162,Project,1,2026-Sem1
EV005945,RA2511027010160,RA2611027010162,Project,2,2026-Sem2
EV005946,RA2511027010160,RA2611027010162,Project,3,2026-Sem2
EV005947,RA2311027010112,RA2511027010160,Academic,2,2026-Sem1
EV005948,RA2311027010098,RA2611027010163,Academic,1,2026-Sem1
EV005949,RA2311027010098,RA2611027010163,Academic,3,2026-Sem2
EV005950,RA2311027010098,RA2611027010163,Academic,2,2026-Sem1
EV005951,RA2311027010098,RA2611027010163,Academic,3,2026-Sem1
EV005952,RA2511027010155,RA2611027010163,Project,3,2026-Sem1
EV005953,RA2511027010146,RA2611027010169,Academic,1,2026-Sem1
EV005954,RA2511027010156,RA2611027010169,Project,2,2026-Sem2
EV005955,RA2511027010156,RA2611027010169,Project,4,2026-Sem2
EV005956,RA2511027010148,RA2611027010170,Project,1,2026-Sem2
EV005957,RA2411027010130,RA2611027010173,Project,1,2026-Sem1
EV005958,RA2411027010130,RA2611027010173,Project,4,2026-Sem2
EV005959,RA2511027010147,RA2611027010174,Academic,1,2026-Sem2
EV005960,RA2511027010147,RA2611027010174,Academic,1,2026-Sem2
EV005961,RA2511027010147,RA2611027010174,Academic,4,2026-Sem1
EV005962,RA2411027010118,RA2611027010174,Project,1,2026-Sem1
EV005963,RA2311027010097,RA2611027010177,Project,2,2026-Sem2
EV005964,RA2511027010160,RA2611027010177,Academic,3,2026-Sem1
EV005965,RA2511027010160,RA2611027010177,Academic,4,2026-Sem2
EV005966,RA2511027010159,RA2611027010178,Academic,3,2026-Sem2
EV005967,RA2411027010127,RA2611027010179,Project,1,2026-Sem1
EV005968,RA2411027010131,RA2611027010179,Project,2,2026-Sem1
EV005969,RA2311027010099,RA2611027010179,Project,1,2026-Sem1
EV005970,RA2411027010127,RA2611027010181,Project,4,2026-Sem2
EV005971,RA2411027010127,RA2611027010181,Project,1,2026-Sem2
EV005972,RA2411027010127,RA2611027010181,Project,4,2026-Sem2
EV005973,RA2511027010152,RA2611027010181,Academic,2,2026-Sem1
EV005974,RA2311027010099,RA2611027010182,Project,4,2026-Sem2
EV005975,RA2311028010183,RA2611028010256,Academic,1,2026-Sem1
EV005976,RA2311028010183,RA2611028010256,Academic,4,2026-Sem2
EV005977,RA2311028010184,RA2411028010218,Project,2,2026-Sem1
EV005978,RA2311028010186,RA2611028010257,Project,3,2026-Sem1
EV005979,RA2311028010186,RA2411028010222,Project,2,2026-Sem2
EV005980,RA2311028010186,RA2411028010222,Project,3,2026-Sem1
EV005981,RA2311028010187,RA2411028010225,Academic,4,2026-Sem1
EV005982,RA2311028010187,RA2411028010225,Academic,4,2026-Sem1
EV005983,RA2311028010187,RA2411028010225,Academic,1,2026-Sem1
EV005984,RA2311028010189,RA2611028010270,Academic,1,2026-Sem1
EV005985,RA2311028010190,RA2411028010227,Academic,2,2026-Sem1
EV005986,RA2311028010191,RA2611028010260,Project,2,2026-Sem1
EV005987,RA2311028010191,RA2611028010260,Project,4,2026-Sem1
EV005988,RA2311028010192,RA2511028010250,Project,3,2026-Sem2
EV005989,RA2311028010192,RA2511028010250,Project,4,2026-Sem1
EV005990,RA2311028010193,RA2411028010221,Academic,2,2026-Sem1
EV005991,RA2311028010193,RA2411028010221,Academic,3,2026-Sem1
EV005992,RA2311028010193,RA2411028010221,Academic,2,2026-Sem1
EV005993,RA2311028010193,RA2611028010271,Academic,3,2026-Sem1
EV005994,RA2311028010194,RA2611028010258,Academic,1,2026-Sem2
EV005995,RA2311028010195,RA2611028010271,Academic,1,2026-Sem1
EV005996,RA2311028010197,RA2611028010259,Academic,4,2026-Sem2
EV005997,RA2311028010197,RA2611028010259,Academic,1,2026-Sem2
EV005998,RA2311028010200,RA2611028010259,Project,3,2026-Sem2
EV005999,RA2311028010200,RA2611028010259,Project,2,2026-Sem2
EV006000,RA2311028010200,RA2611028010259,Project,4,2026-Sem2
EV006001,RA2311028010201,RA2511028010246,Academic,1,2026-Sem2
EV006002,RA2311028010201,RA2511028010246,Academic,4,2026-Sem1
EV006003,RA2311028010201,RA2511028010246,Academic,3,2026-Sem1
EV006004,RA2311028010202,RA2411028010227,Academic,2,2026-Sem2
EV006005,RA2311028010202,RA2411028010227,Academic,3,2026-Sem1
EV006006,RA2411028010207,RA2611028010271,Project,2,2026-Sem1
EV006007,RA2411028010208,RA2611028010262,Project,4,2026-Sem1
EV006008,RA2411028010209,RA2611028010266,Academic,3,2026-Sem1
EV006009,RA2311028010197,RA2411028010211,Academic,1,2026-Sem2
EV006010,RA2411028010211,RA2511028010250,Academic,1,2026-Sem2
EV006011,RA2411028010212,RA2511028010237,Academic,2,2026-Sem1
EV006012,RA2411028010214,RA2611028010257,Academic,1,2026-Sem2
EV006013,RA2411028010215,RA2511028010236,Project,1,2026-Sem2
EV006014,RA2411028010215,RA2611028010271,Academic,4,2026-Sem1
EV006015,RA2411028010215,RA2611028010271,Academic,2,2026-Sem1
EV006016,RA2411028010215,RA2611028010271,Academic,3,2026-Sem1
EV006017,RA2311028010202,RA2411028010216,Project,4,2026-Sem2
EV006018,RA2411028010218,RA2611028010254,Academic,4,2026-Sem1
EV006019,RA2311028010201,RA2411028010220,Academic,1,2026-Sem1
EV006020,RA2311028010201,RA2411028010220,Academic,4,2026-Sem1
EV006021,RA2411028010220,RA2511028010237,Academic,1,2026-Sem1
EV006022,RA2411028010221,RA2511028010240,Academic,1,2026-Sem1
EV006023,RA2411028010221,RA2611028010273,Academic,1,2026-Sem1
EV006024,RA2311028010189,RA2411028010221,Academic,2,2026-Sem1
EV006025,RA2311028010189,RA2411028010221,Academic,3,2026-Sem1
EV006026,RA2411028010222,RA2611028010268,Academic,3,2026-Sem2
EV006027,RA2411028010225,RA2611028010255,Academic,2,2026-Sem2
EV006028,RA2411028010227,RA2611028010262,Project,2,2026-Sem2
EV006029,RA2311028010191,RA2511028010230,Academic,2,2026-Sem1
EV006030,RA2311028010191,RA2511028010230,Academic,3,2026-Sem2
EV006031,RA2511028010231,RA2611028010263,Project,1,2026-Sem1
EV006032,RA2511028010231,RA2611028010252,Project,2,2026-Sem1
EV006033,RA2511028010231,RA2611028010252,Project,3,2026-Sem2
EV006034,RA2511028010231,RA2611028010252,Project,3,2026-Sem2
EV006035,RA2311028010199,RA2511028010232,Academic,1,2026-Sem1
EV006036,RA2311028010199,RA2511028010232,Academic,4,2026-Sem1
EV006037,RA2311028010199,RA2511028010232,Academic,2,2026-Sem2
EV006038,RA2311028010198,RA2511028010234,Project,2,2026-Sem1
EV006039,RA2511028010234,RA2611028010267,Academic,3,2026-Sem2
EV006040,RA2411028010213,RA2511028010236,Project,3,2026-Sem2
EV006041,RA2411028010225,RA2511028010237,Academic,1,2026-Sem2
EV006042,RA2411028010225,RA2511028010237,Academic,2,2026-Sem1
EV006043,RA2411028010225,RA2511028010237,Academic,3,2026-Sem1
EV006044,RA2411028010212,RA2511028010238,Academic,1,2026-Sem1
EV006045,RA2511028010241,RA2611028010264,Academic,1,2026-Sem1
EV006046,RA2511028010241,RA2611028010264,Academic,4,2026-Sem1
EV006047,RA2511028010241,RA2611028010264,Academic,3,2026-Sem1
EV006048,RA2311028010200,RA2511028010242,Academic,3,2026-Sem2
EV006049,RA2311028010187,RA2511028010243,Project,3,2026-Sem2
EV006050,RA2411028010210,RA2511028010243,Project,2,2026-Sem1
EV006051,RA2311028010196,RA2511028010246,Academic,1,2026-Sem2
EV006052,RA2311028010196,RA2511028010246,Academic,3,2026-Sem2
EV006053,RA2311028010196,RA2511028010246,Academic,1,2026-Sem1
EV006054,RA2311028010196,RA2511028010246,Academic,4,2026-Sem1
EV006055,RA2311028010196,RA2511028010246,Academic,1,2026-Sem2
EV006056,RA2311028010188,RA2511028010247,Project,1,2026-Sem1
EV006057,RA2311028010188,RA2511028010247,Project,4,2026-Sem2
EV006058,RA2311028010197,RA2511028010249,Project,1,2026-Sem2
EV006059,RA2411028010216,RA2511028010250,Academic,2,2026-Sem2
EV006060,RA2511028010243,RA2611028010253,Academic,3,2026-Sem2
EV006061,RA2511028010243,RA2611028010253,Academic,3,2026-Sem2
EV006062,RA2311028010193,RA2611028010253,Project,2,2026-Sem1
EV006063,RA2311028010195,RA2611028010254,Academic,4,2026-Sem1
EV006064,RA2311028010195,RA2611028010254,Academic,2,2026-Sem2
EV006065,RA2411028010223,RA2611028010254,Project,4,2026-Sem1
EV006066,RA2411028010228,RA2611028010254,Project,1,2026-Sem2
EV006067,RA2411028010214,RA2611028010255,Project,4,2026-Sem1
EV006068,RA2411028010215,RA2611028010256,Academic,4,2026-Sem2
EV006069,RA2411028010215,RA2611028010256,Academic,2,2026-Sem2
EV006070,RA2311028010191,RA2611028010256,Project,4,2026-Sem2
EV006071,RA2311028010191,RA2611028010256,Project,4,2026-Sem1
EV006072,RA2411028010209,RA2611028010257,Project,2,2026-Sem2
EV006073,RA2311028010196,RA2611028010258,Project,2,2026-Sem1
EV006074,RA2511028010240,RA2611028010258,Project,4,2026-Sem2
EV006075,RA2511028010235,RA2611028010258,Academic,3,2026-Sem1
EV006076,RA2511028010235,RA2611028010258,Academic,2,2026-Sem2
EV006077,RA2311028010191,RA2611028010261,Project,1,2026-Sem2
EV006078,RA2311028010191,RA2611028010261,Project,2,2026-Sem1
EV006079,RA2311028010191,RA2611028010261,Project,3,2026-Sem2
EV006080,RA2311028010186,RA2611028010262,Project,3,2026-Sem2
EV006081,RA2311028010186,RA2611028010262,Project,3,2026-Sem2
EV006082,RA2511028010247,RA2611028010262,Academic,2,2026-Sem2
EV006083,RA2511028010244,RA2611028010269,Academic,2,2026-Sem1
EV006084,RA2311028010184,RA2611028010269,Project,2,2026-Sem2
EV006085,RA2411028010208,RA2611028010270,Project,1,2026-Sem1
EV006086,RA2511028010242,RA2611028010272,Project,4,2026-Sem2
EV006087,RA2311028010188,RA2611028010273,Academic,4,2026-Sem2
EV006088,RA2311028010188,RA2611028010273,Academic,2,2026-Sem2
EV006089,RA2311029010274,RA2511029010339,Project,4,2026-Sem1
EV006090,RA2311029010275,RA2411029010318,Project,4,2026-Sem2
EV006091,RA2311029010276,RA2611029010357,Project,2,2026-Sem1
EV006092,RA2311029010276,RA2611029010353,Project,1,2026-Sem1
EV006093,RA2311029010276,RA2611029010353,Project,4,2026-Sem2
EV006094,RA2311029010276,RA2611029010353,Project,3,2026-Sem2
EV006095,RA2311029010277,RA2411029010310,Project,1,2026-Sem1
EV006096,RA2311029010277,RA2511029010341,Academic,1,2026-Sem2
EV006097,RA2311029010278,RA2511029010328,Academic,2,2026-Sem1
EV006098,RA2311029010279,RA2611029010354,Project,2,2026-Sem2
EV006099,RA2311029010279,RA2511029010331,Project,4,2026-Sem2
EV006100,RA2311029010281,RA2411029010314,Academic,4,2026-Sem2
EV006101,RA2311029010283,RA2611029010360,Academic,3,2026-Sem1
EV006102,RA2311029010283,RA2611029010360,Academic,2,2026-Sem1
EV006103,RA2311029010283,RA2611029010352,Academic,3,2026-Sem2
EV006104,RA2311029010286,RA2511029010322,Academic,3,2026-Sem1
EV006105,RA2311029010293,RA2511029010330,Project,4,2026-Sem2
EV006106,RA2311029010293,RA2511029010330,Project,1,2026-Sem1
EV006107,RA2311029010293,RA2611029010360,Project,3,2026-Sem1
EV006108,RA2311029010296,RA2611029010352,Project,4,2026-Sem2
EV006109,RA2311029010296,RA2611029010352,Project,2,2026-Sem2
EV006110,RA2311029010296,RA2611029010352,Project,4,2026-Sem1
EV006111,RA2311029010296,RA2611029010352,Project,4,2026-Sem1
EV006112,RA2311029010296,RA2611029010362,Project,3,2026-Sem1
EV006113,RA2311029010296,RA2611029010362,Project,4,2026-Sem2
EV006114,RA2311029010296,RA2411029010299,Academic,1,2026-Sem2
EV006115,RA2411029010297,RA2611029010363,Project,1,2026-Sem2
EV006116,RA2411029010298,RA2511029010328,Project,2,2026-Sem2
EV006117,RA2311029010293,RA2411029010300,Academic,2,2026-Sem1
EV006118,RA2411029010301,RA2511029010339,Project,2,2026-Sem1
EV006119,RA2411029010302,RA2611029010344,Project,4,2026-Sem2
EV006120,RA2411029010302,RA2611029010344,Project,4,2026-Sem1
EV006121,RA2411029010302,RA2611029010344,Project,1,2026-Sem2
EV006122,RA2411029010303,RA2611029010353,Project,2,2026-Sem2
EV006123,RA2411029010304,RA2611029010357,Project,4,2026-Sem2
EV006124,RA2311029010295,RA2411029010306,Project,3,2026-Sem1
EV006125,RA2311029010293,RA2411029010307,Academic,2,2026-Sem1
EV006126,RA2411029010309,RA2611029010342,Academic,1,2026-Sem1
EV006127,RA2411029010310,RA2511029010339,Project,3,2026-Sem2
EV006128,RA2311029010292,RA2411029010310,Project,3,2026-Sem2
EV006129,RA2411029010311,RA2611029010357,Academic,2,2026-Sem1
EV006130,RA2411029010311,RA2611029010357,Academic,1,2026-Sem1
EV006131,RA2411029010311,RA2611029010357,Academic,4,2026-Sem2
EV006132,RA2411029010311,RA2511029010330,Project,2,2026-Sem1
EV006133,RA2411029010313,RA2511029010323,Academic,1,2026-Sem2
EV006134,RA2311029010280,RA2411029010315,Project,2,2026-Sem1
EV006135,RA2311029010293,RA2411029010316,Project,2,2026-Sem1
EV006136,RA2311029010286,RA2411029010317,Project,4,2026-Sem2
EV006137,RA2411029010317,RA2511029010332,Academic,1,2026-Sem1
EV006138,RA2411029010318,RA2511029010336,Academic,4,2026-Sem2
EV006139,RA2411029010308,RA2511029010319,Project,4,2026-Sem2
EV006140,RA2511029010320,RA2611029010345,Academic,2,2026-Sem1
EV006141,RA2411029010311,RA2511029010324,Project,1,2026-Sem1
EV006142,RA2311029010283,RA2511029010325,Academic,1,2026-Sem2
EV006143,RA2411029010306,RA2511029010326,Project,3,2026-Sem2
EV006144,RA2411029010306,RA2511029010326,Project,1,2026-Sem2
EV006145,RA2411029010306,RA2511029010326,Project,2,2026-Sem1
EV006146,RA2411029010306,RA2511029010326,Project,3,2026-Sem2
EV006147,RA2511029010326,RA2611029010352,Project,1,2026-Sem2
EV006148,RA2511029010326,RA2611029010352,Project,2,2026-Sem1
EV006149,RA2511029010326,RA2611029010352,Project,3,2026-Sem2
EV006150,RA2511029010327,RA2611029010351,Project,3,2026-Sem1
EV006151,RA2511029010327,RA2611029010352,Project,4,2026-Sem2
EV006152,RA2311029010292,RA2511029010329,Academic,2,2026-Sem1
EV006153,RA2511029010330,RA2611029010358,Academic,1,2026-Sem1
EV006154,RA2511029010330,RA2611029010358,Academic,1,2026-Sem2
EV006155,RA2511029010330,RA2611029010358,Academic,3,2026-Sem2
EV006156,RA2511029010330,RA2611029010358,Academic,3,2026-Sem1
EV006157,RA2411029010297,RA2511029010332,Academic,1,2026-Sem2
EV006158,RA2311029010294,RA2511029010332,Academic,1,2026-Sem1
EV006159,RA2311029010275,RA2511029010334,Project,3,2026-Sem1
EV006160,RA2311029010275,RA2511029010334,Project,3,2026-Sem1
EV006161,RA2511029010334,RA2611029010346,Academic,2,2026-Sem1
EV006162,RA2511029010334,RA2611029010346,Academic,1,2026-Sem1
EV006163,RA2511029010334,RA2611029010346,Academic,4,2026-Sem1
EV006164,RA2311029010286,RA2511029010334,Project,4,2026-Sem1
EV006165,RA2411029010311,RA2511029010336,Project,2,2026-Sem2
EV006166,RA2511029010336,RA2611029010358,Academic,1,2026-Sem2
EV006167,RA2311029010293,RA2511029010336,Academic,3,2026-Sem1
EV006168,RA2411029010318,RA2511029010337,Academic,1,2026-Sem2
EV006169,RA2411029010318,RA2511029010337,Academic,1,2026-Sem2
EV006170,RA2411029010318,RA2511029010337,Academic,1,2026-Sem2
EV006171,RA2411029010318,RA2511029010337,Academic,4,2026-Sem1
EV006172,RA2311029010274,RA2511029010340,Project,3,2026-Sem1
EV006173,RA2311029010274,RA2511029010340,Project,2,2026-Sem2
EV006174,RA2511029010324,RA2611029010346,Academic,1,2026-Sem2
EV006175,RA2411029010314,RA2611029010347,Project,2,2026-Sem2
EV006176,RA2411029010314,RA2611029010347,Project,1,2026-Sem1
EV006177,RA2411029010314,RA2611029010347,Project,1,2026-Sem1
EV006178,RA2411029010314,RA2611029010347,Project,4,2026-Sem2
EV006179,RA2511029010322,RA2611029010348,Academic,3,2026-Sem1
EV006180,RA2411029010313,RA2611029010349,Academic,2,2026-Sem1
EV006181,RA2411029010313,RA2611029010349,Academic,3,2026-Sem1
EV006182,RA2311029010287,RA2611029010349,Academic,2,2026-Sem2
EV006183,RA2511029010331,RA2611029010350,Project,2,2026-Sem1
EV006184,RA2311029010292,RA2611029010351,Project,1,2026-Sem1
EV006185,RA2311029010292,RA2611029010351,Project,1,2026-Sem2
EV006186,RA2311029010292,RA2611029010351,Project,4,2026-Sem1
EV006187,RA2311029010289,RA2611029010351,Project,3,2026-Sem1
EV006188,RA2311029010289,RA2611029010351,Project,2,2026-Sem2
EV006189,RA2311029010274,RA2611029010352,Project,3,2026-Sem2
EV006190,RA2311029010294,RA2611029010352,Academic,4,2026-Sem2
EV006191,RA2311029010294,RA2611029010352,Academic,4,2026-Sem1
EV006192,RA2511029010328,RA2611029010354,Academic,2,2026-Sem2
EV006193,RA2411029010309,RA2611029010356,Project,1,2026-Sem2
EV006194,RA2511029010335,RA2611029010359,Academic,3,2026-Sem2
EV006195,RA2311029010280,RA2611029010361,Academic,4,2026-Sem2
EV006196,RA2311029010280,RA2611029010361,Academic,2,2026-Sem2
EV006197,RA2311029010279,RA2611029010361,Project,2,2026-Sem1
EV006198,RA2311030010364,RA2411030010408,Project,4,2026-Sem1
EV006199,RA2311030010364,RA2411030010408,Project,1,2026-Sem2
EV006200,RA2311030010365,RA2611030010445,Project,2,2026-Sem1
EV006201,RA2311030010365,RA2611030010445,Project,4,2026-Sem2
EV006202,RA2311030010365,RA2511030010429,Academic,1,2026-Sem1
EV006203,RA2311030010366,RA2611030010437,Academic,1,2026-Sem2
EV006204,RA2311030010367,RA2411030010396,Academic,3,2026-Sem2
EV006205,RA2311030010371,RA2611030010435,Project,3,2026-Sem1
EV006206,RA2311030010371,RA2611030010435,Project,2,2026-Sem2
EV006207,RA2311030010371,RA2611030010435,Project,3,2026-Sem1
EV006208,RA2311030010373,RA2511030010410,Academic,3,2026-Sem1
EV006209,RA2311030010373,RA2511030010410,Academic,2,2026-Sem1
EV006210,RA2311030010373,RA2511030010414,Academic,3,2026-Sem2
EV006211,RA2311030010374,RA2511030010427,Academic,4,2026-Sem1
EV006212,RA2311030010376,RA2511030010428,Academic,1,2026-Sem1
EV006213,RA2311030010377,RA2611030010453,Academic,2,2026-Sem2
EV006214,RA2311030010379,RA2611030010451,Project,1,2026-Sem1
EV006215,RA2311030010379,RA2611030010451,Project,4,2026-Sem2
EV006216,RA2311030010381,RA2411030010404,Academic,3,2026-Sem2
EV006217,RA2311030010381,RA2411030010404,Academic,3,2026-Sem1
EV006218,RA2311030010382,RA2611030010449,Project,1,2026-Sem1
EV006219,RA2311030010382,RA2611030010453,Project,1,2026-Sem2
EV006220,RA2311030010383,RA2411030010388,Project,2,2026-Sem1
EV006221,RA2311030010383,RA2411030010388,Project,3,2026-Sem2
EV006222,RA2311030010383,RA2611030010436,Academic,4,2026-Sem2
EV006223,RA2311030010385,RA2611030010452,Academic,1,2026-Sem2
EV006224,RA2311030010386,RA2511030010428,Project,4,2026-Sem2
EV006225,RA2311030010382,RA2411030010388,Academic,2,2026-Sem2
EV006226,RA2411030010388,RA2511030010413,Academic,2,2026-Sem2
EV006227,RA2311030010373,RA2411030010389,Academic,4,2026-Sem1
EV006228,RA2311030010373,RA2411030010389,Academic,2,2026-Sem2
EV006229,RA2311030010373,RA2411030010389,Academic,3,2026-Sem2
EV006230,RA2311030010373,RA2411030010389,Academic,4,2026-Sem1
EV006231,RA2311030010373,RA2411030010389,Academic,1,2026-Sem1
EV006232,RA2411030010391,RA2611030010440,Project,3,2026-Sem1
EV006233,RA2311030010365,RA2411030010392,Project,4,2026-Sem2
EV006234,RA2311030010365,RA2411030010392,Project,2,2026-Sem1
EV006235,RA2311030010380,RA2411030010394,Project,3,2026-Sem1
EV006236,RA2411030010394,RA2511030010414,Academic,4,2026-Sem1
EV006237,RA2311030010365,RA2411030010396,Academic,4,2026-Sem2
EV006238,RA2311030010365,RA2411030010398,Project,3,2026-Sem2
EV006239,RA2411030010400,RA2611030010435,Academic,4,2026-Sem1
EV006240,RA2411030010401,RA2511030010414,Academic,1,2026-Sem2
EV006241,RA2411030010401,RA2511030010414,Academic,2,2026-Sem2
EV006242,RA2411030010401,RA2511030010414,Academic,3,2026-Sem1
EV006243,RA2411030010402,RA2511030010411,Project,1,2026-Sem1
EV006244,RA2411030010402,RA2511030010411,Project,4,2026-Sem2
EV006245,RA2411030010402,RA2511030010411,Project,1,2026-Sem2
EV006246,RA2411030010402,RA2511030010411,Project,3,2026-Sem1
EV006247,RA2411030010402,RA2511030010411,Project,3,2026-Sem1
EV006248,RA2311030010364,RA2411030010403,Project,1,2026-Sem1
EV006249,RA2311030010364,RA2411030010403,Project,4,2026-Sem1
EV006250,RA2311030010364,RA2411030010403,Project,1,2026-Sem2
EV006251,RA2411030010403,RA2511030010420,Academic,1,2026-Sem2
EV006252,RA2411030010404,RA2611030010448,Project,3,2026-Sem1
EV006253,RA2411030010404,RA2611030010448,Project,4,2026-Sem2
EV006254,RA2411030010406,RA2511030010419,Project,2,2026-Sem2
EV006255,RA2411030010407,RA2511030010423,Academic,3,2026-Sem2
EV006256,RA2411030010407,RA2511030010423,Academic,2,2026-Sem2
EV006257,RA2411030010408,RA2611030010434,Project,4,2026-Sem2
EV006258,RA2411030010408,RA2611030010443,Project,2,2026-Sem1
EV006259,RA2411030010408,RA2611030010443,Project,1,2026-Sem2
EV006260,RA2411030010408,RA2611030010443,Project,4,2026-Sem1
EV006261,RA2411030010406,RA2511030010409,Academic,1,2026-Sem1
EV006262,RA2311030010370,RA2511030010409,Academic,1,2026-Sem2
EV006263,RA2511030010409,RA2611030010450,Project,3,2026-Sem1
EV006264,RA2311030010381,RA2511030010410,Academic,2,2026-Sem1
EV006265,RA2311030010383,RA2511030010410,Academic,2,2026-Sem2
EV006266,RA2311030010383,RA2511030010410,Academic,3,2026-Sem2
EV006267,RA2311030010365,RA2511030010412,Academic,2,2026-Sem2
EV006268,RA2311030010365,RA2511030010412,Academic,4,2026-Sem1
EV006269,RA2311030010365,RA2511030010412,Academic,4,2026-Sem1
EV006270,RA2311030010380,RA2511030010413,Academic,2,2026-Sem1
EV006271,RA2311030010369,RA2511030010414,Project,1,2026-Sem1
EV006272,RA2311030010369,RA2511030010414,Project,3,2026-Sem1
EV006273,RA2311030010369,RA2511030010414,Project,3,2026-Sem2
EV006274,RA2511030010416,RA2611030010440,Academic,4,2026-Sem2
EV006275,RA2511030010416,RA2611030010434,Academic,3,2026-Sem2
EV006276,RA2311030010367,RA2511030010418,Project,1,2026-Sem2
EV006277,RA2511030010419,RA2611030010438,Academic,2,2026-Sem2
EV006278,RA2311030010374,RA2511030010419,Academic,2,2026-Sem2
EV006279,RA2311030010374,RA2511030010421,Project,1,2026-Sem1
EV006280,RA2311030010374,RA2511030010421,Project,4,2026-Sem2
EV006281,RA2311030010368,RA2511030010422,Project,4,2026-Sem2
EV006282,RA2511030010423,RA2611030010438,Project,1,2026-Sem1
EV006283,RA2311030010380,RA2511030010424,Academic,1,2026-Sem1
EV006284,RA2511030010427,RA2611030010442,Academic,1,2026-Sem2
EV006285,RA2511030010427,RA2611030010442,Academic,4,2026-Sem1
EV006286,RA2411030010407,RA2511030010428,Project,4,2026-Sem2
EV006287,RA2411030010407,RA2511030010428,Project,2,2026-Sem2
EV006288,RA2411030010407,RA2511030010428,Project,4,2026-Sem2
EV006289,RA2311030010371,RA2511030010429,Academic,2,2026-Sem1
EV006290,RA2311030010368,RA2611030010431,Project,2,2026-Sem2
EV006291,RA2311030010368,RA2611030010431,Project,4,2026-Sem2
EV006292,RA2511030010423,RA2611030010432,Project,1,2026-Sem1
EV006293,RA2511030010423,RA2611030010432,Project,2,2026-Sem1
EV006294,RA2511030010423,RA2611030010432,Project,3,2026-Sem1
EV006295,RA2311030010380,RA2611030010436,Academic,3,2026-Sem1
EV006296,RA2411030010402,RA2611030010438,Project,2,2026-Sem1
EV006297,RA2411030010402,RA2611030010438,Project,3,2026-Sem2
EV006298,RA2411030010402,RA2611030010438,Project,2,2026-Sem1
EV006299,RA2511030010421,RA2611030010438,Academic,2,2026-Sem2
EV006300,RA2411030010387,RA2611030010439,Project,4,2026-Sem1
EV006301,RA2311030010379,RA2611030010439,Academic,3,2026-Sem2
EV006302,RA2311030010379,RA2611030010439,Academic,2,2026-Sem1
EV006303,RA2311030010379,RA2611030010439,Academic,3,2026-Sem2
EV006304,RA2311030010366,RA2611030010441,Academic,3,2026-Sem1
EV006305,RA2311030010379,RA2611030010442,Project,2,2026-Sem2
EV006306,RA2311030010374,RA2611030010442,Project,4,2026-Sem2
EV006307,RA2311030010374,RA2611030010442,Project,1,2026-Sem2
EV006308,RA2511030010419,RA2611030010443,Project,1,2026-Sem2
EV006309,RA2511030010423,RA2611030010445,Project,1,2026-Sem2
EV006310,RA2511030010411,RA2611030010447,Academic,3,2026-Sem1
EV006311,RA2511030010411,RA2611030010447,Academic,4,2026-Sem1
EV006312,RA2511030010411,RA2611030010447,Academic,1,2026-Sem1
EV006313,RA2311030010380,RA2611030010448,Project,4,2026-Sem2
EV006314,RA2411030010403,RA2611030010448,Academic,4,2026-Sem2
EV006315,RA2311030010385,RA2611030010450,Academic,2,2026-Sem2
EV006316,RA2411030010408,RA2611030010451,Academic,4,2026-Sem2
EV006317,RA2311030010383,RA2611030010451,Project,4,2026-Sem1
EV006318,RA2311030010383,RA2611030010451,Project,1,2026-Sem1
EV006319,RA2511030010409,RA2611030010452,Academic,1,2026-Sem2
EV006320,RA2411030010393,RA2611030010453,Academic,1,2026-Sem2
EV006321,RA2311054010454,RA2511054010515,Project,1,2026-Sem1
EV006322,RA2311054010454,RA2511054010500,Project,1,2026-Sem1
EV006323,RA2311054010455,RA2611054010526,Academic,2,2026-Sem1
EV006324,RA2311054010457,RA2511054010503,Academic,1,2026-Sem1
EV006325,RA2311054010465,RA2411054010477,Academic,2,2026-Sem1
EV006326,RA2311054010465,RA2411054010477,Academic,4,2026-Sem1
EV006327,RA2311054010466,RA2611054010539,Project,2,2026-Sem2
EV006328,RA2311054010466,RA2611054010539,Project,4,2026-Sem1
EV006329,RA2311054010468,RA2511054010505,Academic,1,2026-Sem2
EV006330,RA2311054010468,RA2511054010517,Project,3,2026-Sem2
EV006331,RA2311054010468,RA2511054010517,Project,2,2026-Sem1
EV006332,RA2311054010469,RA2611054010540,Project,1,2026-Sem2
EV006333,RA2311054010470,RA2411054010491,Project,4,2026-Sem2
EV006334,RA2311054010471,RA2411054010490,Academic,2,2026-Sem1
EV006335,RA2311054010471,RA2411054010490,Academic,4,2026-Sem1
EV006336,RA2311054010473,RA2611054010542,Academic,4,2026-Sem1
EV006337,RA2311054010474,RA2511054010512,Project,3,2026-Sem2
EV006338,RA2311054010474,RA2511054010512,Project,4,2026-Sem2
EV006339,RA2311054010467,RA2411054010477,Academic,4,2026-Sem1
EV006340,RA2411054010478,RA2511054010506,Academic,3,2026-Sem1
EV006341,RA2411054010478,RA2611054010528,Academic,1,2026-Sem2
EV006342,RA2311054010466,RA2411054010481,Academic,4,2026-Sem2
EV006343,RA2311054010466,RA2411054010481,Academic,1,2026-Sem2
EV006344,RA2311054010466,RA2411054010481,Academic,4,2026-Sem2
EV006345,RA2311054010470,RA2411054010482,Academic,4,2026-Sem1
EV006346,RA2411054010483,RA2511054010517,Project,3,2026-Sem1
EV006347,RA2311054010472,RA2411054010484,Project,3,2026-Sem1
EV006348,RA2411054010485,RA2511054010512,Academic,2,2026-Sem1
EV006349,RA2311054010456,RA2411054010487,Project,3,2026-Sem2
EV006350,RA2311054010456,RA2411054010487,Project,2,2026-Sem1
EV006351,RA2411054010489,RA2511054010514,Project,1,2026-Sem2
EV006352,RA2311054010465,RA2411054010489,Academic,1,2026-Sem2
EV006353,RA2411054010490,RA2511054010514,Academic,3,2026-Sem1
EV006354,RA2311054010465,RA2411054010491,Project,4,2026-Sem1
EV006355,RA2411054010492,RA2511054010507,Project,3,2026-Sem2
EV006356,RA2411054010492,RA2511054010507,Project,2,2026-Sem2
EV006357,RA2411054010494,RA2611054010528,Project,2,2026-Sem1
EV006358,RA2411054010495,RA2611054010529,Academic,1,2026-Sem1
EV006359,RA2411054010495,RA2511054010507,Project,3,2026-Sem2
EV006360,RA2311054010469,RA2411054010498,Project,1,2026-Sem1
EV006361,RA2511054010499,RA2611054010530,Academic,1,2026-Sem1
EV006362,RA2311054010471,RA2511054010499,Project,1,2026-Sem2
EV006363,RA2311054010471,RA2511054010499,Project,2,2026-Sem2
EV006364,RA2311054010471,RA2511054010499,Project,3,2026-Sem1
EV006365,RA2311054010463,RA2511054010500,Academic,1,2026-Sem2
EV006366,RA2411054010483,RA2511054010500,Academic,1,2026-Sem1
EV006367,RA2411054010488,RA2511054010503,Project,2,2026-Sem2
EV006368,RA2411054010483,RA2511054010504,Academic,2,2026-Sem1
EV006369,RA2411054010486,RA2511054010506,Project,1,2026-Sem2
EV006370,RA2311054010456,RA2511054010507,Project,3,2026-Sem1
EV006371,RA2311054010456,RA2511054010507,Project,2,2026-Sem1
EV006372,RA2511054010508,RA2611054010525,Academic,3,2026-Sem2
EV006373,RA2311054010457,RA2511054010508,Academic,1,2026-Sem2
EV006374,RA2511054010508,RA2611054010526,Project,3,2026-Sem2
EV006375,RA2511054010508,RA2611054010539,Project,2,2026-Sem2
EV006376,RA2411054010481,RA2511054010509,Academic,3,2026-Sem2
EV006377,RA2311054010472,RA2511054010511,Academic,1,2026-Sem2
EV006378,RA2411054010481,RA2511054010512,Academic,1,2026-Sem1
EV006379,RA2311054010462,RA2511054010516,Academic,1,2026-Sem1
EV006380,RA2311054010462,RA2511054010516,Academic,4,2026-Sem1
EV006381,RA2311054010462,RA2511054010516,Academic,3,2026-Sem1
EV006382,RA2411054010477,RA2511054010516,Academic,2,2026-Sem2
EV006383,RA2411054010477,RA2511054010516,Academic,3,2026-Sem1
EV006384,RA2311054010476,RA2511054010517,Academic,1,2026-Sem2
EV006385,RA2511054010520,RA2611054010540,Project,1,2026-Sem2
EV006386,RA2511054010501,RA2611054010523,Project,1,2026-Sem2
EV006387,RA2311054010473,RA2611054010524,Project,4,2026-Sem1
EV006388,RA2411054010491,RA2611054010525,Academic,3,2026-Sem2
EV006389,RA2411054010478,RA2611054010526,Academic,4,2026-Sem2
EV006390,RA2411054010478,RA2611054010526,Academic,4,2026-Sem2
EV006391,RA2411054010478,RA2611054010526,Academic,2,2026-Sem2
EV006392,RA2311054010467,RA2611054010526,Project,4,2026-Sem2
EV006393,RA2311054010467,RA2611054010526,Project,2,2026-Sem2
EV006394,RA2311054010467,RA2611054010526,Project,3,2026-Sem2
EV006395,RA2311054010474,RA2611054010530,Project,1,2026-Sem1
EV006396,RA2311054010474,RA2611054010530,Project,4,2026-Sem2
EV006397,RA2511054010500,RA2611054010530,Project,1,2026-Sem2
EV006398,RA2511054010500,RA2611054010530,Project,4,2026-Sem2
EV006399,RA2511054010519,RA2611054010531,Academic,1,2026-Sem2
EV006400,RA2511054010519,RA2611054010531,Academic,2,2026-Sem1
EV006401,RA2511054010519,RA2611054010531,Academic,4,2026-Sem2
EV006402,RA2411054010486,RA2611054010532,Academic,2,2026-Sem1
EV006403,RA2411054010483,RA2611054010532,Academic,1,2026-Sem2
EV006404,RA2511054010513,RA2611054010532,Project,4,2026-Sem2
EV006405,RA2411054010480,RA2611054010534,Project,2,2026-Sem1
EV006406,RA2511054010519,RA2611054010535,Academic,2,2026-Sem1
EV006407,RA2511054010519,RA2611054010535,Academic,4,2026-Sem1
EV006408,RA2411054010479,RA2611054010537,Academic,2,2026-Sem2
EV006409,RA2411054010495,RA2611054010538,Project,4,2026-Sem1
EV006410,RA2411054010495,RA2611054010538,Project,4,2026-Sem2
EV006411,RA2411054010495,RA2611054010539,Project,1,2026-Sem1
EV006412,RA2511054010500,RA2611054010539,Academic,1,2026-Sem1
EV006413,RA2311054010475,RA2611054010540,Academic,2,2026-Sem1
EV006414,RA2411054010482,RA2611054010541,Project,2,2026-Sem1
EV006415,RA2311054010459,RA2611054010541,Academic,4,2026-Sem1
EV006416,RA2311054010474,RA2611054010541,Project,4,2026-Sem1
EV006417,RA2511054010510,RA2611054010542,Project,4,2026-Sem1
EV006418,RA2511054010503,RA2611054010542,Project,1,2026-Sem2
EV006419,RA2311056010545,RA2611056010631,Academic,1,2026-Sem2
EV006420,RA2311056010547,RA2511056010593,Project,3,2026-Sem1
EV006421,RA2311056010548,RA2611056010623,Academic,2,2026-Sem2
EV006422,RA2311056010550,RA2511056010611,Project,3,2026-Sem2
EV006423,RA2311056010551,RA2411056010582,Academic,1,2026-Sem1
EV006424,RA2311056010551,RA2411056010585,Project,2,2026-Sem2
EV006425,RA2311056010551,RA2411056010585,Project,4,2026-Sem2
EV006426,RA2311056010552,RA2411056010569,Academic,1,2026-Sem2
EV006427,RA2311056010552,RA2411056010568,Project,3,2026-Sem1
EV006428,RA2311056010555,RA2611056010624,Academic,4,2026-Sem1
EV006429,RA2311056010555,RA2611056010625,Academic,1,2026-Sem2
EV006430,RA2311056010556,RA2511056010600,Project,1,2026-Sem1
EV006431,RA2311056010556,RA2511056010600,Project,1,2026-Sem2
EV006432,RA2311056010556,RA2511056010600,Project,1,2026-Sem2
EV006433,RA2311056010556,RA2511056010600,Project,3,2026-Sem2
EV006434,RA2311056010556,RA2511056010600,Project,2,2026-Sem1
EV006435,RA2311056010557,RA2411056010569,Academic,2,2026-Sem2
EV006436,RA2311056010557,RA2611056010618,Academic,1,2026-Sem2
EV006437,RA2311056010557,RA2611056010618,Academic,4,2026-Sem1
EV006438,RA2311056010557,RA2611056010618,Academic,2,2026-Sem1
EV006439,RA2311056010560,RA2611056010633,Project,2,2026-Sem2
EV006440,RA2311056010560,RA2611056010627,Project,4,2026-Sem2
EV006441,RA2311056010560,RA2611056010627,Project,1,2026-Sem2
EV006442,RA2311056010561,RA2411056010567,Project,4,2026-Sem1
EV006443,RA2311056010562,RA2511056010609,Project,4,2026-Sem2
EV006444,RA2311056010563,RA2511056010596,Academic,1,2026-Sem2
EV006445,RA2311056010563,RA2511056010606,Academic,4,2026-Sem1
EV006446,RA2311056010564,RA2411056010573,Academic,2,2026-Sem1
EV006447,RA2311056010564,RA2611056010626,Academic,3,2026-Sem2
EV006448,RA2411056010567,RA2611056010632,Academic,4,2026-Sem1
EV006449,RA2411056010571,RA2511056010595,Project,3,2026-Sem1
EV006450,RA2311056010566,RA2411056010571,Academic,2,2026-Sem1
EV006451,RA2411056010571,RA2611056010627,Project,4,2026-Sem1
EV006452,RA2411056010574,RA2511056010600,Project,4,2026-Sem2
EV006453,RA2411056010577,RA2511056010597,Project,2,2026-Sem2
EV006454,RA2411056010577,RA2511056010597,Project,3,2026-Sem1
EV006455,RA2411056010577,RA2511056010597,Project,4,2026-Sem1
EV006456,RA2411056010577,RA2511056010613,Project,3,2026-Sem1
EV006457,RA2411056010578,RA2611056010623,Project,2,2026-Sem2
EV006458,RA2311056010565,RA2411056010581,Project,2,2026-Sem2
EV006459,RA2311056010546,RA2411056010582,Project,2,2026-Sem2
EV006460,RA2411056010582,RA2611056010618,Academic,1,2026-Sem1
EV006461,RA2411056010584,RA2611056010628,Academic,3,2026-Sem2
EV006462,RA2311056010544,RA2411056010586,Project,3,2026-Sem2
EV006463,RA2311056010544,RA2411056010586,Project,2,2026-Sem1
EV006464,RA2311056010557,RA2411056010587,Project,2,2026-Sem2
EV006465,RA2411056010587,RA2611056010624,Project,3,2026-Sem2
EV006466,RA2411056010587,RA2611056010624,Project,2,2026-Sem1
EV006467,RA2411056010587,RA2611056010625,Project,2,2026-Sem2
EV006468,RA2411056010587,RA2611056010625,Project,4,2026-Sem1
EV006469,RA2411056010587,RA2611056010625,Project,4,2026-Sem1
EV006470,RA2311056010550,RA2411056010588,Academic,3,2026-Sem1
EV006471,RA2411056010589,RA2511056010599,Academic,3,2026-Sem2
EV006472,RA2311056010548,RA2411056010589,Academic,2,2026-Sem2
EV006473,RA2411056010590,RA2611056010625,Project,2,2026-Sem1
EV006474,RA2511056010591,RA2611056010620,Academic,2,2026-Sem2
EV006475,RA2311056010560,RA2511056010593,Project,3,2026-Sem2
EV006476,RA2411056010579,RA2511056010594,Project,2,2026-Sem1
EV006477,RA2511056010595,RA2611056010636,Project,2,2026-Sem1
EV006478,RA2411056010587,RA2511056010595,Academic,3,2026-Sem2
EV006479,RA2511056010595,RA2611056010625,Project,1,2026-Sem2
EV006480,RA2511056010595,RA2611056010625,Project,3,2026-Sem2
EV006481,RA2511056010595,RA2611056010625,Project,2,2026-Sem2
EV006482,RA2411056010582,RA2511056010596,Academic,1,2026-Sem1
EV006483,RA2411056010582,RA2511056010596,Academic,4,2026-Sem2
EV006484,RA2511056010599,RA2611056010630,Project,3,2026-Sem2
EV006485,RA2411056010568,RA2511056010601,Project,1,2026-Sem1
EV006486,RA2511056010601,RA2611056010634,Academic,3,2026-Sem2
EV006487,RA2511056010601,RA2611056010634,Academic,4,2026-Sem2
EV006488,RA2511056010601,RA2611056010634,Academic,3,2026-Sem1
EV006489,RA2311056010554,RA2511056010602,Academic,3,2026-Sem1
EV006490,RA2411056010570,RA2511056010609,Academic,3,2026-Sem2
EV006491,RA2411056010583,RA2511056010609,Academic,3,2026-Sem2
EV006492,RA2411056010570,RA2511056010613,Academic,2,2026-Sem2
EV006493,RA2311056010545,RA2511056010613,Project,2,2026-Sem2
EV006494,RA2511056010613,RA2611056010620,Project,1,2026-Sem1
EV006495,RA2511056010613,RA2611056010620,Project,4,2026-Sem2
EV006496,RA2311056010556,RA2611056010614,Project,2,2026-Sem1
EV006497,RA2311056010556,RA2611056010614,Project,4,2026-Sem2
EV006498,RA2511056010594,RA2611056010615,Project,2,2026-Sem2
EV006499,RA2511056010596,RA2611056010615,Project,4,2026-Sem2
EV006500,RA2511056010596,RA2611056010615,Project,3,2026-Sem2
EV006501,RA2411056010574,RA2611056010619,Project,1,2026-Sem2
EV006502,RA2411056010588,RA2611056010622,Academic,3,2026-Sem2
EV006503,RA2411056010588,RA2611056010622,Academic,3,2026-Sem2
EV006504,RA2411056010567,RA2611056010623,Project,4,2026-Sem2
EV006505,RA2411056010567,RA2611056010623,Project,1,2026-Sem2
EV006506,RA2411056010584,RA2611056010624,Project,3,2026-Sem2
EV006507,RA2411056010584,RA2611056010624,Project,4,2026-Sem1
EV006508,RA2411056010588,RA2611056010625,Project,3,2026-Sem2
EV006509,RA2411056010588,RA2611056010625,Project,3,2026-Sem1
EV006510,RA2411056010572,RA2611056010627,Project,3,2026-Sem2
EV006511,RA2411056010572,RA2611056010627,Project,2,2026-Sem2
EV006512,RA2311056010554,RA2611056010628,Project,3,2026-Sem1
EV006513,RA2311056010554,RA2611056010628,Project,3,2026-Sem1
EV006514,RA2511056010607,RA2611056010631,Project,3,2026-Sem1
EV006515,RA2511056010607,RA2611056010631,Project,3,2026-Sem1
EV006516,RA2511056010607,RA2611056010631,Project,2,2026-Sem2
EV006517,RA2311056010561,RA2611056010634,Academic,1,2026-Sem2
EV006518,RA2511056010596,RA2611056010634,Academic,1,2026-Sem1
EV006519,RA2511056010608,RA2611056010635,Project,2,2026-Sem1
EV006520,RA2411056010585,RA2611056010635,Project,1,2026-Sem2
EV006521,RA2311056010560,RA2611003010070,Cross-Department,1,2026-Sem2
EV006522,RA2311056010551,RA2511003010047,Cross-Department,3,2026-Sem1
EV006523,RA2311056010551,RA2511003010047,Cross-Department,4,2026-Sem2
EV006524,RA2411003010044,RA2411056010572,Cross-Department,3,2026-Sem1
EV006525,RA2411003010044,RA2411056010572,Cross-Department,2,2026-Sem1
EV006526,RA2411003010030,RA2511056010597,Cross-Department,1,2026-Sem2
EV006527,RA2511003010049,RA2611056010615,Cross-Department,3,2026-Sem2
EV006528,RA2511003010054,RA2511056010597,Cross-Department,1,2026-Sem2
EV006529,RA2311056010554,RA2511003010062,Cross-Department,1,2026-Sem1
EV006530,RA2511003010050,RA2511056010613,Cross-Department,4,2026-Sem1
EV006531,RA2511003010050,RA2511056010613,Cross-Department,1,2026-Sem2
EV006532,RA2511003010057,RA2611056010621,Cross-Department,2,2026-Sem1
EV006533,RA2411056010576,RA2511003010051,Cross-Department,2,2026-Sem1
EV006534,RA2411056010576,RA2511003010051,Cross-Department,4,2026-Sem2
EV006535,RA2311003010009,RA2311056010544,Cross-Department,4,2026-Sem2
EV006536,RA2411056010587,RA2611003010075,Cross-Department,2,2026-Sem1
EV006537,RA2411056010587,RA2611003010075,Cross-Department,1,2026-Sem1
EV006538,RA2411056010587,RA2611003010075,Cross-Department,4,2026-Sem2
EV006539,RA2411056010587,RA2611003010075,Cross-Department,3,2026-Sem2
EV006540,RA2311056010555,RA2511003010061,Cross-Department,2,2026-Sem1
EV006541,RA2411003010043,RA2511056010603,Cross-Department,4,2026-Sem2
EV006542,RA2311003010013,RA2611056010632,Cross-Department,2,2026-Sem1
EV006543,RA2511003010055,RA2511056010594,Cross-Department,2,2026-Sem2
EV006544,RA2511003010068,RA2611056010621,Cross-Department,1,2026-Sem1
EV006545,RA2311056010558,RA2511003010050,Cross-Department,1,2026-Sem2
EV006546,RA2411003010043,RA2411056010577,Cross-Department,2,2026-Sem1
EV006547,RA2611003010093,RA2611056010627,Cross-Department,1,2026-Sem1
EV006548,RA2311003010019,RA2511056010613,Cross-Department,3,2026-Sem1
EV006549,RA2311003010019,RA2511056010613,Cross-Department,4,2026-Sem2
EV006550,RA2511003010066,RA2511056010610,Cross-Department,1,2026-Sem1
EV006551,RA2311003010004,RA2311056010565,Cross-Department,3,2026-Sem2
EV006552,RA2511003010059,RA2611056010632,Cross-Department,2,2026-Sem1
EV006553,RA2311003010001,RA2411056010589,Cross-Department,2,2026-Sem2
EV006554,RA2311003010001,RA2411056010589,Cross-Department,1,2026-Sem2
EV006555,RA2311003010001,RA2411056010589,Cross-Department,4,2026-Sem1
EV006556,RA2411003010043,RA2411056010567,Cross-Department,3,2026-Sem1
EV006557,RA2411056010578,RA2511003010054,Cross-Department,2,2026-Sem1
EV006558,RA2311056010553,RA2511003010058,Cross-Department,1,2026-Sem2
EV006559,RA2311003010015,RA2611056010628,Cross-Department,3,2026-Sem1
EV006560,RA2311003010015,RA2611056010628,Cross-Department,4,2026-Sem2
EV006561,RA2311003010015,RA2611056010628,Cross-Department,2,2026-Sem1
EV006562,RA2311003010015,RA2611056010628,Cross-Department,3,2026-Sem2
EV006563,RA2311003010015,RA2611056010628,Cross-Department,2,2026-Sem2
EV006564,RA2411056010587,RA2511003010065,Cross-Department,4,2026-Sem2
EV006565,RA2411003010030,RA2411056010588,Cross-Department,3,2026-Sem2
EV006566,RA2411056010584,RA2611003010087,Cross-Department,2,2026-Sem2
EV006567,RA2311056010549,RA2411003010039,Cross-Department,4,2026-Sem2
EV006568,RA2311056010549,RA2411003010039,Cross-Department,1,2026-Sem1
EV006569,RA2311056010549,RA2411003010039,Cross-Department,2,2026-Sem1
EV006570,RA2311056010549,RA2411003010039,Cross-Department,3,2026-Sem2
EV006571,RA2311003010017,RA2311056010548,Cross-Department,1,2026-Sem1
EV006572,RA2611003010077,RA2611056010618,Cross-Department,1,2026-Sem2
EV006573,RA2411056010572,RA2511003010068,Cross-Department,1,2026-Sem2
EV006574,RA2311003010020,RA2511056010610,Cross-Department,2,2026-Sem1
EV006575,RA2311056010562,RA2511003010060,Cross-Department,3,2026-Sem1
EV006576,RA2311056010562,RA2511003010060,Cross-Department,1,2026-Sem2
EV006577,RA2311056010562,RA2511003010060,Cross-Department,4,2026-Sem1
EV006578,RA2311003010015,RA2411054010488,Cross-Department,4,2026-Sem1
EV006579,RA2411054010489,RA2611003010093,Cross-Department,3,2026-Sem1
EV006580,RA2611003010073,RA2611054010530,Cross-Department,2,2026-Sem1
EV006581,RA2411003010046,RA2411054010482,Cross-Department,2,2026-Sem2
EV006582,RA2411003010046,RA2411054010482,Cross-Department,4,2026-Sem1
EV006583,RA2411003010046,RA2411054010482,Cross-Department,2,2026-Sem2
EV006584,RA2511054010507,RA2611003010079,Cross-Department,1,2026-Sem2
EV006585,RA2511054010507,RA2611003010079,Cross-Department,4,2026-Sem1
EV006586,RA2311003010006,RA2511054010508,Cross-Department,3,2026-Sem2
EV006587,RA2411003010039,RA2611054010540,Cross-Department,3,2026-Sem2
EV006588,RA2411003010039,RA2611054010540,Cross-Department,3,2026-Sem2
EV006589,RA2311054010454,RA2611003010086,Cross-Department,3,2026-Sem2
EV006590,RA2411003010024,RA2511054010520,Cross-Department,3,2026-Sem2
EV006591,RA2411003010041,RA2611054010534,Cross-Department,3,2026-Sem1
EV006592,RA2411003010040,RA2411054010495,Cross-Department,2,2026-Sem1
EV006593,RA2411003010040,RA2411054010495,Cross-Department,3,2026-Sem1
EV006594,RA2311054010469,RA2511003010050,Cross-Department,4,2026-Sem1
EV006595,RA2311054010469,RA2511003010050,Cross-Department,2,2026-Sem2
EV006596,RA2411003010036,RA2411054010497,Cross-Department,3,2026-Sem2
EV006597,RA2311054010472,RA2511003010064,Cross-Department,2,2026-Sem2
EV006598,RA2311054010472,RA2511003010064,Cross-Department,4,2026-Sem2
EV006599,RA2311003010017,RA2511054010513,Cross-Department,2,2026-Sem2
EV006600,RA2311054010456,RA2411003010029,Cross-Department,4,2026-Sem2
EV006601,RA2511003010060,RA2611054010526,Cross-Department,4,2026-Sem1
EV006602,RA2511003010060,RA2611054010526,Cross-Department,3,2026-Sem1
EV006603,RA2511003010060,RA2611054010526,Cross-Department,2,2026-Sem2
EV006604,RA2311003010017,RA2311054010468,Cross-Department,2,2026-Sem2
EV006605,RA2311003010017,RA2311054010468,Cross-Department,3,2026-Sem1
EV006606,RA2311054010458,RA2411003010040,Cross-Department,1,2026-Sem1
EV006607,RA2411003010030,RA2611054010531,Cross-Department,3,2026-Sem2
EV006608,RA2311054010463,RA2611003010072,Cross-Department,3,2026-Sem1
EV006609,RA2411003010030,RA2611054010526,Cross-Department,3,2026-Sem2
EV006610,RA2511054010500,RA2611003010089,Cross-Department,4,2026-Sem2
EV006611,RA2511054010500,RA2611003010089,Cross-Department,4,2026-Sem2
EV006612,RA2511054010500,RA2611003010089,Cross-Department,4,2026-Sem1
EV006613,RA2411003010034,RA2411054010484,Cross-Department,1,2026-Sem2
EV006614,RA2411003010042,RA2511054010515,Cross-Department,3,2026-Sem1
EV006615,RA2311054010467,RA2411003010038,Cross-Department,2,2026-Sem1
EV006616,RA2311003010002,RA2611054010533,Cross-Department,1,2026-Sem1
EV006617,RA2311003010016,RA2511054010499,Cross-Department,1,2026-Sem1
EV006618,RA2511054010508,RA2611003010087,Cross-Department,2,2026-Sem2
EV006619,RA2511054010508,RA2611003010087,Cross-Department,1,2026-Sem1
EV006620,RA2511054010508,RA2611003010087,Cross-Department,1,2026-Sem1
EV006621,RA2511054010508,RA2611003010087,Cross-Department,2,2026-Sem2
EV006622,RA2511054010508,RA2611003010087,Cross-Department,3,2026-Sem2
EV006623,RA2411003010025,RA2611054010525,Cross-Department,1,2026-Sem2
EV006624,RA2311003010019,RA2511054010499,Cross-Department,2,2026-Sem2
EV006625,RA2311003010023,RA2311054010459,Cross-Department,3,2026-Sem1
EV006626,RA2311003010023,RA2311054010459,Cross-Department,2,2026-Sem1
EV006627,RA2311003010023,RA2311054010459,Cross-Department,3,2026-Sem2
EV006628,RA2311003010010,RA2611054010539,Cross-Department,4,2026-Sem2
EV006629,RA2311003010010,RA2611054010539,Cross-Department,2,2026-Sem1
EV006630,RA2311054010465,RA2411003010035,Cross-Department,4,2026-Sem2
EV006631,RA2311003010019,RA2311054010454,Cross-Department,2,2026-Sem1
EV006632,RA2311054010463,RA2411003010041,Cross-Department,1,2026-Sem2
EV006633,RA2511003010069,RA2611054010531,Cross-Department,1,2026-Sem1
EV006634,RA2511003010069,RA2611054010531,Cross-Department,4,2026-Sem2
EV006635,RA2511003010069,RA2611054010531,Cross-Department,1,2026-Sem1
EV006636,RA2311054010467,RA2411003010040,Cross-Department,3,2026-Sem1
EV006637,RA2311003010022,RA2411054010489,Cross-Department,2,2026-Sem2
EV006638,RA2411003010036,RA2611054010526,Cross-Department,4,2026-Sem2
EV006639,RA2311003010009,RA2611054010535,Cross-Department,3,2026-Sem1
EV006640,RA2411054010494,RA2611003010084,Cross-Department,1,2026-Sem2
EV006641,RA2311054010473,RA2611003010087,Cross-Department,1,2026-Sem1
EV006642,RA2411003010041,RA2611054010525,Cross-Department,4,2026-Sem1
EV006643,RA2411003010041,RA2611054010525,Cross-Department,3,2026-Sem2
EV006644,RA2411003010041,RA2611054010525,Cross-Department,2,2026-Sem2
EV006645,RA2311003010004,RA2611054010531,Cross-Department,2,2026-Sem1
EV006646,RA2311003010004,RA2611054010531,Cross-Department,3,2026-Sem1
EV006647,RA2511054010515,RA2611003010077,Cross-Department,1,2026-Sem2
EV006648,RA2411054010487,RA2511003010055,Cross-Department,3,2026-Sem2
EV006649,RA2411054010487,RA2511003010055,Cross-Department,3,2026-Sem1
EV006650,RA2411003010024,RA2511054010502,Cross-Department,1,2026-Sem2
EV006651,RA2411054010493,RA2511003010069,Cross-Department,3,2026-Sem2
EV006652,RA2411054010493,RA2511003010069,Cross-Department,3,2026-Sem1
EV006653,RA2311029010275,RA2411003010043,Cross-Department,2,2026-Sem2
EV006654,RA2611003010088,RA2611029010362,Cross-Department,1,2026-Sem2
EV006655,RA2311029010288,RA2511003010059,Cross-Department,1,2026-Sem1
EV006656,RA2311029010280,RA2611003010085,Cross-Department,1,2026-Sem2
EV006657,RA2411003010045,RA2511029010324,Cross-Department,3,2026-Sem1
EV006658,RA2311003010014,RA2511029010324,Cross-Department,1,2026-Sem1
EV006659,RA2311029010275,RA2511003010066,Cross-Department,1,2026-Sem1
EV006660,RA2511003010057,RA2511029010333,Cross-Department,2,2026-Sem1
EV006661,RA2511003010057,RA2511029010333,Cross-Department,3,2026-Sem2
EV006662,RA2311003010023,RA2311029010281,Cross-Department,2,2026-Sem2
EV006663,RA2311003010023,RA2311029010281,Cross-Department,3,2026-Sem1
EV006664,RA2311003010023,RA2311029010281,Cross-Department,3,2026-Sem1
EV006665,RA2311003010021,RA2311029010278,Cross-Department,1,2026-Sem2
EV006666,RA2411029010306,RA2511003010048,Cross-Department,2,2026-Sem2
EV006667,RA2311029010293,RA2511003010059,Cross-Department,1,2026-Sem2
EV006668,RA2411029010301,RA2511003010052,Cross-Department,2,2026-Sem2
EV006669,RA2611003010075,RA2611029010350,Cross-Department,1,2026-Sem2
EV006670,RA2511003010049,RA2511029010335,Cross-Department,3,2026-Sem2
EV006671,RA2311029010277,RA2411003010046,Cross-Department,1,2026-Sem1
EV006672,RA2411029010307,RA2511003010069,Cross-Department,1,2026-Sem2
EV006673,RA2311029010275,RA2611003010078,Cross-Department,1,2026-Sem1
EV006674,RA2411029010303,RA2511003010065,Cross-Department,4,2026-Sem1
EV006675,RA2311003010013,RA2411029010300,Cross-Department,2,2026-Sem1
EV006676,RA2311003010013,RA2411029010300,Cross-Department,3,2026-Sem1
EV006677,RA2311003010005,RA2611029010359,Cross-Department,3,2026-Sem2
EV006678,RA2311003010022,RA2311029010287,Cross-Department,1,2026-Sem2
EV006679,RA2511029010324,RA2611003010075,Cross-Department,3,2026-Sem2
EV006680,RA2511029010336,RA2611003010071,Cross-Department,1,2026-Sem2
EV006681,RA2511029010336,RA2611003010071,Cross-Department,2,2026-Sem2
EV006682,RA2511029010336,RA2611003010071,Cross-Department,4,2026-Sem1
EV006683,RA2511029010325,RA2611003010089,Cross-Department,3,2026-Sem1
EV006684,RA2311029010291,RA2411003010025,Cross-Department,1,2026-Sem2
EV006685,RA2411003010038,RA2411029010316,Cross-Department,2,2026-Sem1
EV006686,RA2411003010038,RA2411029010316,Cross-Department,1,2026-Sem1
EV006687,RA2411003010038,RA2411029010316,Cross-Department,4,2026-Sem2
EV006688,RA2411003010041,RA2511029010328,Cross-Department,4,2026-Sem1
EV006689,RA2411003010041,RA2511029010328,Cross-Department,2,2026-Sem1
EV006690,RA2311029010290,RA2511003010069,Cross-Department,3,2026-Sem1
EV006691,RA2311029010283,RA2611003010076,Cross-Department,3,2026-Sem1
EV006692,RA2311003010001,RA2511029010334,Cross-Department,2,2026-Sem1
EV006693,RA2411003010037,RA2511029010328,Cross-Department,1,2026-Sem2
EV006694,RA2311003010020,RA2411029010304,Cross-Department,4,2026-Sem2
EV006695,RA2311003010020,RA2411029010304,Cross-Department,1,2026-Sem2
EV006696,RA2311029010292,RA2411003010043,Cross-Department,1,2026-Sem1
EV006697,RA2311003010020,RA2311029010287,Cross-Department,4,2026-Sem1
EV006698,RA2311003010002,RA2311029010294,Cross-Department,2,2026-Sem1
EV006699,RA2411003010032,RA2611029010351,Cross-Department,2,2026-Sem2
EV006700,RA2311003010012,RA2311029010294,Cross-Department,1,2026-Sem2
EV006701,RA2311003010012,RA2311029010294,Cross-Department,3,2026-Sem1
EV006702,RA2311003010012,RA2311029010294,Cross-Department,2,2026-Sem2
EV006703,RA2311003010012,RA2311029010294,Cross-Department,3,2026-Sem1
EV006704,RA2311029010276,RA2611003010092,Cross-Department,4,2026-Sem1
EV006705,RA2411003010045,RA2511029010333,Cross-Department,1,2026-Sem1
EV006706,RA2411003010045,RA2511029010333,Cross-Department,2,2026-Sem2
EV006707,RA2411003010045,RA2511029010333,Cross-Department,3,2026-Sem1
EV006708,RA2411028010207,RA2511029010324,Cross-Department,4,2026-Sem1
EV006709,RA2411028010210,RA2611029010362,Cross-Department,1,2026-Sem2
EV006710,RA2611028010271,RA2611029010356,Cross-Department,2,2026-Sem1
EV006711,RA2311028010195,RA2411029010304,Cross-Department,1,2026-Sem2
EV006712,RA2311028010195,RA2411029010304,Cross-Department,2,2026-Sem1
EV006713,RA2311028010195,RA2411029010304,Cross-Department,1,2026-Sem1
EV006714,RA2311028010195,RA2411029010304,Cross-Department,4,2026-Sem1
EV006715,RA2511028010248,RA2511029010328,Cross-Department,1,2026-Sem2
EV006716,RA2511028010247,RA2611029010353,Cross-Department,2,2026-Sem1
EV006717,RA2511028010247,RA2611029010353,Cross-Department,4,2026-Sem2
EV006718,RA2311029010277,RA2611028010260,Cross-Department,1,2026-Sem1
EV006719,RA2311029010277,RA2611028010260,Cross-Department,2,2026-Sem1
EV006720,RA2311029010277,RA2611028010260,Cross-Department,3,2026-Sem2
EV006721,RA2311029010277,RA2611028010260,Cross-Department,4,2026-Sem2
EV006722,RA2311028010200,RA2411029010310,Cross-Department,4,2026-Sem1
EV006723,RA2311028010200,RA2411029010310,Cross-Department,4,2026-Sem2
EV006724,RA2511028010232,RA2611029010350,Cross-Department,3,2026-Sem2
EV006725,RA2311028010197,RA2511029010324,Cross-Department,1,2026-Sem2
EV006726,RA2311028010196,RA2311029010289,Cross-Department,4,2026-Sem2
EV006727,RA2311028010197,RA2411029010316,Cross-Department,2,2026-Sem1
EV006728,RA2311028010197,RA2411029010316,Cross-Department,3,2026-Sem2
EV006729,RA2311028010197,RA2411029010316,Cross-Department,4,2026-Sem2
EV006730,RA2611028010257,RA2611029010350,Cross-Department,2,2026-Sem1
EV006731,RA2611028010257,RA2611029010350,Cross-Department,3,2026-Sem1
EV006732,RA2611028010257,RA2611029010350,Cross-Department,3,2026-Sem1
EV006733,RA2311028010194,RA2411029010297,Cross-Department,4,2026-Sem1
EV006734,RA2311028010194,RA2411029010297,Cross-Department,2,2026-Sem1
EV006735,RA2511029010327,RA2611028010258,Cross-Department,2,2026-Sem2
EV006736,RA2511029010327,RA2611028010258,Cross-Department,3,2026-Sem1
EV006737,RA2511029010327,RA2611028010258,Cross-Department,3,2026-Sem1
EV006738,RA2511029010327,RA2611028010258,Cross-Department,3,2026-Sem1
EV006739,RA2511029010327,RA2611028010258,Cross-Department,3,2026-Sem2
EV006740,RA2411028010220,RA2611029010353,Cross-Department,3,2026-Sem2
EV006741,RA2411028010220,RA2611029010353,Cross-Department,3,2026-Sem2
EV006742,RA2411029010308,RA2511028010240,Cross-Department,3,2026-Sem1
EV006743,RA2511028010242,RA2511029010341,Cross-Department,4,2026-Sem2
EV006744,RA2311028010199,RA2411029010303,Cross-Department,3,2026-Sem2
EV006745,RA2311028010190,RA2311029010275,Cross-Department,3,2026-Sem1
EV006746,RA2411028010218,RA2411029010315,Cross-Department,3,2026-Sem1
EV006747,RA2311028010186,RA2511029010341,Cross-Department,1,2026-Sem1
EV006748,RA2311028010186,RA2511029010341,Cross-Department,4,2026-Sem2
EV006749,RA2511028010244,RA2611029010360,Cross-Department,3,2026-Sem2
EV006750,RA2311028010194,RA2611029010348,Cross-Department,1,2026-Sem2
EV006751,RA2311028010187,RA2511029010338,Cross-Department,2,2026-Sem2
EV006752,RA2311029010292,RA2611028010261,Cross-Department,1,2026-Sem2
EV006753,RA2311029010279,RA2411028010222,Cross-Department,1,2026-Sem2
EV006754,RA2611028010262,RA2611029010343,Cross-Department,1,2026-Sem2
EV006755,RA2611028010262,RA2611029010343,Cross-Department,1,2026-Sem2
EV006756,RA2611028010262,RA2611029010343,Cross-Department,3,2026-Sem1
EV006757,RA2611028010262,RA2611029010343,Cross-Department,3,2026-Sem2
EV006758,RA2411028010209,RA2511029010326,Cross-Department,4,2026-Sem1
EV006759,RA2311029010292,RA2611028010269,Cross-Department,2,2026-Sem2
EV006760,RA2311029010292,RA2611028010269,Cross-Department,4,2026-Sem2
EV006761,RA2411028010227,RA2411029010305,Cross-Department,2,2026-Sem2
EV006762,RA2411028010218,RA2511029010341,Cross-Department,3,2026-Sem2
EV006763,RA2311029010279,RA2511028010245,Cross-Department,3,2026-Sem1
EV006764,RA2311028010198,RA2411029010304,Cross-Department,4,2026-Sem1
EV006765,RA2511029010328,RA2611028010256,Cross-Department,2,2026-Sem2
EV006766,RA2411029010299,RA2511028010243,Cross-Department,1,2026-Sem1
EV006767,RA2311028010184,RA2411029010297,Cross-Department,1,2026-Sem2
EV006768,RA2311028010205,RA2411029010301,Cross-Department,4,2026-Sem2
EV006769,RA2311028010205,RA2411029010301,Cross-Department,1,2026-Sem2
EV006770,RA2511028010250,RA2611029010363,Cross-Department,3,2026-Sem1
EV006771,RA2511028010250,RA2611029010363,Cross-Department,3,2026-Sem2
EV006772,RA2511028010250,RA2611029010363,Cross-Department,2,2026-Sem1
EV006773,RA2311028010201,RA2311029010275,Cross-Department,2,2026-Sem1
EV006774,RA2311029010274,RA2411028010228,Cross-Department,2,2026-Sem1
EV006775,RA2311029010274,RA2411028010228,Cross-Department,4,2026-Sem2
EV006776,RA2311029010274,RA2411028010228,Cross-Department,1,2026-Sem2
EV006777,RA2311029010274,RA2411028010211,Cross-Department,1,2026-Sem2
EV006778,RA2311028010185,RA2611029010346,Cross-Department,3,2026-Sem2
EV006779,RA2411028010215,RA2411029010313,Cross-Department,4,2026-Sem2
EV006780,RA2411028010215,RA2411029010313,Cross-Department,1,2026-Sem2
EV006781,RA2511028010238,RA2511029010334,Cross-Department,2,2026-Sem2
EV006782,RA2311028010197,RA2611029010354,Cross-Department,1,2026-Sem2
EV006783,RA2611028010255,RA2611029010342,Cross-Department,4,2026-Sem1
EV006784,RA2311029010287,RA2611028010261,Cross-Department,1,2026-Sem2
EV006785,RA2311028010198,RA2511029010327,Cross-Department,3,2026-Sem1
EV006786,RA2311028010198,RA2511029010327,Cross-Department,3,2026-Sem1
EV006787,RA2311028010185,RA2611029010350,Cross-Department,2,2026-Sem2
EV006788,RA2311028010185,RA2611029010350,Cross-Department,2,2026-Sem2
EV006789,RA2311028010185,RA2611029010350,Cross-Department,2,2026-Sem2
EV006790,RA2311028010185,RA2611029010350,Cross-Department,3,2026-Sem2
EV006791,RA2511028010236,RA2611030010438,Cross-Department,1,2026-Sem1
EV006792,RA2511028010236,RA2611030010438,Cross-Department,4,2026-Sem2
EV006793,RA2311030010383,RA2611028010269,Cross-Department,1,2026-Sem2
EV006794,RA2311030010383,RA2611028010269,Cross-Department,3,2026-Sem2
EV006795,RA2311030010383,RA2611028010269,Cross-Department,2,2026-Sem2
EV006796,RA2311028010200,RA2611030010453,Cross-Department,3,2026-Sem2
EV006797,RA2511028010246,RA2611030010440,Cross-Department,4,2026-Sem2
EV006798,RA2511030010422,RA2611028010262,Cross-Department,4,2026-Sem2
EV006799,RA2511030010422,RA2611028010262,Cross-Department,1,2026-Sem1
EV006800,RA2311030010369,RA2611028010268,Cross-Department,2,2026-Sem2
EV006801,RA2411030010407,RA2611028010258,Cross-Department,2,2026-Sem2
EV006802,RA2311028010193,RA2611030010436,Cross-Department,3,2026-Sem1
EV006803,RA2411028010217,RA2511030010413,Cross-Department,2,2026-Sem2
EV006804,RA2411028010217,RA2511030010413,Cross-Department,4,2026-Sem2
EV006805,RA2411028010217,RA2511030010413,Cross-Department,1,2026-Sem1
EV006806,RA2311028010189,RA2311030010366,Cross-Department,2,2026-Sem2
EV006807,RA2311028010189,RA2311030010366,Cross-Department,3,2026-Sem1
EV006808,RA2311028010189,RA2311030010366,Cross-Department,3,2026-Sem2
EV006809,RA2511030010429,RA2611028010264,Cross-Department,2,2026-Sem1
EV006810,RA2411028010212,RA2411030010395,Cross-Department,3,2026-Sem1
EV006811,RA2311028010195,RA2411030010395,Cross-Department,4,2026-Sem2
EV006812,RA2311028010195,RA2411030010395,Cross-Department,4,2026-Sem2
EV006813,RA2311028010195,RA2411030010395,Cross-Department,1,2026-Sem1
EV006814,RA2311028010193,RA2311030010376,Cross-Department,3,2026-Sem2
EV006815,RA2311028010193,RA2411030010404,Cross-Department,1,2026-Sem2
EV006816,RA2611028010266,RA2611030010437,Cross-Department,4,2026-Sem1
EV006817,RA2411028010217,RA2411030010406,Cross-Department,3,2026-Sem1
EV006818,RA2411030010403,RA2611028010262,Cross-Department,1,2026-Sem1
EV006819,RA2311028010185,RA2411030010388,Cross-Department,4,2026-Sem2
EV006820,RA2311028010184,RA2311030010372,Cross-Department,2,2026-Sem1
EV006821,RA2411028010227,RA2411030010394,Cross-Department,2,2026-Sem2
EV006822,RA2311030010367,RA2511028010240,Cross-Department,3,2026-Sem2
EV006823,RA2511028010235,RA2611030010439,Cross-Department,4,2026-Sem2
EV006824,RA2411028010216,RA2411030010400,Cross-Department,4,2026-Sem1
EV006825,RA2411028010218,RA2511030010415,Cross-Department,3,2026-Sem1
EV006826,RA2311028010201,RA2311030010370,Cross-Department,1,2026-Sem2
EV006827,RA2311030010381,RA2611028010259,Cross-Department,2,2026-Sem2
EV006828,RA2311030010366,RA2611028010271,Cross-Department,1,2026-Sem1
EV006829,RA2311030010366,RA2611028010271,Cross-Department,3,2026-Sem1
EV006830,RA2311030010366,RA2611028010271,Cross-Department,2,2026-Sem2
EV006831,RA2311030010375,RA2611028010258,Cross-Department,4,2026-Sem1
EV006832,RA2311028010202,RA2311030010381,Cross-Department,4,2026-Sem1
EV006833,RA2511030010421,RA2611028010254,Cross-Department,4,2026-Sem2
EV006834,RA2311030010364,RA2411028010220,Cross-Department,1,2026-Sem2
EV006835,RA2311030010382,RA2511028010237,Cross-Department,1,2026-Sem2
EV006836,RA2511028010231,RA2511030010428,Cross-Department,3,2026-Sem1
EV006837,RA2511028010231,RA2511030010428,Cross-Department,4,2026-Sem2
EV006838,RA2411030010397,RA2611028010252,Cross-Department,4,2026-Sem2
EV006839,RA2311028010200,RA2511030010423,Cross-Department,2,2026-Sem2
EV006840,RA2511028010232,RA2611030010447,Cross-Department,3,2026-Sem2
EV006841,RA2511028010232,RA2611030010447,Cross-Department,4,2026-Sem1
EV006842,RA2511028010232,RA2611030010447,Cross-Department,3,2026-Sem1
EV006843,RA2311054010475,RA2411056010585,Cross-Department,4,2026-Sem1
EV006844,RA2311054010475,RA2411056010585,Cross-Department,2,2026-Sem2
EV006845,RA2311054010475,RA2411056010585,Cross-Department,3,2026-Sem2
EV006846,RA2411056010573,RA2511054010499,Cross-Department,4,2026-Sem2
EV006847,RA2411056010573,RA2511054010499,Cross-Department,1,2026-Sem2
EV006848,RA2411056010573,RA2511054010499,Cross-Department,1,2026-Sem2
EV006849,RA2411056010573,RA2511054010499,Cross-Department,1,2026-Sem1
EV006850,RA2411056010573,RA2511054010499,Cross-Department,4,2026-Sem1
EV006851,RA2411056010573,RA2511054010499,Cross-Department,3,2026-Sem2
EV006852,RA2311054010455,RA2311056010546,Cross-Department,2,2026-Sem1
EV006853,RA2311056010565,RA2611054010535,Cross-Department,1,2026-Sem1
EV006854,RA2311054010472,RA2611056010620,Cross-Department,3,2026-Sem2
EV006855,RA2311054010468,RA2411056010588,Cross-Department,3,2026-Sem1
EV006856,RA2511054010508,RA2611056010636,Cross-Department,3,2026-Sem2
EV006857,RA2511054010508,RA2611056010636,Cross-Department,4,2026-Sem2
EV006858,RA2511054010508,RA2611056010636,Cross-Department,1,2026-Sem1
EV006859,RA2411054010477,RA2611056010629,Cross-Department,1,2026-Sem2
EV006860,RA2411054010477,RA2611056010629,Cross-Department,4,2026-Sem1
EV006861,RA2411056010587,RA2511054010499,Cross-Department,3,2026-Sem1
EV006862,RA2411056010582,RA2611054010541,Cross-Department,4,2026-Sem2
EV006863,RA2411056010582,RA2611054010541,Cross-Department,2,2026-Sem1
EV006864,RA2311054010469,RA2511056010596,Cross-Department,2,2026-Sem1
EV006865,RA2311054010469,RA2511056010596,Cross-Department,4,2026-Sem1
EV006866,RA2311054010469,RA2511056010596,Cross-Department,1,2026-Sem2
EV006867,RA2311056010551,RA2511054010514,Cross-Department,4,2026-Sem1
EV006868,RA2311054010462,RA2411056010573,Cross-Department,2,2026-Sem1
EV006869,RA2311054010457,RA2511056010598,Cross-Department,1,2026-Sem1
EV006870,RA2311056010561,RA2611054010527,Cross-Department,2,2026-Sem2
EV006871,RA2311056010563,RA2511054010513,Cross-Department,1,2026-Sem2
EV006872,RA2311056010555,RA2411054010477,Cross-Department,1,2026-Sem1
EV006873,RA2311056010561,RA2611054010528,Cross-Department,1,2026-Sem1
EV006874,RA2311056010561,RA2611054010528,Cross-Department,4,2026-Sem1
EV006875,RA2511054010509,RA2611056010629,Cross-Department,1,2026-Sem2
EV006876,RA2311054010471,RA2311056010555,Cross-Department,1,2026-Sem1
EV006877,RA2411056010579,RA2611054010524,Cross-Department,2,2026-Sem1
EV006878,RA2411056010579,RA2611054010524,Cross-Department,3,2026-Sem1
EV006879,RA2311056010545,RA2511054010519,Cross-Department,4,2026-Sem2
EV006880,RA2311056010545,RA2511054010519,Cross-Department,1,2026-Sem1
EV006881,RA2411054010496,RA2511056010601,Cross-Department,2,2026-Sem1
EV006882,RA2411054010494,RA2411056010579,Cross-Department,2,2026-Sem1
EV006883,RA2311056010549,RA2411054010494,Cross-Department,4,2026-Sem1
EV006884,RA2311056010563,RA2511054010511,Cross-Department,2,2026-Sem1
EV006885,RA2411056010573,RA2611054010537,Cross-Department,2,2026-Sem2
EV006886,RA2311054010468,RA2311056010547,Cross-Department,4,2026-Sem1
EV006887,RA2411054010485,RA2411056010588,Cross-Department,1,2026-Sem2
EV006888,RA2511056010611,RA2611054010536,Cross-Department,1,2026-Sem1
EV006889,RA2511056010611,RA2611054010536,Cross-Department,1,2026-Sem1
EV006890,RA2511056010611,RA2611054010536,Cross-Department,4,2026-Sem1
EV006891,RA2511056010611,RA2611054010536,Cross-Department,1,2026-Sem1
EV006892,RA2511056010611,RA2611054010536,Cross-Department,3,2026-Sem2
EV006893,RA2511056010611,RA2611054010536,Cross-Department,2,2026-Sem2
EV006894,RA2411056010585,RA2511054010517,Cross-Department,1,2026-Sem2
EV006895,RA2411056010585,RA2511054010517,Cross-Department,4,2026-Sem2
EV006896,RA2411056010585,RA2511054010517,Cross-Department,1,2026-Sem2
EV006897,RA2411054010485,RA2411056010579,Cross-Department,2,2026-Sem1
EV006898,RA2311054010465,RA2511056010599,Cross-Department,3,2026-Sem2
EV006899,RA2511056010598,RA2611054010524,Cross-Department,1,2026-Sem1
EV006900,RA2311054010467,RA2411056010586,Cross-Department,1,2026-Sem1
EV006901,RA2311054010467,RA2411056010586,Cross-Department,4,2026-Sem2
EV006902,RA2311056010561,RA2511054010513,Cross-Department,4,2026-Sem1
EV006903,RA2411056010568,RA2511054010505,Cross-Department,3,2026-Sem1
EV006904,RA2311056010544,RA2511054010521,Cross-Department,2,2026-Sem2
EV006905,RA2511054010504,RA2511056010599,Cross-Department,2,2026-Sem2
EV006906,RA2511054010504,RA2511056010599,Cross-Department,4,2026-Sem2
EV006907,RA2511054010504,RA2511056010599,Cross-Department,2,2026-Sem2
EV006908,RA2311054010474,RA2511056010597,Cross-Department,3,2026-Sem1
EV006909,RA2311054010474,RA2511056010597,Cross-Department,3,2026-Sem2
EV006910,RA2311054010464,RA2411056010581,Cross-Department,3,2026-Sem2
EV006911,RA2311054010464,RA2411056010581,Cross-Department,1,2026-Sem2
EV006912,RA2311054010464,RA2411056010581,Cross-Department,4,2026-Sem1
EV006913,RA2311054010464,RA2411056010581,Cross-Department,1,2026-Sem1
EV006914,RA2511054010511,RA2611056010628,Cross-Department,4,2026-Sem2
EV006915,RA2511054010511,RA2611056010628,Cross-Department,3,2026-Sem2
EV006916,RA2511056010598,RA2611054010525,Cross-Department,3,2026-Sem1
EV006917,RA2411056010580,RA2611054010535,Cross-Department,2,2026-Sem2
EV006918,RA2311054010465,RA2511056010607,Cross-Department,4,2026-Sem2
EV006919,RA2311054010462,RA2611056010623,Cross-Department,4,2026-Sem1
EV006920,RA2311054010455,RA2511056010592,Cross-Department,1,2026-Sem2
EV006921,RA2311056010557,RA2511054010521,Cross-Department,2,2026-Sem2
EV006922,RA2411054010493,RA2511027010159,Cross-Department,3,2026-Sem2
EV006923,RA2411054010493,RA2511027010159,Cross-Department,2,2026-Sem2
EV006924,RA2411054010493,RA2511027010159,Cross-Department,4,2026-Sem2
EV006925,RA2411054010493,RA2511027010159,Cross-Department,1,2026-Sem1
EV006926,RA2311027010112,RA2411054010485,Cross-Department,2,2026-Sem2
EV006927,RA2411027010131,RA2411054010481,Cross-Department,2,2026-Sem2
EV006928,RA2411027010136,RA2511054010508,Cross-Department,4,2026-Sem1
EV006929,RA2411027010136,RA2511054010508,Cross-Department,3,2026-Sem2
EV006930,RA2511027010146,RA2611054010526,Cross-Department,1,2026-Sem1
EV006931,RA2311027010110,RA2311054010474,Cross-Department,1,2026-Sem1
EV006932,RA2511054010510,RA2611027010179,Cross-Department,3,2026-Sem2
EV006933,RA2511054010510,RA2611027010179,Cross-Department,3,2026-Sem2
EV006934,RA2511054010500,RA2611027010175,Cross-Department,1,2026-Sem2
EV006935,RA2411027010129,RA2611054010529,Cross-Department,3,2026-Sem1
EV006936,RA2411027010129,RA2611054010529,Cross-Department,2,2026-Sem1
EV006937,RA2311027010097,RA2511054010506,Cross-Department,4,2026-Sem2
EV006938,RA2411027010132,RA2411054010491,Cross-Department,4,2026-Sem1
EV006939,RA2311027010107,RA2311054010470,Cross-Department,1,2026-Sem1
EV006940,RA2511054010519,RA2611027010176,Cross-Department,4,2026-Sem1
EV006941,RA2511054010519,RA2611027010176,Cross-Department,1,2026-Sem2
EV006942,RA2611027010167,RA2611054010526,Cross-Department,1,2026-Sem2
EV006943,RA2311027010114,RA2511054010514,Cross-Department,2,2026-Sem2
EV006944,RA2411054010484,RA2511027010152,Cross-Department,2,2026-Sem2
EV006945,RA2511027010140,RA2611054010542,Cross-Department,4,2026-Sem2
EV006946,RA2411027010133,RA2511054010520,Cross-Department,1,2026-Sem1
EV006947,RA2411027010133,RA2511054010520,Cross-Department,2,2026-Sem1
EV006948,RA2411027010133,RA2511054010520,Cross-Department,4,2026-Sem1
EV006949,RA2411054010477,RA2611027010162,Cross-Department,2,2026-Sem1
EV006950,RA2411054010477,RA2611027010162,Cross-Department,3,2026-Sem2
EV006951,RA2611027010165,RA2611054010522,Cross-Department,2,2026-Sem2
EV006952,RA2511027010151,RA2611054010524,Cross-Department,1,2026-Sem2
EV006953,RA2511027010149,RA2511054010506,Cross-Department,2,2026-Sem1
EV006954,RA2311027010097,RA2511054010499,Cross-Department,2,2026-Sem1
EV006955,RA2311027010097,RA2511054010499,Cross-Department,4,2026-Sem1
EV006956,RA2311027010108,RA2311054010459,Cross-Department,1,2026-Sem2
EV006957,RA2411027010117,RA2511054010502,Cross-Department,2,2026-Sem1
EV006958,RA2411054010490,RA2611027010182,Cross-Department,1,2026-Sem1
EV006959,RA2411027010120,RA2411054010486,Cross-Department,4,2026-Sem2
EV006960,RA2411027010120,RA2411054010486,Cross-Department,2,2026-Sem1
EV006961,RA2311027010111,RA2511054010506,Cross-Department,1,2026-Sem2
EV006962,RA2611027010176,RA2611054010523,Cross-Department,3,2026-Sem1
EV006963,RA2411027010127,RA2511054010519,Cross-Department,1,2026-Sem1
EV006964,RA2511054010520,RA2611027010180,Cross-Department,2,2026-Sem2
EV006965,RA2311027010102,RA2411054010480,Cross-Department,1,2026-Sem2
EV006966,RA2311054010468,RA2411027010122,Cross-Department,4,2026-Sem2
EV006967,RA2611027010168,RA2611054010531,Cross-Department,4,2026-Sem2
EV006968,RA2311027010101,RA2311054010465,Cross-Department,1,2026-Sem2
EV006969,RA2311054010458,RA2411027010132,Cross-Department,2,2026-Sem1
EV006970,RA2311054010458,RA2411027010132,Cross-Department,3,2026-Sem2
EV006971,RA2311054010458,RA2411027010132,Cross-Department,3,2026-Sem2
EV006972,RA2411027010123,RA2411054010493,Cross-Department,4,2026-Sem2
EV006973,RA2411027010123,RA2411054010493,Cross-Department,3,2026-Sem2
EV006974,RA2311054010469,RA2511027010158,Cross-Department,2,2026-Sem2
EV006975,RA2311054010467,RA2611027010161,Cross-Department,4,2026-Sem2
EV006976,RA2511027010157,RA2611054010539,Cross-Department,3,2026-Sem2
EV006977,RA2311027010100,RA2311054010468,Cross-Department,4,2026-Sem1
EV006978,RA2311027010100,RA2311054010468,Cross-Department,3,2026-Sem1
EV006979,RA2311054010474,RA2511027010147,Cross-Department,3,2026-Sem2
EV006980,RA2311054010474,RA2511027010147,Cross-Department,2,2026-Sem1
EV006981,RA2511027010142,RA2611054010543,Cross-Department,2,2026-Sem2
EV006982,RA2511027010142,RA2611054010543,Cross-Department,3,2026-Sem2
EV006983,RA2311027010101,RA2511054010520,Cross-Department,2,2026-Sem2
EV006984,RA2611027010172,RA2611054010538,Cross-Department,2,2026-Sem2
EV006985,RA2511054010514,RA2611027010179,Cross-Department,3,2026-Sem2
EV006986,RA2511054010514,RA2611027010179,Cross-Department,3,2026-Sem1
EV006987,RA2511027010139,RA2511054010501,Cross-Department,4,2026-Sem1
EV006988,RA2511027010139,RA2511054010501,Cross-Department,4,2026-Sem1
EV006989,RA2311054010470,RA2611027010178,Cross-Department,1,2026-Sem2
EV006990,RA2411054010498,RA2511027010154,Cross-Department,2,2026-Sem1
EV006991,RA2311054010476,RA2611027010165,Cross-Department,3,2026-Sem2
EV006992,RA2311054010476,RA2611027010165,Cross-Department,2,2026-Sem1
EV006993,RA2311027010097,RA2511054010515,Cross-Department,3,2026-Sem2
EV006994,RA2311027010097,RA2511054010515,Cross-Department,3,2026-Sem1
EV006995,RA2311027010097,RA2511054010515,Cross-Department,2,2026-Sem2
EV006996,RA2611027010169,RA2611054010523,Cross-Department,4,2026-Sem2
EV006997,RA2511027010154,RA2611054010522,Cross-Department,2,2026-Sem1
EV006998,RA2511027010154,RA2611054010522,Cross-Department,3,2026-Sem1
EV006999,RA2311029010293,RA2511003010065,Cross-Department,4,2026-Sem2
EV007000,RA2311029010281,RA2411003010035,Cross-Department,3,2026-Sem1
EV007001,RA2311003010015,RA2511029010329,Cross-Department,3,2026-Sem1
EV007002,RA2611003010071,RA2611029010346,Cross-Department,1,2026-Sem2
EV007003,RA2511003010066,RA2611029010354,Cross-Department,4,2026-Sem2
EV007004,RA2511003010066,RA2611029010354,Cross-Department,4,2026-Sem1
EV007005,RA2511003010066,RA2611029010354,Cross-Department,2,2026-Sem2
EV007006,RA2311003010018,RA2311029010295,Cross-Department,2,2026-Sem1
EV007007,RA2311003010018,RA2311029010295,Cross-Department,2,2026-Sem2
EV007008,RA2311003010018,RA2311029010295,Cross-Department,3,2026-Sem1
EV007009,RA2611003010082,RA2611029010362,Cross-Department,1,2026-Sem2
EV007010,RA2611003010082,RA2611029010362,Cross-Department,1,2026-Sem2
EV007011,RA2611003010082,RA2611029010362,Cross-Department,4,2026-Sem2
EV007012,RA2611003010082,RA2611029010362,Cross-Department,1,2026-Sem1
EV007013,RA2611003010087,RA2611029010351,Cross-Department,2,2026-Sem1
EV007014,RA2611003010087,RA2611029010351,Cross-Department,3,2026-Sem2
EV007015,RA2611003010087,RA2611029010351,Cross-Department,1,2026-Sem1
EV007016,RA2611003010087,RA2611029010351,Cross-Department,3,2026-Sem1
EV007017,RA2611003010087,RA2611029010351,Cross-Department,3,2026-Sem1
EV007018,RA2411029010308,RA2511003010067,Cross-Department,3,2026-Sem1
EV007019,RA2311029010291,RA2611003010074,Cross-Department,1,2026-Sem2
EV007020,RA2411003010035,RA2511029010319,Cross-Department,1,2026-Sem2
EV007021,RA2511029010329,RA2611003010077,Cross-Department,4,2026-Sem1
EV007022,RA2511029010329,RA2611003010077,Cross-Department,2,2026-Sem1
EV007023,RA2311029010274,RA2411003010025,Cross-Department,4,2026-Sem1
EV007024,RA2311029010274,RA2411003010025,Cross-Department,2,2026-Sem2
EV007025,RA2311003010002,RA2611029010346,Cross-Department,4,2026-Sem1
EV007026,RA2511003010052,RA2611029010346,Cross-Department,2,2026-Sem1
EV007027,RA2511003010052,RA2611029010346,Cross-Department,3,2026-Sem1
EV007028,RA2511029010335,RA2611003010070,Cross-Department,1,2026-Sem1
EV007029,RA2411029010297,RA2611003010089,Cross-Department,2,2026-Sem2
EV007030,RA2411003010027,RA2411029010313,Cross-Department,1,2026-Sem1
EV007031,RA2411003010027,RA2411029010313,Cross-Department,4,2026-Sem1
EV007032,RA2411003010027,RA2411029010313,Cross-Department,1,2026-Sem1
EV007033,RA2311029010293,RA2411003010032,Cross-Department,3,2026-Sem1
EV007034,RA2311029010293,RA2411003010032,Cross-Department,4,2026-Sem1
EV007035,RA2311003010022,RA2411029010299,Cross-Department,1,2026-Sem2
EV007036,RA2311003010022,RA2411029010299,Cross-Department,3,2026-Sem2
EV007037,RA2311003010022,RA2411029010299,Cross-Department,3,2026-Sem2
EV007038,RA2311003010022,RA2411029010299,Cross-Department,3,2026-Sem2
EV007039,RA2311029010291,RA2511003010056,Cross-Department,4,2026-Sem1
EV007040,RA2511029010325,RA2611003010083,Cross-Department,4,2026-Sem2
EV007041,RA2511029010324,RA2611003010076,Cross-Department,2,2026-Sem1
EV007042,RA2411003010039,RA2511029010334,Cross-Department,2,2026-Sem2
EV007043,RA2311003010003,RA2511029010336,Cross-Department,2,2026-Sem1
EV007044,RA2511003010051,RA2511029010332,Cross-Department,1,2026-Sem1
EV007045,RA2311003010017,RA2611029010355,Cross-Department,2,2026-Sem2
EV007046,RA2311003010020,RA2511029010322,Cross-Department,1,2026-Sem2
EV007047,RA2311003010016,RA2311029010281,Cross-Department,1,2026-Sem1
EV007048,RA2311003010016,RA2311029010281,Cross-Department,3,2026-Sem1
EV007049,RA2311003010016,RA2311029010281,Cross-Department,2,2026-Sem2
EV007050,RA2311003010020,RA2411029010314,Cross-Department,2,2026-Sem1
EV007051,RA2311029010274,RA2511003010067,Cross-Department,1,2026-Sem2
EV007052,RA2311029010274,RA2511003010067,Cross-Department,1,2026-Sem2
EV007053,RA2311029010274,RA2511003010067,Cross-Department,4,2026-Sem2
EV007054,RA2311029010274,RA2511003010067,Cross-Department,2,2026-Sem1
EV007055,RA2411003010029,RA2411029010303,Cross-Department,2,2026-Sem1
EV007056,RA2611003010072,RA2611029010359,Cross-Department,1,2026-Sem2
EV007057,RA2611003010072,RA2611029010359,Cross-Department,4,2026-Sem1
EV007058,RA2311029010296,RA2411003010042,Cross-Department,1,2026-Sem1
EV007059,RA2311029010296,RA2411003010042,Cross-Department,2,2026-Sem1
EV007060,RA2311029010296,RA2411003010042,Cross-Department,3,2026-Sem2
EV007061,RA2311029010290,RA2611003010085,Cross-Department,3,2026-Sem2
EV007062,RA2411029010304,RA2611003010079,Cross-Department,1,2026-Sem2
EV007063,RA2411003010043,RA2611029010345,Cross-Department,3,2026-Sem2
EV007064,RA2311003010004,RA2411029010304,Cross-Department,1,2026-Sem1
EV007065,RA2311029010289,RA2511003010060,Cross-Department,4,2026-Sem2
EV007066,RA2311003010002,RA2311029010284,Cross-Department,2,2026-Sem1
EV007067,RA2311003010006,RA2411029010305,Cross-Department,1,2026-Sem2
EV007068,RA2311003010011,RA2511029010323,Cross-Department,2,2026-Sem2
EV007069,RA2511029010322,RA2611003010076,Cross-Department,2,2026-Sem1
EV007070,RA2511029010322,RA2611003010076,Cross-Department,1,2026-Sem2
EV007071,RA2511029010322,RA2611003010076,Cross-Department,2,2026-Sem1
EV007072,RA2511029010322,RA2611003010076,Cross-Department,2,2026-Sem2
EV007073,RA2511029010322,RA2611003010076,Cross-Department,3,2026-Sem1
EV007074,RA2511029010322,RA2611003010076,Cross-Department,2,2026-Sem1
EV007075,RA2411029010313,RA2511003010057,Cross-Department,2,2026-Sem2
EV007076,RA2411029010313,RA2511003010057,Cross-Department,3,2026-Sem2
EV007077,RA2411003010035,RA2411029010307,Cross-Department,4,2026-Sem2
EV007078,RA2511003010048,RA2611029010354,Cross-Department,2,2026-Sem2
EV007079,RA2311003010013,RA2611029010346,Cross-Department,1,2026-Sem2
EV007080,RA2311003010003,RA2411029010317,Cross-Department,1,2026-Sem1
EV007081,RA2311003010003,RA2411029010317,Cross-Department,2,2026-Sem1
EV007082,RA2311003010003,RA2411029010317,Cross-Department,3,2026-Sem2
EV007083,RA2411029010311,RA2511003010069,Cross-Department,3,2026-Sem1
EV007084,RA2311029010295,RA2511003010068,Cross-Department,3,2026-Sem2
EV007085,RA2311028010198,RA2511030010418,Cross-Department,2,2026-Sem2
EV007086,RA2411030010395,RA2611028010259,Cross-Department,2,2026-Sem2
EV007087,RA2311028010200,RA2311030010378,Cross-Department,3,2026-Sem1
EV007088,RA2311030010373,RA2511028010245,Cross-Department,4,2026-Sem1
EV007089,RA2311030010373,RA2511028010245,Cross-Department,3,2026-Sem2
EV007090,RA2311028010195,RA2411030010406,Cross-Department,1,2026-Sem2
EV007091,RA2511028010234,RA2611030010441,Cross-Department,3,2026-Sem2
EV007092,RA2511028010234,RA2611030010441,Cross-Department,2,2026-Sem2
EV007093,RA2511030010427,RA2611028010253,Cross-Department,1,2026-Sem1
EV007094,RA2411028010217,RA2511030010410,Cross-Department,1,2026-Sem2
EV007095,RA2311028010188,RA2611030010447,Cross-Department,4,2026-Sem1
EV007096,RA2311028010188,RA2611030010447,Cross-Department,1,2026-Sem1
EV007097,RA2511028010247,RA2611030010442,Cross-Department,1,2026-Sem1
EV007098,RA2311028010185,RA2511030010413,Cross-Department,1,2026-Sem2
EV007099,RA2411030010401,RA2511028010243,Cross-Department,4,2026-Sem1
EV007100,RA2411030010401,RA2511028010243,Cross-Department,1,2026-Sem1
EV007101,RA2411028010219,RA2511030010411,Cross-Department,3,2026-Sem2
EV007102,RA2511028010247,RA2511030010423,Cross-Department,1,2026-Sem2
EV007103,RA2311028010191,RA2511030010409,Cross-Department,3,2026-Sem1
EV007104,RA2311030010367,RA2511028010246,Cross-Department,1,2026-Sem1
EV007105,RA2511028010247,RA2511030010428,Cross-Department,1,2026-Sem1
EV007106,RA2511030010425,RA2611028010257,Cross-Department,3,2026-Sem2
EV007107,RA2511030010425,RA2611028010257,Cross-Department,4,2026-Sem1
EV007108,RA2511030010425,RA2611028010257,Cross-Department,4,2026-Sem1
EV007109,RA2511030010425,RA2611028010257,Cross-Department,3,2026-Sem2
EV007110,RA2411030010393,RA2511028010249,Cross-Department,4,2026-Sem2
EV007111,RA2311030010371,RA2411028010211,Cross-Department,1,2026-Sem1
EV007112,RA2411028010223,RA2411030010404,Cross-Department,1,2026-Sem1
EV007113,RA2411028010223,RA2411030010404,Cross-Department,1,2026-Sem1
EV007114,RA2411028010223,RA2411030010404,Cross-Department,4,2026-Sem2
EV007115,RA2411028010223,RA2411030010404,Cross-Department,4,2026-Sem1
EV007116,RA2311028010185,RA2611030010432,Cross-Department,2,2026-Sem1
EV007117,RA2311028010185,RA2611030010432,Cross-Department,3,2026-Sem2
EV007118,RA2411028010221,RA2511030010420,Cross-Department,2,2026-Sem1
EV007119,RA2411028010221,RA2511030010420,Cross-Department,4,2026-Sem1
EV007120,RA2411030010402,RA2611028010253,Cross-Department,1,2026-Sem2
EV007121,RA2411030010402,RA2611028010253,Cross-Department,3,2026-Sem2
EV007122,RA2411030010402,RA2611028010253,Cross-Department,2,2026-Sem2
EV007123,RA2411028010207,RA2511030010422,Cross-Department,2,2026-Sem1
EV007124,RA2311030010384,RA2611028010261,Cross-Department,1,2026-Sem2
EV007125,RA2411030010397,RA2511028010237,Cross-Department,4,2026-Sem2
EV007126,RA2311028010201,RA2511030010415,Cross-Department,4,2026-Sem1
EV007127,RA2311028010201,RA2511030010415,Cross-Department,3,2026-Sem2
EV007128,RA2411030010387,RA2611028010260,Cross-Department,3,2026-Sem2
EV007129,RA2311028010188,RA2411030010402,Cross-Department,3,2026-Sem1
EV007130,RA2411028010216,RA2511030010418,Cross-Department,2,2026-Sem1
EV007131,RA2411028010216,RA2511030010418,Cross-Department,4,2026-Sem1
EV007132,RA2511030010421,RA2611028010272,Cross-Department,1,2026-Sem1
EV007133,RA2511030010421,RA2611028010272,Cross-Department,3,2026-Sem1
EV007134,RA2511030010421,RA2611028010272,Cross-Department,3,2026-Sem2
EV007135,RA2411028010210,RA2611030010453,Cross-Department,1,2026-Sem2
EV007136,RA2311030010372,RA2411028010210,Cross-Department,4,2026-Sem2
EV007137,RA2311030010372,RA2411028010210,Cross-Department,4,2026-Sem2
EV007138,RA2411030010390,RA2611028010259,Cross-Department,1,2026-Sem1
EV007139,RA2411030010390,RA2611028010259,Cross-Department,2,2026-Sem1
EV007140,RA2411030010390,RA2611028010259,Cross-Department,3,2026-Sem1
EV007141,RA2411030010390,RA2611028010259,Cross-Department,3,2026-Sem1
EV007142,RA2511028010248,RA2511030010415,Cross-Department,2,2026-Sem2
EV007143,RA2311030010381,RA2511028010232,Cross-Department,4,2026-Sem2
EV007144,RA2411030010391,RA2611028010256,Cross-Department,3,2026-Sem1
EV007145,RA2511028010248,RA2511030010428,Cross-Department,4,2026-Sem2
EV007146,RA2311028010186,RA2511030010416,Cross-Department,1,2026-Sem1
EV007147,RA2311028010186,RA2511030010416,Cross-Department,2,2026-Sem1
EV007148,RA2311028010186,RA2511030010416,Cross-Department,3,2026-Sem2
EV007149,RA2611028010255,RA2611030010431,Cross-Department,4,2026-Sem2
EV007150,RA2611028010255,RA2611030010431,Cross-Department,2,2026-Sem1
EV007151,RA2611028010255,RA2611030010431,Cross-Department,4,2026-Sem1
EV007152,RA2611028010255,RA2611030010431,Cross-Department,4,2026-Sem1
EV007153,RA2411028010213,RA2611030010441,Cross-Department,1,2026-Sem1
EV007154,RA2411030010406,RA2511028010234,Cross-Department,3,2026-Sem2
EV007155,RA2411030010406,RA2511028010234,Cross-Department,2,2026-Sem2
EV007156,RA2311028010183,RA2411030010397,Cross-Department,2,2026-Sem2
EV007157,RA2311030010367,RA2611028010256,Cross-Department,2,2026-Sem2
EV007158,RA2311030010367,RA2611028010256,Cross-Department,1,2026-Sem1
EV007159,RA2311030010367,RA2611028010256,Cross-Department,3,2026-Sem1
EV007160,RA2311030010367,RA2611028010256,Cross-Department,2,2026-Sem2
EV007161,RA2311028010201,RA2611030010443,Cross-Department,3,2026-Sem2
EV007162,RA2511028010241,RA2611030010439,Cross-Department,2,2026-Sem2
EV007163,RA2511028010241,RA2611030010439,Cross-Department,3,2026-Sem2
EV007164,RA2411030010405,RA2611028010265,Cross-Department,1,2026-Sem1
EV007165,RA2411030010405,RA2611028010265,Cross-Department,1,2026-Sem2
EV007166,RA2411030010405,RA2611028010265,Cross-Department,4,2026-Sem1
EV007167,RA2411028010208,RA2411030010404,Cross-Department,4,2026-Sem2
EV007168,RA2411030010405,RA2511028010240,Cross-Department,3,2026-Sem2
EV007169,RA2511030010424,RA2611028010253,Cross-Department,4,2026-Sem1
EV007170,RA2511003010049,RA2611027010161,Cross-Department,2,2026-Sem1
EV007171,RA2411027010117,RA2511003010061,Cross-Department,2,2026-Sem2
EV007172,RA2411027010117,RA2511003010061,Cross-Department,4,2026-Sem1
EV007173,RA2311003010004,RA2611027010173,Cross-Department,2,2026-Sem1
EV007174,RA2411003010039,RA2611027010165,Cross-Department,1,2026-Sem1
EV007175,RA2411027010120,RA2511003010067,Cross-Department,1,2026-Sem2
EV007176,RA2311003010018,RA2511027010149,Cross-Department,3,2026-Sem1
EV007177,RA2411003010025,RA2411027010123,Cross-Department,1,2026-Sem2
EV007178,RA2411003010024,RA2411027010119,Cross-Department,3,2026-Sem2
EV007179,RA2411003010024,RA2411027010119,Cross-Department,1,2026-Sem2
EV007180,RA2411003010024,RA2411027010119,Cross-Department,4,2026-Sem2
EV007181,RA2311027010114,RA2511003010067,Cross-Department,1,2026-Sem2
EV007182,RA2311027010104,RA2511003010065,Cross-Department,3,2026-Sem1
EV007183,RA2311027010104,RA2511003010065,Cross-Department,3,2026-Sem2
EV007184,RA2511003010068,RA2611027010181,Cross-Department,3,2026-Sem1
EV007185,RA2311027010111,RA2511003010068,Cross-Department,3,2026-Sem2
EV007186,RA2311003010009,RA2411027010118,Cross-Department,2,2026-Sem1
EV007187,RA2311003010009,RA2411027010118,Cross-Department,3,2026-Sem1
EV007188,RA2411027010117,RA2611003010084,Cross-Department,1,2026-Sem1
EV007189,RA2411027010117,RA2611003010084,Cross-Department,3,2026-Sem2
EV007190,RA2411027010117,RA2611003010084,Cross-Department,3,2026-Sem1
EV007191,RA2311003010016,RA2511027010145,Cross-Department,2,2026-Sem2
EV007192,RA2511003010057,RA2611027010168,Cross-Department,4,2026-Sem1
EV007193,RA2311003010005,RA2411027010126,Cross-Department,2,2026-Sem1
EV007194,RA2311027010109,RA2511003010060,Cross-Department,1,2026-Sem2
EV007195,RA2311027010109,RA2511003010060,Cross-Department,2,2026-Sem2
EV007196,RA2311027010109,RA2511003010060,Cross-Department,3,2026-Sem2
EV007197,RA2311027010109,RA2511003010060,Cross-Department,3,2026-Sem1
EV007198,RA2311027010095,RA2411003010030,Cross-Department,4,2026-Sem2
EV007199,RA2411003010025,RA2411027010119,Cross-Department,1,2026-Sem2
EV007200,RA2411027010120,RA2511003010058,Cross-Department,1,2026-Sem2
EV007201,RA2411027010120,RA2511003010058,Cross-Department,3,2026-Sem2
EV007202,RA2411027010120,RA2511003010058,Cross-Department,3,2026-Sem1
EV007203,RA2411027010120,RA2511003010058,Cross-Department,3,2026-Sem1
EV007204,RA2411027010120,RA2511003010058,Cross-Department,4,2026-Sem2
EV007205,RA2611003010076,RA2611027010170,Cross-Department,1,2026-Sem2
EV007206,RA2411003010025,RA2411027010131,Cross-Department,4,2026-Sem1
EV007207,RA2411027010131,RA2511003010069,Cross-Department,4,2026-Sem2
EV007208,RA2411027010131,RA2511003010069,Cross-Department,2,2026-Sem2
EV007209,RA2311027010102,RA2511003010060,Cross-Department,3,2026-Sem1
EV007210,RA2311027010104,RA2511003010063,Cross-Department,3,2026-Sem2
EV007211,RA2311027010097,RA2411003010032,Cross-Department,4,2026-Sem1
EV007212,RA2311027010097,RA2411003010032,Cross-Department,2,2026-Sem1
EV007213,RA2311027010106,RA2511003010057,Cross-Department,4,2026-Sem2
EV007214,RA2311027010106,RA2511003010057,Cross-Department,4,2026-Sem2
EV007215,RA2311003010006,RA2511027010155,Cross-Department,2,2026-Sem1
EV007216,RA2311003010006,RA2511027010155,Cross-Department,4,2026-Sem1
EV007217,RA2311003010006,RA2511027010155,Cross-Department,1,2026-Sem1
EV007218,RA2311003010005,RA2311027010095,Cross-Department,2,2026-Sem2
EV007219,RA2411003010030,RA2411027010122,Cross-Department,1,2026-Sem1
EV007220,RA2411003010025,RA2511027010156,Cross-Department,2,2026-Sem1
EV007221,RA2411027010132,RA2511003010054,Cross-Department,4,2026-Sem2
EV007222,RA2311027010110,RA2511003010062,Cross-Department,1,2026-Sem1
EV007223,RA2411027010132,RA2511003010062,Cross-Department,3,2026-Sem1
EV007224,RA2411027010127,RA2611003010077,Cross-Department,1,2026-Sem2
EV007225,RA2411027010125,RA2611003010078,Cross-Department,1,2026-Sem1
EV007226,RA2511003010047,RA2511027010148,Cross-Department,2,2026-Sem1
EV007227,RA2411027010117,RA2511003010050,Cross-Department,4,2026-Sem1
EV007228,RA2611003010076,RA2611027010176,Cross-Department,2,2026-Sem1
EV007229,RA2411003010034,RA2611027010175,Cross-Department,4,2026-Sem1
EV007230,RA2411003010034,RA2611027010175,Cross-Department,1,2026-Sem1
EV007231,RA2311003010018,RA2411027010125,Cross-Department,3,2026-Sem2
EV007232,RA2411027010117,RA2511003010069,Cross-Department,1,2026-Sem1
EV007233,RA2311003010022,RA2311027010107,Cross-Department,1,2026-Sem2
EV007234,RA2311003010022,RA2311027010107,Cross-Department,1,2026-Sem1
EV007235,RA2311003010022,RA2311027010107,Cross-Department,2,2026-Sem1
EV007236,RA2311003010022,RA2311027010107,Cross-Department,3,2026-Sem2
EV007237,RA2311027010111,RA2511003010055,Cross-Department,2,2026-Sem2
EV007238,RA2311003010008,RA2611027010181,Cross-Department,2,2026-Sem1
EV007239,RA2511003010060,RA2611027010170,Cross-Department,1,2026-Sem1
EV007240,RA2511003010059,RA2511027010153,Cross-Department,3,2026-Sem2
EV007241,RA2511003010048,RA2611027010180,Cross-Department,4,2026-Sem2
EV007242,RA2511003010048,RA2611027010180,Cross-Department,2,2026-Sem2
EV007243,RA2311003010003,RA2311030010383,Event,4,2026-Sem2
EV007244,RA2311003010005,RA2611056010628,Social,1,2026-Sem1
EV007245,RA2311003010006,RA2611054010540,Social,2,2026-Sem1
EV007246,RA2311003010009,RA2411030010391,Social,3,2026-Sem2
EV007247,RA2311003010009,RA2411030010391,Social,3,2026-Sem1
EV007248,RA2311003010013,RA2311027010114,Event,4,2026-Sem2
EV007249,RA2311003010015,RA2411030010399,Social,2,2026-Sem1
EV007250,RA2311003010015,RA2411030010399,Social,1,2026-Sem2
EV007251,RA2311003010015,RA2411030010399,Social,4,2026-Sem2
EV007252,RA2311003010019,RA2411003010041,Event,1,2026-Sem2
EV007253,RA2311003010021,RA2611028010270,Event,3,2026-Sem2
EV007254,RA2311003010021,RA2611028010270,Event,1,2026-Sem2
EV007255,RA2311003010021,RA2611028010270,Event,4,2026-Sem1
EV007256,RA2311003010021,RA2611028010270,Event,1,2026-Sem2
EV007257,RA2311003010021,RA2411028010223,Event,2,2026-Sem2
EV007258,RA2311003010021,RA2311028010188,Event,1,2026-Sem2
EV007259,RA2311003010023,RA2611029010358,Social,1,2026-Sem1
EV007260,RA2311003010023,RA2611029010358,Social,2,2026-Sem1
EV007261,RA2311003010023,RA2611029010358,Social,3,2026-Sem2
EV007262,RA2411003010025,RA2511028010247,Social,2,2026-Sem1
EV007263,RA2411003010029,RA2511056010592,Social,2,2026-Sem2
EV007264,RA2411003010029,RA2511056010592,Social,3,2026-Sem2
EV007265,RA2411003010034,RA2411028010209,Event,2,2026-Sem1
EV007266,RA2411003010036,RA2611056010634,Event,1,2026-Sem2
EV007267,RA2311054010457,RA2411003010036,Event,2,2026-Sem2
EV007268,RA2411003010037,RA2411056010576,Event,1,2026-Sem1
EV007269,RA2311029010294,RA2411003010038,Event,1,2026-Sem2
EV007270,RA2311029010295,RA2411003010038,Event,3,2026-Sem1
EV007271,RA2411003010040,RA2511029010339,Event,1,2026-Sem2
EV007272,RA2411003010040,RA2511029010339,Event,3,2026-Sem1
EV007273,RA2411003010040,RA2511029010339,Event,4,2026-Sem2
EV007274,RA2411003010040,RA2511029010339,Event,1,2026-Sem2
EV007275,RA2511003010049,RA2511030010412,Social,4,2026-Sem2
EV007276,RA2311028010197,RA2511003010049,Event,4,2026-Sem1
EV007277,RA2311028010197,RA2511003010049,Event,3,2026-Sem2
EV007278,RA2311027010109,RA2511003010051,Event,2,2026-Sem1
EV007279,RA2511003010051,RA2611056010628,Event,2,2026-Sem1
EV007280,RA2511003010051,RA2611056010628,Event,3,2026-Sem2
EV007281,RA2511003010051,RA2511027010146,Event,3,2026-Sem2
EV007282,RA2411029010299,RA2511003010054,Social,1,2026-Sem2
EV007283,RA2511003010054,RA2511054010506,Social,2,2026-Sem2
EV007284,RA2411003010030,RA2511003010056,Event,3,2026-Sem2
EV007285,RA2311054010456,RA2511003010056,Event,1,2026-Sem2
EV007286,RA2511003010057,RA2611027010173,Social,2,2026-Sem2
EV007287,RA2511003010056,RA2511003010069,Social,3,2026-Sem1
EV007288,RA2511027010154,RA2611003010070,Social,3,2026-Sem2
EV007289,RA2411030010402,RA2611003010071,Event,3,2026-Sem2
EV007290,RA2411030010402,RA2611003010071,Event,2,2026-Sem1
EV007291,RA2411030010402,RA2611003010071,Event,3,2026-Sem2
EV007292,RA2411030010402,RA2611003010071,Event,2,2026-Sem2
EV007293,RA2311029010274,RA2611003010071,Event,1,2026-Sem1
EV007294,RA2311029010274,RA2611003010071,Event,4,2026-Sem2
EV007295,RA2511027010145,RA2611003010071,Social,4,2026-Sem1
EV007296,RA2411056010577,RA2611003010072,Event,4,2026-Sem1
EV007297,RA2311003010009,RA2611003010073,Social,1,2026-Sem1
EV007298,RA2311003010009,RA2611003010073,Social,4,2026-Sem1
EV007299,RA2411028010227,RA2611003010078,Event,4,2026-Sem2
EV007300,RA2411028010227,RA2611003010078,Event,1,2026-Sem2
EV007301,RA2511056010596,RA2611003010079,Social,2,2026-Sem1
EV007302,RA2511003010064,RA2611003010081,Event,2,2026-Sem1
EV007303,RA2411029010315,RA2611003010082,Social,2,2026-Sem2
EV007304,RA2611003010083,RA2611029010360,Social,4,2026-Sem1
EV007305,RA2611003010083,RA2611029010360,Social,1,2026-Sem1
EV007306,RA2611003010083,RA2611054010538,Event,4,2026-Sem1
EV007307,RA2611003010083,RA2611054010538,Event,2,2026-Sem1
EV007308,RA2611003010084,RA2611029010347,Social,3,2026-Sem1
EV007309,RA2611003010084,RA2611029010347,Social,2,2026-Sem1
EV007310,RA2311029010291,RA2611003010088,Social,3,2026-Sem1
EV007311,RA2311028010183,RA2611003010089,Social,2,2026-Sem1
EV007312,RA2611003010092,RA2611029010345,Social,1,2026-Sem1
EV007313,RA2311028010183,RA2611003010093,Event,1,2026-Sem2
EV007314,RA2311003010010,RA2311027010094,Event,2,2026-Sem1
EV007315,RA2311027010094,RA2411027010118,Social,1,2026-Sem1
EV007316,RA2311027010095,RA2511029010326,Event,3,2026-Sem2
EV007317,RA2311027010095,RA2411054010479,Event,4,2026-Sem2
EV007318,RA2311027010100,RA2311028010184,Event,2,2026-Sem2
EV007319,RA2311027010100,RA2311028010184,Event,3,2026-Sem1
EV007320,RA2311027010100,RA2311028010184,Event,3,2026-Sem1
EV007321,RA2311027010100,RA2611027010177,Event,2,2026-Sem2
EV007322,RA2311027010101,RA2611056010636,Event,3,2026-Sem1
EV007323,RA2311027010101,RA2611056010636,Event,2,2026-Sem2
EV007324,RA2311027010102,RA2611030010448,Social,1,2026-Sem1
EV007325,RA2311027010103,RA2411003010046,Event,2,2026-Sem1
EV007326,RA2311027010106,RA2311030010369,Social,3,2026-Sem1
EV007327,RA2311027010106,RA2511003010059,Event,1,2026-Sem2
EV007328,RA2311027010107,RA2411003010046,Event,4,2026-Sem2
EV007329,RA2311003010021,RA2311027010107,Event,3,2026-Sem2
EV007330,RA2311003010021,RA2311027010107,Event,2,2026-Sem1
EV007331,RA2311027010112,RA2511027010148,Event,2,2026-Sem1
EV007332,RA2411027010116,RA2511030010410,Event,2,2026-Sem1
EV007333,RA2411027010116,RA2511030010410,Event,3,2026-Sem2
EV007334,RA2411027010119,RA2411054010494,Social,4,2026-Sem1
EV007335,RA2411027010123,RA2611030010449,Event,3,2026-Sem2
EV007336,RA2311030010381,RA2411027010127,Event,1,2026-Sem2
EV007337,RA2411027010137,RA2411028010214,Event,4,2026-Sem1
EV007338,RA2411027010137,RA2611030010441,Social,2,2026-Sem2
EV007339,RA2311027010110,RA2511027010139,Social,2,2026-Sem1
EV007340,RA2511027010139,RA2511030010417,Social,1,2026-Sem1
EV007341,RA2411054010492,RA2511027010140,Event,3,2026-Sem1
EV007342,RA2511027010141,RA2511030010416,Social,3,2026-Sem1
EV007343,RA2411003010038,RA2511027010144,Event,2,2026-Sem1
EV007344,RA2411003010038,RA2511027010144,Event,4,2026-Sem2
EV007345,RA2511027010144,RA2611030010453,Social,1,2026-Sem2
EV007346,RA2411029010303,RA2511027010145,Social,2,2026-Sem2
EV007347,RA2311054010459,RA2511027010145,Social,1,2026-Sem2
EV007348,RA2511027010145,RA2611003010077,Social,1,2026-Sem1
EV007349,RA2511027010147,RA2511056010603,Event,2,2026-Sem1
EV007350,RA2311028010205,RA2511027010147,Event,1,2026-Sem2
EV007351,RA2411054010477,RA2511027010149,Social,2,2026-Sem2
EV007352,RA2311028010183,RA2511027010151,Event,2,2026-Sem2
EV007353,RA2511027010155,RA2511056010613,Social,4,2026-Sem1
EV007354,RA2311029010278,RA2511027010155,Event,1,2026-Sem2
EV007355,RA2411056010572,RA2511027010156,Event,2,2026-Sem2
EV007356,RA2411030010397,RA2511027010156,Event,2,2026-Sem2
EV007357,RA2411029010306,RA2511027010157,Social,1,2026-Sem2
EV007358,RA2311029010291,RA2511027010158,Event,4,2026-Sem2
EV007359,RA2311003010004,RA2511027010159,Social,4,2026-Sem1
EV007360,RA2311030010366,RA2511027010159,Social,3,2026-Sem2
EV007361,RA2511027010159,RA2511028010248,Social,1,2026-Sem2
EV007362,RA2311003010018,RA2611027010163,Event,4,2026-Sem1
EV007363,RA2311029010287,RA2611027010165,Social,1,2026-Sem1
EV007364,RA2611027010167,RA2611030010441,Event,2,2026-Sem1
EV007365,RA2311056010558,RA2611027010169,Event,3,2026-Sem2
EV007366,RA2311029010287,RA2611027010169,Social,2,2026-Sem2
EV007367,RA2311029010287,RA2611027010169,Social,3,2026-Sem2
EV007368,RA2411029010301,RA2611027010169,Event,3,2026-Sem1
EV007369,RA2311030010378,RA2611027010171,Social,2,2026-Sem2
EV007370,RA2511030010416,RA2611027010174,Event,2,2026-Sem1
EV007371,RA2611003010074,RA2611027010175,Social,1,2026-Sem1
EV007372,RA2611003010074,RA2611027010175,Social,3,2026-Sem2
EV007373,RA2611003010074,RA2611027010175,Social,3,2026-Sem2
EV007374,RA2411030010395,RA2611027010175,Event,3,2026-Sem1
EV007375,RA2511056010611,RA2611027010176,Event,1,2026-Sem1
EV007376,RA2411003010040,RA2611027010176,Social,4,2026-Sem1
EV007377,RA2411003010040,RA2611027010176,Social,4,2026-Sem1
EV007378,RA2311003010013,RA2611027010178,Social,2,2026-Sem2
EV007379,RA2311056010552,RA2611027010178,Social,4,2026-Sem1
EV007380,RA2511030010413,RA2611027010179,Social,2,2026-Sem2
EV007381,RA2511030010413,RA2611027010179,Social,3,2026-Sem2
EV007382,RA2511030010413,RA2611027010179,Social,3,2026-Sem2
EV007383,RA2511030010413,RA2611027010179,Social,2,2026-Sem1
EV007384,RA2311003010022,RA2611027010179,Social,2,2026-Sem2
EV007385,RA2411003010040,RA2611027010180,Event,2,2026-Sem1
EV007386,RA2311030010364,RA2611027010180,Event,3,2026-Sem1
EV007387,RA2611027010181,RA2611056010634,Event,1,2026-Sem1
EV007388,RA2311056010544,RA2611027010181,Social,3,2026-Sem2
EV007389,RA2311028010184,RA2511054010504,Event,1,2026-Sem2
EV007390,RA2311028010184,RA2411027010133,Event,3,2026-Sem2
EV007391,RA2311028010185,RA2511054010508,Social,1,2026-Sem2
EV007392,RA2311028010185,RA2511054010508,Social,4,2026-Sem2
EV007393,RA2311028010185,RA2611056010615,Event,1,2026-Sem2
EV007394,RA2311028010185,RA2611056010615,Event,4,2026-Sem2
EV007395,RA2311028010187,RA2311054010463,Social,1,2026-Sem1
EV007396,RA2311028010188,RA2511003010053,Social,3,2026-Sem2
EV007397,RA2311028010192,RA2311056010550,Social,3,2026-Sem1
EV007398,RA2311028010192,RA2311056010550,Social,1,2026-Sem1
EV007399,RA2311028010192,RA2311056010550,Social,1,2026-Sem2
EV007400,RA2311028010192,RA2311056010550,Social,2,2026-Sem2
EV007401,RA2311028010192,RA2311056010550,Social,4,2026-Sem2
EV007402,RA2311028010192,RA2311056010550,Social,1,2026-Sem1
EV007403,RA2311028010192,RA2611054010538,Event,3,2026-Sem2
EV007404,RA2311028010192,RA2611054010538,Event,2,2026-Sem1
EV007405,RA2311028010194,RA2611029010349,Event,1,2026-Sem1
EV007406,RA2311028010194,RA2411003010024,Event,1,2026-Sem1
EV007407,RA2311028010194,RA2411003010024,Event,4,2026-Sem1
EV007408,RA2311028010194,RA2511029010328,Event,2,2026-Sem2
EV007409,RA2311028010195,RA2611030010453,Social,4,2026-Sem1
EV007410,RA2311028010195,RA2611003010085,Social,1,2026-Sem1
EV007411,RA2311028010200,RA2611056010619,Event,3,2026-Sem1
EV007412,RA2311028010201,RA2611056010622,Event,2,2026-Sem2
EV007413,RA2311028010201,RA2611056010622,Event,3,2026-Sem2
EV007414,RA2311028010201,RA2611056010623,Event,4,2026-Sem2
EV007415,RA2311028010202,RA2411056010573,Event,3,2026-Sem1
EV007416,RA2311028010203,RA2611030010449,Social,3,2026-Sem1
EV007417,RA2311028010203,RA2611030010449,Social,1,2026-Sem1
EV007418,RA2311028010203,RA2611030010449,Social,3,2026-Sem2
EV007419,RA2311028010203,RA2611030010449,Social,2,2026-Sem1
EV007420,RA2311028010205,RA2611028010255,Social,1,2026-Sem1
EV007421,RA2311003010008,RA2411028010206,Social,3,2026-Sem2
EV007422,RA2311003010008,RA2411028010206,Social,3,2026-Sem2
EV007423,RA2411028010212,RA2611056010633,Event,4,2026-Sem1
EV007424,RA2411028010212,RA2611056010633,Event,1,2026-Sem2
EV007425,RA2411028010212,RA2611056010633,Event,3,2026-Sem1
EV007426,RA2411028010212,RA2611056010633,Event,2,2026-Sem2
EV007427,RA2411028010214,RA2611029010353,Social,4,2026-Sem1
EV007428,RA2311003010021,RA2411028010215,Event,2,2026-Sem2
EV007429,RA2411028010216,RA2611030010449,Social,1,2026-Sem2
EV007430,RA2411028010219,RA2411056010576,Social,1,2026-Sem2
EV007431,RA2411028010221,RA2411056010567,Event,3,2026-Sem2
EV007432,RA2411028010221,RA2611027010177,Social,4,2026-Sem2
EV007433,RA2411028010221,RA2411029010297,Event,2,2026-Sem1
EV007434,RA2411028010221,RA2411029010297,Event,4,2026-Sem1
EV007435,RA2411028010222,RA2611003010083,Social,1,2026-Sem1
EV007436,RA2411028010222,RA2611003010083,Social,4,2026-Sem2
EV007437,RA2311003010006,RA2411028010227,Social,3,2026-Sem2
EV007438,RA2311003010006,RA2411028010227,Social,2,2026-Sem1
EV007439,RA2311003010006,RA2411028010227,Social,4,2026-Sem1
EV007440,RA2411028010227,RA2511030010414,Social,4,2026-Sem2
EV007441,RA2311030010370,RA2411028010228,Event,1,2026-Sem1
EV007442,RA2311029010275,RA2511028010230,Event,4,2026-Sem1
EV007443,RA2311029010275,RA2511028010230,Event,3,2026-Sem2
EV007444,RA2311027010103,RA2511028010231,Social,1,2026-Sem1
EV007445,RA2511003010053,RA2511028010232,Social,1,2026-Sem2
EV007446,RA2411027010127,RA2511028010232,Event,2,2026-Sem1
EV007447,RA2411003010038,RA2511028010237,Event,3,2026-Sem2
EV007448,RA2511028010240,RA2611030010445,Event,4,2026-Sem2
EV007449,RA2511028010241,RA2511029010325,Social,4,2026-Sem1
EV007450,RA2511028010241,RA2511029010325,Social,1,2026-Sem2
EV007451,RA2411054010490,RA2511028010243,Social,3,2026-Sem2
EV007452,RA2411054010490,RA2511028010243,Social,1,2026-Sem1
EV007453,RA2411054010490,RA2511028010243,Social,4,2026-Sem1
EV007454,RA2411054010490,RA2511028010243,Social,1,2026-Sem1
EV007455,RA2511028010243,RA2611027010161,Event,4,2026-Sem1
EV007456,RA2311054010454,RA2511028010247,Event,1,2026-Sem2
EV007457,RA2311054010454,RA2511028010247,Event,4,2026-Sem2
EV007458,RA2511028010248,RA2511030010413,Event,1,2026-Sem2
EV007459,RA2511028010248,RA2511030010413,Event,2,2026-Sem2
EV007460,RA2511028010248,RA2511030010413,Event,3,2026-Sem1
EV007461,RA2411027010122,RA2511028010248,Social,2,2026-Sem1
EV007462,RA2411054010489,RA2611028010254,Event,4,2026-Sem2
EV007463,RA2611028010255,RA2611030010452,Social,2,2026-Sem1
EV007464,RA2411028010211,RA2611028010255,Event,2,2026-Sem1
EV007465,RA2311028010199,RA2611028010256,Social,2,2026-Sem1
EV007466,RA2511054010519,RA2611028010257,Event,1,2026-Sem1
EV007467,RA2511027010157,RA2611028010259,Social,1,2026-Sem1
EV007468,RA2511028010235,RA2611028010260,Event,4,2026-Sem2
EV007469,RA2611028010260,RA2611030010438,Event,1,2026-Sem2
EV007470,RA2611028010260,RA2611030010438,Event,3,2026-Sem2
EV007471,RA2611028010260,RA2611030010438,Event,1,2026-Sem2
EV007472,RA2611028010260,RA2611030010438,Event,4,2026-Sem1
EV007473,RA2511056010610,RA2611028010264,Social,3,2026-Sem2
EV007474,RA2511056010610,RA2611028010264,Social,3,2026-Sem2
EV007475,RA2411054010484,RA2611028010264,Event,2,2026-Sem1
EV007476,RA2311003010001,RA2611028010266,Event,3,2026-Sem2
EV007477,RA2311003010001,RA2611028010266,Event,4,2026-Sem1
EV007478,RA2511029010334,RA2611028010270,Event,2,2026-Sem1
EV007479,RA2311029010278,RA2611028010272,Event,2,2026-Sem1
EV007480,RA2311029010278,RA2611028010272,Event,3,2026-Sem2
EV007481,RA2411030010395,RA2611028010273,Event,4,2026-Sem2
EV007482,RA2411030010395,RA2611028010273,Event,1,2026-Sem1
EV007483,RA2411030010395,RA2611028010273,Event,3,2026-Sem1
EV007484,RA2411030010395,RA2611028010273,Event,2,2026-Sem2
EV007485,RA2411029010304,RA2611028010273,Social,4,2026-Sem2
EV007486,RA2411029010304,RA2611028010273,Social,2,2026-Sem1
EV007487,RA2311029010275,RA2311056010545,Event,1,2026-Sem2
EV007488,RA2311029010275,RA2411056010584,Social,1,2026-Sem2
EV007489,RA2311029010275,RA2411056010584,Social,4,2026-Sem1
EV007490,RA2311029010275,RA2411056010584,Social,1,2026-Sem2
EV007491,RA2311029010275,RA2411056010584,Social,2,2026-Sem2
EV007492,RA2311029010275,RA2411056010584,Social,2,2026-Sem1
EV007493,RA2311029010275,RA2411056010584,Social,4,2026-Sem1
EV007494,RA2311029010278,RA2511030010428,Event,1,2026-Sem1
EV007495,RA2311029010278,RA2511030010428,Event,3,2026-Sem1
EV007496,RA2311029010278,RA2511030010428,Event,3,2026-Sem1
EV007497,RA2311029010278,RA2511030010428,Event,3,2026-Sem1
EV007498,RA2311029010278,RA2511030010428,Event,4,2026-Sem2
EV007499,RA2311029010278,RA2611030010441,Event,2,2026-Sem1
EV007500,RA2311029010283,RA2311056010565,Social,2,2026-Sem1
EV007501,RA2311028010189,RA2311029010288,Event,2,2026-Sem2
EV007502,RA2311028010189,RA2311029010288,Event,4,2026-Sem1
EV007503,RA2311028010189,RA2311029010288,Event,3,2026-Sem1
EV007504,RA2311029010288,RA2511027010149,Event,4,2026-Sem2
EV007505,RA2311003010013,RA2311029010292,Social,2,2026-Sem1
EV007506,RA2311029010295,RA2611056010625,Event,1,2026-Sem2
EV007507,RA2311029010295,RA2611030010438,Social,2,2026-Sem2
EV007508,RA2311029010296,RA2611027010169,Event,1,2026-Sem1
EV007509,RA2311029010296,RA2611056010630,Social,1,2026-Sem1
EV007510,RA2311029010296,RA2611056010630,Social,2,2026-Sem1
EV007511,RA2311029010296,RA2611056010630,Social,3,2026-Sem1
EV007512,RA2311029010296,RA2411056010586,Social,3,2026-Sem2
EV007513,RA2411029010299,RA2411030010400,Social,1,2026-Sem2
EV007514,RA2311029010274,RA2411029010303,Event,1,2026-Sem1
EV007515,RA2411028010206,RA2411029010305,Event,1,2026-Sem1
EV007516,RA2411029010311,RA2511054010499,Social,1,2026-Sem1
EV007517,RA2411029010312,RA2611003010074,Social,3,2026-Sem2
EV007518,RA2411029010312,RA2611003010074,Social,2,2026-Sem2
EV007519,RA2411003010040,RA2411029010313,Social,4,2026-Sem2
EV007520,RA2411003010040,RA2411029010313,Social,1,2026-Sem2
EV007521,RA2411029010314,RA2511028010237,Social,1,2026-Sem2
EV007522,RA2411029010316,RA2611054010530,Event,1,2026-Sem1
EV007523,RA2411029010316,RA2611054010530,Event,4,2026-Sem1
EV007524,RA2411029010316,RA2611054010530,Event,2,2026-Sem1
EV007525,RA2411029010316,RA2611029010348,Social,1,2026-Sem1
EV007526,RA2411029010317,RA2411056010578,Social,4,2026-Sem2
EV007527,RA2411029010318,RA2511030010411,Event,4,2026-Sem2
EV007528,RA2411029010318,RA2511030010411,Event,1,2026-Sem1
EV007529,RA2411029010318,RA2511029010323,Event,2,2026-Sem2
EV007530,RA2511029010320,RA2611027010165,Event,3,2026-Sem2
EV007531,RA2411003010037,RA2511029010322,Social,3,2026-Sem1
EV007532,RA2411003010037,RA2511029010322,Social,3,2026-Sem1
EV007533,RA2411003010037,RA2511029010322,Social,2,2026-Sem1
EV007534,RA2411003010037,RA2511029010322,Social,1,2026-Sem1
EV007535,RA2411003010037,RA2511029010322,Social,1,2026-Sem1
EV007536,RA2411003010037,RA2511029010322,Social,4,2026-Sem1
EV007537,RA2511029010322,RA2511056010610,Social,4,2026-Sem2
EV007538,RA2311029010286,RA2511029010323,Social,1,2026-Sem1
EV007539,RA2511029010323,RA2511056010597,Event,4,2026-Sem1
EV007540,RA2511029010324,RA2611030010431,Event,1,2026-Sem2
EV007541,RA2511029010324,RA2611030010431,Event,4,2026-Sem1
EV007542,RA2511029010324,RA2611030010431,Event,2,2026-Sem1
EV007543,RA2411056010570,RA2511029010324,Event,3,2026-Sem2
EV007544,RA2311003010003,RA2511029010326,Social,4,2026-Sem1
EV007545,RA2311054010462,RA2511029010328,Social,3,2026-Sem1
EV007546,RA2311054010462,RA2511029010328,Social,2,2026-Sem1
EV007547,RA2311054010462,RA2511029010328,Social,3,2026-Sem2
EV007548,RA2311054010462,RA2511029010328,Social,2,2026-Sem1
EV007549,RA2511029010328,RA2511056010612,Event,4,2026-Sem2
EV007550,RA2511029010328,RA2511056010612,Event,1,2026-Sem1
EV007551,RA2411029010316,RA2511029010329,Event,2,2026-Sem1
EV007552,RA2511029010330,RA2511029010333,Social,2,2026-Sem1
EV007553,RA2511029010331,RA2611029010344,Event,1,2026-Sem1
EV007554,RA2511029010331,RA2611029010344,Event,3,2026-Sem1
EV007555,RA2511029010331,RA2611029010344,Event,3,2026-Sem1
EV007556,RA2511029010331,RA2611029010344,Event,2,2026-Sem1
EV007557,RA2511029010332,RA2511054010515,Social,4,2026-Sem2
EV007558,RA2511029010332,RA2511054010515,Social,2,2026-Sem1
EV007559,RA2511003010069,RA2511029010339,Event,4,2026-Sem2
EV007560,RA2511003010069,RA2511029010339,Event,1,2026-Sem2
EV007561,RA2511028010247,RA2511029010339,Event,1,2026-Sem2
EV007562,RA2511028010247,RA2511029010339,Event,2,2026-Sem1
EV007563,RA2511028010247,RA2511029010339,Event,4,2026-Sem2
EV007564,RA2511028010247,RA2511029010339,Event,2,2026-Sem2
EV007565,RA2511029010339,RA2611030010450,Event,4,2026-Sem2
EV007566,RA2511029010339,RA2611030010450,Event,1,2026-Sem1
EV007567,RA2511029010340,RA2611056010625,Event,3,2026-Sem2
EV007568,RA2511029010340,RA2611003010078,Event,1,2026-Sem2
EV007569,RA2411029010300,RA2611029010345,Event,2,2026-Sem1
EV007570,RA2411029010300,RA2611029010345,Event,3,2026-Sem1
EV007571,RA2411054010481,RA2611029010345,Social,3,2026-Sem2
EV007572,RA2411029010312,RA2611029010345,Social,3,2026-Sem1
EV007573,RA2411029010312,RA2611029010345,Social,2,2026-Sem2
EV007574,RA2511027010141,RA2611029010346,Event,2,2026-Sem1
EV007575,RA2311003010006,RA2611029010348,Social,1,2026-Sem1
EV007576,RA2511054010503,RA2611029010348,Event,2,2026-Sem1
EV007577,RA2511054010503,RA2611029010348,Event,3,2026-Sem1
EV007578,RA2611029010348,RA2611030010444,Event,3,2026-Sem1
EV007579,RA2611029010348,RA2611030010444,Event,1,2026-Sem2
EV007580,RA2611029010348,RA2611030010444,Event,2,2026-Sem2
EV007581,RA2611029010348,RA2611030010444,Event,4,2026-Sem2
EV007582,RA2311030010384,RA2611029010349,Event,3,2026-Sem1
EV007583,RA2411056010576,RA2611029010351,Social,1,2026-Sem2
EV007584,RA2611003010081,RA2611029010355,Social,3,2026-Sem2
EV007585,RA2611003010086,RA2611029010357,Event,2,2026-Sem1
EV007586,RA2311029010284,RA2611029010358,Social,4,2026-Sem2
EV007587,RA2311029010296,RA2611029010358,Event,4,2026-Sem2
EV007588,RA2511054010506,RA2611029010361,Event,1,2026-Sem2
EV007589,RA2311003010014,RA2311030010364,Social,1,2026-Sem2
EV007590,RA2311003010014,RA2311030010364,Social,2,2026-Sem1
EV007591,RA2311003010014,RA2311030010364,Social,4,2026-Sem2
EV007592,RA2311030010364,RA2511029010337,Event,3,2026-Sem2
EV007593,RA2311030010365,RA2611028010271,Event,1,2026-Sem1
EV007594,RA2311030010365,RA2411056010584,Event,4,2026-Sem2
EV007595,RA2311030010365,RA2611027010164,Social,2,2026-Sem1
EV007596,RA2311030010367,RA2411003010046,Social,2,2026-Sem1
EV007597,RA2311030010367,RA2411003010046,Social,2,2026-Sem1
EV007598,RA2311030010367,RA2411003010046,Social,3,2026-Sem2
EV007599,RA2311030010367,RA2611028010261,Social,4,2026-Sem1
EV007600,RA2311003010023,RA2311030010369,Event,1,2026-Sem1
EV007601,RA2311030010369,RA2411054010477,Social,1,2026-Sem2
EV007602,RA2311030010369,RA2411056010570,Social,1,2026-Sem2
EV007603,RA2311030010370,RA2411029010308,Event,1,2026-Sem2
EV007604,RA2311030010370,RA2411029010308,Event,1,2026-Sem2
EV007605,RA2311030010370,RA2411029010308,Event,4,2026-Sem1
EV007606,RA2311030010370,RA2311054010469,Event,2,2026-Sem1
EV007607,RA2311030010373,RA2511054010501,Social,3,2026-Sem2
EV007608,RA2311030010373,RA2511054010501,Social,3,2026-Sem1
EV007609,RA2311030010373,RA2511029010326,Event,1,2026-Sem2
EV007610,RA2311030010373,RA2511029010326,Event,4,2026-Sem1
EV007611,RA2311030010374,RA2611054010522,Social,1,2026-Sem1
EV007612,RA2311030010374,RA2611054010522,Social,4,2026-Sem1
EV007613,RA2311030010374,RA2611054010522,Social,1,2026-Sem1
EV007614,RA2311030010374,RA2611054010522,Social,3,2026-Sem1
EV007615,RA2311030010374,RA2611054010522,Social,3,2026-Sem2
EV007616,RA2311030010374,RA2611054010522,Social,2,2026-Sem1
EV007617,RA2311030010374,RA2511003010049,Event,4,2026-Sem2
EV007618,RA2311030010376,RA2411027010130,Event,3,2026-Sem1
EV007619,RA2311030010377,RA2411029010307,Event,1,2026-Sem2
EV007620,RA2311030010379,RA2511027010159,Social,1,2026-Sem1
EV007621,RA2311030010379,RA2511030010418,Social,3,2026-Sem2
EV007622,RA2311030010380,RA2511056010599,Event,2,2026-Sem2
EV007623,RA2311030010381,RA2611028010263,Event,1,2026-Sem2
EV007624,RA2311028010201,RA2311030010381,Social,1,2026-Sem1
EV007625,RA2311030010382,RA2611027010173,Social,2,2026-Sem2
EV007626,RA2311030010382,RA2611027010161,Social,4,2026-Sem2
EV007627,RA2311003010020,RA2311030010382,Social,3,2026-Sem2
EV007628,RA2311030010384,RA2511029010322,Social,2,2026-Sem2
EV007629,RA2311030010384,RA2511029010322,Social,3,2026-Sem2
EV007630,RA2311030010385,RA2511003010064,Event,1,2026-Sem2
EV007631,RA2311030010385,RA2411056010568,Event,2,2026-Sem2
EV007632,RA2311030010385,RA2511027010151,Event,4,2026-Sem1
EV007633,RA2311030010385,RA2511027010151,Event,2,2026-Sem1
EV007634,RA2311030010386,RA2611028010266,Social,3,2026-Sem1
EV007635,RA2411030010387,RA2511030010415,Social,1,2026-Sem1
EV007636,RA2411030010390,RA2611056010618,Social,3,2026-Sem2
EV007637,RA2411030010390,RA2611056010618,Social,1,2026-Sem2
EV007638,RA2411030010390,RA2611056010618,Social,4,2026-Sem2
EV007639,RA2411030010392,RA2511027010152,Social,1,2026-Sem2
EV007640,RA2411030010392,RA2511030010412,Social,3,2026-Sem2
EV007641,RA2411030010392,RA2611003010081,Social,1,2026-Sem1
EV007642,RA2311056010552,RA2411030010393,Event,2,2026-Sem1
EV007643,RA2411030010393,RA2511030010429,Event,2,2026-Sem2
EV007644,RA2311027010097,RA2411030010399,Social,2,2026-Sem2
EV007645,RA2411027010133,RA2411030010401,Event,3,2026-Sem1
EV007646,RA2411027010133,RA2411030010401,Event,3,2026-Sem1
EV007647,RA2411030010402,RA2611056010634,Event,2,2026-Sem1
EV007648,RA2411030010402,RA2611056010634,Event,3,2026-Sem1
EV007649,RA2411030010402,RA2611056010634,Event,3,2026-Sem2
EV007650,RA2411030010402,RA2611056010634,Event,4,2026-Sem1
EV007651,RA2411003010035,RA2411030010404,Event,2,2026-Sem2
EV007652,RA2411030010398,RA2511030010409,Social,2,2026-Sem2
EV007653,RA2411030010398,RA2511030010409,Social,3,2026-Sem1
EV007654,RA2511030010409,RA2511056010609,Social,2,2026-Sem1
EV007655,RA2311028010202,RA2511030010411,Social,1,2026-Sem1
EV007656,RA2411056010570,RA2511030010412,Social,1,2026-Sem2
EV007657,RA2411054010496,RA2511030010413,Social,4,2026-Sem2
EV007658,RA2411054010496,RA2511030010413,Social,4,2026-Sem2
EV007659,RA2311030010376,RA2511030010413,Social,2,2026-Sem1
EV007660,RA2511027010151,RA2511030010415,Event,2,2026-Sem1
EV007661,RA2411029010307,RA2511030010416,Social,4,2026-Sem1
EV007662,RA2411029010307,RA2511030010416,Social,4,2026-Sem2
EV007663,RA2511030010419,RA2511056010599,Event,3,2026-Sem1
EV007664,RA2511030010419,RA2511056010599,Event,2,2026-Sem2
EV007665,RA2311030010375,RA2511030010420,Social,3,2026-Sem1
EV007666,RA2411029010308,RA2511030010422,Social,3,2026-Sem1
EV007667,RA2411029010308,RA2511030010422,Social,4,2026-Sem1
EV007668,RA2411029010308,RA2511030010422,Social,4,2026-Sem1
EV007669,RA2411029010308,RA2511030010422,Social,1,2026-Sem1
EV007670,RA2511030010422,RA2611029010357,Event,2,2026-Sem2
EV007671,RA2511030010422,RA2611029010357,Event,4,2026-Sem1
EV007672,RA2411030010398,RA2511030010423,Event,1,2026-Sem2
EV007673,RA2511003010059,RA2511030010424,Social,4,2026-Sem2
EV007674,RA2511003010059,RA2511030010424,Social,1,2026-Sem1
EV007675,RA2311027010114,RA2511030010427,Event,2,2026-Sem1
EV007676,RA2511030010427,RA2611030010451,Social,1,2026-Sem1
EV007677,RA2611030010431,RA2611030010452,Social,1,2026-Sem1
EV007678,RA2611003010070,RA2611030010434,Social,3,2026-Sem1
EV007679,RA2311027010100,RA2611030010440,Social,3,2026-Sem1
EV007680,RA2311029010289,RA2611030010453,Social,1,2026-Sem1
EV007681,RA2311054010454,RA2611029010346,Social,4,2026-Sem2
EV007682,RA2311054010457,RA2611003010087,Social,3,2026-Sem1
EV007683,RA2311054010458,RA2511029010326,Social,4,2026-Sem1
EV007684,RA2311054010464,RA2611054010529,Social,2,2026-Sem2
EV007685,RA2311029010289,RA2311054010464,Event,2,2026-Sem2
EV007686,RA2311054010466,RA2611028010265,Social,4,2026-Sem2
EV007687,RA2311054010466,RA2611028010265,Social,2,2026-Sem1
EV007688,RA2311027010098,RA2311054010467,Social,2,2026-Sem1
EV007689,RA2311054010467,RA2411056010580,Event,1,2026-Sem1
EV007690,RA2311054010467,RA2411056010580,Event,4,2026-Sem2
EV007691,RA2311054010467,RA2411056010580,Event,1,2026-Sem2
EV007692,RA2311054010474,RA2511027010158,Event,2,2026-Sem2
EV007693,RA2311054010474,RA2511027010158,Event,3,2026-Sem1
EV007694,RA2311054010475,RA2611030010435,Event,1,2026-Sem1
EV007695,RA2311054010475,RA2411029010315,Event,2,2026-Sem1
EV007696,RA2311029010283,RA2311054010475,Event,3,2026-Sem1
EV007697,RA2311029010283,RA2311054010475,Event,3,2026-Sem1
EV007698,RA2311054010476,RA2411054010493,Event,2,2026-Sem1
EV007699,RA2311054010476,RA2411030010404,Social,3,2026-Sem1
EV007700,RA2411054010478,RA2611027010174,Social,4,2026-Sem2
EV007701,RA2411054010478,RA2511028010245,Event,1,2026-Sem1
EV007702,RA2411003010024,RA2411054010479,Event,2,2026-Sem1
EV007703,RA2411054010480,RA2611003010072,Event,1,2026-Sem2
EV007704,RA2411054010480,RA2611003010072,Event,4,2026-Sem2
EV007705,RA2311054010454,RA2411054010480,Event,3,2026-Sem2
EV007706,RA2311028010205,RA2411054010480,Social,1,2026-Sem1
EV007707,RA2411054010481,RA2611054010529,Event,1,2026-Sem1
EV007708,RA2411054010481,RA2611054010529,Event,1,2026-Sem1
EV007709,RA2411054010481,RA2611054010529,Event,2,2026-Sem2
EV007710,RA2411054010481,RA2611054010529,Event,3,2026-Sem2
EV007711,RA2411054010481,RA2611003010078,Event,3,2026-Sem1
EV007712,RA2411054010481,RA2611003010078,Event,3,2026-Sem1
EV007713,RA2411054010481,RA2611056010633,Social,2,2026-Sem1
EV007714,RA2311030010369,RA2411054010484,Social,1,2026-Sem1
EV007715,RA2411054010484,RA2511027010139,Social,2,2026-Sem1
EV007716,RA2411054010485,RA2611003010077,Event,3,2026-Sem1
EV007717,RA2411054010488,RA2511030010421,Social,3,2026-Sem1
EV007718,RA2411054010488,RA2511030010421,Social,3,2026-Sem1
EV007719,RA2411054010488,RA2511030010421,Social,1,2026-Sem2
EV007720,RA2411054010488,RA2511030010421,Social,1,2026-Sem1
EV007721,RA2411054010488,RA2511030010421,Social,4,2026-Sem2
EV007722,RA2311054010464,RA2411054010491,Event,4,2026-Sem1
EV007723,RA2311054010464,RA2411054010491,Event,3,2026-Sem2
EV007724,RA2411054010495,RA2611030010445,Event,4,2026-Sem2
EV007725,RA2411054010495,RA2611030010445,Event,2,2026-Sem1
EV007726,RA2411054010495,RA2611030010445,Event,3,2026-Sem1
EV007727,RA2411054010495,RA2611054010541,Social,3,2026-Sem2
EV007728,RA2411054010495,RA2611054010541,Social,1,2026-Sem1
EV007729,RA2411054010495,RA2611054010541,Social,4,2026-Sem1
EV007730,RA2411003010034,RA2411054010496,Social,1,2026-Sem1
EV007731,RA2411054010497,RA2511003010059,Event,2,2026-Sem2
EV007732,RA2311028010184,RA2511054010499,Social,1,2026-Sem1
EV007733,RA2411003010044,RA2511054010501,Social,3,2026-Sem2
EV007734,RA2411003010044,RA2511054010501,Social,3,2026-Sem2
EV007735,RA2311029010295,RA2511054010504,Social,3,2026-Sem1
EV007736,RA2311003010020,RA2511054010504,Social,3,2026-Sem1
EV007737,RA2311054010462,RA2511054010508,Event,3,2026-Sem2
EV007738,RA2311054010462,RA2511054010508,Event,3,2026-Sem1
EV007739,RA2511054010508,RA2611027010174,Event,1,2026-Sem1
EV007740,RA2511054010508,RA2611027010174,Event,4,2026-Sem2
EV007741,RA2311030010384,RA2511054010510,Social,3,2026-Sem1
EV007742,RA2311030010384,RA2511054010510,Social,4,2026-Sem1
EV007743,RA2511054010511,RA2611030010442,Event,2,2026-Sem1
EV007744,RA2411027010116,RA2511054010515,Event,3,2026-Sem2
EV007745,RA2411027010116,RA2511054010515,Event,1,2026-Sem1
EV007746,RA2411027010116,RA2511054010515,Event,1,2026-Sem2
EV007747,RA2411027010116,RA2511054010515,Event,1,2026-Sem1
EV007748,RA2411027010116,RA2511054010515,Event,1,2026-Sem1
EV007749,RA2411027010116,RA2511054010515,Event,3,2026-Sem2
EV007750,RA2411027010116,RA2511054010515,Event,2,2026-Sem2
EV007751,RA2511054010516,RA2511056010611,Social,4,2026-Sem2
EV007752,RA2511054010516,RA2511056010611,Social,1,2026-Sem1
EV007753,RA2411029010303,RA2511054010517,Social,4,2026-Sem1
EV007754,RA2511054010517,RA2611003010085,Social,1,2026-Sem2
EV007755,RA2511029010341,RA2511054010519,Social,1,2026-Sem1
EV007756,RA2411028010225,RA2511054010521,Event,2,2026-Sem1
EV007757,RA2411028010225,RA2511054010521,Event,4,2026-Sem2
EV007758,RA2311054010468,RA2611054010522,Social,1,2026-Sem2
EV007759,RA2511030010409,RA2611054010525,Event,1,2026-Sem2
EV007760,RA2411056010570,RA2611054010527,Event,4,2026-Sem1
EV007761,RA2611029010356,RA2611054010528,Social,2,2026-Sem1
EV007762,RA2411029010314,RA2611054010528,Event,1,2026-Sem2
EV007763,RA2311054010469,RA2611054010530,Event,1,2026-Sem2
EV007764,RA2411056010567,RA2611054010532,Social,1,2026-Sem2
EV007765,RA2411056010567,RA2611054010532,Social,4,2026-Sem2
EV007766,RA2411056010567,RA2611054010532,Social,3,2026-Sem2
EV007767,RA2611027010176,RA2611054010534,Social,4,2026-Sem2
EV007768,RA2611027010176,RA2611054010534,Social,1,2026-Sem2
EV007769,RA2311030010368,RA2611054010534,Social,1,2026-Sem1
EV007770,RA2511054010516,RA2611054010538,Event,2,2026-Sem1
EV007771,RA2411029010316,RA2611054010539,Event,2,2026-Sem2
EV007772,RA2411028010216,RA2611054010541,Social,4,2026-Sem2
EV007773,RA2311056010544,RA2611056010615,Social,2,2026-Sem1
EV007774,RA2311056010545,RA2611029010351,Social,4,2026-Sem1
EV007775,RA2311056010546,RA2511056010607,Social,1,2026-Sem1
EV007776,RA2311056010547,RA2611028010264,Event,1,2026-Sem1
EV007777,RA2311056010547,RA2611028010264,Event,4,2026-Sem1
EV007778,RA2311056010547,RA2611028010264,Event,1,2026-Sem1
EV007779,RA2311056010548,RA2411054010477,Event,2,2026-Sem2
EV007780,RA2311056010548,RA2611027010168,Event,1,2026-Sem2
EV007781,RA2311056010549,RA2611056010614,Event,2,2026-Sem1
EV007782,RA2311056010554,RA2411054010482,Social,1,2026-Sem2
EV007783,RA2311056010554,RA2411054010482,Social,3,2026-Sem1
EV007784,RA2311056010554,RA2411054010482,Social,3,2026-Sem2
EV007785,RA2311056010554,RA2411054010482,Social,2,2026-Sem2
EV007786,RA2311056010554,RA2611054010541,Social,3,2026-Sem2
EV007787,RA2311056010555,RA2511030010427,Social,1,2026-Sem2
EV007788,RA2311056010555,RA2511030010427,Social,4,2026-Sem1
EV007789,RA2311056010555,RA2611029010349,Social,3,2026-Sem1
EV007790,RA2311056010555,RA2611029010349,Social,4,2026-Sem1
EV007791,RA2311028010187,RA2311056010557,Social,2,2026-Sem2
EV007792,RA2311029010277,RA2311056010557,Event,1,2026-Sem2
EV007793,RA2311056010557,RA2511054010503,Social,2,2026-Sem2
EV007794,RA2311056010558,RA2611030010445,Event,2,2026-Sem1
EV007795,RA2411056010569,RA2511054010505,Social,1,2026-Sem1
EV007796,RA2411028010218,RA2411056010570,Social,1,2026-Sem2
EV007797,RA2411028010218,RA2411056010570,Social,4,2026-Sem2
EV007798,RA2411028010218,RA2411056010570,Social,2,2026-Sem2
EV007799,RA2311056010565,RA2411056010570,Social,1,2026-Sem1
EV007800,RA2411056010571,RA2611029010344,Social,1,2026-Sem2
EV007801,RA2411056010571,RA2611029010344,Social,2,2026-Sem2
EV007802,RA2411056010571,RA2611029010344,Social,3,2026-Sem1
EV007803,RA2411054010485,RA2411056010572,Event,1,2026-Sem2
EV007804,RA2411054010485,RA2411056010572,Event,3,2026-Sem2
EV007805,RA2411054010485,RA2411056010572,Event,2,2026-Sem1
EV007806,RA2411054010485,RA2411056010572,Event,3,2026-Sem1
EV007807,RA2311029010293,RA2411056010576,Event,4,2026-Sem1
EV007808,RA2311029010293,RA2411056010576,Event,3,2026-Sem2
EV007809,RA2411056010577,RA2611030010442,Event,1,2026-Sem2
EV007810,RA2411056010578,RA2611029010359,Event,3,2026-Sem1
EV007811,RA2411056010579,RA2511028010244,Event,4,2026-Sem1
EV007812,RA2411056010579,RA2511028010244,Event,3,2026-Sem2
EV007813,RA2411056010579,RA2511028010244,Event,4,2026-Sem1
EV007814,RA2411056010579,RA2511028010244,Event,1,2026-Sem1
EV007815,RA2411029010303,RA2411056010580,Event,1,2026-Sem1
EV007816,RA2311003010014,RA2411056010581,Social,4,2026-Sem2
EV007817,RA2411056010582,RA2511054010509,Social,1,2026-Sem1
EV007818,RA2411056010582,RA2511054010519,Social,2,2026-Sem2
EV007819,RA2411030010405,RA2511056010592,Social,2,2026-Sem1
EV007820,RA2311003010016,RA2511056010593,Social,3,2026-Sem2
EV007821,RA2511028010244,RA2511056010594,Social,4,2026-Sem2
EV007822,RA2511056010595,RA2611056010626,Event,1,2026-Sem1
EV007823,RA2411056010586,RA2511056010595,Social,1,2026-Sem1
EV007824,RA2511056010596,RA2611028010273,Social,1,2026-Sem2
EV007825,RA2511003010051,RA2511056010597,Event,2,2026-Sem2
EV007826,RA2511056010597,RA2611028010255,Event,2,2026-Sem2
EV007827,RA2311003010019,RA2511056010599,Event,3,2026-Sem1
EV007828,RA2311003010019,RA2511056010599,Event,3,2026-Sem2
EV007829,RA2511054010501,RA2511056010599,Event,1,2026-Sem2
EV007830,RA2411054010492,RA2511056010601,Social,2,2026-Sem2
EV007831,RA2511029010335,RA2511056010607,Social,1,2026-Sem2
EV007832,RA2511029010335,RA2511056010607,Social,4,2026-Sem2
EV007833,RA2511056010607,RA2611003010074,Event,1,2026-Sem2
EV007834,RA2511027010142,RA2511056010608,Social,4,2026-Sem1
EV007835,RA2511027010142,RA2511056010608,Social,1,2026-Sem1
EV007836,RA2511030010424,RA2511056010609,Social,1,2026-Sem1
EV007837,RA2311028010183,RA2511056010612,Social,1,2026-Sem1
EV007838,RA2411056010586,RA2511056010613,Social,1,2026-Sem2
EV007839,RA2411056010586,RA2511056010613,Social,4,2026-Sem1
EV007840,RA2611027010180,RA2611056010614,Social,2,2026-Sem1
EV007841,RA2411028010228,RA2611056010616,Social,1,2026-Sem2
EV007842,RA2311027010110,RA2611056010616,Event,2,2026-Sem1
EV007843,RA2311027010095,RA2611056010619,Social,1,2026-Sem2
EV007844,RA2311027010100,RA2611056010620,Event,2,2026-Sem2
EV007845,RA2511054010501,RA2611056010620,Event,1,2026-Sem1
EV007846,RA2511054010501,RA2611056010620,Event,2,2026-Sem2
EV007847,RA2511054010501,RA2611056010620,Event,4,2026-Sem2
EV007848,RA2311030010367,RA2611056010621,Social,2,2026-Sem1
EV007849,RA2511056010601,RA2611056010621,Event,4,2026-Sem2
EV007850,RA2511056010601,RA2611056010621,Event,4,2026-Sem2
EV007851,RA2611028010258,RA2611056010622,Social,1,2026-Sem2
EV007852,RA2611028010258,RA2611056010622,Social,4,2026-Sem1
EV007853,RA2511027010147,RA2611056010622,Event,4,2026-Sem1
EV007854,RA2511028010249,RA2611056010625,Event,1,2026-Sem2
EV007855,RA2511054010504,RA2611056010625,Social,2,2026-Sem2
EV007856,RA2411056010580,RA2611056010627,Social,1,2026-Sem2
EV007857,RA2411029010306,RA2611056010628,Social,4,2026-Sem2
EV007858,RA2511054010499,RA2611056010628,Social,1,2026-Sem1
EV007859,RA2611030010451,RA2611056010629,Social,2,2026-Sem2
EV007860,RA2411056010582,RA2611056010631,Event,3,2026-Sem2
EV007861,RA2411056010582,RA2611056010631,Event,3,2026-Sem1
EV007862,RA2411054010495,RA2611056010632,Event,2,2026-Sem2
EV007863,RA2411030010397,RA2611056010636,Social,1,2026-Sem1
