event_id,registration_number_1,registration_number_2,interaction_type,interaction_count,period
EV00001,RA231100300001,RA231102700121,Peer Study,1,Even Sem 2026 - Finals
EV00002,RA231100300001,RA231105600007,Hackathon Team,1,Even Sem 2026 - Month 1
EV00003,RA231100300001,RA241102800181,Hackathon Team,2,Odd Sem 2025 - Midterm
EV00004,RA231100300001,RA251102800310,Lab Collaboration,1,Odd Sem 2025 - Month 2
EV00005,RA231100300001,RA251105400355,Peer Study,1,Odd Sem 2025 - Month 4
EV00006,RA231100300001,RA251105600286,Project Team,1,Even Sem 2026 - Month 1
EV00007,RA231100300001,RA261100300388,Hackathon Team,3,Even Sem 2026 - Finals
EV00008,RA231100300001,RA261100300409,Hackathon Team,1,Even Sem 2026 - Month 2
EV00009,RA231100300001,RA261102700410,Lab Collaboration,1,Even Sem 2026 - Month 1
EV00010,RA231100300001,RA261102700487,Peer Study,3,Odd Sem 2025 - Month 2
EV00011,RA231100300001,RA261102900391,Peer Study,1,Odd Sem 2025 - Month 1
EV00012,RA231100300001,RA261105400379,Lab Collaboration,1,Odd Sem 2025 - Month 1
EV00013,RA231100300008,RA231102700002,Hackathon Team,1,Even Sem 2026 - Month 2
EV00014,RA231100300008,RA231102900074,Peer Study,2,Odd Sem 2025 - Month 2
EV00015,RA231100300008,RA231103000026,Technical Club,1,Odd Sem 2025 - Month 2
EV00016,RA231100300008,RA231105400020,Lab Collaboration,2,Odd Sem 2025 - Month 1
EV00017,RA231100300008,RA231105600014,Lab Collaboration,2,Even Sem 2026 - Month 1
EV00018,RA231100300008,RA241105400128,Hackathon Team,1,Odd Sem 2025 - Month 1
EV00019,RA231100300008,RA241105400191,Lab Collaboration,2,Odd Sem 2025 - Midterm
EV00020,RA231100300008,RA251102800296,Lab Collaboration,1,Even Sem 2026 - Month 1
EV00021,RA231100300008,RA251103000368,Peer Study,1,Even Sem 2026 - Month 1
EV00022,RA231100300008,RA251105400278,Project Team,1,Even Sem 2026 - Month 1
EV00023,RA231100300008,RA251105400320,Hackathon Team,2,Odd Sem 2025 - Midterm
EV00024,RA231100300008,RA251105600251,Project Team,1,Odd Sem 2025 - Midterm
EV00025,RA231100300008,RA251105600272,Lab Collaboration,1,Even Sem 2026 - Finals
EV00026,RA231100300008,RA261100300416,Peer Study,3,Even Sem 2026 - Month 2
EV00027,RA231100300008,RA261100300493,Hackathon Team,1,Odd Sem 2025 - Month 4
EV00028,RA231100300015,RA231102700009,Project Team,3,Even Sem 2026 - Month 2
EV00029,RA231100300015,RA231102800045,Lab Collaboration,4,Even Sem 2026 - Month 1
EV00030,RA231100300015,RA231102800059,Project Team,5,Odd Sem 2025 - Midterm
EV00031,RA231100300015,RA231102900004,Project Team,4,Even Sem 2026 - Month 1
EV00032,RA231100300015,RA231102900032,Hackathon Team,6,Odd Sem 2025 - Month 4
EV00033,RA231100300015,RA231102900039,Hackathon Team,2,Odd Sem 2025 - Month 4
EV00034,RA231100300015,RA231102900081,Peer Study,2,Odd Sem 2025 - Midterm
EV00035,RA231100300015,RA231102900088,Peer Study,4,Odd Sem 2025 - Month 2
EV00036,RA231100300015,RA231105400027,Technical Club,5,Odd Sem 2025 - Midterm
EV00037,RA231100300015,RA231105400069,Technical Club,2,Odd Sem 2025 - Month 1
EV00038,RA231100300015,RA231105600021,Project Team,3,Odd Sem 2025 - Month 4
EV00039,RA231100300015,RA231105600063,Peer Study,2,Odd Sem 2025 - Month 2
EV00040,RA231100300015,RA231105600119,Hackathon Team,2,Odd Sem 2025 - Midterm
EV00041,RA231100300015,RA241100300193,Technical Club,2,Odd Sem 2025 - Month 1
EV00042,RA231100300015,RA241102700166,Technical Club,2,Odd Sem 2025 - Month 4
EV00043,RA231100300015,RA241102800230,Project Team,2,Odd Sem 2025 - Month 1
EV00044,RA231100300015,RA241102900154,Peer Study,2,Even Sem 2026 - Finals
EV00045,RA231100300015,RA241102900224,Hackathon Team,2,Odd Sem 2025 - Month 2
EV00046,RA231100300015,RA241103000155,Technical Club,3,Even Sem 2026 - Month 2
EV00047,RA231100300015,RA241103000225,Technical Club,4,Even Sem 2026 - Month 1
EV00048,RA231100300015,RA241105600129,Technical Club,2,Even Sem 2026 - Finals
EV00049,RA231100300015,RA241105600143,Lab Collaboration,4,Even Sem 2026 - Finals
EV00050,RA231100300015,RA241105600185,Technical Club,3,Even Sem 2026 - Finals
EV00051,RA231100300015,RA251102700365,Technical Club,2,Even Sem 2026 - Finals
EV00052,RA231100300015,RA251102700372,Peer Study,4,Even Sem 2026 - Month 2
EV00053,RA231100300015,RA251102800261,Project Team,2,Odd Sem 2025 - Month 1
EV00054,RA231100300015,RA251102800317,Lab Collaboration,2,Odd Sem 2025 - Month 2
EV00055,RA231100300015,RA251102800331,Technical Club,3,Odd Sem 2025 - Month 1
EV00056,RA231100300015,RA251103000375,Technical Club,6,Even Sem 2026 - Finals
EV00057,RA231100300015,RA251105400257,Hackathon Team,3,Even Sem 2026 - Month 2
EV00058,RA231100300015,RA251105400348,Peer Study,3,Even Sem 2026 - Month 2
EV00059,RA231100300015,RA251105600279,Lab Collaboration,4,Even Sem 2026 - Finals
EV00060,RA231100300015,RA251105600321,Hackathon Team,2,Odd Sem 2025 - Month 1
EV00061,RA231100300015,RA251105600363,Project Team,3,Even Sem 2026 - Month 1
EV00062,RA231100300015,RA261100300395,Project Team,3,Odd Sem 2025 - Midterm
EV00063,RA231100300015,RA261100300409,Hackathon Team,2,Even Sem 2026 - Month 2
EV00064,RA231100300015,RA261100300493,Project Team,3,Odd Sem 2025 - Midterm
EV00065,RA231100300015,RA261102700438,Technical Club,3,Odd Sem 2025 - Month 2
EV00066,RA231100300015,RA261102800425,Peer Study,4,Odd Sem 2025 - Midterm
EV00067,RA231100300015,RA261102900440,Hackathon Team,4,Even Sem 2026 - Finals
EV00068,RA231100300015,RA261102900447,Lab Collaboration,2,Even Sem 2026 - Finals
EV00069,RA231100300015,RA261102900482,Hackathon Team,3,Odd Sem 2025 - Midterm
EV00070,RA231100300015,RA261105400449,Technical Club,2,Odd Sem 2025 - Month 2
EV00071,RA231100300015,RA261105600387,Project Team,3,Even Sem 2026 - Month 1
EV00072,RA231100300015,RA261105600422,Project Team,4,Even Sem 2026 - Finals
EV00073,RA231100300022,RA231102700016,Peer Study,1,Odd Sem 2025 - Month 1
EV00074,RA231100300022,RA231102900123,Hackathon Team,3,Odd Sem 2025 - Month 2
EV00075,RA231100300022,RA231105400118,Technical Club,1,Even Sem 2026 - Month 2
EV00076,RA231100300022,RA231105600028,Technical Club,1,Even Sem 2026 - Month 1
EV00077,RA231100300022,RA231105600070,Technical Club,1,Even Sem 2026 - Month 2
EV00078,RA231100300022,RA241100300172,Peer Study,3,Odd Sem 2025 - Month 2
EV00079,RA231100300022,RA241100300214,Lab Collaboration,1,Odd Sem 2025 - Month 2
EV00080,RA231100300022,RA241102800202,Peer Study,2,Even Sem 2026 - Finals
EV00081,RA231100300022,RA251102900346,Project Team,2,Odd Sem 2025 - Midterm
EV00082,RA231100300022,RA261100300388,Peer Study,4,Even Sem 2026 - Month 1
EV00083,RA231100300022,RA261102700382,Hackathon Team,4,Odd Sem 2025 - Month 4
EV00084,RA231100300029,RA231100300071,Technical Club,2,Even Sem 2026 - Month 2
EV00085,RA231100300029,RA231102700023,Lab Collaboration,2,Even Sem 2026 - Month 2
EV00086,RA231100300029,RA231102700072,Project Team,2,Odd Sem 2025 - Month 2
EV00087,RA231100300029,RA231102700100,Technical Club,2,Odd Sem 2025 - Month 1
EV00088,RA231100300029,RA231102700107,Hackathon Team,4,Odd Sem 2025 - Month 1
EV00089,RA231100300029,RA231102800059,Technical Club,3,Even Sem 2026 - Finals
EV00090,RA231100300029,RA231102800087,Peer Study,2,Even Sem 2026 - Month 1
EV00091,RA231100300029,RA231102800101,Project Team,3,Even Sem 2026 - Month 1
EV00092,RA231100300029,RA231102900053,Project Team,3,Even Sem 2026 - Month 1
EV00093,RA231100300029,RA231103000047,Peer Study,3,Odd Sem 2025 - Month 2
EV00094,RA231100300029,RA231105400041,Technical Club,2,Odd Sem 2025 - Month 1
EV00095,RA231100300029,RA231105400076,Technical Club,3,Odd Sem 2025 - Month 1
EV00096,RA231100300029,RA231105600035,Hackathon Team,3,Odd Sem 2025 - Month 4
EV00097,RA231100300029,RA231105600084,Project Team,2,Odd Sem 2025 - Month 4
EV00098,RA231100300029,RA231105600105,Lab Collaboration,3,Odd Sem 2025 - Midterm
EV00099,RA231100300029,RA241100300165,Project Team,4,Odd Sem 2025 - Month 1
EV00100,RA231100300029,RA241100300179,Lab Collaboration,2,Odd Sem 2025 - Month 1
EV00101,RA231100300029,RA241100300200,Lab Collaboration,2,Even Sem 2026 - Month 2
EV00102,RA231100300029,RA241100300214,Hackathon Team,3,Even Sem 2026 - Month 2
EV00103,RA231100300029,RA241102800153,Project Team,4,Even Sem 2026 - Finals
EV00104,RA231100300029,RA241102800167,Peer Study,5,Odd Sem 2025 - Month 4
EV00105,RA231100300029,RA241102800209,Peer Study,2,Odd Sem 2025 - Month 1
EV00106,RA231100300029,RA241102900126,Lab Collaboration,5,Odd Sem 2025 - Month 4
EV00107,RA231100300029,RA241102900203,Technical Club,2,Odd Sem 2025 - Month 4
EV00108,RA231100300029,RA241103000155,Project Team,2,Odd Sem 2025 - Month 2
EV00109,RA231100300029,RA241103000239,Peer Study,2,Even Sem 2026 - Finals
EV00110,RA231100300029,RA241105400149,Hackathon Team,4,Even Sem 2026 - Finals
EV00111,RA231100300029,RA241105400233,Project Team,3,Odd Sem 2025 - Month 4
EV00112,RA231100300029,RA241105600129,Peer Study,2,Even Sem 2026 - Month 1
EV00113,RA231100300029,RA241105600199,Project Team,2,Odd Sem 2025 - Month 4
EV00114,RA231100300029,RA241105600220,Technical Club,3,Even Sem 2026 - Finals
EV00115,RA231100300029,RA251102700281,Hackathon Team,3,Even Sem 2026 - Finals
EV00116,RA231100300029,RA251102700323,Peer Study,3,Even Sem 2026 - Month 1
EV00117,RA231100300029,RA251102800268,Project Team,2,Odd Sem 2025 - Midterm
EV00118,RA231100300029,RA251102800275,Project Team,2,Even Sem 2026 - Finals
EV00119,RA231100300029,RA251102800366,Peer Study,4,Even Sem 2026 - Finals
EV00120,RA231100300029,RA251102900318,Lab Collaboration,2,Odd Sem 2025 - Month 2
EV00121,RA231100300029,RA251103000354,Technical Club,4,Even Sem 2026 - Finals
EV00122,RA231100300029,RA251105600293,Project Team,2,Even Sem 2026 - Finals
EV00123,RA231100300029,RA251105600356,Project Team,6,Even Sem 2026 - Month 1
EV00124,RA231100300029,RA261100300388,Lab Collaboration,2,Even Sem 2026 - Month 1
EV00125,RA231100300029,RA261102700424,Project Team,3,Even Sem 2026 - Month 2
EV00126,RA231100300029,RA261102700494,Lab Collaboration,4,Odd Sem 2025 - Month 2
EV00127,RA231100300029,RA261102800481,Peer Study,3,Even Sem 2026 - Finals
EV00128,RA231100300029,RA261103000476,Lab Collaboration,3,Even Sem 2026 - Month 1
EV00129,RA231100300029,RA261105400484,Technical Club,2,Odd Sem 2025 - Month 4
EV00130,RA231100300036,RA231100300078,Lab Collaboration,3,Odd Sem 2025 - Month 1
EV00131,RA231100300036,RA231102700030,Technical Club,3,Even Sem 2026 - Finals
EV00132,RA231100300036,RA231102800024,Hackathon Team,3,Odd Sem 2025 - Month 2
EV00133,RA231100300036,RA231105600042,Hackathon Team,1,Odd Sem 2025 - Month 2
EV00134,RA231100300036,RA241100300186,Peer Study,2,Odd Sem 2025 - Month 2
EV00135,RA231100300036,RA241103000246,Peer Study,1,Odd Sem 2025 - Month 2
EV00136,RA231100300036,RA241105400205,Technical Club,5,Odd Sem 2025 - Month 2
EV00137,RA231100300036,RA261102700480,Technical Club,1,Odd Sem 2025 - Month 1
EV00138,RA231100300036,RA261102800432,Peer Study,1,Odd Sem 2025 - Month 4
EV00139,RA231100300036,RA261102900384,Lab Collaboration,1,Odd Sem 2025 - Month 1
EV00140,RA231100300036,RA261103000462,Lab Collaboration,2,Even Sem 2026 - Month 2
EV00141,RA231100300043,RA231102700037,Lab Collaboration,3,Odd Sem 2025 - Month 1
EV00142,RA231100300043,RA231103000103,Technical Club,1,Even Sem 2026 - Finals
EV00143,RA231100300043,RA231105600049,Lab Collaboration,1,Even Sem 2026 - Month 2
EV00144,RA231100300043,RA241102700145,Technical Club,1,Even Sem 2026 - Finals
EV00145,RA231100300043,RA241105400205,Hackathon Team,2,Odd Sem 2025 - Month 2
EV00146,RA231100300043,RA251103000277,Lab Collaboration,1,Odd Sem 2025 - Month 4
EV00147,RA231100300043,RA251103000319,Hackathon Team,1,Even Sem 2026 - Month 2
EV00148,RA231100300043,RA261102900433,Hackathon Team,3,Odd Sem 2025 - Month 1
EV00149,RA231100300043,RA261105400463,Hackathon Team,2,Even Sem 2026 - Month 2
EV00150,RA231100300050,RA231102700044,Peer Study,1,Even Sem 2026 - Month 2
EV00151,RA231100300050,RA231102800038,Lab Collaboration,1,Even Sem 2026 - Finals
EV00152,RA231100300050,RA231102800080,Peer Study,1,Even Sem 2026 - Month 2
EV00153,RA231100300050,RA231102900074,Lab Collaboration,2,Odd Sem 2025 - Midterm
EV00154,RA231100300050,RA231105600056,Lab Collaboration,1,Odd Sem 2025 - Month 1
EV00155,RA231100300050,RA231105600098,Technical Club,1,Odd Sem 2025 - Month 1
EV00156,RA231100300050,RA241102700194,Peer Study,1,Odd Sem 2025 - Month 1
EV00157,RA231100300050,RA241103000246,Technical Club,1,Odd Sem 2025 - Month 4
EV00158,RA231100300050,RA251102700281,Lab Collaboration,1,Odd Sem 2025 - Midterm
EV00159,RA231100300050,RA251102800338,Technical Club,1,Odd Sem 2025 - Month 1
EV00160,RA231100300050,RA251103000326,Lab Collaboration,1,Even Sem 2026 - Month 1
EV00161,RA231100300050,RA261100300500,Project Team,1,Odd Sem 2025 - Month 2
EV00162,RA231100300050,RA261102800404,Lab Collaboration,2,Even Sem 2026 - Finals
EV00163,RA231100300050,RA261102800488,Lab Collaboration,1,Even Sem 2026 - Finals
EV00164,RA231100300057,RA231100300099,Project Team,1,Even Sem 2026 - Finals
EV00165,RA231100300057,RA231102700009,Technical Club,1,Odd Sem 2025 - Month 1
EV00166,RA231100300057,RA231102700051,Lab Collaboration,1,Odd Sem 2025 - Month 1
EV00167,RA231100300057,RA231102700093,Peer Study,1,Even Sem 2026 - Month 1
EV00168,RA231100300057,RA231102700100,Technical Club,3,Odd Sem 2025 - Month 1
EV00169,RA231100300057,RA231102800003,Peer Study,1,Even Sem 2026 - Finals
EV00170,RA231100300057,RA231105600063,Lab Collaboration,1,Even Sem 2026 - Month 1
EV00171,RA231100300057,RA241102900154,Technical Club,4,Odd Sem 2025 - Midterm
EV00172,RA231100300057,RA241102900168,Project Team,1,Even Sem 2026 - Finals
EV00173,RA231100300057,RA241102900231,Project Team,1,Even Sem 2026 - Month 1
EV00174,RA231100300057,RA241105600213,Technical Club,2,Even Sem 2026 - Month 1
EV00175,RA231100300057,RA251102700309,Project Team,2,Odd Sem 2025 - Month 2
EV00176,RA231100300057,RA251103000333,Technical Club,1,Odd Sem 2025 - Month 1
EV00177,RA231100300057,RA251103000375,Lab Collaboration,1,Even Sem 2026 - Month 1
EV00178,RA231100300057,RA251105600321,Project Team,1,Odd Sem 2025 - Month 2
EV00179,RA231100300057,RA261105400435,Lab Collaboration,2,Even Sem 2026 - Month 2
EV00180,RA231100300057,RA261105400477,Peer Study,1,Odd Sem 2025 - Month 2
EV00181,RA231100300057,RA261105400484,Peer Study,1,Odd Sem 2025 - Midterm
EV00182,RA231100300064,RA231102700058,Lab Collaboration,3,Odd Sem 2025 - Midterm
EV00183,RA231100300064,RA231103000040,Project Team,1,Odd Sem 2025 - Month 2
EV00184,RA231100300064,RA231105600070,Technical Club,1,Odd Sem 2025 - Month 4
EV00185,RA231100300064,RA241100300151,Technical Club,1,Odd Sem 2025 - Month 2
EV00186,RA231100300064,RA241102700208,Peer Study,1,Even Sem 2026 - Month 2
EV00187,RA231100300064,RA241102700250,Peer Study,1,Odd Sem 2025 - Month 2
EV00188,RA231100300064,RA241102800223,Project Team,1,Odd Sem 2025 - Month 1
EV00189,RA231100300064,RA251102800310,Project Team,1,Odd Sem 2025 - Month 1
EV00190,RA231100300064,RA251103000298,Technical Club,1,Odd Sem 2025 - Midterm
EV00191,RA231100300064,RA251105400292,Peer Study,2,Even Sem 2026 - Month 2
EV00192,RA231100300064,RA261100300437,Project Team,2,Odd Sem 2025 - Midterm
EV00193,RA231100300064,RA261102800446,Peer Study,3,Odd Sem 2025 - Month 4
EV00194,RA231100300064,RA261102800460,Peer Study,1,Odd Sem 2025 - Month 4
EV00195,RA231100300064,RA261102900496,Hackathon Team,1,Odd Sem 2025 - Month 4
EV00196,RA231100300064,RA261105400400,Hackathon Team,4,Odd Sem 2025 - Midterm
EV00197,RA231100300071,RA231102700065,Peer Study,1,Odd Sem 2025 - Month 1
EV00198,RA231100300071,RA231105400006,Project Team,1,Even Sem 2026 - Finals
EV00199,RA231100300071,RA231105400041,Lab Collaboration,1,Odd Sem 2025 - Month 4
EV00200,RA231100300071,RA231105400083,Peer Study,1,Even Sem 2026 - Finals
EV00201,RA231100300071,RA231105400125,Lab Collaboration,1,Odd Sem 2025 - Month 2
EV00202,RA231100300071,RA231105600077,Project Team,2,Even Sem 2026 - Month 1
EV00203,RA231100300071,RA241100300221,Technical Club,1,Even Sem 2026 - Month 2
EV00204,RA231100300071,RA241103000155,Lab Collaboration,1,Odd Sem 2025 - Month 1
EV00205,RA231100300071,RA241105400128,Project Team,1,Even Sem 2026 - Month 2
EV00206,RA231100300071,RA241105400149,Peer Study,1,Odd Sem 2025 - Month 2
EV00207,RA231100300071,RA251102700295,Lab Collaboration,1,Odd Sem 2025 - Month 4
EV00208,RA231100300071,RA251102800324,Technical Club,1,Odd Sem 2025 - Midterm
EV00209,RA231100300071,RA251105400341,Peer Study,2,Odd Sem 2025 - Midterm
EV00210,RA231100300071,RA261102800425,Technical Club,1,Odd Sem 2025 - Midterm
EV00211,RA231100300071,RA261105400400,Technical Club,3,Odd Sem 2025 - Month 1
EV00212,RA231100300078,RA231102700072,Project Team,2,Odd Sem 2025 - Month 1
EV00213,RA231100300078,RA231102800024,Technical Club,3,Odd Sem 2025 - Midterm
EV00214,RA231100300078,RA231102800080,Peer Study,4,Even Sem 2026 - Finals
EV00215,RA231100300078,RA231102900046,Lab Collaboration,3,Odd Sem 2025 - Month 1
EV00216,RA231100300078,RA231103000033,Lab Collaboration,3,Even Sem 2026 - Month 2
EV00217,RA231100300078,RA231103000096,Hackathon Team,2,Even Sem 2026 - Month 2
EV00218,RA231100300078,RA231103000103,Peer Study,4,Odd Sem 2025 - Month 2
EV00219,RA231100300078,RA231105400034,Project Team,4,Odd Sem 2025 - Midterm
EV00220,RA231100300078,RA231105600084,Lab Collaboration,6,Odd Sem 2025 - Month 2
EV00221,RA231100300078,RA231105600105,Peer Study,3,Odd Sem 2025 - Month 1
EV00222,RA231100300078,RA241100300144,Project Team,4,Even Sem 2026 - Month 1
EV00223,RA231100300078,RA241102700138,Hackathon Team,2,Odd Sem 2025 - Midterm
EV00224,RA231100300078,RA241102700145,Lab Collaboration,2,Odd Sem 2025 - Month 1
EV00225,RA231100300078,RA241102700166,Project Team,3,Odd Sem 2025 - Midterm
EV00226,RA231100300078,RA241105400163,Peer Study,2,Even Sem 2026 - Month 1
EV00227,RA231100300078,RA241105400191,Lab Collaboration,4,Odd Sem 2025 - Midterm
EV00228,RA231100300078,RA241105600220,Project Team,3,Even Sem 2026 - Month 2
EV00229,RA231100300078,RA241105600234,Project Team,2,Odd Sem 2025 - Month 1
EV00230,RA231100300078,RA251100300252,Peer Study,3,Odd Sem 2025 - Month 4
EV00231,RA231100300078,RA251100300308,Project Team,4,Even Sem 2026 - Month 2
EV00232,RA231100300078,RA251100300336,Hackathon Team,3,Odd Sem 2025 - Month 2
EV00233,RA231100300078,RA251102800254,Technical Club,3,Odd Sem 2025 - Month 2
EV00234,RA231100300078,RA251102800289,Peer Study,3,Even Sem 2026 - Finals
EV00235,RA231100300078,RA251102800310,Peer Study,4,Even Sem 2026 - Finals
EV00236,RA231100300078,RA251102800352,Project Team,3,Even Sem 2026 - Month 1
EV00237,RA231100300078,RA251102800366,Project Team,3,Even Sem 2026 - Month 1
EV00238,RA231100300078,RA251103000277,Peer Study,4,Even Sem 2026 - Month 1
EV00239,RA231100300078,RA251103000298,Peer Study,2,Odd Sem 2025 - Month 2
EV00240,RA231100300078,RA251105400278,Peer Study,4,Odd Sem 2025 - Midterm
EV00241,RA231100300078,RA251105400362,Hackathon Team,3,Odd Sem 2025 - Month 4
EV00242,RA231100300078,RA261100300423,Lab Collaboration,3,Odd Sem 2025 - Month 1
EV00243,RA231100300078,RA261100300444,Technical Club,4,Odd Sem 2025 - Midterm
EV00244,RA231100300078,RA261100300472,Project Team,4,Odd Sem 2025 - Month 1
EV00245,RA231100300078,RA261103000378,Hackathon Team,3,Odd Sem 2025 - Month 1
EV00246,RA231100300078,RA261103000420,Technical Club,3,Odd Sem 2025 - Midterm
EV00247,RA231100300078,RA261103000434,Hackathon Team,2,Even Sem 2026 - Finals
EV00248,RA231100300078,RA261103000448,Hackathon Team,4,Even Sem 2026 - Month 1
EV00249,RA231100300078,RA261103000490,Project Team,3,Even Sem 2026 - Finals
EV00250,RA231100300078,RA261105400407,Technical Club,3,Even Sem 2026 - Month 1
EV00251,RA231100300078,RA261105400470,Project Team,3,Even Sem 2026 - Month 2
EV00252,RA231100300078,RA261105600457,Peer Study,3,Odd Sem 2025 - Month 4
EV00253,RA231100300085,RA231102700079,Hackathon Team,1,Even Sem 2026 - Finals
EV00254,RA231100300085,RA231102700107,Lab Collaboration,1,Odd Sem 2025 - Month 1
EV00255,RA231100300085,RA231102900025,Lab Collaboration,1,Odd Sem 2025 - Month 4
EV00256,RA231100300085,RA231103000061,Hackathon Team,1,Odd Sem 2025 - Month 1
EV00257,RA231100300085,RA231103000103,Technical Club,2,Even Sem 2026 - Month 2
EV00258,RA231100300085,RA231105600007,Hackathon Team,1,Odd Sem 2025 - Month 2
EV00259,RA231100300085,RA231105600091,Hackathon Team,2,Odd Sem 2025 - Month 1
EV00260,RA231100300085,RA241102900133,Hackathon Team,1,Odd Sem 2025 - Month 1
EV00261,RA231100300085,RA241102900175,Lab Collaboration,1,Odd Sem 2025 - Month 1
EV00262,RA231100300085,RA261100300409,Hackathon Team,1,Odd Sem 2025 - Midterm
EV00263,RA231100300085,RA261102700403,Peer Study,2,Odd Sem 2025 - Month 2
EV00264,RA231100300085,RA261105600415,Hackathon Team,1,Even Sem 2026 - Month 1
EV00265,RA231100300085,RA261105600499,Lab Collaboration,1,Odd Sem 2025 - Month 1
EV00266,RA231100300092,RA231102700086,Hackathon Team,3,Even Sem 2026 - Finals
EV00267,RA231100300092,RA231102900074,Technical Club,3,Odd Sem 2025 - Month 4
EV00268,RA231100300092,RA231103000068,Lab Collaboration,1,Odd Sem 2025 - Midterm
EV00269,RA231100300092,RA231105600098,Technical Club,1,Even Sem 2026 - Month 2
EV00270,RA231100300092,RA241102700194,Lab Collaboration,1,Odd Sem 2025 - Midterm
EV00271,RA231100300092,RA241102700236,Peer Study,2,Odd Sem 2025 - Month 1
EV00272,RA231100300092,RA241105400226,Peer Study,2,Odd Sem 2025 - Month 1
EV00273,RA231100300092,RA251102700260,Hackathon Team,1,Even Sem 2026 - Month 2
EV00274,RA231100300092,RA251102700302,Peer Study,2,Even Sem 2026 - Month 2
EV00275,RA231100300092,RA251102800254,Technical Club,2,Even Sem 2026 - Month 2
EV00276,RA231100300092,RA261102800404,Project Team,1,Odd Sem 2025 - Month 1
EV00277,RA231100300092,RA261105400400,Lab Collaboration,4,Odd Sem 2025 - Month 2
EV00278,RA231100300092,RA261105600492,Lab Collaboration,1,Even Sem 2026 - Month 2
EV00279,RA231100300099,RA231102700093,Project Team,1,Even Sem 2026 - Finals
EV00280,RA231100300099,RA231102800045,Lab Collaboration,1,Even Sem 2026 - Month 2
EV00281,RA231100300099,RA231102800087,Lab Collaboration,1,Even Sem 2026 - Finals
EV00282,RA231100300099,RA231102900074,Peer Study,2,Odd Sem 2025 - Month 1
EV00283,RA231100300099,RA231105600105,Project Team,2,Odd Sem 2025 - Month 2
EV00284,RA231100300099,RA241100300249,Project Team,1,Odd Sem 2025 - Month 4
EV00285,RA231100300099,RA241102800195,Technical Club,1,Odd Sem 2025 - Month 1
EV00286,RA231100300099,RA241102900147,Peer Study,2,Odd Sem 2025 - Month 2
EV00287,RA231100300099,RA241105400177,Technical Club,2,Even Sem 2026 - Finals
EV00288,RA231100300099,RA241105600129,Peer Study,1,Even Sem 2026 - Month 2
EV00289,RA231100300099,RA241105600171,Lab Collaboration,1,Odd Sem 2025 - Month 1
EV00290,RA231100300099,RA241105600213,Peer Study,1,Odd Sem 2025 - Month 4
EV00291,RA231100300099,RA251100300315,Peer Study,1,Odd Sem 2025 - Midterm
EV00292,RA231100300099,RA251103000333,Technical Club,1,Odd Sem 2025 - Month 1
EV00293,RA231100300099,RA261102900489,Peer Study,2,Odd Sem 2025 - Midterm
EV00294,RA231100300099,RA261105400400,Project Team,2,Odd Sem 2025 - Month 4
EV00295,RA231100300099,RA261105600429,Peer Study,1,Even Sem 2026 - Month 1
EV00296,RA231100300106,RA231102700100,Project Team,4,Odd Sem 2025 - Midterm
EV00297,RA231100300106,RA231102900046,Hackathon Team,1,Odd Sem 2025 - Month 2
EV00298,RA231100300106,RA231105600112,Project Team,2,Odd Sem 2025 - Month 2
EV00299,RA231100300106,RA241100300130,Peer Study,1,Even Sem 2026 - Month 2
EV00300,RA231100300106,RA241100300172,Project Team,1,Even Sem 2026 - Finals
EV00301,RA231100300106,RA241100300214,Lab Collaboration,1,Even Sem 2026 - Finals
EV00302,RA231100300106,RA241102900154,Hackathon Team,2,Odd Sem 2025 - Month 2
EV00303,RA231100300106,RA241102900161,Hackathon Team,1,Odd Sem 2025 - Midterm
EV00304,RA231100300106,RA241103000148,Lab Collaboration,1,Even Sem 2026 - Month 2
EV00305,RA231100300106,RA241103000232,Project Team,2,Odd Sem 2025 - Month 4
EV00306,RA231100300106,RA251100300280,Peer Study,1,Even Sem 2026 - Month 1
EV00307,RA231100300106,RA251102900325,Lab Collaboration,2,Even Sem 2026 - Finals
EV00308,RA231100300106,RA251105400334,Lab Collaboration,3,Odd Sem 2025 - Midterm
EV00309,RA231100300106,RA251105600356,Lab Collaboration,4,Odd Sem 2025 - Midterm
EV00310,RA231100300106,RA261100300472,Project Team,2,Even Sem 2026 - Month 2
EV00311,RA231100300106,RA261102700424,Technical Club,1,Even Sem 2026 - Month 2
EV00312,RA231100300113,RA231102700107,Project Team,1,Odd Sem 2025 - Month 4
EV00313,RA231100300113,RA231102900095,Lab Collaboration,2,Odd Sem 2025 - Month 2
EV00314,RA231100300113,RA231103000047,Technical Club,1,Odd Sem 2025 - Month 4
EV00315,RA231100300113,RA231103000089,Lab Collaboration,1,Even Sem 2026 - Month 2
EV00316,RA231100300113,RA231105600119,Technical Club,4,Odd Sem 2025 - Month 1
EV00317,RA231100300113,RA241102700222,Peer Study,1,Odd Sem 2025 - Month 2
EV00318,RA231100300113,RA241102900245,Lab Collaboration,2,Odd Sem 2025 - Month 1
EV00319,RA231100300113,RA241105400205,Lab Collaboration,4,Odd Sem 2025 - Midterm
EV00320,RA231100300113,RA251100300287,Lab Collaboration,1,Odd Sem 2025 - Month 2
EV00321,RA231100300113,RA251100300371,Hackathon Team,1,Odd Sem 2025 - Midterm
EV00322,RA231100300113,RA251102900269,Hackathon Team,1,Odd Sem 2025 - Month 2
EV00323,RA231100300113,RA251103000263,Technical Club,1,Odd Sem 2025 - Month 2
EV00324,RA231100300113,RA251105400299,Lab Collaboration,1,Even Sem 2026 - Finals
EV00325,RA231100300113,RA251105600251,Project Team,1,Odd Sem 2025 - Month 1
EV00326,RA231100300113,RA261100300388,Technical Club,2,Even Sem 2026 - Month 2
EV00327,RA231100300113,RA261102800446,Peer Study,3,Even Sem 2026 - Finals
EV00328,RA231100300113,RA261103000497,Project Team,2,Even Sem 2026 - Month 1
EV00329,RA231100300120,RA231102700114,Lab Collaboration,1,Even Sem 2026 - Month 2
EV00330,RA231100300120,RA231102900060,Technical Club,2,Even Sem 2026 - Month 2
EV00331,RA231100300120,RA231105400090,Peer Study,1,Even Sem 2026 - Month 1
EV00332,RA231100300120,RA241100300186,Lab Collaboration,2,Odd Sem 2025 - Midterm
EV00333,RA231100300120,RA241102700138,Peer Study,2,Even Sem 2026 - Month 1
EV00334,RA231100300120,RA241102900126,Peer Study,1,Even Sem 2026 - Month 1
EV00335,RA231100300120,RA241102900168,Peer Study,1,Odd Sem 2025 - Month 2
EV00336,RA231100300120,RA241103000162,Project Team,1,Odd Sem 2025 - Month 1
EV00337,RA231100300120,RA251100300294,Hackathon Team,3,Even Sem 2026 - Finals
EV00338,RA231100300120,RA251102900360,Lab Collaboration,2,Odd Sem 2025 - Month 4
EV00339,RA231100300120,RA261100300388,Hackathon Team,2,Even Sem 2026 - Finals
EV00340,RA231100300120,RA261102800453,Lab Collaboration,1,Odd Sem 2025 - Midterm
EV00341,RA231100300120,RA261102900440,Peer Study,4,Even Sem 2026 - Month 2
EV00342,RA231100300120,RA261102900468,Lab Collaboration,1,Odd Sem 2025 - Month 1
EV00343,RA231100300120,RA261103000462,Peer Study,1,Even Sem 2026 - Month 1
EV00344,RA231102700002,RA241102700194,Peer Study,2,Even Sem 2026 - Finals
EV00345,RA231102700002,RA241102700236,Peer Study,3,Odd Sem 2025 - Month 1
EV00346,RA231102700002,RA241102800188,Lab Collaboration,1,Odd Sem 2025 - Month 4
EV00347,RA231102700002,RA241102800230,Lab Collaboration,3,Even Sem 2026 - Month 2
EV00348,RA231102700002,RA241103000218,Project Team,2,Odd Sem 2025 - Month 4
EV00349,RA231102700002,RA251100300259,Hackathon Team,1,Odd Sem 2025 - Month 4
EV00350,RA231102700002,RA251100300308,Project Team,1,Odd Sem 2025 - Month 4
EV00351,RA231102700002,RA251102900290,Technical Club,2,Odd Sem 2025 - Month 1
EV00352,RA231102700002,RA261102900482,Lab Collaboration,1,Odd Sem 2025 - Month 1
EV00353,RA231102700002,RA261105400470,Hackathon Team,2,Odd Sem 2025 - Month 1
EV00354,RA231102700009,RA231102800003,Hackathon Team,1,Odd Sem 2025 - Month 4
EV00355,RA231102700009,RA231102900081,Technical Club,2,Even Sem 2026 - Month 2
EV00356,RA231102700009,RA241102800237,Hackathon Team,2,Even Sem 2026 - Month 2
EV00357,RA231102700009,RA241105400135,Hackathon Team,1,Even Sem 2026 - Month 1
EV00358,RA231102700009,RA241105400198,Peer Study,1,Odd Sem 2025 - Month 1
EV00359,RA231102700009,RA241105600213,Technical Club,2,Odd Sem 2025 - Month 4
EV00360,RA231102700009,RA251100300322,Lab Collaboration,1,Odd Sem 2025 - Midterm
EV00361,RA231102700009,RA251105400285,Lab Collaboration,1,Odd Sem 2025 - Month 4
EV00362,RA231102700009,RA251105600363,Technical Club,1,Even Sem 2026 - Finals
EV00363,RA231102700009,RA261102800453,Technical Club,1,Even Sem 2026 - Finals
EV00364,RA231102700009,RA261103000441,Peer Study,4,Odd Sem 2025 - Month 1
EV00365,RA231102700009,RA261105400393,Technical Club,1,Odd Sem 2025 - Month 1
EV00366,RA231102700016,RA231102700100,Hackathon Team,4,Odd Sem 2025 - Month 2
EV00367,RA231102700016,RA231102800010,Peer Study,2,Even Sem 2026 - Finals
EV00368,RA231102700016,RA231103000040,Lab Collaboration,1,Even Sem 2026 - Month 1
EV00369,RA231102700016,RA231103000124,Project Team,1,Even Sem 2026 - Month 1
EV00370,RA231102700016,RA241105400205,Hackathon Team,4,Odd Sem 2025 - Month 2
EV00371,RA231102700016,RA251102700316,Technical Club,4,Odd Sem 2025 - Month 2
EV00372,RA231102700016,RA251102700358,Hackathon Team,1,Odd Sem 2025 - Month 2
EV00373,RA231102700016,RA251105600328,Technical Club,1,Even Sem 2026 - Finals
EV00374,RA231102700016,RA261100300430,Technical Club,2,Even Sem 2026 - Month 2
EV00375,RA231102700023,RA231102700100,Hackathon Team,3,Odd Sem 2025 - Month 2
EV00376,RA231102700023,RA231102800017,Project Team,1,Odd Sem 2025 - Midterm
EV00377,RA231102700023,RA231102900011,Peer Study,1,Odd Sem 2025 - Month 1
EV00378,RA231102700023,RA231102900053,Lab Collaboration,1,Even Sem 2026 - Finals
EV00379,RA231102700023,RA231105600035,Project Team,1,Even Sem 2026 - Month 1
EV00380,RA231102700023,RA241102700215,Peer Study,1,Odd Sem 2025 - Month 2
EV00381,RA231102700023,RA241105400191,Technical Club,1,Odd Sem 2025 - Month 1
EV00382,RA231102700023,RA241105600227,Hackathon Team,1,Even Sem 2026 - Month 2
EV00383,RA231102700023,RA251100300329,Technical Club,2,Even Sem 2026 - Month 1
EV00384,RA231102700023,RA251103000347,Project Team,2,Odd Sem 2025 - Month 1
EV00385,RA231102700023,RA251105600356,Peer Study,4,Even Sem 2026 - Month 1
EV00386,RA231102700023,RA261102900447,Project Team,1,Even Sem 2026 - Month 1
EV00387,RA231102700023,RA261105400407,Project Team,1,Odd Sem 2025 - Month 4
EV00388,RA231102700023,RA261105600443,Technical Club,2,Even Sem 2026 - Month 2
EV00389,RA231102700023,RA261105600485,Peer Study,1,Odd Sem 2025 - Month 1
EV00390,RA231102700030,RA231102800024,Hackathon Team,1,Odd Sem 2025 - Month 2
EV00391,RA231102700030,RA231103000096,Technical Club,1,Odd Sem 2025 - Month 1
EV00392,RA231102700030,RA241102700152,Technical Club,2,Odd Sem 2025 - Midterm
EV00393,RA231102700030,RA241102800216,Lab Collaboration,1,Even Sem 2026 - Finals
EV00394,RA231102700030,RA241102900126,Peer Study,3,Odd Sem 2025 - Month 4
EV00395,RA231102700030,RA241103000246,Technical Club,2,Odd Sem 2025 - Month 1
EV00396,RA231102700030,RA241105400240,Technical Club,1,Odd Sem 2025 - Month 2
EV00397,RA231102700030,RA251102700372,Lab Collaboration,2,Odd Sem 2025 - Month 1
EV00398,RA231102700030,RA251102900325,Lab Collaboration,9,Odd Sem 2025 - Month 4
EV00399,RA231102700030,RA261100300486,Peer Study,1,Odd Sem 2025 - Month 1
EV00400,RA231102700030,RA261102900468,Technical Club,1,Even Sem 2026 - Month 2
EV00401,RA231102700030,RA261103000378,Hackathon Team,2,Odd Sem 2025 - Month 4
EV00402,RA231102700037,RA231102800031,Technical Club,1,Even Sem 2026 - Finals
EV00403,RA231102700037,RA241102700145,Lab Collaboration,1,Odd Sem 2025 - Month 2
EV00404,RA231102700037,RA241102800139,Project Team,2,Even Sem 2026 - Month 2
EV00405,RA231102700037,RA241105400247,Lab Collaboration,1,Odd Sem 2025 - Month 1
EV00406,RA231102700037,RA251102900325,Lab Collaboration,2,Odd Sem 2025 - Month 4
EV00407,RA231102700037,RA251105400292,Technical Club,4,Odd Sem 2025 - Month 2
EV00408,RA231102700037,RA251105400313,Hackathon Team,1,Odd Sem 2025 - Month 1
EV00409,RA231102700037,RA261100300409,Hackathon Team,1,Odd Sem 2025 - Month 1
EV00410,RA231102700037,RA261102900433,Hackathon Team,1,Odd Sem 2025 - Month 1
EV00411,RA231102700037,RA261105600457,Technical Club,2,Odd Sem 2025 - Midterm
EV00412,RA231102700044,RA231102800038,Lab Collaboration,1,Odd Sem 2025 - Month 4
EV00413,RA231102700044,RA231105600056,Hackathon Team,1,Odd Sem 2025 - Month 4
EV00414,RA231102700044,RA251102700344,Peer Study,1,Odd Sem 2025 - Midterm
EV00415,RA231102700044,RA251103000326,Peer Study,1,Odd Sem 2025 - Month 4
EV00416,RA231102700044,RA261105400470,Hackathon Team,1,Even Sem 2026 - Month 2
EV00417,RA231102700051,RA231102800003,Peer Study,3,Odd Sem 2025 - Month 1
EV00418,RA231102700051,RA231102800045,Project Team,1,Even Sem 2026 - Finals
EV00419,RA231102700051,RA231102800059,Technical Club,1,Odd Sem 2025 - Midterm
EV00420,RA231102700051,RA231102900025,Project Team,1,Odd Sem 2025 - Month 4
EV00421,RA231102700051,RA231102900039,Technical Club,2,Even Sem 2026 - Month 1
EV00422,RA231102700051,RA241102700159,Peer Study,1,Odd Sem 2025 - Month 1
EV00423,RA231102700051,RA241102800153,Project Team,3,Odd Sem 2025 - Month 4
EV00424,RA231102700051,RA251102700267,Technical Club,1,Even Sem 2026 - Month 2
EV00425,RA231102700051,RA251102900297,Peer Study,1,Even Sem 2026 - Finals
EV00426,RA231102700051,RA251103000333,Lab Collaboration,1,Odd Sem 2025 - Midterm
EV00427,RA231102700051,RA251105400285,Lab Collaboration,2,Odd Sem 2025 - Month 4
EV00428,RA231102700051,RA251105400369,Hackathon Team,1,Even Sem 2026 - Month 1
EV00429,RA231102700051,RA251105600321,Project Team,1,Odd Sem 2025 - Midterm
EV00430,RA231102700051,RA261100300423,Project Team,4,Odd Sem 2025 - Month 2
EV00431,RA231102700051,RA261102700382,Project Team,2,Odd Sem 2025 - Midterm
EV00432,RA231102700051,RA261105400435,Project Team,1,Odd Sem 2025 - Month 4
EV00433,RA231102700058,RA231102800010,Peer Study,1,Even Sem 2026 - Finals
EV00434,RA231102700058,RA231102800052,Project Team,1,Even Sem 2026 - Month 2
EV00435,RA231102700058,RA231102900074,Project Team,3,Odd Sem 2025 - Month 1
EV00436,RA231102700058,RA231105400118,Peer Study,3,Odd Sem 2025 - Month 1
EV00437,RA231102700058,RA241100300130,Technical Club,1,Odd Sem 2025 - Month 2
EV00438,RA231102700058,RA241102700208,Technical Club,2,Odd Sem 2025 - Month 2
EV00439,RA231102700058,RA241102700250,Lab Collaboration,3,Odd Sem 2025 - Midterm
EV00440,RA231102700058,RA241102900238,Hackathon Team,1,Odd Sem 2025 - Month 1
EV00441,RA231102700058,RA241103000190,Project Team,1,Odd Sem 2025 - Month 1
EV00442,RA231102700058,RA241103000232,Lab Collaboration,1,Odd Sem 2025 - Month 4
EV00443,RA231102700058,RA241105400149,Peer Study,1,Odd Sem 2025 - Month 1
EV00444,RA231102700058,RA251100300364,Lab Collaboration,1,Odd Sem 2025 - Month 2
EV00445,RA231102700058,RA251105600328,Project Team,2,Even Sem 2026 - Finals
EV00446,RA231102700058,RA251105600370,Project Team,1,Even Sem 2026 - Month 1
EV00447,RA231102700058,RA261102900412,Technical Club,2,Even Sem 2026 - Finals
EV00448,RA231102700058,RA261105400400,Project Team,2,Odd Sem 2025 - Month 1
EV00449,RA231102700065,RA231102700107,Technical Club,1,Even Sem 2026 - Month 2
EV00450,RA231102700065,RA231102800059,Technical Club,1,Odd Sem 2025 - Month 4
EV00451,RA231102700065,RA231105400083,Peer Study,2,Even Sem 2026 - Month 2
EV00452,RA231102700065,RA231105400125,Project Team,1,Odd Sem 2025 - Month 2
EV00453,RA231102700065,RA231105600077,Technical Club,1,Odd Sem 2025 - Midterm
EV00454,RA231102700065,RA241105400233,Hackathon Team,1,Even Sem 2026 - Month 2
EV00455,RA231102700065,RA251102800317,Lab Collaboration,1,Odd Sem 2025 - Midterm
EV00456,RA231102700065,RA251102900311,Lab Collaboration,1,Even Sem 2026 - Month 1
EV00457,RA231102700065,RA251105600251,Lab Collaboration,1,Even Sem 2026 - Month 1
EV00458,RA231102700065,RA261100300388,Hackathon Team,4,Odd Sem 2025 - Month 2
EV00459,RA231102700065,RA261102800383,Hackathon Team,1,Odd Sem 2025 - Midterm
EV00460,RA231102700065,RA261102900419,Peer Study,3,Even Sem 2026 - Month 2
EV00461,RA231102700065,RA261105400449,Peer Study,1,Odd Sem 2025 - Midterm
EV00462,RA231102700065,RA261105600457,Peer Study,6,Odd Sem 2025 - Midterm
EV00463,RA231102700072,RA231102900060,Peer Study,1,Even Sem 2026 - Month 1
EV00464,RA231102700072,RA231103000096,Peer Study,1,Even Sem 2026 - Month 1
EV00465,RA231102700072,RA241100300144,Peer Study,2,Odd Sem 2025 - Month 4
EV00466,RA231102700072,RA241102700138,Project Team,1,Even Sem 2026 - Month 1
EV00467,RA231102700072,RA241102700180,Peer Study,1,Even Sem 2026 - Finals
EV00468,RA231102700072,RA241103000246,Technical Club,2,Odd Sem 2025 - Month 4
EV00469,RA231102700072,RA241105400156,Project Team,1,Odd Sem 2025 - Month 4
EV00470,RA231102700072,RA251102700358,Lab Collaboration,1,Odd Sem 2025 - Month 4
EV00471,RA231102700072,RA251102800324,Technical Club,1,Even Sem 2026 - Month 2
EV00472,RA231102700072,RA251102800366,Lab Collaboration,1,Odd Sem 2025 - Month 4
EV00473,RA231102700072,RA251105600258,Peer Study,1,Odd Sem 2025 - Midterm
EV00474,RA231102700072,RA261100300486,Technical Club,3,Odd Sem 2025 - Month 1
EV00475,RA231102700072,RA261102700396,Peer Study,1,Even Sem 2026 - Month 1
EV00476,RA231102700072,RA261102700438,Lab Collaboration,2,Even Sem 2026 - Finals
EV00477,RA231102700072,RA261102800390,Peer Study,3,Even Sem 2026 - Finals
EV00478,RA231102700072,RA261102800411,Project Team,1,Even Sem 2026 - Finals
EV00479,RA231102700072,RA261105600408,Peer Study,2,Even Sem 2026 - Finals
EV00480,RA231102700072,RA261105600450,Technical Club,1,Even Sem 2026 - Month 2
EV00481,RA231102700079,RA231102700121,Project Team,2,Odd Sem 2025 - Month 4
EV00482,RA231102700079,RA231102800073,Project Team,1,Even Sem 2026 - Finals
EV00483,RA231102700079,RA231102900109,Hackathon Team,3,Odd Sem 2025 - Month 1
EV00484,RA231102700079,RA231105400097,Technical Club,1,Even Sem 2026 - Month 1
EV00485,RA231102700079,RA231105600049,Project Team,1,Odd Sem 2025 - Midterm
EV00486,RA231102700079,RA241102700187,Hackathon Team,1,Odd Sem 2025 - Month 1
EV00487,RA231102700079,RA241102700229,Technical Club,1,Odd Sem 2025 - Month 2
EV00488,RA231102700079,RA241102800202,Hackathon Team,5,Even Sem 2026 - Month 2
EV00489,RA231102700079,RA241102800230,Project Team,3,Odd Sem 2025 - Month 2
EV00490,RA231102700079,RA241102900217,Lab Collaboration,1,Odd Sem 2025 - Month 2
EV00491,RA231102700079,RA241103000169,Peer Study,2,Even Sem 2026 - Finals
EV00492,RA231102700079,RA241105400205,Peer Study,2,Odd Sem 2025 - Midterm
EV00493,RA231102700079,RA251100300343,Peer Study,1,Even Sem 2026 - Month 1
EV00494,RA231102700079,RA251102700295,Peer Study,3,Even Sem 2026 - Month 2
EV00495,RA231102700079,RA251102900367,Peer Study,1,Even Sem 2026 - Month 1
EV00496,RA231102700079,RA261102800397,Peer Study,1,Odd Sem 2025 - Midterm
EV00497,RA231102700079,RA261102800446,Peer Study,3,Odd Sem 2025 - Midterm
EV00498,RA231102700086,RA231102800080,Technical Club,1,Odd Sem 2025 - Month 4
EV00499,RA231102700086,RA231105400104,Hackathon Team,1,Even Sem 2026 - Month 1
EV00500,RA231102700086,RA231105600007,Project Team,1,Odd Sem 2025 - Midterm
EV00501,RA231102700086,RA241102700152,Peer Study,1,Even Sem 2026 - Month 1
EV00502,RA231102700086,RA241102800146,Hackathon Team,1,Odd Sem 2025 - Month 4
EV00503,RA231102700086,RA241102800230,Project Team,2,Odd Sem 2025 - Month 4
EV00504,RA231102700086,RA241103000134,Peer Study,2,Even Sem 2026 - Finals
EV00505,RA231102700086,RA241103000176,Technical Club,1,Even Sem 2026 - Month 1
EV00506,RA231102700086,RA241105600164,Hackathon Team,1,Odd Sem 2025 - Month 4
EV00507,RA231102700086,RA251100300308,Peer Study,1,Odd Sem 2025 - Month 2
EV00508,RA231102700086,RA251102800254,Hackathon Team,2,Even Sem 2026 - Finals
EV00509,RA231102700086,RA251102900290,Technical Club,1,Odd Sem 2025 - Month 2
EV00510,RA231102700086,RA251103000368,Peer Study,1,Even Sem 2026 - Month 1
EV00511,RA231102700086,RA261100300416,Lab Collaboration,1,Even Sem 2026 - Month 1
EV00512,RA231102700086,RA261105400428,Peer Study,1,Even Sem 2026 - Finals
EV00513,RA231102700086,RA261105600457,Peer Study,4,Odd Sem 2025 - Month 4
EV00514,RA231102700086,RA261105600464,Peer Study,1,Odd Sem 2025 - Month 1
EV00515,RA231102700093,RA231102800031,Project Team,1,Odd Sem 2025 - Midterm
EV00516,RA231102700093,RA231102800087,Technical Club,1,Odd Sem 2025 - Midterm
EV00517,RA231102700093,RA231105400027,Peer Study,1,Odd Sem 2025 - Month 2
EV00518,RA231102700093,RA231105400069,Technical Club,1,Odd Sem 2025 - Month 2
EV00519,RA231102700093,RA231105600063,Peer Study,1,Odd Sem 2025 - Midterm
EV00520,RA231102700093,RA241100300207,Peer Study,1,Odd Sem 2025 - Month 2
EV00521,RA231102700093,RA241100300249,Peer Study,1,Even Sem 2026 - Month 1
EV00522,RA231102700093,RA241105400135,Peer Study,1,Odd Sem 2025 - Month 2
EV00523,RA231102700093,RA241105400219,Peer Study,1,Odd Sem 2025 - Month 2
EV00524,RA231102700093,RA251102900297,Peer Study,2,Even Sem 2026 - Finals
EV00525,RA231102700093,RA251105400285,Hackathon Team,1,Even Sem 2026 - Finals
EV00526,RA231102700093,RA251105400369,Technical Club,2,Odd Sem 2025 - Midterm
EV00527,RA231102700093,RA251105600279,Project Team,1,Even Sem 2026 - Month 1
EV00528,RA231102700093,RA251105600321,Peer Study,1,Odd Sem 2025 - Month 2
EV00529,RA231102700093,RA251105600363,Peer Study,1,Odd Sem 2025 - Month 2
EV00530,RA231102700093,RA261103000441,Project Team,2,Even Sem 2026 - Finals
EV00531,RA231102700093,RA261105600429,Technical Club,1,Even Sem 2026 - Month 2
EV00532,RA231102700100,RA231102700121,Hackathon Team,4,Even Sem 2026 - Finals
EV00533,RA231102700100,RA231102800038,Peer Study,2,Odd Sem 2025 - Month 1
EV00534,RA231102700100,RA231102800094,Technical Club,3,Odd Sem 2025 - Midterm
EV00535,RA231102700100,RA231102900004,Project Team,3,Odd Sem 2025 - Month 2
EV00536,RA231102700100,RA231105400090,Technical Club,2,Even Sem 2026 - Month 2
EV00537,RA231102700100,RA231105600028,Peer Study,3,Odd Sem 2025 - Month 2
EV00538,RA231102700100,RA231105600042,Technical Club,3,Odd Sem 2025 - Midterm
EV00539,RA231102700100,RA231105600070,Project Team,5,Even Sem 2026 - Finals
EV00540,RA231102700100,RA231105600112,Project Team,4,Even Sem 2026 - Month 1
EV00541,RA231102700100,RA241100300151,Project Team,2,Even Sem 2026 - Month 2
EV00542,RA231102700100,RA241100300172,Technical Club,2,Even Sem 2026 - Month 1
EV00543,RA231102700100,RA241100300186,Hackathon Team,2,Even Sem 2026 - Month 1
EV00544,RA231102700100,RA241102700187,Peer Study,3,Even Sem 2026 - Finals
EV00545,RA231102700100,RA241102900189,Lab Collaboration,2,Even Sem 2026 - Finals
EV00546,RA231102700100,RA241103000148,Hackathon Team,9,Odd Sem 2025 - Month 2
EV00547,RA231102700100,RA241103000190,Project Team,4,Odd Sem 2025 - Midterm
EV00548,RA231102700100,RA241105600136,Lab Collaboration,2,Odd Sem 2025 - Month 2
EV00549,RA231102700100,RA241105600199,Hackathon Team,4,Odd Sem 2025 - Month 2
EV00550,RA231102700100,RA251102700365,Lab Collaboration,2,Odd Sem 2025 - Midterm
EV00551,RA231102700100,RA251102800296,Peer Study,2,Odd Sem 2025 - Month 1
EV00552,RA231102700100,RA251102900262,Peer Study,3,Even Sem 2026 - Month 1
EV00553,RA231102700100,RA251102900269,Technical Club,2,Even Sem 2026 - Finals
EV00554,RA231102700100,RA251102900360,Peer Study,2,Odd Sem 2025 - Month 2
EV00555,RA231102700100,RA251105400257,Project Team,3,Odd Sem 2025 - Month 2
EV00556,RA231102700100,RA251105400285,Project Team,3,Odd Sem 2025 - Midterm
EV00557,RA231102700100,RA251105400334,Technical Club,2,Even Sem 2026 - Month 1
EV00558,RA231102700100,RA261102700382,Lab Collaboration,2,Even Sem 2026 - Month 1
EV00559,RA231102700100,RA261105400393,Peer Study,4,Even Sem 2026 - Finals
EV00560,RA231102700100,RA261105400414,Project Team,2,Odd Sem 2025 - Month 4
EV00561,RA231102700100,RA261105600485,Hackathon Team,2,Odd Sem 2025 - Month 1
EV00562,RA231102700107,RA231102800101,Peer Study,1,Even Sem 2026 - Month 1
EV00563,RA231102700107,RA231102900011,Technical Club,3,Even Sem 2026 - Finals
EV00564,RA231102700107,RA241100300221,Lab Collaboration,1,Even Sem 2026 - Month 1
EV00565,RA231102700107,RA241102700131,Technical Club,1,Even Sem 2026 - Month 1
EV00566,RA231102700107,RA241102900154,Peer Study,3,Odd Sem 2025 - Month 4
EV00567,RA231102700107,RA241102900245,Project Team,1,Odd Sem 2025 - Month 2
EV00568,RA231102700107,RA241103000155,Project Team,1,Odd Sem 2025 - Month 1
EV00569,RA231102700107,RA241105400149,Project Team,2,Odd Sem 2025 - Midterm
EV00570,RA231102700107,RA241105400191,Project Team,2,Even Sem 2026 - Month 2
EV00571,RA231102700107,RA251100300371,Lab Collaboration,2,Even Sem 2026 - Month 1
EV00572,RA231102700107,RA251102800254,Project Team,3,Odd Sem 2025 - Month 4
EV00573,RA231102700107,RA251102800275,Hackathon Team,1,Even Sem 2026 - Month 1
EV00574,RA231102700107,RA251102900262,Lab Collaboration,1,Even Sem 2026 - Month 1
EV00575,RA231102700107,RA251105600293,Hackathon Team,1,Odd Sem 2025 - Month 1
EV00576,RA231102700107,RA261102800425,Hackathon Team,1,Even Sem 2026 - Month 1
EV00577,RA231102700107,RA261103000413,Hackathon Team,1,Even Sem 2026 - Finals
EV00578,RA231102700114,RA231102800108,Project Team,1,Even Sem 2026 - Month 2
EV00579,RA231102700114,RA231105600119,Project Team,9,Even Sem 2026 - Month 1
EV00580,RA231102700114,RA241102900154,Project Team,2,Odd Sem 2025 - Month 1
EV00581,RA231102700114,RA241105400184,Technical Club,3,Odd Sem 2025 - Midterm
EV00582,RA231102700114,RA241105400226,Lab Collaboration,1,Even Sem 2026 - Month 1
EV00583,RA231102700114,RA251102700330,Lab Collaboration,3,Odd Sem 2025 - Month 4
EV00584,RA231102700114,RA251102800366,Technical Club,1,Even Sem 2026 - Finals
EV00585,RA231102700114,RA251105600265,Project Team,1,Odd Sem 2025 - Month 1
EV00586,RA231102700114,RA261100300402,Project Team,2,Even Sem 2026 - Month 2
EV00587,RA231102700114,RA261100300486,Project Team,2,Even Sem 2026 - Month 1
EV00588,RA231102700114,RA261102700438,Peer Study,1,Even Sem 2026 - Month 1
EV00589,RA231102700114,RA261102800390,Lab Collaboration,2,Even Sem 2026 - Month 2
EV00590,RA231102700114,RA261103000441,Technical Club,3,Even Sem 2026 - Finals
EV00591,RA231102700121,RA231102800031,Hackathon Team,1,Odd Sem 2025 - Month 2
EV00592,RA231102700121,RA231102800115,Project Team,1,Odd Sem 2025 - Month 2
EV00593,RA231102700121,RA231105600112,Lab Collaboration,1,Odd Sem 2025 - Month 2
EV00594,RA231102700121,RA241100300151,Peer Study,1,Odd Sem 2025 - Month 4
EV00595,RA231102700121,RA241102700145,Technical Club,1,Odd Sem 2025 - Midterm
EV00596,RA231102700121,RA241102900133,Peer Study,1,Odd Sem 2025 - Month 2
EV00597,RA231102700121,RA241103000127,Technical Club,2,Odd Sem 2025 - Month 1
EV00598,RA231102700121,RA241103000169,Project Team,1,Odd Sem 2025 - Month 4
EV00599,RA231102700121,RA241105400247,Peer Study,1,Even Sem 2026 - Finals
EV00600,RA231102700121,RA241105600192,Technical Club,1,Even Sem 2026 - Month 2
EV00601,RA231102700121,RA251102900325,Lab Collaboration,3,Odd Sem 2025 - Month 2
EV00602,RA231102700121,RA251105400292,Hackathon Team,2,Even Sem 2026 - Month 1
EV00603,RA231102700121,RA251105400299,Technical Club,1,Odd Sem 2025 - Midterm
EV00604,RA231102700121,RA261100300409,Peer Study,1,Even Sem 2026 - Month 1
EV00605,RA231102700121,RA261102900475,Lab Collaboration,1,Even Sem 2026 - Finals
EV00606,RA231102700121,RA261103000399,Peer Study,1,Even Sem 2026 - Month 2
EV00607,RA231102700121,RA261105600415,Technical Club,1,Odd Sem 2025 - Month 1
EV00608,RA231102800003,RA231102800087,Technical Club,1,Odd Sem 2025 - Month 1
EV00609,RA231102800003,RA231105600063,Hackathon Team,3,Odd Sem 2025 - Month 1
EV00610,RA231102800003,RA241100300165,Peer Study,1,Odd Sem 2025 - Month 2
EV00611,RA231102800003,RA241102700243,Technical Club,2,Even Sem 2026 - Month 2
EV00612,RA231102800003,RA241105400205,Technical Club,3,Odd Sem 2025 - Midterm
EV00613,RA231102800003,RA251100300273,Project Team,1,Even Sem 2026 - Finals
EV00614,RA231102800003,RA251102700309,Lab Collaboration,3,Odd Sem 2025 - Midterm
EV00615,RA231102800003,RA251102900297,Project Team,1,Odd Sem 2025 - Midterm
EV00616,RA231102800003,RA261102800495,Technical Club,1,Odd Sem 2025 - Month 1
EV00617,RA231102800003,RA261103000441,Peer Study,6,Even Sem 2026 - Month 1
EV00618,RA231102800010,RA231102900004,Technical Club,1,Even Sem 2026 - Month 2
EV00619,RA231102800010,RA231102900018,Project Team,1,Odd Sem 2025 - Midterm
EV00620,RA231102800010,RA231105400097,Hackathon Team,2,Even Sem 2026 - Finals
EV00621,RA231102800010,RA231105600112,Technical Club,2,Even Sem 2026 - Month 1
EV00622,RA231102800010,RA241102700166,Project Team,2,Odd Sem 2025 - Month 4
EV00623,RA231102800010,RA241102900238,Peer Study,1,Even Sem 2026 - Month 2
EV00624,RA231102800010,RA241103000232,Project Team,1,Even Sem 2026 - Month 1
EV00625,RA231102800010,RA241105400226,Technical Club,1,Odd Sem 2025 - Month 2
EV00626,RA231102800010,RA251102700316,Peer Study,5,Odd Sem 2025 - Month 4
EV00627,RA231102800010,RA251103000256,Peer Study,1,Odd Sem 2025 - Month 1
EV00628,RA231102800010,RA251105600328,Technical Club,1,Odd Sem 2025 - Midterm
EV00629,RA231102800010,RA261102700424,Hackathon Team,1,Even Sem 2026 - Month 1
EV00630,RA231102800010,RA261105600436,Peer Study,1,Odd Sem 2025 - Month 2
EV00631,RA231102800010,RA261105600457,Technical Club,4,Even Sem 2026 - Finals
EV00632,RA231102800010,RA261105600478,Peer Study,1,Even Sem 2026 - Month 1
EV00633,RA231102800017,RA231102800059,Lab Collaboration,1,Odd Sem 2025 - Month 2
EV00634,RA231102800017,RA231102900011,Lab Collaboration,1,Odd Sem 2025 - Midterm
EV00635,RA231102800017,RA231105600077,Lab Collaboration,1,Even Sem 2026 - Month 1
EV00636,RA231102800017,RA241102900147,Hackathon Team,1,Odd Sem 2025 - Month 2
EV00637,RA231102800017,RA251102700281,Hackathon Team,1,Even Sem 2026 - Finals
EV00638,RA231102800017,RA251102900269,Technical Club,1,Odd Sem 2025 - Month 4
EV00639,RA231102800017,RA251103000305,Technical Club,1,Odd Sem 2025 - Month 1
EV00640,RA231102800017,RA251105400257,Hackathon Team,1,Odd Sem 2025 - Midterm
EV00641,RA231102800017,RA261102800383,Peer Study,1,Even Sem 2026 - Month 2
EV00642,RA231102800017,RA261102800467,Project Team,2,Odd Sem 2025 - Month 1
EV00643,RA231102800017,RA261102900377,Peer Study,1,Odd Sem 2025 - Month 2
EV00644,RA231102800024,RA231102900018,Technical Club,1,Odd Sem 2025 - Month 4
EV00645,RA231102800024,RA231103000054,Lab Collaboration,2,Odd Sem 2025 - Midterm
EV00646,RA231102800024,RA241100300228,Lab Collaboration,1,Even Sem 2026 - Month 2
EV00647,RA231102800024,RA241102700138,Project Team,1,Even Sem 2026 - Finals
EV00648,RA231102800024,RA241102700180,Hackathon Team,1,Even Sem 2026 - Month 1
EV00649,RA231102800024,RA241102900126,Hackathon Team,1,Even Sem 2026 - Month 2
EV00650,RA231102800024,RA241102900210,Peer Study,3,Even Sem 2026 - Finals
EV00651,RA231102800024,RA241105400184,Technical Club,4,Even Sem 2026 - Finals
EV00652,RA231102800024,RA251100300280,Project Team,2,Odd Sem 2025 - Midterm
EV00653,RA231102800024,RA251102700302,Peer Study,1,Even Sem 2026 - Month 1
EV00654,RA231102800024,RA261100300402,Lab Collaboration,3,Odd Sem 2025 - Midterm
EV00655,RA231102800024,RA261103000420,Lab Collaboration,1,Even Sem 2026 - Finals
EV00656,RA231102800024,RA261103000441,Project Team,2,Odd Sem 2025 - Month 4
EV00657,RA231102800024,RA261103000462,Peer Study,1,Even Sem 2026 - Finals
EV00658,RA231102800031,RA231102900025,Project Team,1,Even Sem 2026 - Month 1
EV00659,RA231102800031,RA231105400097,Peer Study,1,Odd Sem 2025 - Month 1
EV00660,RA231102800031,RA231105600049,Hackathon Team,1,Odd Sem 2025 - Month 2
EV00661,RA231102800031,RA241102900175,Peer Study,1,Odd Sem 2025 - Month 1
EV00662,RA231102800031,RA241105600157,Technical Club,1,Even Sem 2026 - Month 2
EV00663,RA231102800031,RA241105600199,Technical Club,2,Odd Sem 2025 - Month 1
EV00664,RA231102800031,RA251102700316,Project Team,4,Even Sem 2026 - Finals
EV00665,RA231102800031,RA251102900325,Technical Club,2,Even Sem 2026 - Month 2
EV00666,RA231102800031,RA251103000277,Hackathon Team,1,Odd Sem 2025 - Month 2
EV00667,RA231102800031,RA251103000319,Peer Study,1,Odd Sem 2025 - Month 1
EV00668,RA231102800031,RA261102700445,Peer Study,1,Even Sem 2026 - Month 2
EV00669,RA231102800031,RA261102800439,Technical Club,1,Even Sem 2026 - Month 1
EV00670,RA231102800038,RA231102900032,Project Team,2,Odd Sem 2025 - Midterm
EV00671,RA231102800038,RA231102900074,Lab Collaboration,3,Even Sem 2026 - Month 2
EV00672,RA231102800038,RA241100300200,Hackathon Team,1,Odd Sem 2025 - Month 4
EV00673,RA231102800038,RA241102900224,Peer Study,1,Odd Sem 2025 - Month 2
EV00674,RA231102800038,RA251102700316,Hackathon Team,6,Even Sem 2026 - Month 1
EV00675,RA231102800038,RA251105400278,Hackathon Team,1,Even Sem 2026 - Month 2
EV00676,RA231102800038,RA251105400320,Project Team,1,Even Sem 2026 - Month 1
EV00677,RA231102800038,RA261100300416,Technical Club,1,Even Sem 2026 - Month 1
EV00678,RA231102800038,RA261102700410,Peer Study,1,Odd Sem 2025 - Month 2
EV00679,RA231102800038,RA261103000476,Peer Study,1,Even Sem 2026 - Month 1
EV00680,RA231102800038,RA261105400428,Project Team,1,Even Sem 2026 - Month 2
EV00681,RA231102800038,RA261105600380,Peer Study,2,Odd Sem 2025 - Month 1
EV00682,RA231102800045,RA231102800087,Lab Collaboration,1,Even Sem 2026 - Finals
EV00683,RA231102800045,RA231102900039,Lab Collaboration,2,Even Sem 2026 - Month 1
EV00684,RA231102800045,RA231103000124,Technical Club,1,Odd Sem 2025 - Month 4
EV00685,RA231102800045,RA251102800303,Hackathon Team,2,Even Sem 2026 - Month 1
EV00686,RA231102800045,RA251102900339,Technical Club,1,Even Sem 2026 - Finals
EV00687,RA231102800045,RA251105600321,Peer Study,1,Odd Sem 2025 - Month 1
EV00688,RA231102800045,RA261102800411,Lab Collaboration,2,Odd Sem 2025 - Month 4
EV00689,RA231102800045,RA261105600387,Technical Club,1,Even Sem 2026 - Month 1
EV00690,RA231102800045,RA261105600429,Peer Study,1,Even Sem 2026 - Month 2
EV00691,RA231102800052,RA231102900046,Hackathon Team,4,Odd Sem 2025 - Month 1
EV00692,RA231102800052,RA231105600119,Lab Collaboration,4,Odd Sem 2025 - Month 2
EV00693,RA231102800052,RA241103000148,Peer Study,1,Odd Sem 2025 - Month 2
EV00694,RA231102800052,RA241105600178,Lab Collaboration,1,Odd Sem 2025 - Month 4
EV00695,RA231102800052,RA251102900346,Lab Collaboration,2,Odd Sem 2025 - Midterm
EV00696,RA231102800052,RA251105600286,Project Team,1,Odd Sem 2025 - Month 1
EV00697,RA231102800052,RA261100300423,Peer Study,2,Odd Sem 2025 - Midterm
EV00698,RA231102800052,RA261102800376,Project Team,1,Odd Sem 2025 - Month 1
EV00699,RA231102800059,RA231102900053,Peer Study,1,Even Sem 2026 - Month 2
EV00700,RA231102800059,RA231102900095,Technical Club,1,Odd Sem 2025 - Month 2
EV00701,RA231102800059,RA231103000061,Hackathon Team,3,Even Sem 2026 - Month 1
EV00702,RA231102800059,RA231105600035,Technical Club,1,Even Sem 2026 - Month 2
EV00703,RA231102800059,RA241102700131,Lab Collaboration,1,Even Sem 2026 - Finals
EV00704,RA231102800059,RA241102800209,Technical Club,1,Even Sem 2026 - Month 1
EV00705,RA231102800059,RA241102900161,Peer Study,1,Even Sem 2026 - Month 2
EV00706,RA231102800059,RA241105400184,Project Team,3,Odd Sem 2025 - Month 4
EV00707,RA231102800059,RA241105600143,Peer Study,1,Odd Sem 2025 - Month 1
EV00708,RA231102800059,RA241105600185,Peer Study,2,Odd Sem 2025 - Month 2
EV00709,RA231102800059,RA251102800296,Project Team,1,Odd Sem 2025 - Midterm
EV00710,RA231102800059,RA251103000256,Technical Club,1,Odd Sem 2025 - Month 4
EV00711,RA231102800073,RA231102900067,Project Team,1,Even Sem 2026 - Finals
EV00712,RA231102800073,RA231105600007,Hackathon Team,1,Even Sem 2026 - Finals
EV00713,RA231102800073,RA241102800139,Project Team,1,Odd Sem 2025 - Month 4
EV00714,RA231102800073,RA251102700337,Project Team,1,Odd Sem 2025 - Month 1
EV00715,RA231102800073,RA251102800373,Hackathon Team,1,Odd Sem 2025 - Month 2
EV00716,RA231102800073,RA251102900367,Hackathon Team,1,Odd Sem 2025 - Midterm
EV00717,RA231102800073,RA251105400271,Technical Club,1,Odd Sem 2025 - Month 1
EV00718,RA231102800073,RA261102700487,Hackathon Team,1,Even Sem 2026 - Finals
EV00719,RA231102800073,RA261102800397,Peer Study,1,Odd Sem 2025 - Midterm
EV00720,RA231102800080,RA231102900074,Hackathon Team,2,Odd Sem 2025 - Month 1
EV00721,RA231102800080,RA231103000110,Technical Club,1,Even Sem 2026 - Finals
EV00722,RA231102800080,RA231105400020,Hackathon Team,1,Odd Sem 2025 - Month 1
EV00723,RA231102800080,RA241100300158,Technical Club,1,Odd Sem 2025 - Month 1
EV00724,RA231102800080,RA241102800146,Peer Study,1,Even Sem 2026 - Finals
EV00725,RA231102800080,RA241105400170,Technical Club,1,Even Sem 2026 - Month 1
EV00726,RA231102800080,RA251100300266,Technical Club,3,Even Sem 2026 - Month 1
EV00727,RA231102800080,RA251100300350,Peer Study,1,Odd Sem 2025 - Month 1
EV00728,RA231102800080,RA251102800296,Technical Club,2,Even Sem 2026 - Finals
EV00729,RA231102800080,RA251102900290,Project Team,1,Even Sem 2026 - Month 2
EV00730,RA231102800080,RA251105400320,Project Team,1,Even Sem 2026 - Month 1
EV00731,RA231102800080,RA261102700494,Lab Collaboration,1,Odd Sem 2025 - Month 2
EV00732,RA231102800080,RA261103000441,Peer Study,3,Even Sem 2026 - Finals
EV00733,RA231102800080,RA261105400470,Hackathon Team,2,Odd Sem 2025 - Month 1
EV00734,RA231102800087,RA231102900081,Technical Club,1,Even Sem 2026 - Month 1
EV00735,RA231102800087,RA231105400097,Project Team,1,Even Sem 2026 - Month 2
EV00736,RA231102800087,RA241100300165,Hackathon Team,1,Odd Sem 2025 - Midterm
EV00737,RA231102800087,RA241102700201,Peer Study,1,Even Sem 2026 - Month 2
EV00738,RA231102800087,RA241102800139,Project Team,1,Odd Sem 2025 - Month 2
EV00739,RA231102800087,RA241103000225,Technical Club,1,Even Sem 2026 - Month 2
EV00740,RA231102800087,RA251102900311,Peer Study,2,Even Sem 2026 - Finals
EV00741,RA231102800087,RA261105600429,Hackathon Team,4,Even Sem 2026 - Month 2
EV00742,RA231102800087,RA261105600457,Lab Collaboration,2,Even Sem 2026 - Month 2
EV00743,RA231102800094,RA231102900088,Peer Study,1,Odd Sem 2025 - Month 1
EV00744,RA231102800094,RA231105400034,Hackathon Team,1,Odd Sem 2025 - Month 4
EV00745,RA231102800094,RA231105600070,Technical Club,1,Odd Sem 2025 - Month 4
EV00746,RA231102800094,RA241102700250,Peer Study,1,Odd Sem 2025 - Month 2
EV00747,RA231102800094,RA241102800244,Peer Study,1,Odd Sem 2025 - Month 1
EV00748,RA231102800094,RA241103000232,Technical Club,1,Even Sem 2026 - Month 1
EV00749,RA231102800094,RA251102800310,Peer Study,1,Odd Sem 2025 - Month 4
EV00750,RA231102800094,RA251102800366,Lab Collaboration,1,Even Sem 2026 - Month 1
EV00751,RA231102800094,RA251102900304,Technical Club,2,Odd Sem 2025 - Month 4
EV00752,RA231102800094,RA261102900496,Hackathon Team,1,Even Sem 2026 - Month 1
EV00753,RA231102800094,RA261103000448,Technical Club,2,Even Sem 2026 - Finals
EV00754,RA231102800101,RA231102900095,Technical Club,4,Odd Sem 2025 - Month 1
EV00755,RA231102800101,RA231103000089,Peer Study,1,Even Sem 2026 - Month 1
EV00756,RA231102800101,RA241102700131,Project Team,1,Odd Sem 2025 - Month 4
EV00757,RA231102800101,RA241102700173,Project Team,1,Odd Sem 2025 - Month 2
EV00758,RA231102800101,RA241105400163,Hackathon Team,1,Odd Sem 2025 - Month 1
EV00759,RA231102800101,RA241105600185,Technical Club,1,Odd Sem 2025 - Month 1
EV00760,RA231102800101,RA251100300329,Hackathon Team,1,Odd Sem 2025 - Month 2
EV00761,RA231102800101,RA251102700281,Hackathon Team,1,Even Sem 2026 - Month 2
EV00762,RA231102800101,RA251102800254,Peer Study,3,Even Sem 2026 - Finals
EV00763,RA231102800101,RA251102800359,Peer Study,1,Odd Sem 2025 - Month 1
EV00764,RA231102800101,RA251102900353,Lab Collaboration,1,Even Sem 2026 - Month 2
EV00765,RA231102800101,RA251105400257,Hackathon Team,1,Even Sem 2026 - Month 2
EV00766,RA231102800101,RA261105600443,Hackathon Team,2,Even Sem 2026 - Month 2
EV00767,RA231102800108,RA231102900102,Technical Club,1,Odd Sem 2025 - Month 1
EV00768,RA231102800108,RA241100300179,Technical Club,1,Even Sem 2026 - Finals
EV00769,RA231102800108,RA241102800132,Technical Club,1,Odd Sem 2025 - Month 2
EV00770,RA231102800108,RA241102900210,Project Team,1,Even Sem 2026 - Finals
EV00771,RA231102800108,RA241105600192,Technical Club,1,Even Sem 2026 - Finals
EV00772,RA231102800108,RA251102900276,Peer Study,3,Odd Sem 2025 - Midterm
EV00773,RA231102800108,RA261102700396,Technical Club,1,Even Sem 2026 - Month 2
EV00774,RA231102800108,RA261102800446,Technical Club,2,Odd Sem 2025 - Month 1
EV00775,RA231102800115,RA231102900067,Hackathon Team,1,Even Sem 2026 - Month 1
EV00776,RA231102800115,RA231102900109,Peer Study,2,Odd Sem 2025 - Month 4
EV00777,RA231102800115,RA231103000096,Hackathon Team,1,Odd Sem 2025 - Month 1
EV00778,RA231102800115,RA241102800181,Hackathon Team,2,Odd Sem 2025 - Month 2
EV00779,RA231102800115,RA241103000127,Hackathon Team,1,Odd Sem 2025 - Month 1
EV00780,RA231102800115,RA241105400135,Lab Collaboration,1,Odd Sem 2025 - Month 4
EV00781,RA231102800115,RA241105400205,Lab Collaboration,2,Odd Sem 2025 - Midterm
EV00782,RA231102800115,RA251100300259,Lab Collaboration,2,Even Sem 2026 - Finals
EV00783,RA231102800115,RA251102900367,Peer Study,1,Even Sem 2026 - Month 1
EV00784,RA231102800115,RA251105400355,Project Team,1,Odd Sem 2025 - Month 2
EV00785,RA231102800115,RA251105600265,Hackathon Team,1,Even Sem 2026 - Month 1
EV00786,RA231102800115,RA261105400379,Project Team,3,Even Sem 2026 - Month 1
EV00787,RA231102800115,RA261105400463,Hackathon Team,2,Even Sem 2026 - Month 1
EV00788,RA231102800122,RA231102900102,Lab Collaboration,1,Even Sem 2026 - Month 1
EV00789,RA231102800122,RA231102900116,Project Team,1,Odd Sem 2025 - Month 4
EV00790,RA231102800122,RA241105400128,Peer Study,1,Odd Sem 2025 - Midterm
EV00791,RA231102800122,RA241105400184,Project Team,2,Even Sem 2026 - Finals
EV00792,RA231102800122,RA241105600248,Project Team,1,Odd Sem 2025 - Month 2
EV00793,RA231102800122,RA251102700316,Technical Club,3,Even Sem 2026 - Finals
EV00794,RA231102800122,RA251105400362,Technical Club,1,Even Sem 2026 - Finals
EV00795,RA231102800122,RA251105600272,Project Team,1,Even Sem 2026 - Month 2
EV00796,RA231102800122,RA261102900489,Peer Study,1,Even Sem 2026 - Month 1
EV00797,RA231102800122,RA261103000476,Lab Collaboration,1,Odd Sem 2025 - Month 4
EV00798,RA231102900004,RA241102800160,Hackathon Team,2,Even Sem 2026 - Finals
EV00799,RA231102900004,RA241102800244,Technical Club,4,Odd Sem 2025 - Month 2
EV00800,RA231102900004,RA251105600328,Lab Collaboration,1,Odd Sem 2025 - Month 1
EV00801,RA231102900004,RA261102700382,Project Team,4,Odd Sem 2025 - Midterm
EV00802,RA231102900004,RA261103000406,Lab Collaboration,1,Odd Sem 2025 - Month 2
EV00803,RA231102900004,RA261103000490,Project Team,1,Odd Sem 2025 - Midterm
EV00804,RA231102900011,RA231103000005,Hackathon Team,1,Even Sem 2026 - Month 2
EV00805,RA231102900011,RA231103000089,Lab Collaboration,2,Odd Sem 2025 - Midterm
EV00806,RA231102900011,RA231105400083,Peer Study,1,Even Sem 2026 - Finals
EV00807,RA231102900011,RA231105600077,Project Team,1,Odd Sem 2025 - Month 2
EV00808,RA231102900011,RA231105600119,Project Team,3,Even Sem 2026 - Month 1
EV00809,RA231102900011,RA241100300221,Peer Study,1,Odd Sem 2025 - Month 1
EV00810,RA231102900011,RA241103000239,Hackathon Team,1,Even Sem 2026 - Month 1
EV00811,RA231102900011,RA241105400247,Technical Club,1,Even Sem 2026 - Finals
EV00812,RA231102900011,RA251102900353,Peer Study,2,Odd Sem 2025 - Month 2
EV00813,RA231102900011,RA251105600251,Project Team,1,Even Sem 2026 - Month 2
EV00814,RA231102900011,RA261102700389,Hackathon Team,1,Odd Sem 2025 - Month 1
EV00815,RA231102900011,RA261102700431,Lab Collaboration,2,Odd Sem 2025 - Month 2
EV00816,RA231102900011,RA261105600485,Hackathon Team,2,Odd Sem 2025 - Month 2
EV00817,RA231102900018,RA231103000012,Project Team,2,Even Sem 2026 - Month 1
EV00818,RA231102900018,RA241102700222,Project Team,2,Even Sem 2026 - Month 2
EV00819,RA231102900018,RA241102800216,Lab Collaboration,1,Even Sem 2026 - Finals
EV00820,RA231102900018,RA241103000204,Hackathon Team,1,Odd Sem 2025 - Midterm
EV00821,RA231102900018,RA241105400142,Lab Collaboration,2,Even Sem 2026 - Month 2
EV00822,RA231102900018,RA251102800282,Technical Club,3,Odd Sem 2025 - Month 1
EV00823,RA231102900018,RA251103000284,Project Team,1,Even Sem 2026 - Finals
EV00824,RA231102900018,RA251105600258,Project Team,2,Odd Sem 2025 - Month 4
EV00825,RA231102900018,RA261100300423,Project Team,2,Odd Sem 2025 - Month 1
EV00826,RA231102900018,RA261102800390,Peer Study,1,Odd Sem 2025 - Month 1
EV00827,RA231102900025,RA231103000019,Project Team,1,Odd Sem 2025 - Month 1
EV00828,RA231102900025,RA231105600091,Project Team,1,Odd Sem 2025 - Month 2
EV00829,RA231102900025,RA241102800139,Peer Study,1,Odd Sem 2025 - Month 1
EV00830,RA231102900025,RA241103000127,Technical Club,1,Odd Sem 2025 - Month 4
EV00831,RA231102900025,RA241105600241,Peer Study,2,Even Sem 2026 - Month 1
EV00832,RA231102900025,RA251100300343,Lab Collaboration,1,Odd Sem 2025 - Midterm
EV00833,RA231102900025,RA251102700295,Lab Collaboration,1,Even Sem 2026 - Month 1
EV00834,RA231102900025,RA251102800373,Hackathon Team,2,Even Sem 2026 - Finals
EV00835,RA231102900025,RA251102900283,Project Team,1,Odd Sem 2025 - Month 4
EV00836,RA231102900025,RA261100300409,Peer Study,1,Odd Sem 2025 - Midterm
EV00837,RA231102900025,RA261102900433,Project Team,3,Odd Sem 2025 - Month 4
EV00838,RA231102900025,RA261103000441,Hackathon Team,3,Odd Sem 2025 - Midterm
EV00839,RA231102900025,RA261105400477,Technical Club,2,Odd Sem 2025 - Midterm
EV00840,RA231102900025,RA261105600401,Peer Study,1,Odd Sem 2025 - Month 2
EV00841,RA231102900025,RA261105600415,Lab Collaboration,1,Even Sem 2026 - Finals
EV00842,RA231102900032,RA231103000026,Hackathon Team,1,Odd Sem 2025 - Midterm
EV00843,RA231102900032,RA231105600056,Hackathon Team,1,Odd Sem 2025 - Month 4
EV00844,RA231102900032,RA241102700208,Hackathon Team,1,Odd Sem 2025 - Midterm
EV00845,RA231102900032,RA241102800202,Project Team,3,Even Sem 2026 - Month 1
EV00846,RA231102900032,RA241105400170,Technical Club,2,Even Sem 2026 - Finals
EV00847,RA231102900032,RA241105400184,Project Team,4,Even Sem 2026 - Finals
EV00848,RA231102900032,RA251102900332,Project Team,1,Odd Sem 2025 - Month 2
EV00849,RA231102900032,RA251102900367,Peer Study,1,Odd Sem 2025 - Month 2
EV00850,RA231102900032,RA251102900374,Hackathon Team,2,Even Sem 2026 - Month 2
EV00851,RA231102900032,RA251105400362,Technical Club,1,Odd Sem 2025 - Month 2
EV00852,RA231102900032,RA261102700452,Technical Club,1,Odd Sem 2025 - Month 2
EV00853,RA231102900032,RA261105600464,Technical Club,1,Even Sem 2026 - Month 2
EV00854,RA231102900039,RA231103000033,Peer Study,1,Odd Sem 2025 - Month 1
EV00855,RA231102900039,RA241102700243,Hackathon Team,2,Odd Sem 2025 - Midterm
EV00856,RA231102900039,RA241105400184,Peer Study,3,Even Sem 2026 - Month 2
EV00857,RA231102900039,RA251100300315,Technical Club,1,Even Sem 2026 - Month 2
EV00858,RA231102900039,RA251102700351,Lab Collaboration,3,Even Sem 2026 - Month 1
EV00859,RA231102900039,RA251102800303,Project Team,1,Odd Sem 2025 - Midterm
EV00860,RA231102900039,RA251102800345,Lab Collaboration,1,Odd Sem 2025 - Month 1
EV00861,RA231102900039,RA251105400327,Peer Study,1,Odd Sem 2025 - Month 4
EV00862,RA231102900039,RA261100300423,Technical Club,3,Even Sem 2026 - Finals
EV00863,RA231102900039,RA261105400463,Hackathon Team,1,Odd Sem 2025 - Month 1
EV00864,RA231102900039,RA261105600471,Technical Club,1,Odd Sem 2025 - Month 2
EV00865,RA231102900046,RA231103000040,Lab Collaboration,1,Odd Sem 2025 - Month 2
EV00866,RA231102900046,RA241105600136,Project Team,2,Even Sem 2026 - Month 2
EV00867,RA231102900046,RA241105600220,Technical Club,1,Odd Sem 2025 - Month 4
EV00868,RA231102900046,RA251105400334,Hackathon Team,1,Odd Sem 2025 - Month 1
EV00869,RA231102900046,RA261100300423,Technical Club,5,Odd Sem 2025 - Midterm
EV00870,RA231102900046,RA261102800376,Hackathon Team,2,Odd Sem 2025 - Midterm
EV00871,RA231102900046,RA261105600394,Hackathon Team,1,Odd Sem 2025 - Month 1
EV00872,RA231102900053,RA231103000047,Hackathon Team,1,Even Sem 2026 - Month 1
EV00873,RA231102900053,RA231103000124,Technical Club,1,Odd Sem 2025 - Month 4
EV00874,RA231102900053,RA231105600077,Technical Club,2,Even Sem 2026 - Month 1
EV00875,RA231102900053,RA241102800202,Hackathon Team,3,Odd Sem 2025 - Month 4
EV00876,RA231102900053,RA241103000155,Technical Club,1,Even Sem 2026 - Finals
EV00877,RA231102900053,RA241105400184,Peer Study,2,Odd Sem 2025 - Month 2
EV00878,RA231102900053,RA251102700323,Hackathon Team,1,Even Sem 2026 - Month 2
EV00879,RA231102900053,RA261103000497,Peer Study,2,Odd Sem 2025 - Month 1
EV00880,RA231102900053,RA261105400407,Peer Study,1,Even Sem 2026 - Month 1
EV00881,RA231102900053,RA261105600485,Peer Study,1,Even Sem 2026 - Month 1
EV00882,RA231102900060,RA231103000026,Peer Study,1,Odd Sem 2025 - Midterm
EV00883,RA231102900060,RA231103000054,Lab Collaboration,1,Odd Sem 2025 - Midterm
EV00884,RA231102900060,RA231105400048,Hackathon Team,3,Even Sem 2026 - Month 1
EV00885,RA231102900060,RA231105600098,Lab Collaboration,1,Odd Sem 2025 - Month 2
EV00886,RA231102900060,RA241100300228,Lab Collaboration,3,Even Sem 2026 - Month 2
EV00887,RA231102900060,RA241102800202,Project Team,4,Odd Sem 2025 - Month 1
EV00888,RA231102900060,RA241103000246,Technical Club,1,Even Sem 2026 - Month 1
EV00889,RA231102900060,RA241105400184,Technical Club,3,Odd Sem 2025 - Month 2
EV00890,RA231102900060,RA241105400198,Peer Study,1,Odd Sem 2025 - Midterm
EV00891,RA231102900060,RA241105400240,Peer Study,3,Odd Sem 2025 - Month 1
EV00892,RA231102900060,RA251105600300,Hackathon Team,1,Odd Sem 2025 - Month 2
EV00893,RA231102900060,RA261102800390,Lab Collaboration,1,Even Sem 2026 - Month 2
EV00894,RA231102900060,RA261102800432,Lab Collaboration,2,Odd Sem 2025 - Midterm
EV00895,RA231102900067,RA231103000061,Peer Study,1,Odd Sem 2025 - Midterm
EV00896,RA231102900067,RA231105400055,Project Team,2,Even Sem 2026 - Finals
EV00897,RA231102900067,RA231105600091,Hackathon Team,2,Odd Sem 2025 - Month 2
EV00898,RA231102900067,RA241100300235,Project Team,3,Odd Sem 2025 - Month 1
EV00899,RA231102900067,RA241102800139,Lab Collaboration,1,Odd Sem 2025 - Month 2
EV00900,RA231102900067,RA241105400205,Peer Study,2,Odd Sem 2025 - Month 2
EV00901,RA231102900067,RA241105400247,Lab Collaboration,1,Odd Sem 2025 - Month 1
EV00902,RA231102900067,RA251100300329,Project Team,1,Even Sem 2026 - Month 1
EV00903,RA231102900067,RA251102700295,Hackathon Team,1,Even Sem 2026 - Month 1
EV00904,RA231102900067,RA251105600307,Lab Collaboration,2,Odd Sem 2025 - Month 1
EV00905,RA231102900067,RA261102700487,Hackathon Team,1,Odd Sem 2025 - Month 1
EV00906,RA231102900067,RA261105400400,Hackathon Team,2,Even Sem 2026 - Month 1
EV00907,RA231102900074,RA231103000068,Hackathon Team,3,Odd Sem 2025 - Month 4
EV00908,RA231102900074,RA231103000096,Peer Study,2,Odd Sem 2025 - Month 1
EV00909,RA231102900074,RA231105400062,Peer Study,2,Odd Sem 2025 - Midterm
EV00910,RA231102900074,RA231105600084,Hackathon Team,2,Odd Sem 2025 - Month 2
EV00911,RA231102900074,RA231105600098,Technical Club,4,Even Sem 2026 - Month 1
EV00912,RA231102900074,RA241100300165,Lab Collaboration,3,Even Sem 2026 - Finals
EV00913,RA231102900074,RA241102700194,Lab Collaboration,4,Odd Sem 2025 - Month 1
EV00914,RA231102900074,RA241102800188,Technical Club,3,Odd Sem 2025 - Month 4
EV00915,RA231102900074,RA241102800237,Technical Club,2,Odd Sem 2025 - Month 4
EV00916,RA231102900074,RA241103000148,Peer Study,2,Even Sem 2026 - Month 2
EV00917,RA231102900074,RA241103000162,Peer Study,2,Odd Sem 2025 - Month 2
EV00918,RA231102900074,RA241105400128,Hackathon Team,6,Odd Sem 2025 - Month 2
EV00919,RA231102900074,RA241105400184,Lab Collaboration,2,Even Sem 2026 - Month 2
EV00920,RA231102900074,RA241105600157,Lab Collaboration,3,Odd Sem 2025 - Month 2
EV00921,RA231102900074,RA251102800268,Lab Collaboration,2,Even Sem 2026 - Month 1
EV00922,RA231102900074,RA251103000263,Peer Study,2,Odd Sem 2025 - Month 2
EV00923,RA231102900074,RA251103000298,Peer Study,3,Even Sem 2026 - Month 1
EV00924,RA231102900074,RA251105400320,Hackathon Team,2,Odd Sem 2025 - Month 4
EV00925,RA231102900074,RA251105400355,Peer Study,2,Odd Sem 2025 - Midterm
EV00926,RA231102900074,RA251105600314,Hackathon Team,3,Odd Sem 2025 - Month 1
EV00927,RA231102900074,RA251105600356,Lab Collaboration,2,Odd Sem 2025 - Month 1
EV00928,RA231102900074,RA261100300416,Lab Collaboration,3,Odd Sem 2025 - Month 2
EV00929,RA231102900074,RA261100300437,Project Team,2,Odd Sem 2025 - Month 4
EV00930,RA231102900074,RA261102700396,Lab Collaboration,2,Even Sem 2026 - Month 1
EV00931,RA231102900074,RA261102700417,Project Team,2,Even Sem 2026 - Finals
EV00932,RA231102900074,RA261102800404,Project Team,2,Even Sem 2026 - Finals
EV00933,RA231102900074,RA261102800488,Lab Collaboration,9,Even Sem 2026 - Finals
EV00934,RA231102900074,RA261102900440,Lab Collaboration,2,Even Sem 2026 - Finals
EV00935,RA231102900074,RA261103000385,Hackathon Team,4,Odd Sem 2025 - Month 2
EV00936,RA231102900074,RA261105400407,Lab Collaboration,2,Even Sem 2026 - Month 1
EV00937,RA231102900074,RA261105600387,Technical Club,3,Odd Sem 2025 - Midterm
EV00938,RA231102900081,RA231102900123,Lab Collaboration,1,Odd Sem 2025 - Month 2
EV00939,RA231102900081,RA231103000075,Project Team,1,Odd Sem 2025 - Month 2
EV00940,RA231102900081,RA241102700243,Lab Collaboration,1,Odd Sem 2025 - Midterm
EV00941,RA231102900081,RA241103000183,Hackathon Team,1,Odd Sem 2025 - Midterm
EV00942,RA231102900081,RA241105400135,Lab Collaboration,1,Even Sem 2026 - Month 2
EV00943,RA231102900081,RA241105400184,Lab Collaboration,2,Odd Sem 2025 - Month 4
EV00944,RA231102900081,RA241105600171,Project Team,1,Odd Sem 2025 - Midterm
EV00945,RA231102900081,RA251105600279,Hackathon Team,4,Odd Sem 2025 - Month 4
EV00946,RA231102900081,RA261100300465,Hackathon Team,1,Odd Sem 2025 - Month 4
EV00947,RA231102900081,RA261105600471,Technical Club,3,Odd Sem 2025 - Month 4
EV00948,RA231102900088,RA231103000082,Peer Study,1,Odd Sem 2025 - Midterm
EV00949,RA231102900088,RA241100300172,Peer Study,3,Odd Sem 2025 - Month 2
EV00950,RA231102900088,RA241102700250,Peer Study,3,Even Sem 2026 - Month 1
EV00951,RA231102900088,RA241105400142,Technical Club,1,Odd Sem 2025 - Month 2
EV00952,RA231102900088,RA251102800268,Peer Study,1,Even Sem 2026 - Finals
EV00953,RA231102900088,RA251102800310,Hackathon Team,1,Even Sem 2026 - Month 2
EV00954,RA231102900088,RA251102900332,Hackathon Team,1,Even Sem 2026 - Month 1
EV00955,RA231102900088,RA251102900346,Hackathon Team,1,Even Sem 2026 - Finals
EV00956,RA231102900088,RA251103000298,Project Team,1,Odd Sem 2025 - Month 2
EV00957,RA231102900088,RA251105600286,Lab Collaboration,1,Odd Sem 2025 - Month 2
EV00958,RA231102900088,RA261100300472,Lab Collaboration,1,Even Sem 2026 - Month 2
EV00959,RA231102900088,RA261102900412,Project Team,1,Even Sem 2026 - Month 2
EV00960,RA231102900095,RA231103000089,Hackathon Team,3,Odd Sem 2025 - Month 1
EV00961,RA231102900095,RA241102700215,Peer Study,1,Even Sem 2026 - Month 1
EV00962,RA231102900095,RA241102800209,Technical Club,1,Even Sem 2026 - Month 1
EV00963,RA231102900095,RA241102900203,Project Team,1,Odd Sem 2025 - Month 1
EV00964,RA231102900095,RA241103000239,Hackathon Team,1,Odd Sem 2025 - Month 2
EV00965,RA231102900095,RA241105400191,Technical Club,1,Odd Sem 2025 - Month 1
EV00966,RA231102900095,RA241105400233,Project Team,2,Even Sem 2026 - Month 2
EV00967,RA231102900095,RA251102700281,Lab Collaboration,1,Odd Sem 2025 - Month 2
EV00968,RA231102900095,RA251102800268,Lab Collaboration,1,Even Sem 2026 - Month 2
EV00969,RA231102900095,RA251102800359,Lab Collaboration,1,Even Sem 2026 - Finals
EV00970,RA231102900095,RA251103000305,Lab Collaboration,1,Even Sem 2026 - Finals
EV00971,RA231102900095,RA261100300395,Peer Study,2,Odd Sem 2025 - Midterm
EV00972,RA231102900095,RA261102700473,Hackathon Team,2,Odd Sem 2025 - Month 1
EV00973,RA231102900095,RA261102900419,Hackathon Team,1,Even Sem 2026 - Month 2
EV00974,RA231102900095,RA261105400407,Lab Collaboration,1,Odd Sem 2025 - Month 4
EV00975,RA231102900102,RA231102900116,Technical Club,1,Odd Sem 2025 - Midterm
EV00976,RA231102900102,RA231103000096,Peer Study,1,Even Sem 2026 - Month 2
EV00977,RA231102900102,RA241102900210,Lab Collaboration,2,Even Sem 2026 - Month 1
EV00978,RA231102900102,RA241103000162,Project Team,4,Even Sem 2026 - Month 1
EV00979,RA231102900102,RA241103000246,Lab Collaboration,1,Odd Sem 2025 - Midterm
EV00980,RA231102900102,RA251100300329,Technical Club,1,Odd Sem 2025 - Month 4
EV00981,RA231102900102,RA251102700372,Hackathon Team,1,Odd Sem 2025 - Month 4
EV00982,RA231102900102,RA251103000270,Lab Collaboration,1,Even Sem 2026 - Month 2
EV00983,RA231102900102,RA251105400264,Hackathon Team,1,Odd Sem 2025 - Midterm
EV00984,RA231102900102,RA261100300444,Hackathon Team,1,Odd Sem 2025 - Month 2
EV00985,RA231102900102,RA261102800446,Hackathon Team,4,Odd Sem 2025 - Month 4
EV00986,RA231102900102,RA261105400400,Peer Study,6,Odd Sem 2025 - Month 2
EV00987,RA231102900102,RA261105400456,Peer Study,1,Odd Sem 2025 - Midterm
EV00988,RA231102900109,RA231103000103,Peer Study,1,Odd Sem 2025 - Month 1
EV00989,RA231102900109,RA241102800139,Project Team,1,Odd Sem 2025 - Month 4
EV00990,RA231102900109,RA241103000127,Project Team,2,Even Sem 2026 - Month 1
EV00991,RA231102900109,RA251102700253,Peer Study,2,Even Sem 2026 - Month 2
EV00992,RA231102900109,RA251105600307,Project Team,3,Even Sem 2026 - Month 1
EV00993,RA231102900109,RA261102700431,Peer Study,1,Even Sem 2026 - Month 2
EV00994,RA231102900109,RA261102700445,Peer Study,1,Odd Sem 2025 - Month 4
EV00995,RA231102900109,RA261102700494,Hackathon Team,1,Even Sem 2026 - Finals
EV00996,RA231102900109,RA261102900391,Lab Collaboration,3,Odd Sem 2025 - Month 2
EV00997,RA231102900109,RA261102900433,Hackathon Team,1,Odd Sem 2025 - Month 4
EV00998,RA231102900109,RA261103000469,Peer Study,2,Even Sem 2026 - Month 1
EV00999,RA231102900109,RA261105600457,Hackathon Team,3,Odd Sem 2025 - Midterm
EV01000,RA231102900116,RA231103000110,Lab Collaboration,1,Odd Sem 2025 - Month 1
EV01001,RA231102900116,RA231105600014,Technical Club,1,Odd Sem 2025 - Month 1
EV01002,RA231102900116,RA241100300158,Hackathon Team,4,Odd Sem 2025 - Midterm
EV01003,RA231102900116,RA241102700208,Lab Collaboration,1,Even Sem 2026 - Finals
EV01004,RA231102900116,RA241102700236,Hackathon Team,2,Odd Sem 2025 - Month 4
EV01005,RA231102900116,RA241102900224,Peer Study,1,Even Sem 2026 - Finals
EV01006,RA231102900116,RA241105400128,Peer Study,1,Odd Sem 2025 - Month 1
EV01007,RA231102900116,RA241105600206,Technical Club,1,Odd Sem 2025 - Month 2
EV01008,RA231102900116,RA251102700260,Lab Collaboration,3,Odd Sem 2025 - Midterm
EV01009,RA231102900116,RA251102800338,Project Team,1,Even Sem 2026 - Month 2
EV01010,RA231102900116,RA251105400362,Lab Collaboration,1,Even Sem 2026 - Month 2
EV01011,RA231102900123,RA231103000117,Technical Club,1,Odd Sem 2025 - Month 2
EV01012,RA231102900123,RA241105600129,Project Team,1,Even Sem 2026 - Month 1
EV01013,RA231102900123,RA251102800254,Technical Club,5,Even Sem 2026 - Month 1
EV01014,RA231102900123,RA251102800303,Project Team,1,Odd Sem 2025 - Midterm
EV01015,RA231102900123,RA251105600279,Project Team,1,Even Sem 2026 - Finals
EV01016,RA231102900123,RA261100300437,Hackathon Team,6,Even Sem 2026 - Finals
EV01017,RA231102900123,RA261100300465,Lab Collaboration,1,Odd Sem 2025 - Month 1
EV01018,RA231102900123,RA261102800411,Hackathon Team,2,Even Sem 2026 - Finals
EV01019,RA231102900123,RA261103000483,Technical Club,1,Odd Sem 2025 - Midterm
EV01020,RA231102900123,RA261105600457,Hackathon Team,2,Odd Sem 2025 - Month 2
EV01021,RA231102900123,RA261105600471,Hackathon Team,1,Odd Sem 2025 - Midterm
EV01022,RA231103000005,RA231105600119,Hackathon Team,4,Even Sem 2026 - Month 2
EV01023,RA231103000005,RA241100300179,Peer Study,1,Odd Sem 2025 - Month 4
EV01024,RA231103000005,RA241103000155,Project Team,1,Even Sem 2026 - Month 1
EV01025,RA231103000005,RA251102700316,Hackathon Team,3,Odd Sem 2025 - Midterm
EV01026,RA231103000005,RA251103000263,Project Team,1,Odd Sem 2025 - Month 2
EV01027,RA231103000005,RA251105600265,Project Team,1,Odd Sem 2025 - Month 2
EV01028,RA231103000005,RA261102900377,Hackathon Team,1,Even Sem 2026 - Month 1
EV01029,RA231103000012,RA231105400006,Technical Club,3,Odd Sem 2025 - Month 2
EV01030,RA231103000012,RA241100300186,Lab Collaboration,1,Odd Sem 2025 - Midterm
EV01031,RA231103000012,RA241102700138,Project Team,1,Odd Sem 2025 - Month 1
EV01032,RA231103000012,RA241102700180,Project Team,1,Odd Sem 2025 - Midterm
EV01033,RA231103000012,RA241102700229,Lab Collaboration,1,Even Sem 2026 - Month 1
EV01034,RA231103000012,RA241102800132,Project Team,1,Odd Sem 2025 - Month 2
EV01035,RA231103000012,RA241102900133,Hackathon Team,1,Odd Sem 2025 - Midterm
EV01036,RA231103000012,RA241105400156,Lab Collaboration,1,Odd Sem 2025 - Midterm
EV01037,RA231103000012,RA251102700288,Project Team,1,Even Sem 2026 - Finals
EV01038,RA231103000012,RA251102800324,Technical Club,2,Odd Sem 2025 - Month 1
EV01039,RA231103000012,RA251105400348,Lab Collaboration,1,Odd Sem 2025 - Midterm
EV01040,RA231103000012,RA251105600300,Hackathon Team,1,Odd Sem 2025 - Midterm
EV01041,RA231103000012,RA261100300472,Hackathon Team,1,Odd Sem 2025 - Month 1
EV01042,RA231103000012,RA261105400456,Project Team,1,Even Sem 2026 - Month 1
EV01043,RA231103000019,RA231105600007,Project Team,1,Even Sem 2026 - Finals
EV01044,RA231103000019,RA241102800223,Technical Club,1,Even Sem 2026 - Month 1
EV01045,RA231103000019,RA241105400184,Lab Collaboration,3,Odd Sem 2025 - Month 4
EV01046,RA231103000019,RA241105400247,Project Team,1,Odd Sem 2025 - Month 2
EV01047,RA231103000019,RA251100300259,Technical Club,4,Even Sem 2026 - Finals
EV01048,RA231103000019,RA251103000319,Peer Study,1,Odd Sem 2025 - Month 1
EV01049,RA231103000019,RA251105400369,Peer Study,2,Odd Sem 2025 - Midterm
EV01050,RA231103000019,RA261102900433,Project Team,2,Odd Sem 2025 - Month 2
EV01051,RA231103000019,RA261103000385,Hackathon Team,1,Odd Sem 2025 - Midterm
EV01052,RA231103000019,RA261103000427,Project Team,1,Odd Sem 2025 - Month 1
EV01053,RA231103000019,RA261103000483,Lab Collaboration,1,Even Sem 2026 - Month 1
EV01054,RA231103000019,RA261105600457,Hackathon Team,3,Odd Sem 2025 - Month 2
EV01055,RA231103000019,RA261105600499,Project Team,2,Even Sem 2026 - Month 2
EV01056,RA231103000026,RA231105400020,Lab Collaboration,1,Even Sem 2026 - Month 1
EV01057,RA231103000026,RA231105400062,Project Team,1,Odd Sem 2025 - Midterm
EV01058,RA231103000026,RA241102700236,Technical Club,1,Odd Sem 2025 - Month 2
EV01059,RA231103000026,RA241105400128,Peer Study,1,Even Sem 2026 - Month 2
EV01060,RA231103000026,RA251102800296,Technical Club,4,Even Sem 2026 - Month 1
EV01061,RA231103000026,RA251105600272,Lab Collaboration,1,Even Sem 2026 - Finals
EV01062,RA231103000026,RA261102800404,Project Team,1,Even Sem 2026 - Month 1
EV01063,RA231103000026,RA261102800467,Peer Study,1,Even Sem 2026 - Month 2
EV01064,RA231103000026,RA261102900482,Technical Club,1,Even Sem 2026 - Month 1
EV01065,RA231103000026,RA261103000441,Lab Collaboration,3,Even Sem 2026 - Month 1
EV01066,RA231103000026,RA261103000476,Project Team,1,Odd Sem 2025 - Midterm
EV01067,RA231103000026,RA261105400428,Hackathon Team,1,Odd Sem 2025 - Midterm
EV01068,RA231103000026,RA261105400456,Technical Club,1,Odd Sem 2025 - Month 2
EV01069,RA231103000026,RA261105600457,Technical Club,4,Odd Sem 2025 - Midterm
EV01070,RA231103000033,RA231105400027,Hackathon Team,1,Odd Sem 2025 - Month 2
EV01071,RA231103000033,RA231105600070,Lab Collaboration,1,Even Sem 2026 - Month 1
EV01072,RA231103000033,RA241102700243,Lab Collaboration,1,Even Sem 2026 - Finals
EV01073,RA231103000033,RA241102800153,Hackathon Team,1,Odd Sem 2025 - Month 4
EV01074,RA231103000033,RA241102800195,Hackathon Team,1,Even Sem 2026 - Finals
EV01075,RA231103000033,RA241102900231,Technical Club,1,Even Sem 2026 - Finals
EV01076,RA231103000033,RA241103000176,Hackathon Team,2,Even Sem 2026 - Month 1
EV01077,RA231103000033,RA241105400219,Hackathon Team,1,Odd Sem 2025 - Month 1
EV01078,RA231103000033,RA251102800261,Project Team,1,Odd Sem 2025 - Month 1
EV01079,RA231103000033,RA251102900339,Peer Study,1,Odd Sem 2025 - Midterm
EV01080,RA231103000033,RA251103000375,Lab Collaboration,1,Odd Sem 2025 - Month 1
EV01081,RA231103000033,RA251105400285,Hackathon Team,2,Even Sem 2026 - Month 1
EV01082,RA231103000033,RA251105600321,Project Team,1,Even Sem 2026 - Month 1
EV01083,RA231103000033,RA251105600363,Peer Study,1,Even Sem 2026 - Finals
EV01084,RA231103000033,RA261102800495,Project Team,1,Odd Sem 2025 - Month 4
EV01085,RA231103000033,RA261102900405,Project Team,3,Odd Sem 2025 - Month 4
EV01086,RA231103000040,RA231105400034,Hackathon Team,1,Odd Sem 2025 - Month 2
EV01087,RA231103000040,RA241100300130,Lab Collaboration,1,Odd Sem 2025 - Month 4
EV01088,RA231103000040,RA241102800160,Project Team,3,Odd Sem 2025 - Month 1
EV01089,RA231103000040,RA241105400142,Project Team,1,Odd Sem 2025 - Midterm
EV01090,RA231103000040,RA251100300280,Peer Study,1,Odd Sem 2025 - Month 1
EV01091,RA231103000040,RA251102700316,Technical Club,2,Odd Sem 2025 - Month 2
EV01092,RA231103000040,RA251103000298,Hackathon Team,1,Even Sem 2026 - Month 2
EV01093,RA231103000040,RA261102900412,Project Team,2,Odd Sem 2025 - Month 2
EV01094,RA231103000040,RA261103000406,Project Team,1,Even Sem 2026 - Finals
EV01095,RA231103000047,RA231103000089,Hackathon Team,1,Even Sem 2026 - Month 1
EV01096,RA231103000047,RA231105400041,Peer Study,1,Even Sem 2026 - Month 2
EV01097,RA231103000047,RA231105600035,Technical Club,3,Odd Sem 2025 - Month 1
EV01098,RA231103000047,RA241102700215,Project Team,1,Even Sem 2026 - Month 2
EV01099,RA231103000047,RA241105600185,Technical Club,1,Even Sem 2026 - Month 1
EV01100,RA231103000047,RA251102900290,Peer Study,1,Odd Sem 2025 - Midterm
EV01101,RA231103000047,RA251105600335,Lab Collaboration,2,Odd Sem 2025 - Midterm
EV01102,RA231103000054,RA231103000103,Lab Collaboration,1,Odd Sem 2025 - Month 2
EV01103,RA231103000054,RA231105400048,Technical Club,2,Even Sem 2026 - Month 1
EV01104,RA231103000054,RA231105400090,Technical Club,1,Odd Sem 2025 - Midterm
EV01105,RA231103000054,RA241105400198,Technical Club,1,Odd Sem 2025 - Midterm
EV01106,RA231103000054,RA241105400240,Peer Study,1,Even Sem 2026 - Month 1
EV01107,RA231103000054,RA251102700288,Hackathon Team,2,Odd Sem 2025 - Month 1
EV01108,RA231103000054,RA251102800366,Technical Club,1,Odd Sem 2025 - Midterm
EV01109,RA231103000054,RA261100300444,Project Team,2,Odd Sem 2025 - Midterm
EV01110,RA231103000054,RA261102800397,Peer Study,2,Odd Sem 2025 - Month 1
EV01111,RA231103000054,RA261102900468,Peer Study,1,Even Sem 2026 - Finals
EV01112,RA231103000054,RA261103000420,Peer Study,1,Odd Sem 2025 - Midterm
EV01113,RA231103000054,RA261105400414,Technical Club,1,Odd Sem 2025 - Month 2
EV01114,RA231103000061,RA231105400055,Lab Collaboration,1,Odd Sem 2025 - Month 4
EV01115,RA231103000061,RA241102700145,Project Team,1,Odd Sem 2025 - Month 1
EV01116,RA231103000061,RA251102800345,Technical Club,4,Even Sem 2026 - Month 2
EV01117,RA231103000061,RA251105600307,Project Team,1,Even Sem 2026 - Month 1
EV01118,RA231103000061,RA261100300409,Hackathon Team,1,Odd Sem 2025 - Midterm
EV01119,RA231103000061,RA261100300444,Project Team,1,Even Sem 2026 - Month 1
EV01120,RA231103000061,RA261102700494,Hackathon Team,2,Even Sem 2026 - Finals
EV01121,RA231103000061,RA261105400407,Project Team,1,Odd Sem 2025 - Month 4
EV01122,RA231103000068,RA231105400062,Project Team,1,Odd Sem 2025 - Midterm
EV01123,RA231103000068,RA231105600014,Project Team,1,Even Sem 2026 - Month 2
EV01124,RA231103000068,RA231105600063,Project Team,2,Even Sem 2026 - Month 2
EV01125,RA231103000068,RA231105600098,Peer Study,3,Odd Sem 2025 - Month 2
EV01126,RA231103000068,RA241102700152,Project Team,1,Even Sem 2026 - Month 1
EV01127,RA231103000068,RA241102800188,Peer Study,2,Even Sem 2026 - Finals
EV01128,RA231103000068,RA241102800202,Lab Collaboration,2,Even Sem 2026 - Month 1
EV01129,RA231103000068,RA241102800230,Lab Collaboration,2,Odd Sem 2025 - Midterm
EV01130,RA231103000068,RA241105400128,Technical Club,1,Odd Sem 2025 - Month 2
EV01131,RA231103000068,RA241105600164,Project Team,3,Odd Sem 2025 - Month 4
EV01132,RA231103000068,RA251102700302,Project Team,2,Odd Sem 2025 - Month 2
EV01133,RA231103000068,RA261102900440,Peer Study,2,Odd Sem 2025 - Month 1
EV01134,RA231103000068,RA261105400428,Peer Study,1,Odd Sem 2025 - Midterm
EV01135,RA231103000068,RA261105600380,Lab Collaboration,3,Odd Sem 2025 - Midterm
EV01136,RA231103000075,RA231105400069,Peer Study,1,Odd Sem 2025 - Month 2
EV01137,RA231103000075,RA241102800153,Project Team,2,Even Sem 2026 - Month 2
EV01138,RA231103000075,RA251102800261,Peer Study,3,Odd Sem 2025 - Month 1
EV01139,RA231103000075,RA251103000333,Lab Collaboration,1,Even Sem 2026 - Finals
EV01140,RA231103000075,RA261100300465,Lab Collaboration,1,Odd Sem 2025 - Midterm
EV01141,RA231103000075,RA261102700403,Technical Club,1,Odd Sem 2025 - Month 1
EV01142,RA231103000075,RA261105400393,Project Team,1,Odd Sem 2025 - Month 1
EV01143,RA231103000075,RA261105600387,Project Team,1,Odd Sem 2025 - Month 1
EV01144,RA231103000075,RA261105600429,Technical Club,1,Even Sem 2026 - Month 2
EV01145,RA231103000075,RA261105600485,Technical Club,1,Even Sem 2026 - Month 2
EV01146,RA231103000082,RA231105400076,Project Team,2,Odd Sem 2025 - Month 4
EV01147,RA231103000082,RA241102700208,Hackathon Team,1,Even Sem 2026 - Month 1
EV01148,RA231103000082,RA241102700250,Technical Club,2,Odd Sem 2025 - Month 2
EV01149,RA231103000082,RA241105400226,Technical Club,1,Even Sem 2026 - Month 1
EV01150,RA231103000082,RA251100300322,Project Team,1,Even Sem 2026 - Finals
EV01151,RA231103000082,RA251102900304,Hackathon Team,1,Odd Sem 2025 - Month 1
EV01152,RA231103000089,RA231105400083,Peer Study,2,Odd Sem 2025 - Month 4
EV01153,RA231103000089,RA231105600077,Project Team,1,Odd Sem 2025 - Month 1
EV01154,RA231103000089,RA241102900161,Peer Study,2,Odd Sem 2025 - Midterm
EV01155,RA231103000089,RA251100300329,Peer Study,1,Odd Sem 2025 - Month 4
EV01156,RA231103000089,RA251102800317,Lab Collaboration,3,Even Sem 2026 - Month 1
EV01157,RA231103000089,RA251102900311,Lab Collaboration,1,Odd Sem 2025 - Month 4
EV01158,RA231103000089,RA261102700396,Lab Collaboration,1,Odd Sem 2025 - Month 4
EV01159,RA231103000089,RA261103000378,Technical Club,2,Odd Sem 2025 - Month 1
EV01160,RA231103000089,RA261105600401,Project Team,1,Odd Sem 2025 - Month 2
EV01161,RA231103000096,RA231105400048,Lab Collaboration,1,Odd Sem 2025 - Month 4
EV01162,RA231103000096,RA231105400090,Project Team,1,Even Sem 2026 - Finals
EV01163,RA231103000096,RA241102800216,Technical Club,3,Even Sem 2026 - Month 2
EV01164,RA231103000096,RA241102800230,Lab Collaboration,2,Even Sem 2026 - Finals
EV01165,RA231103000096,RA241102900168,Peer Study,2,Even Sem 2026 - Month 2
EV01166,RA231103000096,RA241105400240,Technical Club,1,Odd Sem 2025 - Month 1
EV01167,RA231103000096,RA251102700372,Peer Study,1,Even Sem 2026 - Month 1
EV01168,RA231103000096,RA251103000354,Technical Club,1,Even Sem 2026 - Month 2
EV01169,RA231103000096,RA251105400264,Lab Collaboration,1,Even Sem 2026 - Month 2
EV01170,RA231103000096,RA261102700438,Peer Study,1,Odd Sem 2025 - Month 2
EV01171,RA231103000096,RA261105400400,Project Team,3,Odd Sem 2025 - Midterm
EV01172,RA231103000096,RA261105400456,Peer Study,1,Even Sem 2026 - Finals
EV01173,RA231103000103,RA231105400097,Lab Collaboration,3,Even Sem 2026 - Month 1
EV01174,RA231103000103,RA241102700145,Hackathon Team,1,Odd Sem 2025 - Midterm
EV01175,RA231103000103,RA241102800139,Lab Collaboration,2,Even Sem 2026 - Finals
EV01176,RA231103000103,RA241102900238,Lab Collaboration,1,Even Sem 2026 - Finals
EV01177,RA231103000103,RA241105600199,Lab Collaboration,1,Even Sem 2026 - Finals
EV01178,RA231103000103,RA251100300343,Project Team,1,Odd Sem 2025 - Month 1
EV01179,RA231103000103,RA251102900283,Lab Collaboration,1,Even Sem 2026 - Month 2
EV01180,RA231103000103,RA251105600335,Technical Club,1,Even Sem 2026 - Finals
EV01181,RA231103000103,RA261102700445,Hackathon Team,1,Odd Sem 2025 - Month 1
EV01182,RA231103000103,RA261103000469,Project Team,1,Odd Sem 2025 - Midterm
EV01183,RA231103000103,RA261105400421,Project Team,1,Even Sem 2026 - Month 1
EV01184,RA231103000103,RA261105600415,Peer Study,1,Odd Sem 2025 - Midterm
EV01185,RA231103000103,RA261105600457,Peer Study,2,Odd Sem 2025 - Month 4
EV01186,RA231103000110,RA231105400104,Technical Club,1,Even Sem 2026 - Finals
EV01187,RA231103000110,RA241102800174,Hackathon Team,1,Even Sem 2026 - Month 1
EV01188,RA231103000110,RA251105400292,Lab Collaboration,4,Odd Sem 2025 - Month 1
EV01189,RA231103000110,RA251105600314,Project Team,1,Odd Sem 2025 - Month 2
EV01190,RA231103000110,RA261102800488,Lab Collaboration,2,Odd Sem 2025 - Month 2
EV01191,RA231103000110,RA261102900384,Technical Club,1,Even Sem 2026 - Month 1
EV01192,RA231103000110,RA261103000385,Project Team,1,Odd Sem 2025 - Month 2
EV01193,RA231103000110,RA261105400400,Lab Collaboration,3,Even Sem 2026 - Month 1
EV01194,RA231103000110,RA261105600422,Technical Club,1,Even Sem 2026 - Month 2
EV01195,RA231103000110,RA261105600464,Peer Study,1,Odd Sem 2025 - Midterm
EV01196,RA231103000117,RA231105400069,Lab Collaboration,2,Even Sem 2026 - Month 2
EV01197,RA231103000117,RA231105400111,Lab Collaboration,1,Odd Sem 2025 - Midterm
EV01198,RA231103000117,RA241102700243,Lab Collaboration,1,Even Sem 2026 - Finals
EV01199,RA231103000117,RA241103000225,Hackathon Team,2,Even Sem 2026 - Month 2
EV01200,RA231103000117,RA241105400219,Peer Study,1,Odd Sem 2025 - Midterm
EV01201,RA231103000117,RA241105600192,Project Team,1,Even Sem 2026 - Month 1
EV01202,RA231103000117,RA251102800345,Project Team,1,Even Sem 2026 - Month 2
EV01203,RA231103000117,RA251102900297,Project Team,1,Even Sem 2026 - Month 2
EV01204,RA231103000117,RA261102800411,Project Team,1,Odd Sem 2025 - Month 1
EV01205,RA231103000117,RA261102800495,Technical Club,2,Odd Sem 2025 - Month 2
EV01206,RA231103000117,RA261105400393,Hackathon Team,1,Even Sem 2026 - Finals
EV01207,RA231103000117,RA261105600464,Peer Study,2,Odd Sem 2025 - Month 2
EV01208,RA231103000124,RA231105400118,Hackathon Team,1,Even Sem 2026 - Month 1
EV01209,RA231103000124,RA241100300130,Technical Club,1,Odd Sem 2025 - Midterm
EV01210,RA231103000124,RA241100300172,Lab Collaboration,1,Odd Sem 2025 - Month 1
EV01211,RA231103000124,RA251100300322,Peer Study,1,Odd Sem 2025 - Month 2
EV01212,RA231103000124,RA251103000298,Hackathon Team,1,Odd Sem 2025 - Month 2
EV01213,RA231103000124,RA251105400292,Hackathon Team,3,Even Sem 2026 - Finals
EV01214,RA231103000124,RA251105600286,Hackathon Team,3,Even Sem 2026 - Month 2
EV01215,RA231103000124,RA261102700382,Peer Study,3,Odd Sem 2025 - Month 2
EV01216,RA231103000124,RA261102700424,Technical Club,2,Odd Sem 2025 - Midterm
EV01217,RA231103000124,RA261102800376,Peer Study,1,Odd Sem 2025 - Month 4
EV01218,RA231103000124,RA261105400400,Lab Collaboration,2,Even Sem 2026 - Month 1
EV01219,RA231105400006,RA241100300144,Peer Study,1,Even Sem 2026 - Month 1
EV01220,RA231105400006,RA241102900126,Peer Study,1,Odd Sem 2025 - Month 4
EV01221,RA231105400006,RA241103000162,Technical Club,1,Odd Sem 2025 - Month 4
EV01222,RA231105400006,RA241105600150,Technical Club,1,Odd Sem 2025 - Midterm
EV01223,RA231105400006,RA251100300252,Technical Club,1,Even Sem 2026 - Month 1
EV01224,RA231105400006,RA251105400264,Lab Collaboration,1,Odd Sem 2025 - Midterm
EV01225,RA231105400006,RA261100300486,Project Team,2,Odd Sem 2025 - Midterm
EV01226,RA231105400006,RA261102800390,Hackathon Team,1,Odd Sem 2025 - Midterm
EV01227,RA231105400006,RA261105600492,Lab Collaboration,1,Even Sem 2026 - Month 1
EV01228,RA231105400020,RA231105600014,Technical Club,4,Odd Sem 2025 - Month 2
EV01229,RA231105400020,RA241100300193,Lab Collaboration,1,Even Sem 2026 - Finals
EV01230,RA231105400020,RA241100300242,Project Team,1,Odd Sem 2025 - Month 2
EV01231,RA231105400020,RA241102700152,Technical Club,1,Odd Sem 2025 - Month 1
EV01232,RA231105400020,RA241102800160,Project Team,1,Even Sem 2026 - Finals
EV01233,RA231105400020,RA241102900182,Technical Club,1,Even Sem 2026 - Month 1
EV01234,RA231105400020,RA241102900224,Peer Study,1,Odd Sem 2025 - Month 4
EV01235,RA231105400020,RA241102900245,Technical Club,1,Odd Sem 2025 - Month 1
EV01236,RA231105400020,RA251100300252,Technical Club,3,Even Sem 2026 - Finals
EV01237,RA231105400020,RA251102700316,Project Team,2,Even Sem 2026 - Month 1
EV01238,RA231105400020,RA251103000326,Hackathon Team,1,Odd Sem 2025 - Month 4
EV01239,RA231105400020,RA261100300416,Lab Collaboration,1,Odd Sem 2025 - Month 2
EV01240,RA231105400020,RA261100300423,Lab Collaboration,3,Odd Sem 2025 - Month 2
EV01241,RA231105400020,RA261102800446,Project Team,2,Odd Sem 2025 - Month 2
EV01242,RA231105400020,RA261103000441,Project Team,3,Odd Sem 2025 - Month 4
EV01243,RA231105400020,RA261105400428,Project Team,1,Even Sem 2026 - Month 2
EV01244,RA231105400020,RA261105600422,Peer Study,1,Odd Sem 2025 - Month 2
EV01245,RA231105400027,RA231105600021,Project Team,1,Odd Sem 2025 - Midterm
EV01246,RA231105400027,RA241100300165,Project Team,1,Even Sem 2026 - Month 2
EV01247,RA231105400027,RA241102700159,Project Team,1,Odd Sem 2025 - Month 2
EV01248,RA231105400027,RA241102900189,Peer Study,1,Even Sem 2026 - Month 2
EV01249,RA231105400027,RA241105400184,Lab Collaboration,2,Odd Sem 2025 - Month 4
EV01250,RA231105400027,RA251100300315,Technical Club,1,Even Sem 2026 - Month 1
EV01251,RA231105400027,RA251100300329,Project Team,1,Even Sem 2026 - Month 2
EV01252,RA231105400027,RA251100300357,Lab Collaboration,1,Odd Sem 2025 - Month 2
EV01253,RA231105400027,RA251102900255,Hackathon Team,1,Odd Sem 2025 - Month 4
EV01254,RA231105400027,RA251102900297,Lab Collaboration,2,Even Sem 2026 - Month 1
EV01255,RA231105400027,RA251102900339,Project Team,1,Odd Sem 2025 - Midterm
EV01256,RA231105400027,RA251105400285,Lab Collaboration,2,Odd Sem 2025 - Month 2
EV01257,RA231105400027,RA251105600335,Peer Study,1,Even Sem 2026 - Month 2
EV01258,RA231105400027,RA261100300458,Peer Study,1,Even Sem 2026 - Finals
EV01259,RA231105400027,RA261102700459,Project Team,2,Odd Sem 2025 - Month 4
EV01260,RA231105400027,RA261102800453,Technical Club,1,Even Sem 2026 - Month 2
EV01261,RA231105400027,RA261102800495,Lab Collaboration,1,Even Sem 2026 - Finals
EV01262,RA231105400027,RA261103000441,Peer Study,5,Even Sem 2026 - Finals
EV01263,RA231105400034,RA231105600028,Technical Club,1,Odd Sem 2025 - Midterm
EV01264,RA231105400034,RA241100300172,Peer Study,1,Odd Sem 2025 - Month 1
EV01265,RA231105400034,RA241100300214,Technical Club,3,Odd Sem 2025 - Month 1
EV01266,RA231105400034,RA241102900196,Peer Study,2,Odd Sem 2025 - Month 2
EV01267,RA231105400034,RA241103000148,Lab Collaboration,2,Odd Sem 2025 - Month 1
EV01268,RA231105400034,RA241105400205,Technical Club,2,Even Sem 2026 - Month 1
EV01269,RA231105400034,RA251100300322,Peer Study,1,Odd Sem 2025 - Month 2
EV01270,RA231105400034,RA251100300364,Lab Collaboration,1,Odd Sem 2025 - Month 1
EV01271,RA231105400034,RA251102700316,Peer Study,2,Odd Sem 2025 - Midterm
EV01272,RA231105400034,RA251105400292,Technical Club,4,Odd Sem 2025 - Month 1
EV01273,RA231105400034,RA251105600356,Technical Club,2,Odd Sem 2025 - Month 4
EV01274,RA231105400034,RA251105600370,Lab Collaboration,2,Odd Sem 2025 - Month 1
EV01275,RA231105400034,RA261102700466,Project Team,1,Odd Sem 2025 - Month 2
EV01276,RA231105400034,RA261102800460,Technical Club,2,Even Sem 2026 - Finals
EV01277,RA231105400034,RA261102900377,Peer Study,1,Odd Sem 2025 - Month 1
EV01278,RA231105400041,RA231105400083,Peer Study,1,Even Sem 2026 - Finals
EV01279,RA231105400041,RA231105600035,Hackathon Team,1,Odd Sem 2025 - Month 2
EV01280,RA231105400041,RA241102700173,Hackathon Team,1,Even Sem 2026 - Finals
EV01281,RA231105400041,RA241102800195,Hackathon Team,1,Odd Sem 2025 - Month 4
EV01282,RA231105400041,RA251100300287,Lab Collaboration,2,Odd Sem 2025 - Month 4
EV01283,RA231105400041,RA251100300329,Project Team,2,Even Sem 2026 - Month 1
EV01284,RA231105400041,RA251105600251,Project Team,1,Odd Sem 2025 - Month 4
EV01285,RA231105400041,RA251105600293,Technical Club,1,Odd Sem 2025 - Month 2
EV01286,RA231105400041,RA261102800432,Project Team,1,Even Sem 2026 - Month 2
EV01287,RA231105400041,RA261102800446,Peer Study,3,Odd Sem 2025 - Month 1
EV01288,RA231105400041,RA261102900377,Technical Club,2,Even Sem 2026 - Finals
EV01289,RA231105400041,RA261102900461,Peer Study,2,Odd Sem 2025 - Midterm
EV01290,RA231105400041,RA261105600408,Technical Club,1,Even Sem 2026 - Month 1
EV01291,RA231105400048,RA231105600042,Peer Study,1,Odd Sem 2025 - Month 2
EV01292,RA231105400048,RA251100300336,Peer Study,1,Odd Sem 2025 - Month 4
EV01293,RA231105400048,RA251105600258,Lab Collaboration,1,Odd Sem 2025 - Month 2
EV01294,RA231105400048,RA261102800390,Hackathon Team,2,Even Sem 2026 - Finals
EV01295,RA231105400048,RA261102800432,Project Team,2,Odd Sem 2025 - Month 4
EV01296,RA231105400048,RA261105400414,Project Team,2,Odd Sem 2025 - Midterm
EV01297,RA231105400055,RA231105600049,Hackathon Team,1,Odd Sem 2025 - Midterm
EV01298,RA231105400055,RA241102800181,Hackathon Team,1,Even Sem 2026 - Month 2
EV01299,RA231105400055,RA241102800202,Peer Study,2,Even Sem 2026 - Month 1
EV01300,RA231105400055,RA241102800230,Technical Club,3,Odd Sem 2025 - Midterm
EV01301,RA231105400055,RA241105600199,Peer Study,1,Odd Sem 2025 - Midterm
EV01302,RA231105400055,RA251102700295,Peer Study,1,Odd Sem 2025 - Month 1
EV01303,RA231105400055,RA251102900325,Hackathon Team,3,Odd Sem 2025 - Midterm
EV01304,RA231105400055,RA251105400348,Peer Study,1,Even Sem 2026 - Finals
EV01305,RA231105400055,RA261103000385,Technical Club,2,Odd Sem 2025 - Month 2
EV01306,RA231105400055,RA261103000469,Hackathon Team,1,Even Sem 2026 - Month 1
EV01307,RA231105400062,RA231105600056,Lab Collaboration,1,Even Sem 2026 - Month 2
EV01308,RA231105400062,RA241102700194,Project Team,1,Even Sem 2026 - Month 1
EV01309,RA231105400062,RA241103000218,Technical Club,1,Odd Sem 2025 - Month 4
EV01310,RA231105400062,RA251105600272,Project Team,1,Odd Sem 2025 - Month 4
EV01311,RA231105400062,RA251105600356,Hackathon Team,2,Odd Sem 2025 - Midterm
EV01312,RA231105400062,RA261102700452,Lab Collaboration,1,Odd Sem 2025 - Month 1
EV01313,RA231105400062,RA261102900440,Lab Collaboration,3,Even Sem 2026 - Finals
EV01314,RA231105400069,RA231105600063,Project Team,1,Odd Sem 2025 - Midterm
EV01315,RA231105400069,RA241102800181,Hackathon Team,3,Odd Sem 2025 - Month 1
EV01316,RA231105400069,RA241102900231,Technical Club,1,Even Sem 2026 - Finals
EV01317,RA231105400069,RA241105400177,Project Team,1,Odd Sem 2025 - Month 1
EV01318,RA231105400069,RA251100300315,Peer Study,2,Even Sem 2026 - Month 1
EV01319,RA231105400069,RA251102700316,Technical Club,3,Odd Sem 2025 - Midterm
EV01320,RA231105400069,RA251102800345,Technical Club,1,Odd Sem 2025 - Month 2
EV01321,RA231105400069,RA251102900297,Lab Collaboration,2,Odd Sem 2025 - Midterm
EV01322,RA231105400069,RA261105400393,Technical Club,1,Odd Sem 2025 - Month 2
EV01323,RA231105400069,RA261105400435,Lab Collaboration,1,Even Sem 2026 - Month 1
EV01324,RA231105400069,RA261105600387,Project Team,2,Even Sem 2026 - Month 1
EV01325,RA231105400076,RA231105600070,Hackathon Team,1,Odd Sem 2025 - Month 2
EV01326,RA231105400076,RA241100300130,Lab Collaboration,1,Even Sem 2026 - Finals
EV01327,RA231105400076,RA241100300193,Technical Club,1,Odd Sem 2025 - Month 2
EV01328,RA231105400076,RA241100300214,Hackathon Team,1,Even Sem 2026 - Month 2
EV01329,RA231105400076,RA241102700166,Lab Collaboration,1,Odd Sem 2025 - Month 1
EV01330,RA231105400076,RA241102800244,Lab Collaboration,1,Even Sem 2026 - Month 1
EV01331,RA231105400076,RA261100300430,Lab Collaboration,3,Odd Sem 2025 - Month 4
EV01332,RA231105400076,RA261102700466,Peer Study,3,Even Sem 2026 - Month 1
EV01333,RA231105400076,RA261103000490,Technical Club,1,Even Sem 2026 - Month 1
EV01334,RA231105400076,RA261105600436,Lab Collaboration,1,Odd Sem 2025 - Month 4
EV01335,RA231105400076,RA261105600464,Lab Collaboration,1,Odd Sem 2025 - Month 4
EV01336,RA231105400083,RA231105600077,Project Team,2,Odd Sem 2025 - Midterm
EV01337,RA231105400083,RA241102800230,Hackathon Team,4,Even Sem 2026 - Finals
EV01338,RA231105400083,RA241105600143,Hackathon Team,3,Odd Sem 2025 - Month 4
EV01339,RA231105400083,RA251100300329,Project Team,1,Odd Sem 2025 - Month 1
EV01340,RA231105400083,RA251100300371,Project Team,1,Odd Sem 2025 - Month 1
EV01341,RA231105400083,RA251103000263,Project Team,1,Odd Sem 2025 - Month 1
EV01342,RA231105400083,RA251103000375,Project Team,1,Odd Sem 2025 - Midterm
EV01343,RA231105400083,RA251105400257,Hackathon Team,1,Odd Sem 2025 - Month 2
EV01344,RA231105400083,RA251105600251,Technical Club,1,Odd Sem 2025 - Month 1
EV01345,RA231105400083,RA261100300437,Hackathon Team,3,Odd Sem 2025 - Midterm
EV01346,RA231105400083,RA261102800383,Hackathon Team,1,Odd Sem 2025 - Month 1
EV01347,RA231105400083,RA261103000455,Peer Study,1,Even Sem 2026 - Finals
EV01348,RA231105400083,RA261103000497,Hackathon Team,1,Even Sem 2026 - Month 2
EV01349,RA231105400083,RA261105600401,Hackathon Team,1,Odd Sem 2025 - Month 1
EV01350,RA231105400090,RA231105600084,Project Team,2,Even Sem 2026 - Finals
EV01351,RA231105400090,RA241102700138,Peer Study,3,Odd Sem 2025 - Month 1
EV01352,RA231105400090,RA251100300252,Peer Study,1,Even Sem 2026 - Month 2
EV01353,RA231105400090,RA251103000270,Project Team,3,Odd Sem 2025 - Month 2
EV01354,RA231105400090,RA251105400306,Hackathon Team,2,Odd Sem 2025 - Month 2
EV01355,RA231105400090,RA261102700431,Hackathon Team,1,Odd Sem 2025 - Midterm
EV01356,RA231105400090,RA261102900384,Lab Collaboration,2,Odd Sem 2025 - Month 2
EV01357,RA231105400090,RA261105600408,Hackathon Team,1,Even Sem 2026 - Month 2
EV01358,RA231105400090,RA261105600450,Technical Club,2,Even Sem 2026 - Month 1
EV01359,RA231105400097,RA231105600091,Hackathon Team,1,Odd Sem 2025 - Month 1
EV01360,RA231105400097,RA241100300235,Project Team,2,Even Sem 2026 - Month 1
EV01361,RA231105400097,RA241102900217,Project Team,3,Odd Sem 2025 - Month 2
EV01362,RA231105400097,RA251100300259,Peer Study,1,Even Sem 2026 - Finals
EV01363,RA231105400097,RA251102700253,Project Team,1,Odd Sem 2025 - Month 1
EV01364,RA231105400097,RA251102700295,Hackathon Team,1,Odd Sem 2025 - Month 2
EV01365,RA231105400097,RA251103000277,Hackathon Team,1,Even Sem 2026 - Month 2
EV01366,RA231105400097,RA251105600349,Technical Club,2,Odd Sem 2025 - Month 2
EV01367,RA231105400097,RA261100300493,Lab Collaboration,1,Odd Sem 2025 - Month 2
EV01368,RA231105400097,RA261102700445,Hackathon Team,1,Even Sem 2026 - Finals
EV01369,RA231105400097,RA261105600499,Hackathon Team,1,Odd Sem 2025 - Midterm
EV01370,RA231105400104,RA231105600098,Technical Club,1,Even Sem 2026 - Finals
EV01371,RA231105400104,RA241100300242,Lab Collaboration,1,Odd Sem 2025 - Month 1
EV01372,RA231105400104,RA241105400142,Project Team,2,Odd Sem 2025 - Midterm
EV01373,RA231105400104,RA251100300266,Peer Study,1,Even Sem 2026 - Finals
EV01374,RA231105400104,RA251102800338,Peer Study,1,Odd Sem 2025 - Month 2
EV01375,RA231105400104,RA251102900374,Hackathon Team,1,Odd Sem 2025 - Midterm
EV01376,RA231105400104,RA251105600356,Lab Collaboration,4,Odd Sem 2025 - Month 4
EV01377,RA231105400104,RA261100300395,Hackathon Team,6,Odd Sem 2025 - Month 4
EV01378,RA231105400104,RA261100300423,Peer Study,2,Odd Sem 2025 - Month 4
EV01379,RA231105400104,RA261100300458,Project Team,1,Odd Sem 2025 - Midterm
EV01380,RA231105400111,RA231105600105,Project Team,2,Odd Sem 2025 - Midterm
EV01381,RA231105400111,RA241100300249,Hackathon Team,1,Odd Sem 2025 - Month 1
EV01382,RA231105400111,RA241102700187,Hackathon Team,1,Even Sem 2026 - Finals
EV01383,RA231105400111,RA241105400135,Hackathon Team,2,Even Sem 2026 - Month 1
EV01384,RA231105400111,RA251102700267,Peer Study,1,Odd Sem 2025 - Month 4
EV01385,RA231105400111,RA251102900367,Lab Collaboration,1,Even Sem 2026 - Month 1
EV01386,RA231105400111,RA251103000375,Peer Study,1,Even Sem 2026 - Month 2
EV01387,RA231105400111,RA261100300437,Technical Club,3,Odd Sem 2025 - Month 1
EV01388,RA231105400111,RA261102800411,Project Team,1,Even Sem 2026 - Finals
EV01389,RA231105400111,RA261103000483,Technical Club,1,Odd Sem 2025 - Midterm
EV01390,RA231105400118,RA231105600063,Project Team,1,Even Sem 2026 - Month 2
EV01391,RA231105400118,RA231105600112,Peer Study,2,Odd Sem 2025 - Month 1
EV01392,RA231105400118,RA241102900189,Technical Club,1,Even Sem 2026 - Month 1
EV01393,RA231105400118,RA251102700274,Technical Club,1,Odd Sem 2025 - Midterm
EV01394,RA231105400118,RA251102800268,Lab Collaboration,1,Even Sem 2026 - Month 2
EV01395,RA231105400118,RA251102800310,Project Team,1,Even Sem 2026 - Month 1
EV01396,RA231105400118,RA261100300423,Peer Study,3,Odd Sem 2025 - Month 1
EV01397,RA231105400125,RA231105600119,Peer Study,2,Even Sem 2026 - Finals
EV01398,RA231105400125,RA241100300186,Technical Club,1,Odd Sem 2025 - Month 2
EV01399,RA231105400125,RA241102700131,Peer Study,1,Odd Sem 2025 - Month 1
EV01400,RA231105400125,RA241102800167,Hackathon Team,1,Even Sem 2026 - Finals
EV01401,RA231105400125,RA241105400233,Peer Study,2,Odd Sem 2025 - Midterm
EV01402,RA231105400125,RA261102800446,Peer Study,2,Even Sem 2026 - Month 2
EV01403,RA231105400125,RA261103000413,Project Team,1,Even Sem 2026 - Finals
EV01404,RA231105600007,RA231105600049,Lab Collaboration,1,Odd Sem 2025 - Month 2
EV01405,RA231105600007,RA241102800139,Project Team,2,Odd Sem 2025 - Midterm
EV01406,RA231105600007,RA241102900217,Hackathon Team,1,Odd Sem 2025 - Month 1
EV01407,RA231105600007,RA241105400142,Lab Collaboration,3,Even Sem 2026 - Month 2
EV01408,RA231105600007,RA251102900325,Hackathon Team,3,Even Sem 2026 - Month 2
EV01409,RA231105600007,RA251105400271,Hackathon Team,2,Odd Sem 2025 - Month 1
EV01410,RA231105600007,RA251105400320,Project Team,1,Odd Sem 2025 - Midterm
EV01411,RA231105600007,RA251105400355,Technical Club,2,Odd Sem 2025 - Month 1
EV01412,RA231105600007,RA261102700382,Lab Collaboration,3,Even Sem 2026 - Month 1
EV01413,RA231105600007,RA261102800481,Technical Club,2,Even Sem 2026 - Month 1
EV01414,RA231105600007,RA261103000427,Hackathon Team,1,Odd Sem 2025 - Midterm
EV01415,RA231105600007,RA261105600499,Lab Collaboration,1,Even Sem 2026 - Month 1
EV01416,RA231105600014,RA241102700194,Project Team,1,Even Sem 2026 - Month 2
EV01417,RA231105600014,RA241102900224,Lab Collaboration,1,Even Sem 2026 - Month 2
EV01418,RA231105600014,RA251105600356,Project Team,3,Even Sem 2026 - Finals
EV01419,RA231105600014,RA261100300500,Lab Collaboration,1,Odd Sem 2025 - Midterm
EV01420,RA231105600014,RA261102800467,Project Team,1,Even Sem 2026 - Month 1
EV01421,RA231105600014,RA261105600380,Hackathon Team,1,Odd Sem 2025 - Midterm
EV01422,RA231105600021,RA241100300207,Project Team,2,Odd Sem 2025 - Month 2
EV01423,RA231105600021,RA241102900147,Peer Study,1,Odd Sem 2025 - Month 1
EV01424,RA231105600021,RA241102900231,Peer Study,1,Even Sem 2026 - Month 1
EV01425,RA231105600021,RA241105400135,Project Team,1,Odd Sem 2025 - Month 2
EV01426,RA231105600021,RA251102900297,Technical Club,2,Odd Sem 2025 - Month 2
EV01427,RA231105600021,RA251102900325,Lab Collaboration,3,Even Sem 2026 - Finals
EV01428,RA231105600021,RA251105400292,Project Team,5,Odd Sem 2025 - Month 1
EV01429,RA231105600021,RA251105600363,Hackathon Team,2,Even Sem 2026 - Finals
EV01430,RA231105600021,RA261100300437,Hackathon Team,2,Odd Sem 2025 - Month 4
EV01431,RA231105600021,RA261102800495,Technical Club,4,Odd Sem 2025 - Midterm
EV01432,RA231105600021,RA261102900447,Technical Club,1,Even Sem 2026 - Month 1
EV01433,RA231105600021,RA261103000483,Hackathon Team,1,Even Sem 2026 - Month 2
EV01434,RA231105600021,RA261105600471,Project Team,1,Even Sem 2026 - Month 2
EV01435,RA231105600028,RA241103000232,Project Team,1,Odd Sem 2025 - Month 2
EV01436,RA231105600028,RA251100300364,Peer Study,1,Odd Sem 2025 - Month 1
EV01437,RA231105600028,RA251102800352,Peer Study,1,Even Sem 2026 - Finals
EV01438,RA231105600028,RA251102900262,Technical Club,1,Odd Sem 2025 - Month 4
EV01439,RA231105600028,RA251103000326,Project Team,1,Odd Sem 2025 - Month 2
EV01440,RA231105600028,RA261100300472,Project Team,1,Even Sem 2026 - Month 1
EV01441,RA231105600028,RA261105400484,Project Team,1,Even Sem 2026 - Month 1
EV01442,RA231105600035,RA231105600077,Peer Study,1,Odd Sem 2025 - Midterm
EV01443,RA231105600035,RA241102800202,Project Team,4,Odd Sem 2025 - Month 4
EV01444,RA231105600035,RA241102800209,Peer Study,1,Odd Sem 2025 - Month 4
EV01445,RA231105600035,RA241102900161,Peer Study,1,Even Sem 2026 - Finals
EV01446,RA231105600035,RA241105400184,Technical Club,3,Odd Sem 2025 - Midterm
EV01447,RA231105600035,RA241105600143,Hackathon Team,1,Odd Sem 2025 - Midterm
EV01448,RA231105600035,RA251100300329,Hackathon Team,1,Odd Sem 2025 - Month 2
EV01449,RA231105600035,RA251102800324,Technical Club,2,Even Sem 2026 - Month 2
EV01450,RA231105600035,RA261102800383,Peer Study,1,Even Sem 2026 - Finals
EV01451,RA231105600035,RA261102900377,Hackathon Team,2,Odd Sem 2025 - Midterm
EV01452,RA231105600035,RA261102900461,Project Team,1,Even Sem 2026 - Month 2
EV01453,RA231105600042,RA241102900210,Technical Club,1,Even Sem 2026 - Month 1
EV01454,RA231105600042,RA241105400198,Project Team,1,Odd Sem 2025 - Midterm
EV01455,RA231105600042,RA241105600234,Lab Collaboration,3,Odd Sem 2025 - Month 1
EV01456,RA231105600042,RA251100300294,Technical Club,1,Odd Sem 2025 - Month 2
EV01457,RA231105600042,RA251102800282,Technical Club,1,Odd Sem 2025 - Midterm
EV01458,RA231105600042,RA251102800324,Technical Club,1,Odd Sem 2025 - Month 4
EV01459,RA231105600042,RA251105600342,Lab Collaboration,1,Odd Sem 2025 - Month 1
EV01460,RA231105600042,RA261102700382,Technical Club,2,Even Sem 2026 - Finals
EV01461,RA231105600042,RA261102700438,Technical Club,2,Odd Sem 2025 - Month 4
EV01462,RA231105600042,RA261103000378,Peer Study,2,Odd Sem 2025 - Month 2
EV01463,RA231105600042,RA261103000385,Peer Study,1,Even Sem 2026 - Finals
EV01464,RA231105600049,RA241102900175,Hackathon Team,1,Odd Sem 2025 - Month 4
EV01465,RA231105600049,RA251100300322,Lab Collaboration,2,Even Sem 2026 - Month 1
EV01466,RA231105600049,RA251102700253,Peer Study,1,Even Sem 2026 - Finals
EV01467,RA231105600049,RA251102800352,Project Team,1,Odd Sem 2025 - Month 1
EV01468,RA231105600049,RA251102900283,Hackathon Team,1,Even Sem 2026 - Month 2
EV01469,RA231105600049,RA251103000319,Peer Study,1,Odd Sem 2025 - Month 4
EV01470,RA231105600049,RA261102700445,Project Team,1,Odd Sem 2025 - Midterm
EV01471,RA231105600049,RA261103000441,Technical Club,4,Odd Sem 2025 - Month 2
EV01472,RA231105600056,RA241100300200,Hackathon Team,1,Odd Sem 2025 - Midterm
EV01473,RA231105600056,RA241102900126,Technical Club,1,Odd Sem 2025 - Midterm
EV01474,RA231105600056,RA241105400170,Hackathon Team,1,Even Sem 2026 - Month 1
EV01475,RA231105600056,RA251100300266,Technical Club,1,Odd Sem 2025 - Month 2
EV01476,RA231105600056,RA251102700302,Lab Collaboration,1,Odd Sem 2025 - Midterm
EV01477,RA231105600056,RA251102700316,Peer Study,4,Odd Sem 2025 - Month 2
EV01478,RA231105600056,RA251103000368,Technical Club,1,Odd Sem 2025 - Month 1
EV01479,RA231105600056,RA251105400278,Peer Study,1,Odd Sem 2025 - Month 2
EV01480,RA231105600056,RA261102700452,Lab Collaboration,2,Even Sem 2026 - Finals
EV01481,RA231105600056,RA261105600422,Hackathon Team,1,Even Sem 2026 - Month 1
EV01482,RA231105600063,RA231105600105,Lab Collaboration,1,Even Sem 2026 - Month 2
EV01483,RA231105600063,RA241102900147,Project Team,3,Even Sem 2026 - Month 1
EV01484,RA231105600063,RA241103000225,Lab Collaboration,2,Even Sem 2026 - Month 2
EV01485,RA231105600063,RA251100300343,Peer Study,1,Even Sem 2026 - Finals
EV01486,RA231105600063,RA251102700365,Hackathon Team,3,Odd Sem 2025 - Month 1
EV01487,RA231105600063,RA251105600279,Hackathon Team,1,Even Sem 2026 - Finals
EV01488,RA231105600063,RA261105400393,Peer Study,1,Odd Sem 2025 - Month 2
EV01489,RA231105600063,RA261105400400,Technical Club,3,Even Sem 2026 - Month 2
EV01490,RA231105600070,RA231105600119,Hackathon Team,3,Even Sem 2026 - Month 1
EV01491,RA231105600070,RA241100300130,Project Team,1,Even Sem 2026 - Month 1
EV01492,RA231105600070,RA241100300172,Hackathon Team,1,Even Sem 2026 - Month 1
EV01493,RA231105600070,RA241102900161,Project Team,1,Odd Sem 2025 - Midterm
EV01494,RA231105600070,RA241105400184,Peer Study,4,Odd Sem 2025 - Month 4
EV01495,RA231105600070,RA251102700316,Lab Collaboration,5,Even Sem 2026 - Month 2
EV01496,RA231105600070,RA251102700358,Peer Study,1,Even Sem 2026 - Month 1
EV01497,RA231105600070,RA251102800268,Project Team,1,Even Sem 2026 - Month 2
EV01498,RA231105600070,RA251102800310,Project Team,1,Odd Sem 2025 - Month 1
EV01499,RA231105600070,RA251102900346,Technical Club,1,Odd Sem 2025 - Month 1
EV01500,RA231105600070,RA261103000406,Hackathon Team,1,Odd Sem 2025 - Midterm
EV01501,RA231105600070,RA261105400484,Project Team,1,Even Sem 2026 - Month 2
EV01502,RA231105600070,RA261105600394,Lab Collaboration,4,Odd Sem 2025 - Month 4
EV01503,RA231105600070,RA261105600436,Hackathon Team,1,Odd Sem 2025 - Month 2
EV01504,RA231105600077,RA241100300221,Peer Study,1,Odd Sem 2025 - Midterm
EV01505,RA231105600077,RA241102700131,Lab Collaboration,1,Even Sem 2026 - Finals
EV01506,RA231105600077,RA241102700250,Hackathon Team,1,Odd Sem 2025 - Month 2
EV01507,RA231105600077,RA241102900154,Peer Study,3,Even Sem 2026 - Finals
EV01508,RA231105600077,RA241102900203,Hackathon Team,2,Odd Sem 2025 - Midterm
EV01509,RA231105600077,RA241102900231,Lab Collaboration,3,Odd Sem 2025 - Month 4
EV01510,RA231105600077,RA241105400191,Peer Study,1,Odd Sem 2025 - Month 1
EV01511,RA231105600077,RA251102700323,Lab Collaboration,2,Odd Sem 2025 - Month 4
EV01512,RA231105600077,RA251102700365,Technical Club,2,Even Sem 2026 - Month 2
EV01513,RA231105600077,RA251103000347,Peer Study,4,Odd Sem 2025 - Midterm
EV01514,RA231105600077,RA251105400299,Project Team,1,Even Sem 2026 - Month 2
EV01515,RA231105600077,RA261100300395,Technical Club,2,Odd Sem 2025 - Month 2
EV01516,RA231105600077,RA261102800425,Technical Club,3,Even Sem 2026 - Finals
EV01517,RA231105600077,RA261105400400,Project Team,3,Odd Sem 2025 - Midterm
EV01518,RA231105600077,RA261105600485,Technical Club,1,Even Sem 2026 - Month 1
EV01519,RA231105600084,RA231105600119,Peer Study,4,Odd Sem 2025 - Month 2
EV01520,RA231105600084,RA241102800174,Project Team,1,Even Sem 2026 - Finals
EV01521,RA231105600084,RA241102900168,Technical Club,1,Odd Sem 2025 - Midterm
EV01522,RA231105600084,RA241103000246,Project Team,1,Odd Sem 2025 - Month 1
EV01523,RA231105600084,RA241105400198,Peer Study,1,Even Sem 2026 - Month 1
EV01524,RA231105600084,RA251102700372,Hackathon Team,3,Even Sem 2026 - Month 1
EV01525,RA231105600084,RA251103000270,Hackathon Team,1,Even Sem 2026 - Finals
EV01526,RA231105600084,RA251105400348,Hackathon Team,1,Odd Sem 2025 - Month 4
EV01527,RA231105600084,RA261102900384,Hackathon Team,1,Even Sem 2026 - Finals
EV01528,RA231105600084,RA261102900454,Technical Club,1,Even Sem 2026 - Month 2
EV01529,RA231105600091,RA241102800223,Hackathon Team,2,Odd Sem 2025 - Month 4
EV01530,RA231105600091,RA241103000127,Peer Study,3,Even Sem 2026 - Month 2
EV01531,RA231105600091,RA251102700337,Peer Study,1,Even Sem 2026 - Month 2
EV01532,RA231105600091,RA251105400292,Lab Collaboration,3,Even Sem 2026 - Month 2
EV01533,RA231105600091,RA261100300437,Lab Collaboration,2,Odd Sem 2025 - Midterm
EV01534,RA231105600091,RA261100300493,Project Team,3,Even Sem 2026 - Finals
EV01535,RA231105600098,RA241102800230,Technical Club,2,Even Sem 2026 - Finals
EV01536,RA231105600098,RA241102800237,Project Team,4,Even Sem 2026 - Month 1
EV01537,RA231105600098,RA241102900224,Project Team,1,Even Sem 2026 - Month 1
EV01538,RA231105600098,RA241105400233,Lab Collaboration,1,Odd Sem 2025 - Midterm
EV01539,RA231105600098,RA261100300458,Peer Study,2,Even Sem 2026 - Month 1
EV01540,RA231105600098,RA261102800446,Lab Collaboration,6,Even Sem 2026 - Month 2
EV01541,RA231105600098,RA261103000434,Project Team,1,Odd Sem 2025 - Month 4
EV01542,RA231105600098,RA261105400428,Hackathon Team,1,Even Sem 2026 - Finals
EV01543,RA231105600105,RA241102700201,Peer Study,1,Odd Sem 2025 - Month 1
EV01544,RA231105600105,RA241105600213,Peer Study,1,Odd Sem 2025 - Month 1
EV01545,RA231105600105,RA251102700351,Lab Collaboration,1,Odd Sem 2025 - Month 2
EV01546,RA231105600105,RA251105400369,Project Team,2,Odd Sem 2025 - Month 1
EV01547,RA231105600105,RA251105600321,Peer Study,1,Even Sem 2026 - Finals
EV01548,RA231105600105,RA261102700417,Lab Collaboration,3,Odd Sem 2025 - Month 2
EV01549,RA231105600105,RA261102700459,Technical Club,2,Odd Sem 2025 - Month 1
EV01550,RA231105600105,RA261102800495,Lab Collaboration,1,Odd Sem 2025 - Month 4
EV01551,RA231105600105,RA261102900405,Peer Study,2,Odd Sem 2025 - Midterm
EV01552,RA231105600105,RA261105600471,Hackathon Team,1,Even Sem 2026 - Finals
EV01553,RA231105600112,RA241102700208,Lab Collaboration,1,Odd Sem 2025 - Month 1
EV01554,RA231105600112,RA241102900175,Technical Club,1,Even Sem 2026 - Finals
EV01555,RA231105600112,RA251100300280,Project Team,1,Odd Sem 2025 - Midterm
EV01556,RA231105600112,RA251102900262,Technical Club,1,Even Sem 2026 - Month 1
EV01557,RA231105600112,RA251102900304,Project Team,1,Even Sem 2026 - Month 1
EV01558,RA231105600112,RA261102700382,Peer Study,2,Even Sem 2026 - Month 1
EV01559,RA231105600112,RA261102800418,Peer Study,1,Odd Sem 2025 - Month 2
EV01560,RA231105600119,RA241100300193,Hackathon Team,3,Odd Sem 2025 - Month 1
EV01561,RA231105600119,RA241102700201,Hackathon Team,3,Even Sem 2026 - Finals
EV01562,RA231105600119,RA241102700215,Lab Collaboration,4,Odd Sem 2025 - Month 1
EV01563,RA231105600119,RA241103000155,Lab Collaboration,3,Odd Sem 2025 - Month 1
EV01564,RA231105600119,RA241103000183,Technical Club,2,Even Sem 2026 - Month 2
EV01565,RA231105600119,RA241103000197,Peer Study,4,Even Sem 2026 - Finals
EV01566,RA231105600119,RA251100300252,Hackathon Team,2,Even Sem 2026 - Finals
EV01567,RA231105600119,RA251100300329,Lab Collaboration,2,Even Sem 2026 - Finals
EV01568,RA231105600119,RA251102700323,Hackathon Team,2,Odd Sem 2025 - Month 4
EV01569,RA231105600119,RA251102700365,Project Team,2,Even Sem 2026 - Month 1
EV01570,RA231105600119,RA251102800317,Project Team,4,Even Sem 2026 - Month 2
EV01571,RA231105600119,RA251103000263,Lab Collaboration,5,Odd Sem 2025 - Month 1
EV01572,RA231105600119,RA251105400341,Peer Study,4,Even Sem 2026 - Month 2
EV01573,RA231105600119,RA261100300479,Project Team,2,Odd Sem 2025 - Month 2
EV01574,RA231105600119,RA261102700382,Lab Collaboration,3,Odd Sem 2025 - Midterm
EV01575,RA231105600119,RA261102700389,Lab Collaboration,4,Odd Sem 2025 - Month 1
EV01576,RA231105600119,RA261102700438,Project Team,2,Even Sem 2026 - Month 1
EV01577,RA231105600119,RA261102700452,Project Team,4,Odd Sem 2025 - Month 1
EV01578,RA231105600119,RA261102800425,Technical Club,2,Even Sem 2026 - Month 1
EV01579,RA231105600119,RA261102900377,Hackathon Team,2,Odd Sem 2025 - Month 2
EV01580,RA231105600119,RA261102900391,Peer Study,2,Odd Sem 2025 - Midterm
EV01581,RA231105600119,RA261102900461,Project Team,2,Odd Sem 2025 - Month 2
EV01582,RA231105600119,RA261105400428,Lab Collaboration,2,Odd Sem 2025 - Month 2
EV01583,RA231105600119,RA261105400442,Hackathon Team,4,Odd Sem 2025 - Midterm
EV01584,RA231105600119,RA261105600380,Project Team,3,Odd Sem 2025 - Month 1
EV01585,RA241100300130,RA241102800244,Peer Study,1,Even Sem 2026 - Finals
EV01586,RA241100300130,RA241103000225,Hackathon Team,1,Odd Sem 2025 - Midterm
EV01587,RA241100300130,RA241105600136,Peer Study,1,Even Sem 2026 - Month 1
EV01588,RA241100300130,RA251102700316,Project Team,7,Odd Sem 2025 - Month 1
EV01589,RA241100300130,RA251102900304,Project Team,2,Odd Sem 2025 - Month 4
EV01590,RA241100300130,RA251103000256,Peer Study,1,Even Sem 2026 - Finals
EV01591,RA241100300130,RA251103000340,Project Team,1,Odd Sem 2025 - Month 1
EV01592,RA241100300130,RA261102700466,Project Team,1,Even Sem 2026 - Month 1
EV01593,RA241100300130,RA261105400400,Lab Collaboration,3,Odd Sem 2025 - Month 4
EV01594,RA241100300137,RA241102700131,Lab Collaboration,1,Even Sem 2026 - Month 1
EV01595,RA241100300137,RA241102800167,Lab Collaboration,1,Even Sem 2026 - Finals
EV01596,RA241100300137,RA241102800237,Peer Study,1,Odd Sem 2025 - Month 2
EV01597,RA241100300137,RA241105600143,Lab Collaboration,2,Even Sem 2026 - Finals
EV01598,RA241100300137,RA241105600157,Peer Study,1,Even Sem 2026 - Finals
EV01599,RA241100300137,RA251105400299,Lab Collaboration,1,Odd Sem 2025 - Month 2
EV01600,RA241100300137,RA251105600335,Peer Study,2,Even Sem 2026 - Month 1
EV01601,RA241100300137,RA261100300437,Project Team,2,Odd Sem 2025 - Month 2
EV01602,RA241100300137,RA261102800446,Technical Club,4,Odd Sem 2025 - Month 2
EV01603,RA241100300137,RA261102900377,Lab Collaboration,1,Even Sem 2026 - Month 2
EV01604,RA241100300144,RA241100300186,Lab Collaboration,1,Even Sem 2026 - Month 1
EV01605,RA241100300144,RA241102700138,Peer Study,1,Even Sem 2026 - Month 1
EV01606,RA241100300144,RA241102800132,Lab Collaboration,1,Odd Sem 2025 - Midterm
EV01607,RA241100300144,RA241102800174,Project Team,1,Odd Sem 2025 - Month 2
EV01608,RA241100300144,RA241102800202,Peer Study,3,Odd Sem 2025 - Month 1
EV01609,RA241100300144,RA241102800230,Technical Club,3,Odd Sem 2025 - Month 1
EV01610,RA241100300144,RA241103000162,Technical Club,1,Even Sem 2026 - Month 2
EV01611,RA241100300144,RA241105600150,Project Team,1,Odd Sem 2025 - Month 1
EV01612,RA241100300144,RA241105600192,Lab Collaboration,1,Even Sem 2026 - Month 2
EV01613,RA241100300144,RA251100300336,Project Team,1,Even Sem 2026 - Month 2
EV01614,RA241100300144,RA251102900318,Peer Study,2,Even Sem 2026 - Month 2
EV01615,RA241100300144,RA261102700396,Project Team,1,Odd Sem 2025 - Midterm
EV01616,RA241100300144,RA261102900468,Project Team,2,Even Sem 2026 - Month 2
EV01617,RA241100300144,RA261105600450,Peer Study,1,Odd Sem 2025 - Month 2
EV01618,RA241100300151,RA241102700145,Project Team,1,Even Sem 2026 - Month 1
EV01619,RA241100300151,RA241102900217,Peer Study,2,Odd Sem 2025 - Midterm
EV01620,RA241100300151,RA241105400247,Technical Club,1,Odd Sem 2025 - Midterm
EV01621,RA241100300151,RA241105600157,Technical Club,1,Odd Sem 2025 - Month 1
EV01622,RA241100300151,RA251102900325,Technical Club,3,Even Sem 2026 - Month 2
EV01623,RA241100300151,RA251105400355,Lab Collaboration,1,Odd Sem 2025 - Midterm
EV01624,RA241100300151,RA261102700403,Project Team,3,Odd Sem 2025 - Month 2
EV01625,RA241100300151,RA261102700445,Project Team,1,Even Sem 2026 - Finals
EV01626,RA241100300151,RA261103000469,Technical Club,2,Odd Sem 2025 - Month 1
EV01627,RA241100300151,RA261105600499,Lab Collaboration,1,Odd Sem 2025 - Month 4
EV01628,RA241100300158,RA241100300200,Project Team,3,Odd Sem 2025 - Month 4
EV01629,RA241100300158,RA241102700138,Project Team,1,Odd Sem 2025 - Month 1
EV01630,RA241100300158,RA241102700152,Lab Collaboration,2,Even Sem 2026 - Month 2
EV01631,RA241100300158,RA241102900154,Peer Study,3,Odd Sem 2025 - Month 4
EV01632,RA241100300158,RA241105400212,Project Team,1,Odd Sem 2025 - Month 1
EV01633,RA241100300158,RA241105600164,Lab Collaboration,2,Even Sem 2026 - Month 1
EV01634,RA241100300158,RA261102700494,Peer Study,1,Odd Sem 2025 - Midterm
EV01635,RA241100300158,RA261103000441,Technical Club,3,Odd Sem 2025 - Month 2
EV01636,RA241100300158,RA261105400470,Technical Club,2,Odd Sem 2025 - Month 2
EV01637,RA241100300165,RA241100300207,Project Team,1,Even Sem 2026 - Month 2
EV01638,RA241100300165,RA241102700159,Peer Study,1,Even Sem 2026 - Month 1
EV01639,RA241100300165,RA241102900189,Project Team,1,Odd Sem 2025 - Month 1
EV01640,RA241100300165,RA241102900231,Technical Club,2,Even Sem 2026 - Finals
EV01641,RA241100300165,RA241103000183,Hackathon Team,1,Even Sem 2026 - Finals
EV01642,RA241100300165,RA241105400177,Technical Club,1,Odd Sem 2025 - Midterm
EV01643,RA241100300165,RA241105600129,Hackathon Team,1,Even Sem 2026 - Month 1
EV01644,RA241100300165,RA241105600171,Peer Study,2,Odd Sem 2025 - Month 2
EV01645,RA241100300165,RA241105600213,Peer Study,1,Even Sem 2026 - Month 1
EV01646,RA241100300165,RA261105600387,Technical Club,1,Odd Sem 2025 - Month 2
EV01647,RA241100300172,RA241102700166,Lab Collaboration,1,Even Sem 2026 - Month 2
EV01648,RA241100300172,RA241102900154,Project Team,3,Odd Sem 2025 - Month 1
EV01649,RA241100300172,RA241105400184,Lab Collaboration,4,Even Sem 2026 - Finals
EV01650,RA241100300172,RA241105400226,Technical Club,1,Odd Sem 2025 - Month 4
EV01651,RA241100300172,RA241105600136,Project Team,1,Even Sem 2026 - Month 1
EV01652,RA241100300172,RA241105600178,Peer Study,1,Even Sem 2026 - Finals
EV01653,RA241100300172,RA251102800254,Peer Study,2,Even Sem 2026 - Month 1
EV01654,RA241100300172,RA261100300388,Hackathon Team,3,Odd Sem 2025 - Month 1
EV01655,RA241100300172,RA261102700431,Peer Study,1,Even Sem 2026 - Finals
EV01656,RA241100300172,RA261105600394,Hackathon Team,1,Odd Sem 2025 - Month 2
EV01657,RA241100300179,RA241102700173,Hackathon Team,1,Odd Sem 2025 - Month 2
EV01658,RA241100300179,RA241102700215,Hackathon Team,1,Even Sem 2026 - Month 2
EV01659,RA241100300179,RA241102800230,Lab Collaboration,3,Even Sem 2026 - Month 1
EV01660,RA241100300179,RA241102900154,Peer Study,4,Even Sem 2026 - Finals
EV01661,RA241100300179,RA241102900175,Hackathon Team,3,Even Sem 2026 - Month 1
EV01662,RA241100300179,RA241102900245,Technical Club,1,Odd Sem 2025 - Month 2
EV01663,RA241100300179,RA241103000197,Lab Collaboration,1,Odd Sem 2025 - Month 1
EV01664,RA241100300179,RA241105600185,Hackathon Team,1,Even Sem 2026 - Finals
EV01665,RA241100300179,RA251102900311,Lab Collaboration,2,Even Sem 2026 - Finals
EV01666,RA241100300179,RA251103000263,Lab Collaboration,2,Odd Sem 2025 - Midterm
EV01667,RA241100300179,RA251105400299,Peer Study,1,Odd Sem 2025 - Month 4
EV01668,RA241100300179,RA261103000441,Lab Collaboration,3,Even Sem 2026 - Finals
EV01669,RA241100300179,RA261103000497,Technical Club,2,Even Sem 2026 - Month 1
EV01670,RA241100300186,RA241102700180,Lab Collaboration,2,Even Sem 2026 - Finals
EV01671,RA241100300186,RA241102700222,Technical Club,2,Odd Sem 2025 - Month 1
EV01672,RA241100300186,RA241102800132,Peer Study,2,Odd Sem 2025 - Midterm
EV01673,RA241100300186,RA241102900210,Peer Study,2,Even Sem 2026 - Month 1
EV01674,RA241100300186,RA241105400184,Peer Study,6,Odd Sem 2025 - Month 2
EV01675,RA241100300186,RA241105400198,Project Team,2,Even Sem 2026 - Month 1
EV01676,RA241100300186,RA241105600192,Hackathon Team,1,Even Sem 2026 - Month 2
EV01677,RA241100300186,RA251102700330,Peer Study,2,Odd Sem 2025 - Month 2
EV01678,RA241100300186,RA251102900255,Project Team,1,Even Sem 2026 - Finals
EV01679,RA241100300186,RA261100300423,Technical Club,3,Even Sem 2026 - Month 2
EV01680,RA241100300186,RA261102700396,Peer Study,1,Odd Sem 2025 - Month 4
EV01681,RA241100300186,RA261105400414,Project Team,3,Odd Sem 2025 - Midterm
EV01682,RA241100300186,RA261105600492,Project Team,1,Odd Sem 2025 - Month 4
EV01683,RA241100300193,RA241102700187,Technical Club,3,Odd Sem 2025 - Midterm
EV01684,RA241100300193,RA241102900154,Project Team,2,Odd Sem 2025 - Month 2
EV01685,RA241100300193,RA241105600129,Peer Study,2,Odd Sem 2025 - Midterm
EV01686,RA241100300193,RA241105600157,Technical Club,1,Even Sem 2026 - Month 2
EV01687,RA241100300193,RA241105600199,Peer Study,1,Even Sem 2026 - Month 1
EV01688,RA241100300193,RA251102700372,Technical Club,2,Even Sem 2026 - Month 1
EV01689,RA241100300193,RA261102700424,Hackathon Team,2,Even Sem 2026 - Month 2
EV01690,RA241100300193,RA261102700487,Project Team,2,Odd Sem 2025 - Month 4
EV01691,RA241100300193,RA261105400379,Hackathon Team,1,Odd Sem 2025 - Month 4
EV01692,RA241100300193,RA261105600415,Technical Club,1,Even Sem 2026 - Month 2
EV01693,RA241100300200,RA241102700194,Technical Club,4,Odd Sem 2025 - Month 2
EV01694,RA241100300200,RA241102700236,Peer Study,1,Even Sem 2026 - Month 1
EV01695,RA241100300200,RA241102800230,Technical Club,4,Even Sem 2026 - Month 1
EV01696,RA241100300200,RA241105600206,Peer Study,1,Even Sem 2026 - Month 1
EV01697,RA241100300200,RA251102900290,Hackathon Team,1,Odd Sem 2025 - Month 4
EV01698,RA241100300200,RA251102900332,Project Team,2,Even Sem 2026 - Month 1
EV01699,RA241100300200,RA251105400320,Technical Club,1,Odd Sem 2025 - Month 2
EV01700,RA241100300200,RA261100300388,Hackathon Team,6,Even Sem 2026 - Month 2
EV01701,RA241100300200,RA261100300500,Technical Club,2,Even Sem 2026 - Month 1
EV01702,RA241100300200,RA261103000476,Lab Collaboration,1,Odd Sem 2025 - Month 1
EV01703,RA241100300200,RA261105400400,Project Team,2,Even Sem 2026 - Month 1
EV01704,RA241100300207,RA241100300249,Peer Study,2,Even Sem 2026 - Finals
EV01705,RA241100300207,RA241102700201,Peer Study,2,Odd Sem 2025 - Month 2
EV01706,RA241100300207,RA241102700243,Peer Study,3,Even Sem 2026 - Month 2
EV01707,RA241100300207,RA241102800230,Project Team,2,Odd Sem 2025 - Month 1
EV01708,RA241100300207,RA241103000225,Hackathon Team,1,Even Sem 2026 - Month 2
EV01709,RA241100300207,RA241105400177,Project Team,1,Odd Sem 2025 - Month 4
EV01710,RA241100300207,RA241105600213,Peer Study,1,Even Sem 2026 - Finals
EV01711,RA241100300207,RA251102700316,Project Team,2,Odd Sem 2025 - Midterm
EV01712,RA241100300207,RA261103000483,Peer Study,1,Odd Sem 2025 - Month 2
EV01713,RA241100300214,RA241102700166,Lab Collaboration,2,Even Sem 2026 - Finals
EV01714,RA241100300214,RA241102700208,Project Team,1,Even Sem 2026 - Month 2
EV01715,RA241100300214,RA241102700250,Peer Study,1,Odd Sem 2025 - Month 2
EV01716,RA241100300214,RA241102900154,Project Team,2,Odd Sem 2025 - Month 1
EV01717,RA241100300214,RA241105600136,Hackathon Team,1,Even Sem 2026 - Finals
EV01718,RA241100300214,RA241105600220,Technical Club,1,Even Sem 2026 - Month 1
EV01719,RA241100300214,RA251100300280,Hackathon Team,1,Odd Sem 2025 - Month 2
EV01720,RA241100300214,RA251100300322,Project Team,2,Odd Sem 2025 - Midterm
EV01721,RA241100300214,RA251102800310,Lab Collaboration,1,Even Sem 2026 - Finals
EV01722,RA241100300214,RA251103000298,Lab Collaboration,1,Even Sem 2026 - Month 2
EV01723,RA241100300214,RA251105600370,Hackathon Team,1,Even Sem 2026 - Finals
EV01724,RA241100300214,RA261102800376,Project Team,1,Even Sem 2026 - Month 1
EV01725,RA241100300221,RA241102700131,Hackathon Team,1,Odd Sem 2025 - Month 4
EV01726,RA241100300221,RA241102700215,Hackathon Team,3,Odd Sem 2025 - Month 1
EV01727,RA241100300221,RA241102900161,Project Team,1,Odd Sem 2025 - Midterm
EV01728,RA241100300221,RA241102900203,Peer Study,1,Odd Sem 2025 - Month 4
EV01729,RA241100300221,RA241105600143,Hackathon Team,3,Even Sem 2026 - Month 2
EV01730,RA241100300221,RA241105600227,Lab Collaboration,1,Even Sem 2026 - Month 1
EV01731,RA241100300221,RA251100300287,Project Team,1,Odd Sem 2025 - Midterm
EV01732,RA241100300221,RA261100300395,Technical Club,2,Even Sem 2026 - Month 2
EV01733,RA241100300221,RA261100300437,Hackathon Team,3,Odd Sem 2025 - Month 2
EV01734,RA241100300221,RA261102900377,Technical Club,1,Even Sem 2026 - Finals
EV01735,RA241100300221,RA261103000455,Hackathon Team,2,Even Sem 2026 - Finals
EV01736,RA241100300228,RA241102700222,Technical Club,1,Even Sem 2026 - Month 1
EV01737,RA241100300228,RA241102800202,Project Team,4,Odd Sem 2025 - Midterm
EV01738,RA241100300228,RA241105600234,Project Team,2,Odd Sem 2025 - Month 4
EV01739,RA241100300228,RA251100300336,Technical Club,3,Odd Sem 2025 - Month 1
EV01740,RA241100300228,RA251105400292,Project Team,2,Odd Sem 2025 - Midterm
EV01741,RA241100300228,RA251105600300,Hackathon Team,1,Even Sem 2026 - Finals
EV01742,RA241100300228,RA261102900468,Project Team,1,Odd Sem 2025 - Month 2
EV01743,RA241100300235,RA241102700229,Hackathon Team,1,Even Sem 2026 - Finals
EV01744,RA241100300235,RA241102900217,Lab Collaboration,1,Even Sem 2026 - Finals
EV01745,RA241100300235,RA241103000127,Peer Study,1,Odd Sem 2025 - Month 2
EV01746,RA241100300235,RA241105600157,Lab Collaboration,1,Even Sem 2026 - Finals
EV01747,RA241100300235,RA241105600241,Project Team,1,Even Sem 2026 - Finals
EV01748,RA241100300235,RA251102700253,Hackathon Team,1,Even Sem 2026 - Finals
EV01749,RA241100300235,RA251102700316,Lab Collaboration,4,Even Sem 2026 - Month 1
EV01750,RA241100300235,RA251105600307,Peer Study,1,Even Sem 2026 - Month 1
EV01751,RA241100300235,RA261100300451,Technical Club,1,Even Sem 2026 - Month 1
EV01752,RA241100300235,RA261102900433,Hackathon Team,1,Odd Sem 2025 - Midterm
EV01753,RA241100300235,RA261105600401,Hackathon Team,1,Even Sem 2026 - Finals
EV01754,RA241100300242,RA241102700236,Lab Collaboration,1,Even Sem 2026 - Finals
EV01755,RA241100300242,RA241102800132,Peer Study,1,Odd Sem 2025 - Month 1
EV01756,RA241100300242,RA241103000218,Project Team,1,Odd Sem 2025 - Midterm
EV01757,RA241100300242,RA241105400128,Lab Collaboration,1,Even Sem 2026 - Month 2
EV01758,RA241100300242,RA241105400184,Technical Club,3,Even Sem 2026 - Month 2
EV01759,RA241100300242,RA241105600248,Project Team,2,Even Sem 2026 - Month 1
EV01760,RA241100300242,RA251100300329,Project Team,2,Even Sem 2026 - Finals
EV01761,RA241100300242,RA251102900360,Technical Club,1,Even Sem 2026 - Finals
EV01762,RA241100300242,RA251103000326,Lab Collaboration,1,Odd Sem 2025 - Month 2
EV01763,RA241100300242,RA251105400320,Lab Collaboration,2,Odd Sem 2025 - Month 2
EV01764,RA241100300242,RA261102800488,Peer Study,1,Even Sem 2026 - Month 2
EV01765,RA241100300242,RA261102900398,Peer Study,1,Even Sem 2026 - Month 1
EV01766,RA241100300242,RA261102900482,Project Team,1,Even Sem 2026 - Finals
EV01767,RA241100300249,RA241102700243,Technical Club,1,Even Sem 2026 - Month 2
EV01768,RA241100300249,RA241105400177,Peer Study,1,Even Sem 2026 - Finals
EV01769,RA241100300249,RA241105600248,Peer Study,1,Odd Sem 2025 - Midterm
EV01770,RA241100300249,RA251100300315,Hackathon Team,2,Even Sem 2026 - Finals
EV01771,RA241100300249,RA251102900255,Hackathon Team,2,Even Sem 2026 - Month 2
EV01772,RA241100300249,RA251102900325,Hackathon Team,3,Odd Sem 2025 - Month 1
EV01773,RA241100300249,RA251103000333,Peer Study,1,Odd Sem 2025 - Midterm
EV01774,RA241100300249,RA251105400292,Hackathon Team,3,Even Sem 2026 - Finals
EV01775,RA241100300249,RA261103000441,Hackathon Team,3,Even Sem 2026 - Month 1
EV01776,RA241100300249,RA261105600429,Hackathon Team,1,Even Sem 2026 - Month 2
EV01777,RA241100300249,RA261105600457,Technical Club,2,Even Sem 2026 - Finals
EV01778,RA241102700131,RA241102800230,Technical Club,3,Even Sem 2026 - Month 1
EV01779,RA241102700131,RA241102900203,Peer Study,2,Odd Sem 2025 - Midterm
EV01780,RA241102700131,RA251103000263,Lab Collaboration,1,Odd Sem 2025 - Month 2
EV01781,RA241102700131,RA251105400292,Technical Club,2,Even Sem 2026 - Month 1
EV01782,RA241102700131,RA251105400362,Peer Study,2,Even Sem 2026 - Month 1
EV01783,RA241102700131,RA261100300437,Lab Collaboration,3,Odd Sem 2025 - Month 1
EV01784,RA241102700131,RA261102800446,Technical Club,4,Odd Sem 2025 - Month 2
EV01785,RA241102700138,RA241102700222,Hackathon Team,1,Even Sem 2026 - Month 2
EV01786,RA241102700138,RA241102800132,Hackathon Team,1,Even Sem 2026 - Finals
EV01787,RA241102700138,RA241102900168,Lab Collaboration,2,Even Sem 2026 - Month 2
EV01788,RA241102700138,RA241105600150,Peer Study,1,Even Sem 2026 - Month 1
EV01789,RA241102700138,RA251102900318,Peer Study,3,Even Sem 2026 - Finals
EV01790,RA241102700138,RA251103000340,Hackathon Team,1,Odd Sem 2025 - Midterm
EV01791,RA241102700138,RA261100300486,Lab Collaboration,1,Even Sem 2026 - Month 2
EV01792,RA241102700138,RA261102700396,Peer Study,2,Odd Sem 2025 - Month 4
EV01793,RA241102700138,RA261102700438,Lab Collaboration,1,Odd Sem 2025 - Midterm
EV01794,RA241102700138,RA261102900384,Peer Study,1,Even Sem 2026 - Finals
EV01795,RA241102700138,RA261105600492,Peer Study,2,Even Sem 2026 - Finals
EV01796,RA241102700145,RA241102800139,Project Team,2,Even Sem 2026 - Month 1
EV01797,RA241102700145,RA241102800202,Hackathon Team,2,Even Sem 2026 - Month 1
EV01798,RA241102700145,RA241105400247,Hackathon Team,1,Even Sem 2026 - Month 1
EV01799,RA241102700145,RA251102700337,Project Team,1,Even Sem 2026 - Month 2
EV01800,RA241102700145,RA251105600307,Project Team,1,Odd Sem 2025 - Month 4
EV01801,RA241102700145,RA261102900433,Project Team,1,Odd Sem 2025 - Month 2
EV01802,RA241102700145,RA261105600499,Lab Collaboration,1,Even Sem 2026 - Month 1
EV01803,RA241102700152,RA241102800146,Project Team,2,Odd Sem 2025 - Month 2
EV01804,RA241102700152,RA241102800188,Peer Study,1,Odd Sem 2025 - Month 2
EV01805,RA241102700152,RA241102800230,Peer Study,2,Even Sem 2026 - Finals
EV01806,RA241102700152,RA251103000347,Lab Collaboration,1,Odd Sem 2025 - Month 2
EV01807,RA241102700152,RA251105400292,Peer Study,2,Even Sem 2026 - Month 1
EV01808,RA241102700152,RA261100300458,Peer Study,2,Even Sem 2026 - Month 2
EV01809,RA241102700152,RA261100300500,Project Team,2,Odd Sem 2025 - Month 2
EV01810,RA241102700152,RA261105400428,Peer Study,3,Even Sem 2026 - Finals
EV01811,RA241102700159,RA241102700201,Technical Club,1,Even Sem 2026 - Month 1
EV01812,RA241102700159,RA241102800153,Hackathon Team,2,Odd Sem 2025 - Month 1
EV01813,RA241102700159,RA241102800174,Hackathon Team,2,Even Sem 2026 - Month 2
EV01814,RA241102700159,RA241105400177,Peer Study,1,Even Sem 2026 - Month 1
EV01815,RA241102700159,RA251102700351,Peer Study,1,Even Sem 2026 - Month 1
EV01816,RA241102700159,RA251102800345,Technical Club,2,Odd Sem 2025 - Midterm
EV01817,RA241102700159,RA251103000375,Peer Study,1,Odd Sem 2025 - Month 4
EV01818,RA241102700159,RA261102800446,Peer Study,2,Even Sem 2026 - Finals
EV01819,RA241102700159,RA261102900405,Peer Study,1,Even Sem 2026 - Finals
EV01820,RA241102700159,RA261105400435,Lab Collaboration,1,Even Sem 2026 - Month 2
EV01821,RA241102700159,RA261105400477,Technical Club,1,Even Sem 2026 - Month 1
EV01822,RA241102700159,RA261105600387,Peer Study,1,Odd Sem 2025 - Midterm
EV01823,RA241102700159,RA261105600429,Lab Collaboration,1,Odd Sem 2025 - Month 2
EV01824,RA241102700159,RA261105600471,Project Team,1,Odd Sem 2025 - Month 1
EV01825,RA241102700166,RA241102800160,Technical Club,1,Odd Sem 2025 - Month 2
EV01826,RA241102700166,RA241102800244,Technical Club,2,Odd Sem 2025 - Month 1
EV01827,RA241102700166,RA241102900154,Technical Club,3,Odd Sem 2025 - Month 2
EV01828,RA241102700166,RA241103000148,Lab Collaboration,1,Odd Sem 2025 - Midterm
EV01829,RA241102700166,RA241105400142,Technical Club,1,Odd Sem 2025 - Month 2
EV01830,RA241102700166,RA241105600178,Project Team,1,Odd Sem 2025 - Month 1
EV01831,RA241102700166,RA251100300322,Peer Study,1,Odd Sem 2025 - Month 4
EV01832,RA241102700166,RA251100300364,Lab Collaboration,1,Odd Sem 2025 - Month 4
EV01833,RA241102700166,RA251102700316,Peer Study,2,Odd Sem 2025 - Month 1
EV01834,RA241102700166,RA251102900325,Project Team,2,Odd Sem 2025 - Month 1
EV01835,RA241102700166,RA251103000354,Hackathon Team,1,Even Sem 2026 - Finals
EV01836,RA241102700166,RA251105600286,Lab Collaboration,1,Odd Sem 2025 - Month 1
EV01837,RA241102700166,RA261102800460,Lab Collaboration,1,Odd Sem 2025 - Month 1
EV01838,RA241102700166,RA261103000406,Technical Club,1,Even Sem 2026 - Month 1
EV01839,RA241102700173,RA241102800167,Peer Study,2,Even Sem 2026 - Month 1
EV01840,RA241102700173,RA241105400233,Hackathon Team,1,Even Sem 2026 - Finals
EV01841,RA241102700173,RA251105400257,Peer Study,1,Even Sem 2026 - Finals
EV01842,RA241102700173,RA251105600251,Technical Club,1,Odd Sem 2025 - Month 4
EV01843,RA241102700173,RA251105600356,Hackathon Team,2,Even Sem 2026 - Month 2
EV01844,RA241102700173,RA261100300388,Project Team,2,Even Sem 2026 - Month 1
EV01845,RA241102700173,RA261100300395,Lab Collaboration,5,Odd Sem 2025 - Month 2
EV01846,RA241102700173,RA261102800446,Lab Collaboration,4,Odd Sem 2025 - Month 1
EV01847,RA241102700173,RA261103000455,Project Team,1,Odd Sem 2025 - Month 4
EV01848,RA241102700180,RA241102800132,Peer Study,1,Odd Sem 2025 - Midterm
EV01849,RA241102700180,RA241102800174,Hackathon Team,3,Even Sem 2026 - Month 1
EV01850,RA241102700180,RA241102900210,Hackathon Team,1,Even Sem 2026 - Finals
EV01851,RA241102700180,RA251100300252,Project Team,1,Odd Sem 2025 - Midterm
EV01852,RA241102700180,RA251102800282,Peer Study,1,Odd Sem 2025 - Month 4
EV01853,RA241102700180,RA251102900276,Project Team,1,Odd Sem 2025 - Month 4
EV01854,RA241102700180,RA251103000312,Lab Collaboration,1,Even Sem 2026 - Month 2
EV01855,RA241102700180,RA251105400306,Project Team,1,Odd Sem 2025 - Month 4
EV01856,RA241102700180,RA251105600342,Technical Club,2,Odd Sem 2025 - Month 1
EV01857,RA241102700180,RA261100300402,Project Team,2,Even Sem 2026 - Month 1
EV01858,RA241102700180,RA261100300423,Hackathon Team,3,Even Sem 2026 - Month 2
EV01859,RA241102700180,RA261102800474,Lab Collaboration,1,Even Sem 2026 - Month 1
EV01860,RA241102700187,RA241102800181,Lab Collaboration,1,Even Sem 2026 - Month 2
EV01861,RA241102700187,RA241102900133,Hackathon Team,1,Even Sem 2026 - Month 1
EV01862,RA241102700187,RA241105400163,Technical Club,1,Even Sem 2026 - Month 1
EV01863,RA241102700187,RA251100300301,Hackathon Team,3,Odd Sem 2025 - Month 4
EV01864,RA241102700187,RA251102700274,Hackathon Team,1,Odd Sem 2025 - Month 4
EV01865,RA241102700187,RA251105600349,Lab Collaboration,1,Even Sem 2026 - Month 2
EV01866,RA241102700187,RA261100300388,Technical Club,2,Odd Sem 2025 - Month 1
EV01867,RA241102700187,RA261100300423,Peer Study,3,Even Sem 2026 - Finals
EV01868,RA241102700187,RA261105600450,Lab Collaboration,1,Even Sem 2026 - Month 1
EV01869,RA241102700194,RA241102800188,Peer Study,2,Even Sem 2026 - Month 1
EV01870,RA241102700194,RA241102800230,Project Team,2,Odd Sem 2025 - Month 2
EV01871,RA241102700194,RA241102900182,Peer Study,2,Even Sem 2026 - Finals
EV01872,RA241102700194,RA241105600248,Hackathon Team,1,Odd Sem 2025 - Midterm
EV01873,RA241102700194,RA251102700260,Project Team,1,Even Sem 2026 - Month 2
EV01874,RA241102700194,RA251102700344,Peer Study,1,Odd Sem 2025 - Midterm
EV01875,RA241102700194,RA251102800296,Peer Study,1,Odd Sem 2025 - Midterm
EV01876,RA241102700194,RA251103000368,Technical Club,1,Even Sem 2026 - Month 2
EV01877,RA241102700194,RA251105400320,Project Team,1,Even Sem 2026 - Finals
EV01878,RA241102700194,RA261100300423,Peer Study,4,Odd Sem 2025 - Month 1
EV01879,RA241102700194,RA261105400470,Hackathon Team,2,Odd Sem 2025 - Month 1
EV01880,RA241102700201,RA241102700243,Lab Collaboration,2,Odd Sem 2025 - Month 2
EV01881,RA241102700201,RA241102800188,Peer Study,1,Odd Sem 2025 - Month 2
EV01882,RA241102700201,RA241102800195,Hackathon Team,1,Odd Sem 2025 - Midterm
EV01883,RA241102700201,RA241103000225,Hackathon Team,1,Odd Sem 2025 - Month 4
EV01884,RA241102700201,RA241105400198,Hackathon Team,1,Odd Sem 2025 - Midterm
EV01885,RA241102700201,RA251102900255,Project Team,3,Even Sem 2026 - Month 2
EV01886,RA241102700201,RA261102700403,Hackathon Team,1,Odd Sem 2025 - Midterm
EV01887,RA241102700201,RA261103000441,Lab Collaboration,4,Odd Sem 2025 - Month 1
EV01888,RA241102700208,RA241102800160,Technical Club,1,Odd Sem 2025 - Month 2
EV01889,RA241102700208,RA241102800202,Project Team,3,Even Sem 2026 - Month 2
EV01890,RA241102700208,RA241102800230,Technical Club,3,Even Sem 2026 - Finals
EV01891,RA241102700208,RA241102900196,Hackathon Team,2,Odd Sem 2025 - Month 1
EV01892,RA241102700208,RA241103000232,Peer Study,2,Odd Sem 2025 - Month 2
EV01893,RA241102700208,RA251102800352,Project Team,1,Even Sem 2026 - Finals
EV01894,RA241102700208,RA251105600286,Project Team,2,Even Sem 2026 - Finals
EV01895,RA241102700208,RA261100300388,Project Team,2,Even Sem 2026 - Month 2
EV01896,RA241102700208,RA261102700382,Peer Study,4,Even Sem 2026 - Month 1
EV01897,RA241102700208,RA261102700424,Project Team,2,Odd Sem 2025 - Month 1
EV01898,RA241102700208,RA261102700494,Peer Study,1,Even Sem 2026 - Finals
EV01899,RA241102700208,RA261102800418,Peer Study,1,Even Sem 2026 - Month 1
EV01900,RA241102700208,RA261102900412,Technical Club,1,Even Sem 2026 - Month 2
EV01901,RA241102700208,RA261103000448,Hackathon Team,1,Even Sem 2026 - Month 2
EV01902,RA241102700208,RA261103000462,Hackathon Team,2,Even Sem 2026 - Month 2
EV01903,RA241102700215,RA241102800209,Project Team,1,Even Sem 2026 - Month 1
EV01904,RA241102700215,RA251100300329,Peer Study,1,Odd Sem 2025 - Month 1
EV01905,RA241102700215,RA251102700281,Peer Study,1,Odd Sem 2025 - Month 4
EV01906,RA241102700215,RA251105400257,Lab Collaboration,1,Even Sem 2026 - Month 2
EV01907,RA241102700215,RA251105600251,Hackathon Team,1,Even Sem 2026 - Month 1
EV01908,RA241102700215,RA261102900468,Peer Study,1,Even Sem 2026 - Month 1
EV01909,RA241102700215,RA261105400386,Hackathon Team,1,Even Sem 2026 - Month 2
EV01910,RA241102700215,RA261105600471,Technical Club,1,Odd Sem 2025 - Month 1
EV01911,RA241102700222,RA241102800216,Technical Club,1,Odd Sem 2025 - Month 1
EV01912,RA241102700222,RA241103000204,Lab Collaboration,2,Odd Sem 2025 - Month 1
EV01913,RA241102700222,RA251100300252,Hackathon Team,1,Odd Sem 2025 - Month 1
EV01914,RA241102700222,RA251100300294,Project Team,2,Even Sem 2026 - Month 1
EV01915,RA241102700222,RA251102800324,Project Team,1,Odd Sem 2025 - Midterm
EV01916,RA241102700222,RA251102800366,Hackathon Team,1,Odd Sem 2025 - Midterm
EV01917,RA241102700222,RA251102900276,Peer Study,1,Odd Sem 2025 - Midterm
EV01918,RA241102700222,RA251103000326,Project Team,1,Odd Sem 2025 - Month 2
EV01919,RA241102700229,RA241102800223,Technical Club,1,Odd Sem 2025 - Month 2
EV01920,RA241102700229,RA251102800373,Hackathon Team,1,Odd Sem 2025 - Month 4
EV01921,RA241102700229,RA251102900283,Hackathon Team,2,Odd Sem 2025 - Month 1
EV01922,RA241102700229,RA251105600265,Peer Study,1,Even Sem 2026 - Month 2
EV01923,RA241102700229,RA261102900391,Peer Study,1,Odd Sem 2025 - Midterm
EV01924,RA241102700236,RA241102800230,Project Team,2,Odd Sem 2025 - Month 4
EV01925,RA241102700236,RA241103000176,Technical Club,2,Odd Sem 2025 - Month 4
EV01926,RA241102700236,RA251102900255,Technical Club,1,Odd Sem 2025 - Midterm
EV01927,RA241102700236,RA261102700410,Technical Club,3,Odd Sem 2025 - Midterm
EV01928,RA241102700236,RA261102800404,Peer Study,1,Odd Sem 2025 - Midterm
EV01929,RA241102700236,RA261102900398,Hackathon Team,1,Odd Sem 2025 - Month 1
EV01930,RA241102700236,RA261103000476,Peer Study,1,Even Sem 2026 - Finals
EV01931,RA241102700236,RA261105400400,Technical Club,5,Odd Sem 2025 - Month 1
EV01932,RA241102700236,RA261105600457,Project Team,2,Even Sem 2026 - Finals
EV01933,RA241102700236,RA261105600464,Technical Club,1,Even Sem 2026 - Month 2
EV01934,RA241102700243,RA241102800237,Peer Study,1,Even Sem 2026 - Finals
EV01935,RA241102700243,RA241105400177,Project Team,2,Odd Sem 2025 - Month 1
EV01936,RA241102700243,RA241105600129,Lab Collaboration,1,Odd Sem 2025 - Month 4
EV01937,RA241102700243,RA251102800254,Project Team,2,Even Sem 2026 - Finals
EV01938,RA241102700243,RA251102800303,Technical Club,1,Even Sem 2026 - Finals
EV01939,RA241102700243,RA251102800345,Technical Club,2,Odd Sem 2025 - Midterm
EV01940,RA241102700243,RA251102900311,Peer Study,1,Even Sem 2026 - Month 1
EV01941,RA241102700243,RA261102700417,Project Team,1,Even Sem 2026 - Month 2
EV01942,RA241102700250,RA241102800244,Peer Study,1,Even Sem 2026 - Month 1
EV01943,RA241102700250,RA241105400142,Project Team,1,Even Sem 2026 - Month 1
EV01944,RA241102700250,RA241105400184,Technical Club,2,Even Sem 2026 - Month 2
EV01945,RA241102700250,RA241105600178,Technical Club,1,Even Sem 2026 - Month 1
EV01946,RA241102700250,RA241105600220,Technical Club,1,Odd Sem 2025 - Midterm
EV01947,RA241102700250,RA251100300280,Project Team,1,Even Sem 2026 - Month 2
EV01948,RA241102700250,RA251102800268,Project Team,1,Even Sem 2026 - Month 1
EV01949,RA241102700250,RA251102800310,Lab Collaboration,1,Odd Sem 2025 - Midterm
EV01950,RA241102700250,RA251102800352,Hackathon Team,3,Even Sem 2026 - Month 1
EV01951,RA241102700250,RA251103000256,Peer Study,2,Odd Sem 2025 - Month 1
EV01952,RA241102700250,RA251105400334,Peer Study,2,Odd Sem 2025 - Month 4
EV01953,RA241102700250,RA251105600328,Lab Collaboration,1,Odd Sem 2025 - Month 4
EV01954,RA241102800132,RA241102800174,Project Team,1,Odd Sem 2025 - Midterm
EV01955,RA241102800132,RA241102900126,Project Team,1,Odd Sem 2025 - Midterm
EV01956,RA241102800132,RA241103000246,Technical Club,1,Even Sem 2026 - Month 2
EV01957,RA241102800132,RA251100300294,Hackathon Team,2,Odd Sem 2025 - Month 2
EV01958,RA241102800132,RA251102700372,Hackathon Team,3,Odd Sem 2025 - Month 4
EV01959,RA241102800132,RA261100300437,Lab Collaboration,6,Odd Sem 2025 - Month 2
EV01960,RA241102800132,RA261105400498,Technical Club,1,Even Sem 2026 - Month 2
EV01961,RA241102800139,RA241102900133,Peer Study,1,Even Sem 2026 - Month 2
EV01962,RA241102800139,RA251100300259,Lab Collaboration,1,Even Sem 2026 - Finals
EV01963,RA241102800139,RA251102700253,Peer Study,1,Even Sem 2026 - Month 1
EV01964,RA241102800139,RA251103000277,Hackathon Team,1,Even Sem 2026 - Month 1
EV01965,RA241102800139,RA251105400292,Lab Collaboration,3,Even Sem 2026 - Finals
EV01966,RA241102800139,RA261102700445,Lab Collaboration,2,Even Sem 2026 - Month 1
EV01967,RA241102800139,RA261105600401,Lab Collaboration,2,Even Sem 2026 - Month 2
EV01968,RA241102800146,RA241102900140,Lab Collaboration,1,Odd Sem 2025 - Month 4
EV01969,RA241102800146,RA241103000134,Project Team,1,Odd Sem 2025 - Month 2
EV01970,RA241102800146,RA241105400170,Peer Study,1,Even Sem 2026 - Month 1
EV01971,RA241102800146,RA251102800338,Peer Study,1,Odd Sem 2025 - Midterm
EV01972,RA241102800146,RA251102900332,Peer Study,1,Even Sem 2026 - Month 2
EV01973,RA241102800146,RA251103000284,Technical Club,1,Even Sem 2026 - Month 1
EV01974,RA241102800146,RA261100300500,Lab Collaboration,2,Odd Sem 2025 - Midterm
EV01975,RA241102800146,RA261105600422,Project Team,1,Odd Sem 2025 - Month 2
EV01976,RA241102800153,RA241102900147,Lab Collaboration,1,Odd Sem 2025 - Month 2
EV01977,RA241102800153,RA241105600213,Technical Club,1,Even Sem 2026 - Month 1
EV01978,RA241102800153,RA251102800345,Project Team,1,Odd Sem 2025 - Month 4
EV01979,RA241102800153,RA251103000375,Hackathon Team,1,Even Sem 2026 - Month 2
EV01980,RA241102800153,RA261102700417,Technical Club,1,Odd Sem 2025 - Month 4
EV01981,RA241102800153,RA261105600387,Project Team,1,Odd Sem 2025 - Month 1
EV01982,RA241102800160,RA241102900154,Technical Club,2,Odd Sem 2025 - Month 4
EV01983,RA241102800160,RA241102900238,Hackathon Team,1,Odd Sem 2025 - Month 1
EV01984,RA241102800160,RA251100300364,Lab Collaboration,1,Odd Sem 2025 - Month 1
EV01985,RA241102800160,RA251102700358,Peer Study,3,Even Sem 2026 - Finals
EV01986,RA241102800160,RA251105600356,Lab Collaboration,2,Even Sem 2026 - Month 2
EV01987,RA241102800160,RA261105400442,Lab Collaboration,1,Odd Sem 2025 - Month 2
EV01988,RA241102800160,RA261105600394,Technical Club,1,Odd Sem 2025 - Month 2
EV01989,RA241102800167,RA241102900161,Peer Study,1,Even Sem 2026 - Finals
EV01990,RA241102800167,RA251102900269,Project Team,1,Even Sem 2026 - Month 2
EV01991,RA241102800167,RA261100300395,Hackathon Team,2,Odd Sem 2025 - Month 2
EV01992,RA241102800167,RA261100300479,Lab Collaboration,3,Odd Sem 2025 - Month 4
EV01993,RA241102800167,RA261102700473,Peer Study,3,Even Sem 2026 - Finals
EV01994,RA241102800167,RA261102900419,Project Team,2,Odd Sem 2025 - Month 2
EV01995,RA241102800167,RA261105600457,Technical Club,3,Odd Sem 2025 - Month 2
EV01996,RA241102800174,RA241102900168,Technical Club,1,Odd Sem 2025 - Midterm
EV01997,RA241102800174,RA241105400205,Lab Collaboration,2,Odd Sem 2025 - Month 1
EV01998,RA241102800174,RA241105600150,Hackathon Team,1,Odd Sem 2025 - Month 2
EV01999,RA241102800174,RA251102700330,Project Team,2,Even Sem 2026 - Month 2
EV02000,RA241102800174,RA251102900360,Project Team,1,Even Sem 2026 - Finals
EV02001,RA241102800174,RA251105400264,Hackathon Team,1,Even Sem 2026 - Finals
EV02002,RA241102800174,RA251105400306,Lab Collaboration,1,Odd Sem 2025 - Midterm
EV02003,RA241102800174,RA251105600258,Project Team,1,Odd Sem 2025 - Midterm
EV02004,RA241102800174,RA261103000420,Technical Club,1,Odd Sem 2025 - Midterm
EV02005,RA241102800181,RA241102900175,Peer Study,1,Odd Sem 2025 - Month 4
EV02006,RA241102800181,RA241102900217,Project Team,1,Even Sem 2026 - Finals
EV02007,RA241102800181,RA251102800303,Lab Collaboration,1,Odd Sem 2025 - Month 1
EV02008,RA241102800181,RA251102900367,Hackathon Team,3,Odd Sem 2025 - Midterm
EV02009,RA241102800181,RA261102700445,Hackathon Team,1,Even Sem 2026 - Finals
EV02010,RA241102800181,RA261103000385,Hackathon Team,1,Odd Sem 2025 - Month 4
EV02011,RA241102800181,RA261105400379,Lab Collaboration,1,Odd Sem 2025 - Month 1
EV02012,RA241102800181,RA261105600492,Peer Study,1,Odd Sem 2025 - Midterm
EV02013,RA241102800188,RA241102800230,Project Team,4,Odd Sem 2025 - Month 4
EV02014,RA241102800188,RA241102900182,Project Team,1,Even Sem 2026 - Finals
EV02015,RA241102800188,RA241103000134,Technical Club,1,Odd Sem 2025 - Month 4
EV02016,RA241102800188,RA241105600192,Peer Study,1,Odd Sem 2025 - Month 1
EV02017,RA241102800188,RA251100300308,Peer Study,1,Odd Sem 2025 - Midterm
EV02018,RA241102800188,RA251102700316,Hackathon Team,2,Odd Sem 2025 - Month 1
EV02019,RA241102800188,RA251103000326,Project Team,1,Odd Sem 2025 - Month 4
EV02020,RA241102800188,RA251105400278,Hackathon Team,1,Odd Sem 2025 - Midterm
EV02021,RA241102800188,RA261100300458,Peer Study,1,Even Sem 2026 - Month 1
EV02022,RA241102800188,RA261102900398,Project Team,1,Even Sem 2026 - Month 2
EV02023,RA241102800195,RA241102900189,Hackathon Team,1,Odd Sem 2025 - Month 2
EV02024,RA241102800195,RA251102900339,Lab Collaboration,1,Odd Sem 2025 - Month 4
EV02025,RA241102800195,RA251105600363,Hackathon Team,3,Odd Sem 2025 - Month 4
EV02026,RA241102800195,RA261100300395,Project Team,3,Odd Sem 2025 - Midterm
EV02027,RA241102800195,RA261102900405,Lab Collaboration,3,Odd Sem 2025 - Month 4
EV02028,RA241102800195,RA261102900489,Project Team,3,Odd Sem 2025 - Month 4
EV02029,RA241102800195,RA261103000483,Technical Club,1,Odd Sem 2025 - Month 1
EV02030,RA241102800195,RA261105600429,Peer Study,1,Odd Sem 2025 - Midterm
EV02031,RA241102800195,RA261105600457,Technical Club,2,Even Sem 2026 - Finals
EV02032,RA241102800202,RA241102800237,Peer Study,3,Odd Sem 2025 - Midterm
EV02033,RA241102800202,RA241102900140,Hackathon Team,2,Even Sem 2026 - Month 1
EV02034,RA241102800202,RA241102900154,Project Team,3,Odd Sem 2025 - Month 2
EV02035,RA241102800202,RA241102900196,Peer Study,3,Odd Sem 2025 - Month 4
EV02036,RA241102800202,RA241102900231,Hackathon Team,3,Odd Sem 2025 - Month 2
EV02037,RA241102800202,RA241103000155,Hackathon Team,4,Odd Sem 2025 - Month 4
EV02038,RA241102800202,RA241103000190,Project Team,4,Odd Sem 2025 - Month 4
EV02039,RA241102800202,RA241103000232,Technical Club,4,Even Sem 2026 - Finals
EV02040,RA241102800202,RA241105400212,Hackathon Team,3,Even Sem 2026 - Month 2
EV02041,RA241102800202,RA241105400226,Peer Study,2,Odd Sem 2025 - Midterm
EV02042,RA241102800202,RA241105600129,Peer Study,2,Odd Sem 2025 - Month 1
EV02043,RA241102800202,RA241105600185,Hackathon Team,3,Even Sem 2026 - Month 2
EV02044,RA241102800202,RA241105600220,Technical Club,4,Odd Sem 2025 - Month 4
EV02045,RA241102800202,RA251100300273,Hackathon Team,2,Odd Sem 2025 - Month 2
EV02046,RA241102800202,RA251102800275,Peer Study,3,Even Sem 2026 - Month 1
EV02047,RA241102800202,RA251102800324,Peer Study,2,Odd Sem 2025 - Month 4
EV02048,RA241102800202,RA251102900255,Peer Study,3,Odd Sem 2025 - Month 4
EV02049,RA241102800202,RA251102900346,Hackathon Team,2,Even Sem 2026 - Month 1
EV02050,RA241102800202,RA251102900353,Technical Club,3,Odd Sem 2025 - Month 1
EV02051,RA241102800202,RA251105400306,Technical Club,2,Odd Sem 2025 - Month 4
EV02052,RA241102800202,RA261100300381,Technical Club,2,Odd Sem 2025 - Midterm
EV02053,RA241102800202,RA261100300437,Technical Club,3,Even Sem 2026 - Finals
EV02054,RA241102800202,RA261102700396,Lab Collaboration,3,Odd Sem 2025 - Month 1
EV02055,RA241102800202,RA261102700403,Project Team,2,Odd Sem 2025 - Month 1
EV02056,RA241102800202,RA261102800446,Project Team,2,Odd Sem 2025 - Month 2
EV02057,RA241102800202,RA261102900391,Hackathon Team,2,Odd Sem 2025 - Midterm
EV02058,RA241102800202,RA261102900482,Lab Collaboration,3,Odd Sem 2025 - Month 4
EV02059,RA241102800202,RA261103000441,Technical Club,3,Odd Sem 2025 - Midterm
EV02060,RA241102800202,RA261105600394,Technical Club,9,Even Sem 2026 - Finals
EV02061,RA241102800202,RA261105600436,Hackathon Team,4,Odd Sem 2025 - Month 4
EV02062,RA241102800209,RA241102900203,Peer Study,1,Odd Sem 2025 - Month 1
EV02063,RA241102800209,RA241103000155,Peer Study,1,Odd Sem 2025 - Month 4
EV02064,RA241102800209,RA251100300287,Peer Study,4,Odd Sem 2025 - Month 2
EV02065,RA241102800209,RA251100300329,Peer Study,2,Even Sem 2026 - Finals
EV02066,RA241102800209,RA251102700323,Technical Club,3,Odd Sem 2025 - Month 1
EV02067,RA241102800209,RA251105400299,Project Team,1,Even Sem 2026 - Month 2
EV02068,RA241102800209,RA251105600251,Project Team,2,Odd Sem 2025 - Month 1
EV02069,RA241102800209,RA261100300395,Peer Study,2,Even Sem 2026 - Month 1
EV02070,RA241102800209,RA261100300437,Project Team,2,Odd Sem 2025 - Month 4
EV02071,RA241102800209,RA261102800467,Hackathon Team,1,Odd Sem 2025 - Midterm
EV02072,RA241102800209,RA261105600443,Peer Study,1,Odd Sem 2025 - Midterm
EV02073,RA241102800216,RA241102900210,Lab Collaboration,1,Odd Sem 2025 - Month 2
EV02074,RA241102800216,RA241105600150,Technical Club,1,Odd Sem 2025 - Month 1
EV02075,RA241102800216,RA251100300252,Project Team,2,Even Sem 2026 - Month 2
EV02076,RA241102800216,RA251100300336,Peer Study,1,Odd Sem 2025 - Midterm
EV02077,RA241102800216,RA251102800366,Project Team,2,Odd Sem 2025 - Month 4
EV02078,RA241102800216,RA251102900360,Technical Club,1,Even Sem 2026 - Finals
EV02079,RA241102800216,RA251105600258,Peer Study,1,Odd Sem 2025 - Month 4
EV02080,RA241102800216,RA261102900468,Technical Club,3,Odd Sem 2025 - Midterm
EV02081,RA241102800216,RA261103000462,Technical Club,1,Odd Sem 2025 - Month 1
EV02082,RA241102800223,RA241102900217,Peer Study,1,Even Sem 2026 - Month 2
EV02083,RA241102800223,RA241105600241,Hackathon Team,2,Odd Sem 2025 - Month 2
EV02084,RA241102800223,RA251102700253,Lab Collaboration,1,Even Sem 2026 - Month 2
EV02085,RA241102800223,RA251102700295,Hackathon Team,1,Even Sem 2026 - Month 2
EV02086,RA241102800223,RA251102800254,Lab Collaboration,3,Odd Sem 2025 - Month 4
EV02087,RA241102800223,RA251105400271,Hackathon Team,1,Odd Sem 2025 - Month 1
EV02088,RA241102800223,RA261100300409,Technical Club,1,Even Sem 2026 - Month 2
EV02089,RA241102800223,RA261102700445,Technical Club,1,Odd Sem 2025 - Month 1
EV02090,RA241102800223,RA261105400421,Lab Collaboration,1,Odd Sem 2025 - Month 1
EV02091,RA241102800230,RA241102900224,Lab Collaboration,2,Odd Sem 2025 - Month 1
EV02092,RA241102800230,RA241103000155,Technical Club,2,Even Sem 2026 - Month 1
EV02093,RA241102800230,RA241103000197,Project Team,3,Even Sem 2026 - Finals
EV02094,RA241102800230,RA241105400135,Lab Collaboration,2,Odd Sem 2025 - Month 4
EV02095,RA241102800230,RA251100300329,Peer Study,2,Even Sem 2026 - Month 2
EV02096,RA241102800230,RA251102700372,Project Team,3,Odd Sem 2025 - Month 4
EV02097,RA241102800230,RA251102800254,Lab Collaboration,2,Even Sem 2026 - Month 1
EV02098,RA241102800230,RA251102800296,Peer Study,3,Even Sem 2026 - Month 2
EV02099,RA241102800230,RA251102800338,Lab Collaboration,6,Odd Sem 2025 - Month 1
EV02100,RA241102800230,RA251102900353,Lab Collaboration,3,Even Sem 2026 - Finals
EV02101,RA241102800230,RA251105600265,Project Team,3,Even Sem 2026 - Month 1
EV02102,RA241102800230,RA251105600314,Technical Club,3,Even Sem 2026 - Month 2
EV02103,RA241102800230,RA251105600349,Peer Study,3,Odd Sem 2025 - Month 2
EV02104,RA241102800230,RA251105600370,Peer Study,3,Odd Sem 2025 - Month 4
EV02105,RA241102800230,RA261100300437,Technical Club,4,Odd Sem 2025 - Month 2
EV02106,RA241102800230,RA261102900377,Technical Club,3,Even Sem 2026 - Month 2
EV02107,RA241102800230,RA261103000392,Technical Club,4,Odd Sem 2025 - Month 2
EV02108,RA241102800230,RA261103000406,Hackathon Team,2,Odd Sem 2025 - Month 1
EV02109,RA241102800230,RA261105600422,Technical Club,3,Odd Sem 2025 - Month 4
EV02110,RA241102800230,RA261105600464,Project Team,4,Even Sem 2026 - Month 2
EV02111,RA241102800230,RA261105600471,Lab Collaboration,3,Odd Sem 2025 - Midterm
EV02112,RA241102800230,RA261105600492,Peer Study,3,Even Sem 2026 - Finals
EV02113,RA241102800237,RA241102900231,Technical Club,1,Even Sem 2026 - Month 2
EV02114,RA241102800237,RA241105400135,Hackathon Team,1,Even Sem 2026 - Finals
EV02115,RA241102800237,RA241105600248,Lab Collaboration,2,Odd Sem 2025 - Month 1
EV02116,RA241102800237,RA251102700351,Lab Collaboration,1,Odd Sem 2025 - Month 2
EV02117,RA241102800237,RA251105400327,Project Team,2,Odd Sem 2025 - Midterm
EV02118,RA241102800237,RA261105400449,Lab Collaboration,1,Even Sem 2026 - Finals
EV02119,RA241102800244,RA241102900238,Hackathon Team,1,Odd Sem 2025 - Month 2
EV02120,RA241102800244,RA251102700337,Project Team,1,Odd Sem 2025 - Month 2
EV02121,RA241102800244,RA251103000298,Hackathon Team,1,Even Sem 2026 - Month 1
EV02122,RA241102800244,RA261102800376,Lab Collaboration,1,Odd Sem 2025 - Month 4
EV02123,RA241102800244,RA261102800446,Hackathon Team,3,Even Sem 2026 - Month 1
EV02124,RA241102800244,RA261103000406,Hackathon Team,1,Odd Sem 2025 - Month 2
EV02125,RA241102800244,RA261103000490,Lab Collaboration,1,Odd Sem 2025 - Month 1
EV02126,RA241102800244,RA261105600436,Lab Collaboration,1,Even Sem 2026 - Month 1
EV02127,RA241102900126,RA241105400198,Project Team,1,Even Sem 2026 - Finals
EV02128,RA241102900126,RA241105600192,Project Team,1,Even Sem 2026 - Month 1
EV02129,RA241102900126,RA251102900276,Lab Collaboration,2,Odd Sem 2025 - Month 1
EV02130,RA241102900126,RA251105600258,Lab Collaboration,1,Odd Sem 2025 - Month 2
EV02131,RA241102900133,RA241102900175,Technical Club,1,Even Sem 2026 - Finals
EV02132,RA241102900133,RA241103000127,Project Team,1,Even Sem 2026 - Month 2
EV02133,RA241102900133,RA251102900367,Peer Study,1,Odd Sem 2025 - Month 4
EV02134,RA241102900133,RA261100300388,Technical Club,3,Even Sem 2026 - Month 2
EV02135,RA241102900133,RA261102800481,Project Team,1,Odd Sem 2025 - Month 2
EV02136,RA241102900133,RA261105600415,Lab Collaboration,1,Odd Sem 2025 - Month 2
EV02137,RA241102900140,RA241103000134,Project Team,1,Odd Sem 2025 - Midterm
EV02138,RA241102900140,RA251102800338,Peer Study,1,Even Sem 2026 - Month 2
EV02139,RA241102900140,RA251105600314,Technical Club,1,Odd Sem 2025 - Month 2
EV02140,RA241102900140,RA261100300458,Peer Study,3,Even Sem 2026 - Month 2
EV02141,RA241102900140,RA261102800404,Technical Club,1,Even Sem 2026 - Month 2
EV02142,RA241102900140,RA261102800446,Project Team,2,Even Sem 2026 - Finals
EV02143,RA241102900140,RA261105400400,Hackathon Team,3,Odd Sem 2025 - Month 4
EV02144,RA241102900140,RA261105400456,Technical Club,1,Even Sem 2026 - Month 1
EV02145,RA241102900147,RA241105400135,Peer Study,2,Odd Sem 2025 - Month 1
EV02146,RA241102900147,RA241105600129,Project Team,1,Odd Sem 2025 - Month 4
EV02147,RA241102900147,RA261102800411,Technical Club,1,Odd Sem 2025 - Midterm
EV02148,RA241102900147,RA261103000483,Lab Collaboration,3,Odd Sem 2025 - Month 1
EV02149,RA241102900147,RA261105400393,Hackathon Team,1,Even Sem 2026 - Month 2
EV02150,RA241102900154,RA241102900217,Project Team,3,Even Sem 2026 - Month 1
EV02151,RA241102900154,RA241103000148,Project Team,4,Odd Sem 2025 - Midterm
EV02152,RA241102900154,RA241105400191,Technical Club,2,Even Sem 2026 - Month 1
EV02153,RA241102900154,RA251102700316,Hackathon Team,3,Even Sem 2026 - Month 1
EV02154,RA241102900154,RA251102700358,Technical Club,2,Odd Sem 2025 - Month 4
EV02155,RA241102900154,RA251102800296,Hackathon Team,2,Even Sem 2026 - Month 1
EV02156,RA241102900154,RA251102800310,Peer Study,2,Odd Sem 2025 - Month 1
EV02157,RA241102900154,RA251102900353,Project Team,2,Odd Sem 2025 - Month 1
EV02158,RA241102900154,RA251103000270,Technical Club,2,Even Sem 2026 - Month 1
EV02159,RA241102900154,RA251103000347,Technical Club,2,Odd Sem 2025 - Month 4
EV02160,RA241102900154,RA251105400334,Peer Study,2,Even Sem 2026 - Month 1
EV02161,RA241102900154,RA251105400355,Hackathon Team,2,Odd Sem 2025 - Month 1
EV02162,RA241102900154,RA251105600370,Technical Club,5,Even Sem 2026 - Finals
EV02163,RA241102900154,RA261100300381,Technical Club,4,Even Sem 2026 - Month 2
EV02164,RA241102900154,RA261102800404,Technical Club,2,Even Sem 2026 - Month 2
EV02165,RA241102900154,RA261102800495,Peer Study,2,Even Sem 2026 - Finals
EV02166,RA241102900154,RA261102900391,Peer Study,4,Even Sem 2026 - Month 2
EV02167,RA241102900154,RA261103000399,Lab Collaboration,3,Even Sem 2026 - Month 2
EV02168,RA241102900154,RA261103000441,Peer Study,4,Even Sem 2026 - Finals
EV02169,RA241102900154,RA261105400400,Peer Study,3,Odd Sem 2025 - Month 1
EV02170,RA241102900154,RA261105400435,Lab Collaboration,3,Odd Sem 2025 - Midterm
EV02171,RA241102900154,RA261105600415,Lab Collaboration,2,Odd Sem 2025 - Month 4
EV02172,RA241102900154,RA261105600436,Hackathon Team,5,Odd Sem 2025 - Month 2
EV02173,RA241102900161,RA241103000155,Peer Study,1,Odd Sem 2025 - Midterm
EV02174,RA241102900161,RA251102700365,Project Team,1,Odd Sem 2025 - Month 4
EV02175,RA241102900161,RA251103000305,Project Team,1,Odd Sem 2025 - Month 4
EV02176,RA241102900161,RA261100300437,Project Team,2,Odd Sem 2025 - Month 1
EV02177,RA241102900161,RA261102700473,Project Team,1,Odd Sem 2025 - Month 2
EV02178,RA241102900161,RA261105400449,Lab Collaboration,1,Odd Sem 2025 - Month 1
EV02179,RA241102900168,RA241103000162,Lab Collaboration,1,Odd Sem 2025 - Month 1
EV02180,RA241102900168,RA241103000204,Peer Study,2,Odd Sem 2025 - Month 2
EV02181,RA241102900168,RA251102700330,Lab Collaboration,1,Odd Sem 2025 - Month 2
EV02182,RA241102900168,RA251102800366,Lab Collaboration,2,Even Sem 2026 - Finals
EV02183,RA241102900168,RA251103000354,Hackathon Team,1,Even Sem 2026 - Finals
EV02184,RA241102900168,RA261105600450,Peer Study,3,Odd Sem 2025 - Month 1
EV02185,RA241102900175,RA241103000169,Technical Club,1,Odd Sem 2025 - Month 4
EV02186,RA241102900175,RA251102800331,Peer Study,1,Even Sem 2026 - Month 1
EV02187,RA241102900175,RA251103000277,Lab Collaboration,1,Odd Sem 2025 - Month 4
EV02188,RA241102900175,RA251105600265,Peer Study,1,Odd Sem 2025 - Month 4
EV02189,RA241102900175,RA261100300409,Technical Club,3,Even Sem 2026 - Finals
EV02190,RA241102900175,RA261102800397,Technical Club,1,Odd Sem 2025 - Month 4
EV02191,RA241102900175,RA261103000455,Project Team,1,Odd Sem 2025 - Month 1
EV02192,RA241102900175,RA261105400379,Hackathon Team,1,Even Sem 2026 - Month 1
EV02193,RA241102900175,RA261105600457,Project Team,2,Odd Sem 2025 - Midterm
EV02194,RA241102900182,RA241102900224,Project Team,2,Odd Sem 2025 - Month 2
EV02195,RA241102900182,RA241103000176,Lab Collaboration,2,Odd Sem 2025 - Month 4
EV02196,RA241102900182,RA241105400128,Project Team,1,Odd Sem 2025 - Month 1
EV02197,RA241102900182,RA241105600164,Lab Collaboration,2,Even Sem 2026 - Finals
EV02198,RA241102900182,RA241105600248,Technical Club,1,Even Sem 2026 - Month 2
EV02199,RA241102900182,RA251100300266,Technical Club,1,Odd Sem 2025 - Midterm
EV02200,RA241102900182,RA251105400362,Hackathon Team,1,Odd Sem 2025 - Month 1
EV02201,RA241102900182,RA261100300416,Lab Collaboration,1,Even Sem 2026 - Month 1
EV02202,RA241102900182,RA261103000392,Hackathon Team,1,Even Sem 2026 - Month 1
EV02203,RA241102900189,RA241103000183,Technical Club,2,Odd Sem 2025 - Midterm
EV02204,RA241102900189,RA241105400177,Project Team,1,Odd Sem 2025 - Month 2
EV02205,RA241102900189,RA241105400205,Peer Study,4,Odd Sem 2025 - Month 2
EV02206,RA241102900189,RA251102800261,Technical Club,1,Even Sem 2026 - Month 2
EV02207,RA241102900189,RA251105600321,Technical Club,1,Even Sem 2026 - Month 2
EV02208,RA241102900189,RA261102800446,Project Team,4,Even Sem 2026 - Month 2
EV02209,RA241102900189,RA261105600457,Hackathon Team,2,Odd Sem 2025 - Month 1
EV02210,RA241102900196,RA241103000190,Project Team,1,Odd Sem 2025 - Month 1
EV02211,RA241102900196,RA251100300294,Hackathon Team,1,Odd Sem 2025 - Month 2
EV02212,RA241102900196,RA251102900262,Project Team,1,Odd Sem 2025 - Month 2
EV02213,RA241102900196,RA251102900304,Hackathon Team,1,Odd Sem 2025 - Month 1
EV02214,RA241102900196,RA261102700382,Project Team,3,Odd Sem 2025 - Month 1
EV02215,RA241102900196,RA261105600394,Peer Study,1,Even Sem 2026 - Finals
EV02216,RA241102900203,RA241103000197,Hackathon Team,2,Odd Sem 2025 - Midterm
EV02217,RA241102900203,RA241105600143,Hackathon Team,2,Odd Sem 2025 - Midterm
EV02218,RA241102900203,RA251100300371,Project Team,1,Odd Sem 2025 - Midterm
EV02219,RA241102900203,RA251103000263,Project Team,1,Odd Sem 2025 - Month 2
EV02220,RA241102900203,RA251105600251,Peer Study,2,Even Sem 2026 - Finals
EV02221,RA241102900203,RA251105600356,Project Team,3,Odd Sem 2025 - Month 4
EV02222,RA241102900203,RA261102700389,Hackathon Team,1,Even Sem 2026 - Month 1
EV02223,RA241102900203,RA261102900419,Project Team,1,Odd Sem 2025 - Month 4
EV02224,RA241102900210,RA241103000204,Hackathon Team,1,Even Sem 2026 - Finals
EV02225,RA241102900210,RA241103000246,Hackathon Team,1,Odd Sem 2025 - Month 2
EV02226,RA241102900210,RA241105600234,Peer Study,2,Even Sem 2026 - Month 2
EV02227,RA241102900210,RA251102800282,Project Team,1,Odd Sem 2025 - Month 1
EV02228,RA241102900210,RA251102900276,Project Team,2,Even Sem 2026 - Month 2
EV02229,RA241102900210,RA251105600258,Hackathon Team,1,Odd Sem 2025 - Month 2
EV02230,RA241102900210,RA261100300402,Technical Club,1,Even Sem 2026 - Month 1
EV02231,RA241102900210,RA261102700396,Hackathon Team,1,Even Sem 2026 - Month 1
EV02232,RA241102900210,RA261102700438,Lab Collaboration,1,Odd Sem 2025 - Midterm
EV02233,RA241102900210,RA261102800432,Peer Study,1,Even Sem 2026 - Month 1
EV02234,RA241102900210,RA261102900384,Peer Study,1,Odd Sem 2025 - Month 4
EV02235,RA241102900210,RA261102900468,Project Team,1,Even Sem 2026 - Month 2
EV02236,RA241102900210,RA261103000420,Technical Club,1,Even Sem 2026 - Finals
EV02237,RA241102900210,RA261105400456,Technical Club,1,Odd Sem 2025 - Month 2
EV02238,RA241102900210,RA261105600492,Lab Collaboration,1,Even Sem 2026 - Finals
EV02239,RA241102900217,RA241105400205,Hackathon Team,3,Odd Sem 2025 - Month 2
EV02240,RA241102900217,RA251102700337,Lab Collaboration,1,Even Sem 2026 - Month 1
EV02241,RA241102900217,RA251102800254,Project Team,2,Even Sem 2026 - Finals
EV02242,RA241102900217,RA251102800331,Project Team,1,Odd Sem 2025 - Midterm
EV02243,RA241102900217,RA251102900283,Project Team,1,Even Sem 2026 - Month 1
EV02244,RA241102900217,RA251103000298,Project Team,1,Even Sem 2026 - Month 2
EV02245,RA241102900217,RA251105400313,Hackathon Team,1,Even Sem 2026 - Finals
EV02246,RA241102900217,RA251105600265,Lab Collaboration,1,Even Sem 2026 - Month 1
EV02247,RA241102900217,RA251105600349,Project Team,1,Odd Sem 2025 - Month 4
EV02248,RA241102900217,RA261100300451,Hackathon Team,4,Odd Sem 2025 - Month 1
EV02249,RA241102900217,RA261102700445,Technical Club,2,Odd Sem 2025 - Month 2
EV02250,RA241102900217,RA261102800397,Technical Club,1,Odd Sem 2025 - Month 1
EV02251,RA241102900217,RA261102900391,Project Team,1,Even Sem 2026 - Month 1
EV02252,RA241102900217,RA261102900433,Technical Club,1,Even Sem 2026 - Month 2
EV02253,RA241102900224,RA241103000183,Peer Study,1,Odd Sem 2025 - Month 2
EV02254,RA241102900224,RA241103000218,Technical Club,1,Even Sem 2026 - Finals
EV02255,RA241102900224,RA241105400212,Peer Study,1,Odd Sem 2025 - Month 4
EV02256,RA241102900224,RA251100300308,Lab Collaboration,1,Even Sem 2026 - Month 1
EV02257,RA241102900224,RA251102900332,Peer Study,1,Odd Sem 2025 - Month 4
EV02258,RA241102900224,RA251105400362,Technical Club,3,Odd Sem 2025 - Month 4
EV02259,RA241102900224,RA251105600314,Peer Study,1,Even Sem 2026 - Month 1
EV02260,RA241102900231,RA241103000225,Peer Study,1,Odd Sem 2025 - Month 4
EV02261,RA241102900231,RA241105600129,Project Team,1,Odd Sem 2025 - Month 2
EV02262,RA241102900231,RA241105600171,Lab Collaboration,1,Odd Sem 2025 - Month 2
EV02263,RA241102900231,RA251102800254,Project Team,2,Even Sem 2026 - Month 1
EV02264,RA241102900231,RA251102900255,Project Team,1,Odd Sem 2025 - Midterm
EV02265,RA241102900231,RA261102800453,Hackathon Team,1,Even Sem 2026 - Month 1
EV02266,RA241102900231,RA261103000441,Project Team,2,Odd Sem 2025 - Month 1
EV02267,RA241102900231,RA261105600387,Lab Collaboration,1,Odd Sem 2025 - Month 2
EV02268,RA241102900238,RA241103000232,Hackathon Team,1,Even Sem 2026 - Month 1
EV02269,RA241102900238,RA241105400184,Project Team,4,Odd Sem 2025 - Month 2
EV02270,RA241102900238,RA251102800268,Lab Collaboration,2,Odd Sem 2025 - Midterm
EV02271,RA241102900238,RA251103000256,Peer Study,1,Even Sem 2026 - Month 2
EV02272,RA241102900238,RA251103000298,Project Team,1,Odd Sem 2025 - Month 2
EV02273,RA241102900238,RA251103000340,Lab Collaboration,3,Even Sem 2026 - Finals
EV02274,RA241102900238,RA251105600370,Peer Study,2,Odd Sem 2025 - Month 1
EV02275,RA241102900238,RA261102700424,Technical Club,1,Even Sem 2026 - Month 2
EV02276,RA241102900238,RA261103000434,Technical Club,1,Even Sem 2026 - Month 2
EV02277,RA241102900238,RA261103000448,Project Team,1,Even Sem 2026 - Month 2
EV02278,RA241102900238,RA261105400442,Peer Study,1,Odd Sem 2025 - Midterm
EV02279,RA241102900245,RA241103000239,Project Team,1,Even Sem 2026 - Month 1
EV02280,RA241102900245,RA241105400233,Technical Club,1,Odd Sem 2025 - Midterm
EV02281,RA241102900245,RA251100300273,Project Team,1,Even Sem 2026 - Month 1
EV02282,RA241102900245,RA251100300287,Lab Collaboration,2,Odd Sem 2025 - Month 1
EV02283,RA241102900245,RA251105600251,Hackathon Team,1,Odd Sem 2025 - Month 1
EV02284,RA241102900245,RA261100300479,Lab Collaboration,1,Even Sem 2026 - Month 1
EV02285,RA241102900245,RA261102900377,Peer Study,2,Odd Sem 2025 - Month 4
EV02286,RA241102900245,RA261103000413,Lab Collaboration,1,Odd Sem 2025 - Midterm
EV02287,RA241102900245,RA261103000455,Lab Collaboration,1,Even Sem 2026 - Month 2
EV02288,RA241103000127,RA241105400205,Lab Collaboration,4,Even Sem 2026 - Finals
EV02289,RA241103000127,RA241105400247,Hackathon Team,1,Odd Sem 2025 - Month 4
EV02290,RA241103000127,RA251102800331,Lab Collaboration,1,Odd Sem 2025 - Month 1
EV02291,RA241103000127,RA251102900283,Project Team,2,Even Sem 2026 - Finals
EV02292,RA241103000127,RA251105600258,Technical Club,1,Odd Sem 2025 - Month 4
EV02293,RA241103000127,RA261103000427,Peer Study,1,Odd Sem 2025 - Month 2
EV02294,RA241103000127,RA261105600415,Lab Collaboration,1,Odd Sem 2025 - Midterm
EV02295,RA241103000127,RA261105600499,Peer Study,3,Even Sem 2026 - Month 2
EV02296,RA241103000134,RA241103000176,Project Team,1,Odd Sem 2025 - Month 2
EV02297,RA241103000134,RA241105400128,Project Team,1,Odd Sem 2025 - Month 2
EV02298,RA241103000134,RA241105600248,Hackathon Team,1,Even Sem 2026 - Month 1
EV02299,RA241103000134,RA251100300315,Lab Collaboration,1,Odd Sem 2025 - Month 4
EV02300,RA241103000134,RA251102700260,Hackathon Team,1,Even Sem 2026 - Month 2
EV02301,RA241103000134,RA251102900374,Lab Collaboration,1,Odd Sem 2025 - Month 2
EV02302,RA241103000134,RA251105400292,Peer Study,3,Even Sem 2026 - Finals
EV02303,RA241103000134,RA261103000434,Technical Club,1,Odd Sem 2025 - Month 4
EV02304,RA241103000134,RA261105400400,Peer Study,2,Odd Sem 2025 - Month 2
EV02305,RA241103000148,RA241105400142,Technical Club,1,Odd Sem 2025 - Month 1
EV02306,RA241103000148,RA241105400226,Project Team,1,Odd Sem 2025 - Month 1
EV02307,RA241103000148,RA241105600164,Peer Study,1,Odd Sem 2025 - Month 2
EV02308,RA241103000148,RA251100300364,Lab Collaboration,2,Even Sem 2026 - Month 2
EV02309,RA241103000148,RA251102800310,Technical Club,1,Odd Sem 2025 - Midterm
EV02310,RA241103000148,RA251103000298,Hackathon Team,1,Odd Sem 2025 - Midterm
EV02311,RA241103000148,RA261100300430,Project Team,2,Odd Sem 2025 - Month 4
EV02312,RA241103000148,RA261102800446,Technical Club,5,Odd Sem 2025 - Month 4
EV02313,RA241103000148,RA261103000406,Technical Club,1,Odd Sem 2025 - Midterm
EV02314,RA241103000148,RA261103000448,Project Team,2,Even Sem 2026 - Month 2
EV02315,RA241103000148,RA261103000490,Hackathon Team,1,Even Sem 2026 - Finals
EV02316,RA241103000148,RA261105400400,Hackathon Team,3,Odd Sem 2025 - Month 2
EV02317,RA241103000148,RA261105400484,Technical Club,4,Odd Sem 2025 - Midterm
EV02318,RA241103000155,RA241103000239,Technical Club,2,Odd Sem 2025 - Month 2
EV02319,RA241103000155,RA241105400149,Lab Collaboration,1,Even Sem 2026 - Month 1
EV02320,RA241103000155,RA241105600143,Lab Collaboration,1,Odd Sem 2025 - Month 1
EV02321,RA241103000155,RA261100300381,Peer Study,1,Even Sem 2026 - Month 2
EV02322,RA241103000155,RA261100300388,Project Team,3,Odd Sem 2025 - Month 1
EV02323,RA241103000155,RA261103000455,Hackathon Team,2,Odd Sem 2025 - Month 4
EV02324,RA241103000162,RA241103000204,Technical Club,1,Even Sem 2026 - Month 1
EV02325,RA241103000162,RA241105400156,Peer Study,1,Odd Sem 2025 - Midterm
EV02326,RA241103000162,RA241105600150,Technical Club,1,Odd Sem 2025 - Midterm
EV02327,RA241103000162,RA251102800324,Project Team,1,Odd Sem 2025 - Month 4
EV02328,RA241103000162,RA251103000270,Peer Study,2,Even Sem 2026 - Month 1
EV02329,RA241103000162,RA251105400348,Technical Club,1,Odd Sem 2025 - Month 4
EV02330,RA241103000162,RA251105600258,Peer Study,2,Odd Sem 2025 - Month 1
EV02331,RA241103000162,RA261102800432,Technical Club,1,Odd Sem 2025 - Month 1
EV02332,RA241103000169,RA241105400163,Lab Collaboration,1,Even Sem 2026 - Finals
EV02333,RA241103000169,RA241105600241,Technical Club,1,Even Sem 2026 - Finals
EV02334,RA241103000169,RA251102700295,Project Team,1,Odd Sem 2025 - Month 1
EV02335,RA241103000169,RA251102700316,Hackathon Team,9,Odd Sem 2025 - Month 2
EV02336,RA241103000169,RA251105600356,Hackathon Team,2,Odd Sem 2025 - Midterm
EV02337,RA241103000169,RA261100300409,Lab Collaboration,2,Even Sem 2026 - Finals
EV02338,RA241103000169,RA261100300451,Lab Collaboration,1,Odd Sem 2025 - Month 1
EV02339,RA241103000169,RA261102800390,Peer Study,1,Odd Sem 2025 - Month 4
EV02340,RA241103000169,RA261102800481,Hackathon Team,1,Odd Sem 2025 - Month 2
EV02341,RA241103000169,RA261102900475,Technical Club,1,Odd Sem 2025 - Month 2
EV02342,RA241103000169,RA261103000427,Hackathon Team,1,Odd Sem 2025 - Midterm
EV02343,RA241103000169,RA261105400463,Technical Club,1,Even Sem 2026 - Finals
EV02344,RA241103000169,RA261105600415,Hackathon Team,2,Even Sem 2026 - Month 1
EV02345,RA241103000176,RA241105400170,Lab Collaboration,1,Odd Sem 2025 - Month 2
EV02346,RA241103000176,RA241105600248,Hackathon Team,1,Odd Sem 2025 - Month 2
EV02347,RA241103000176,RA251102800296,Technical Club,2,Odd Sem 2025 - Month 4
EV02348,RA241103000176,RA261100300395,Peer Study,3,Odd Sem 2025 - Month 4
EV02349,RA241103000176,RA261102700410,Project Team,1,Odd Sem 2025 - Month 1
EV02350,RA241103000176,RA261102800446,Peer Study,3,Odd Sem 2025 - Midterm
EV02351,RA241103000183,RA241105400177,Peer Study,1,Even Sem 2026 - Finals
EV02352,RA241103000183,RA241105400184,Lab Collaboration,3,Odd Sem 2025 - Midterm
EV02353,RA241103000183,RA251100300315,Peer Study,1,Odd Sem 2025 - Month 4
EV02354,RA241103000183,RA251102900297,Technical Club,1,Odd Sem 2025 - Midterm
EV02355,RA241103000183,RA251103000333,Peer Study,1,Even Sem 2026 - Finals
EV02356,RA241103000183,RA261102800495,Project Team,1,Odd Sem 2025 - Midterm
EV02357,RA241103000183,RA261103000483,Lab Collaboration,1,Odd Sem 2025 - Month 2
EV02358,RA241103000183,RA261105400463,Peer Study,3,Even Sem 2026 - Month 2
EV02359,RA241103000190,RA241105400184,Lab Collaboration,4,Odd Sem 2025 - Midterm
EV02360,RA241103000190,RA251102900346,Peer Study,1,Even Sem 2026 - Finals
EV02361,RA241103000190,RA251103000256,Technical Club,1,Even Sem 2026 - Month 2
EV02362,RA241103000190,RA251105400334,Project Team,4,Odd Sem 2025 - Month 1
EV02363,RA241103000190,RA261100300388,Technical Club,3,Odd Sem 2025 - Midterm
EV02364,RA241103000190,RA261100300423,Lab Collaboration,4,Odd Sem 2025 - Month 4
EV02365,RA241103000190,RA261102700424,Hackathon Team,1,Odd Sem 2025 - Month 4
EV02366,RA241103000197,RA241105400163,Lab Collaboration,1,Odd Sem 2025 - Midterm
EV02367,RA241103000197,RA241105400191,Lab Collaboration,1,Odd Sem 2025 - Midterm
EV02368,RA241103000197,RA241105400205,Project Team,3,Even Sem 2026 - Month 1
EV02369,RA241103000197,RA251102800317,Peer Study,1,Odd Sem 2025 - Month 1
EV02370,RA241103000197,RA251103000263,Peer Study,1,Even Sem 2026 - Month 1
EV02371,RA241103000197,RA261100300479,Technical Club,1,Even Sem 2026 - Finals
EV02372,RA241103000197,RA261103000455,Lab Collaboration,4,Odd Sem 2025 - Midterm
EV02373,RA241103000197,RA261105600443,Project Team,1,Even Sem 2026 - Month 2
EV02374,RA241103000197,RA261105600457,Project Team,3,Even Sem 2026 - Finals
EV02375,RA241103000197,RA261105600485,Peer Study,1,Odd Sem 2025 - Month 4
EV02376,RA241103000204,RA241105400198,Technical Club,1,Even Sem 2026 - Month 1
EV02377,RA241103000204,RA241105400226,Technical Club,1,Odd Sem 2025 - Month 1
EV02378,RA241103000204,RA241105600192,Peer Study,1,Odd Sem 2025 - Month 2
EV02379,RA241103000204,RA251100300252,Technical Club,1,Odd Sem 2025 - Month 4
EV02380,RA241103000204,RA251103000312,Lab Collaboration,1,Even Sem 2026 - Month 1
EV02381,RA241103000204,RA251105400306,Lab Collaboration,3,Odd Sem 2025 - Month 1
EV02382,RA241103000204,RA251105600300,Technical Club,1,Even Sem 2026 - Finals
EV02383,RA241103000204,RA251105600356,Lab Collaboration,3,Odd Sem 2025 - Month 4
EV02384,RA241103000204,RA261100300486,Hackathon Team,2,Even Sem 2026 - Month 1
EV02385,RA241103000204,RA261102800432,Technical Club,2,Even Sem 2026 - Month 1
EV02386,RA241103000204,RA261102800439,Hackathon Team,1,Odd Sem 2025 - Month 1
EV02387,RA241103000204,RA261103000420,Hackathon Team,2,Even Sem 2026 - Finals
EV02388,RA241103000218,RA241105400212,Lab Collaboration,1,Odd Sem 2025 - Month 4
EV02389,RA241103000218,RA241105600206,Project Team,1,Even Sem 2026 - Finals
EV02390,RA241103000218,RA251105600314,Hackathon Team,1,Odd Sem 2025 - Midterm
EV02391,RA241103000218,RA261100300388,Lab Collaboration,2,Odd Sem 2025 - Month 4
EV02392,RA241103000218,RA261103000476,Project Team,1,Odd Sem 2025 - Month 2
EV02393,RA241103000218,RA261105400470,Hackathon Team,2,Odd Sem 2025 - Midterm
EV02394,RA241103000218,RA261105600387,Hackathon Team,2,Even Sem 2026 - Finals
EV02395,RA241103000225,RA241103000239,Lab Collaboration,1,Even Sem 2026 - Month 2
EV02396,RA241103000225,RA241105400219,Project Team,1,Odd Sem 2025 - Month 4
EV02397,RA241103000225,RA241105600129,Lab Collaboration,2,Odd Sem 2025 - Midterm
EV02398,RA241103000225,RA251102700309,Lab Collaboration,2,Odd Sem 2025 - Month 4
EV02399,RA241103000225,RA251102900339,Technical Club,1,Odd Sem 2025 - Month 4
EV02400,RA241103000225,RA251105400327,Project Team,3,Odd Sem 2025 - Midterm
EV02401,RA241103000225,RA251105600321,Lab Collaboration,1,Odd Sem 2025 - Month 4
EV02402,RA241103000225,RA261100300423,Technical Club,2,Odd Sem 2025 - Month 1
EV02403,RA241103000225,RA261100300472,Project Team,1,Even Sem 2026 - Finals
EV02404,RA241103000232,RA241105400226,Project Team,1,Odd Sem 2025 - Month 2
EV02405,RA241103000232,RA251102700274,Technical Club,1,Odd Sem 2025 - Midterm
EV02406,RA241103000232,RA251102700358,Project Team,1,Odd Sem 2025 - Month 2
EV02407,RA241103000232,RA251102800303,Project Team,1,Odd Sem 2025 - Month 2
EV02408,RA241103000232,RA251105600356,Hackathon Team,3,Even Sem 2026 - Finals
EV02409,RA241103000232,RA261100300423,Technical Club,3,Even Sem 2026 - Month 1
EV02410,RA241103000232,RA261103000490,Peer Study,1,Odd Sem 2025 - Month 2
EV02411,RA241103000239,RA241105400233,Lab Collaboration,1,Even Sem 2026 - Month 1
EV02412,RA241103000239,RA251105600335,Peer Study,1,Even Sem 2026 - Month 2
EV02413,RA241103000239,RA261100300388,Peer Study,4,Even Sem 2026 - Month 2
EV02414,RA241103000239,RA261100300437,Peer Study,4,Even Sem 2026 - Month 1
EV02415,RA241103000239,RA261100300479,Lab Collaboration,1,Odd Sem 2025 - Month 1
EV02416,RA241103000239,RA261102700389,Peer Study,3,Odd Sem 2025 - Month 2
EV02417,RA241103000239,RA261102800425,Hackathon Team,1,Odd Sem 2025 - Midterm
EV02418,RA241103000246,RA241105400240,Hackathon Team,1,Odd Sem 2025 - Midterm
EV02419,RA241103000246,RA251100300252,Project Team,1,Even Sem 2026 - Month 2
EV02420,RA241103000246,RA251102700372,Lab Collaboration,1,Odd Sem 2025 - Month 2
EV02421,RA241103000246,RA251102800282,Hackathon Team,3,Odd Sem 2025 - Month 4
EV02422,RA241103000246,RA251103000312,Lab Collaboration,1,Odd Sem 2025 - Month 2
EV02423,RA241103000246,RA251105600300,Peer Study,1,Even Sem 2026 - Month 2
EV02424,RA241103000246,RA251105600342,Project Team,1,Odd Sem 2025 - Month 1
EV02425,RA241103000246,RA261102900468,Peer Study,1,Odd Sem 2025 - Midterm
EV02426,RA241103000246,RA261103000441,Hackathon Team,2,Even Sem 2026 - Finals
EV02427,RA241103000246,RA261105600450,Lab Collaboration,1,Odd Sem 2025 - Month 1
EV02428,RA241105400128,RA251100300350,Peer Study,2,Even Sem 2026 - Month 2
EV02429,RA241105400128,RA251102900332,Lab Collaboration,2,Even Sem 2026 - Month 1
EV02430,RA241105400128,RA251105600356,Peer Study,4,Even Sem 2026 - Month 2
EV02431,RA241105400128,RA261100300416,Lab Collaboration,1,Odd Sem 2025 - Midterm
EV02432,RA241105400128,RA261102700410,Lab Collaboration,1,Even Sem 2026 - Finals
EV02433,RA241105400128,RA261102800404,Project Team,1,Odd Sem 2025 - Month 2
EV02434,RA241105400128,RA261102900398,Project Team,1,Odd Sem 2025 - Midterm
EV02435,RA241105400135,RA241105600129,Project Team,1,Even Sem 2026 - Finals
EV02436,RA241105400135,RA241105600136,Hackathon Team,1,Odd Sem 2025 - Month 1
EV02437,RA241105400135,RA241105600171,Technical Club,1,Even Sem 2026 - Finals
EV02438,RA241105400135,RA251100300273,Peer Study,1,Odd Sem 2025 - Month 2
EV02439,RA241105400135,RA251102700309,Technical Club,3,Odd Sem 2025 - Midterm
EV02440,RA241105400135,RA251105600363,Project Team,1,Even Sem 2026 - Month 1
EV02441,RA241105400135,RA261100300465,Peer Study,1,Odd Sem 2025 - Midterm
EV02442,RA241105400135,RA261102700417,Technical Club,1,Odd Sem 2025 - Month 2
EV02443,RA241105400135,RA261102800446,Technical Club,3,Even Sem 2026 - Finals
EV02444,RA241105400135,RA261102900405,Project Team,3,Even Sem 2026 - Finals
EV02445,RA241105400135,RA261105400477,Hackathon Team,1,Odd Sem 2025 - Month 2
EV02446,RA241105400142,RA241105600136,Hackathon Team,2,Odd Sem 2025 - Month 1
EV02447,RA241105400142,RA251100300364,Peer Study,2,Even Sem 2026 - Month 1
EV02448,RA241105400142,RA251102900304,Lab Collaboration,1,Even Sem 2026 - Month 1
EV02449,RA241105400142,RA251103000298,Hackathon Team,1,Odd Sem 2025 - Month 4
EV02450,RA241105400142,RA251105400334,Peer Study,3,Odd Sem 2025 - Month 1
EV02451,RA241105400142,RA261100300388,Project Team,2,Odd Sem 2025 - Midterm
EV02452,RA241105400142,RA261100300430,Peer Study,1,Odd Sem 2025 - Month 4
EV02453,RA241105400142,RA261102700382,Hackathon Team,3,Odd Sem 2025 - Midterm
EV02454,RA241105400142,RA261105600457,Lab Collaboration,3,Odd Sem 2025 - Month 1
EV02455,RA241105400149,RA241105600143,Hackathon Team,1,Odd Sem 2025 - Month 2
EV02456,RA241105400149,RA251102800275,Lab Collaboration,1,Even Sem 2026 - Month 1
EV02457,RA241105400149,RA251105400313,Lab Collaboration,2,Odd Sem 2025 - Month 4
EV02458,RA241105400149,RA251105400341,Project Team,2,Odd Sem 2025 - Month 2
EV02459,RA241105400149,RA251105600251,Technical Club,1,Odd Sem 2025 - Month 1
EV02460,RA241105400149,RA251105600293,Project Team,1,Even Sem 2026 - Finals
EV02461,RA241105400149,RA261102800467,Peer Study,1,Odd Sem 2025 - Midterm
EV02462,RA241105400149,RA261102900419,Lab Collaboration,2,Even Sem 2026 - Month 1
EV02463,RA241105400149,RA261105600401,Peer Study,1,Odd Sem 2025 - Month 2
EV02464,RA241105400156,RA241105600150,Technical Club,1,Even Sem 2026 - Finals
EV02465,RA241105400156,RA251102700288,Hackathon Team,1,Even Sem 2026 - Month 2
EV02466,RA241105400156,RA251102800282,Lab Collaboration,1,Odd Sem 2025 - Midterm
EV02467,RA241105400156,RA251102900318,Lab Collaboration,1,Odd Sem 2025 - Month 1
EV02468,RA241105400156,RA251103000270,Hackathon Team,2,Odd Sem 2025 - Month 2
EV02469,RA241105400156,RA261100300444,Peer Study,1,Even Sem 2026 - Finals
EV02470,RA241105400156,RA261102800390,Project Team,1,Odd Sem 2025 - Midterm
EV02471,RA241105400156,RA261105400414,Peer Study,1,Odd Sem 2025 - Month 4
EV02472,RA241105400163,RA241105600157,Project Team,1,Odd Sem 2025 - Month 1
EV02473,RA241105400163,RA251100300343,Project Team,1,Odd Sem 2025 - Month 2
EV02474,RA241105400163,RA251102700337,Peer Study,1,Odd Sem 2025 - Month 2
EV02475,RA241105400163,RA251102800289,Peer Study,1,Even Sem 2026 - Month 2
EV02476,RA241105400163,RA251102800373,Hackathon Team,1,Odd Sem 2025 - Month 2
EV02477,RA241105400163,RA251102900367,Lab Collaboration,2,Odd Sem 2025 - Month 2
EV02478,RA241105400163,RA251105400313,Project Team,1,Odd Sem 2025 - Month 4
EV02479,RA241105400163,RA261100300395,Technical Club,3,Odd Sem 2025 - Midterm
EV02480,RA241105400163,RA261100300493,Hackathon Team,1,Even Sem 2026 - Month 2
EV02481,RA241105400170,RA241105400184,Peer Study,2,Even Sem 2026 - Finals
EV02482,RA241105400170,RA241105400212,Lab Collaboration,1,Odd Sem 2025 - Midterm
EV02483,RA241105400170,RA241105600164,Technical Club,1,Even Sem 2026 - Month 1
EV02484,RA241105400170,RA241105600248,Technical Club,1,Even Sem 2026 - Month 2
EV02485,RA241105400170,RA261102700473,Project Team,1,Odd Sem 2025 - Month 1
EV02486,RA241105400170,RA261102800404,Peer Study,3,Odd Sem 2025 - Month 1
EV02487,RA241105400170,RA261102900482,Technical Club,1,Even Sem 2026 - Month 1
EV02488,RA241105400170,RA261105400428,Lab Collaboration,1,Odd Sem 2025 - Month 1
EV02489,RA241105400177,RA241105600129,Peer Study,1,Even Sem 2026 - Month 1
EV02490,RA241105400177,RA241105600171,Peer Study,1,Odd Sem 2025 - Month 1
EV02491,RA241105400177,RA251105400369,Peer Study,1,Even Sem 2026 - Month 1
EV02492,RA241105400177,RA261103000441,Hackathon Team,2,Even Sem 2026 - Month 2
EV02493,RA241105400184,RA241105400198,Hackathon Team,2,Even Sem 2026 - Month 1
EV02494,RA241105400184,RA241105600178,Project Team,5,Even Sem 2026 - Finals
EV02495,RA241105400184,RA251100300259,Lab Collaboration,3,Odd Sem 2025 - Month 4
EV02496,RA241105400184,RA251102700330,Project Team,2,Odd Sem 2025 - Month 4
EV02497,RA241105400184,RA251102700344,Project Team,2,Odd Sem 2025 - Month 4
EV02498,RA241105400184,RA251102800303,Technical Club,2,Odd Sem 2025 - Midterm
EV02499,RA241105400184,RA251102900346,Project Team,7,Even Sem 2026 - Month 2
EV02500,RA241105400184,RA251102900374,Project Team,3,Even Sem 2026 - Finals
EV02501,RA241105400184,RA251103000326,Peer Study,3,Even Sem 2026 - Month 2
EV02502,RA241105400184,RA261100300388,Project Team,5,Odd Sem 2025 - Midterm
EV02503,RA241105400184,RA261100300430,Peer Study,2,Even Sem 2026 - Finals
EV02504,RA241105400184,RA261100300437,Project Team,3,Even Sem 2026 - Month 1
EV02505,RA241105400184,RA261102700382,Project Team,2,Odd Sem 2025 - Month 4
EV02506,RA241105400184,RA261102700466,Peer Study,3,Even Sem 2026 - Month 2
EV02507,RA241105400184,RA261102700487,Peer Study,4,Odd Sem 2025 - Month 4
EV02508,RA241105400184,RA261102800418,Project Team,3,Even Sem 2026 - Month 2
EV02509,RA241105400184,RA261102800446,Hackathon Team,2,Even Sem 2026 - Month 2
EV02510,RA241105400184,RA261103000448,Project Team,2,Odd Sem 2025 - Midterm
EV02511,RA241105400184,RA261105400379,Hackathon Team,4,Even Sem 2026 - Finals
EV02512,RA241105400184,RA261105400456,Lab Collaboration,3,Odd Sem 2025 - Month 4
EV02513,RA241105400191,RA241105600185,Peer Study,2,Even Sem 2026 - Month 2
EV02514,RA241105400191,RA241105600227,Technical Club,3,Even Sem 2026 - Month 2
EV02515,RA241105400191,RA251102800310,Technical Club,1,Odd Sem 2025 - Midterm
EV02516,RA241105400191,RA251102900269,Hackathon Team,1,Odd Sem 2025 - Month 4
EV02517,RA241105400191,RA251105400299,Peer Study,1,Even Sem 2026 - Finals
EV02518,RA241105400191,RA261100300437,Project Team,5,Odd Sem 2025 - Midterm
EV02519,RA241105400191,RA261102800425,Lab Collaboration,1,Odd Sem 2025 - Month 2
EV02520,RA241105400198,RA241105600192,Hackathon Team,1,Odd Sem 2025 - Midterm
EV02521,RA241105400198,RA251102700372,Lab Collaboration,2,Odd Sem 2025 - Month 4
EV02522,RA241105400198,RA251105400306,Technical Club,1,Odd Sem 2025 - Midterm
EV02523,RA241105400198,RA261102800390,Lab Collaboration,1,Even Sem 2026 - Month 2
EV02524,RA241105400198,RA261105600408,Technical Club,2,Odd Sem 2025 - Month 1
EV02525,RA241105400205,RA241105400240,Peer Study,5,Even Sem 2026 - Month 2
EV02526,RA241105400205,RA241105400247,Peer Study,2,Even Sem 2026 - Month 1
EV02527,RA241105400205,RA241105600199,Project Team,3,Even Sem 2026 - Month 2
EV02528,RA241105400205,RA251100300301,Project Team,3,Odd Sem 2025 - Month 1
EV02529,RA241105400205,RA251102700267,Technical Club,3,Odd Sem 2025 - Midterm
EV02530,RA241105400205,RA251102800331,Peer Study,4,Odd Sem 2025 - Month 1
EV02531,RA241105400205,RA251102800373,Project Team,2,Even Sem 2026 - Month 2
EV02532,RA241105400205,RA251103000305,Lab Collaboration,2,Even Sem 2026 - Month 1
EV02533,RA241105400205,RA251103000354,Technical Club,2,Odd Sem 2025 - Month 2
EV02534,RA241105400205,RA251103000368,Lab Collaboration,3,Even Sem 2026 - Finals
EV02535,RA241105400205,RA251103000375,Peer Study,3,Odd Sem 2025 - Midterm
EV02536,RA241105400205,RA251105400348,Project Team,2,Even Sem 2026 - Month 2
EV02537,RA241105400205,RA251105400355,Project Team,4,Odd Sem 2025 - Midterm
EV02538,RA241105400205,RA261100300388,Project Team,2,Odd Sem 2025 - Month 2
EV02539,RA241105400205,RA261100300409,Peer Study,2,Even Sem 2026 - Finals
EV02540,RA241105400205,RA261100300430,Lab Collaboration,4,Even Sem 2026 - Month 2
EV02541,RA241105400205,RA261102700431,Technical Club,3,Even Sem 2026 - Finals
EV02542,RA241105400205,RA261102800439,Project Team,4,Odd Sem 2025 - Midterm
EV02543,RA241105400205,RA261102900391,Peer Study,2,Odd Sem 2025 - Month 1
EV02544,RA241105400205,RA261102900433,Project Team,2,Odd Sem 2025 - Month 2
EV02545,RA241105400205,RA261103000448,Peer Study,2,Odd Sem 2025 - Month 2
EV02546,RA241105400205,RA261103000483,Peer Study,3,Even Sem 2026 - Month 2
EV02547,RA241105400205,RA261103000497,Lab Collaboration,4,Odd Sem 2025 - Month 4
EV02548,RA241105400205,RA261105400393,Peer Study,3,Odd Sem 2025 - Month 2
EV02549,RA241105400205,RA261105400421,Peer Study,3,Even Sem 2026 - Month 2
EV02550,RA241105400205,RA261105400442,Project Team,3,Even Sem 2026 - Month 1
EV02551,RA241105400205,RA261105400456,Technical Club,3,Odd Sem 2025 - Month 2
EV02552,RA241105400212,RA241105600206,Lab Collaboration,3,Odd Sem 2025 - Month 2
EV02553,RA241105400212,RA251100300308,Technical Club,1,Even Sem 2026 - Finals
EV02554,RA241105400212,RA251102800296,Technical Club,1,Odd Sem 2025 - Month 1
EV02555,RA241105400212,RA261105600422,Project Team,1,Even Sem 2026 - Month 1
EV02556,RA241105400219,RA241105600171,Hackathon Team,3,Odd Sem 2025 - Month 1
EV02557,RA241105400219,RA241105600213,Technical Club,1,Odd Sem 2025 - Midterm
EV02558,RA241105400219,RA251103000312,Hackathon Team,1,Odd Sem 2025 - Month 1
EV02559,RA241105400219,RA251105400369,Technical Club,1,Even Sem 2026 - Month 2
EV02560,RA241105400219,RA261100300381,Lab Collaboration,1,Odd Sem 2025 - Month 2
EV02561,RA241105400219,RA261102900447,Hackathon Team,2,Even Sem 2026 - Finals
EV02562,RA241105400226,RA241105600220,Technical Club,1,Odd Sem 2025 - Month 4
EV02563,RA241105400226,RA251100300364,Lab Collaboration,2,Odd Sem 2025 - Month 4
EV02564,RA241105400226,RA251102800310,Hackathon Team,1,Odd Sem 2025 - Midterm
EV02565,RA241105400226,RA261100300395,Technical Club,4,Even Sem 2026 - Finals
EV02566,RA241105400226,RA261100300472,Lab Collaboration,1,Odd Sem 2025 - Month 4
EV02567,RA241105400226,RA261102900496,Project Team,1,Even Sem 2026 - Month 1
EV02568,RA241105400233,RA241105600227,Peer Study,1,Odd Sem 2025 - Month 4
EV02569,RA241105400233,RA251105600293,Peer Study,1,Odd Sem 2025 - Month 2
EV02570,RA241105400233,RA261100300395,Lab Collaboration,3,Even Sem 2026 - Month 1
EV02571,RA241105400233,RA261102800383,Technical Club,1,Odd Sem 2025 - Month 2
EV02572,RA241105400233,RA261105400449,Project Team,2,Odd Sem 2025 - Month 1
EV02573,RA241105400240,RA241105600234,Lab Collaboration,1,Even Sem 2026 - Month 1
EV02574,RA241105400240,RA251100300294,Project Team,1,Odd Sem 2025 - Month 4
EV02575,RA241105400240,RA251102700372,Project Team,1,Odd Sem 2025 - Month 4
EV02576,RA241105400240,RA251102800324,Hackathon Team,1,Even Sem 2026 - Month 2
EV02577,RA241105400240,RA251103000312,Peer Study,1,Even Sem 2026 - Month 1
EV02578,RA241105400240,RA251105600258,Lab Collaboration,2,Odd Sem 2025 - Month 1
EV02579,RA241105400240,RA261102700396,Peer Study,4,Odd Sem 2025 - Month 1
EV02580,RA241105400240,RA261103000378,Peer Study,1,Odd Sem 2025 - Midterm
EV02581,RA241105400240,RA261105600492,Project Team,3,Odd Sem 2025 - Month 1
EV02582,RA241105400247,RA241105600241,Project Team,2,Odd Sem 2025 - Month 1
EV02583,RA241105400247,RA251102700253,Project Team,1,Odd Sem 2025 - Month 4
EV02584,RA241105400247,RA251105400362,Lab Collaboration,2,Odd Sem 2025 - Midterm
EV02585,RA241105400247,RA261102700403,Lab Collaboration,1,Odd Sem 2025 - Month 4
EV02586,RA241105400247,RA261102800439,Peer Study,1,Odd Sem 2025 - Month 2
EV02587,RA241105400247,RA261103000497,Hackathon Team,1,Odd Sem 2025 - Month 4
EV02588,RA241105400247,RA261105600457,Technical Club,3,Odd Sem 2025 - Month 1
EV02589,RA241105400247,RA261105600499,Hackathon Team,1,Even Sem 2026 - Month 2
EV02590,RA241105600129,RA241105600171,Hackathon Team,1,Odd Sem 2025 - Month 4
EV02591,RA241105600129,RA241105600213,Peer Study,1,Odd Sem 2025 - Month 2
EV02592,RA241105600129,RA251100300273,Lab Collaboration,1,Odd Sem 2025 - Month 2
EV02593,RA241105600129,RA251102700309,Peer Study,1,Even Sem 2026 - Finals
EV02594,RA241105600129,RA251105400369,Project Team,1,Odd Sem 2025 - Midterm
EV02595,RA241105600129,RA261102800453,Lab Collaboration,1,Odd Sem 2025 - Month 2
EV02596,RA241105600129,RA261102800495,Technical Club,1,Even Sem 2026 - Month 1
EV02597,RA241105600129,RA261103000483,Project Team,1,Odd Sem 2025 - Midterm
EV02598,RA241105600129,RA261105400477,Lab Collaboration,2,Odd Sem 2025 - Midterm
EV02599,RA241105600136,RA251102700316,Hackathon Team,3,Even Sem 2026 - Month 1
EV02600,RA241105600136,RA251102900346,Lab Collaboration,1,Even Sem 2026 - Finals
EV02601,RA241105600136,RA251103000298,Lab Collaboration,1,Odd Sem 2025 - Month 2
EV02602,RA241105600136,RA261100300472,Technical Club,1,Even Sem 2026 - Month 1
EV02603,RA241105600136,RA261102800446,Technical Club,3,Odd Sem 2025 - Midterm
EV02604,RA241105600143,RA251102700295,Project Team,3,Even Sem 2026 - Month 1
EV02605,RA241105600143,RA251102800317,Lab Collaboration,1,Odd Sem 2025 - Month 4
EV02606,RA241105600143,RA251102800324,Technical Club,1,Odd Sem 2025 - Month 4
EV02607,RA241105600143,RA261100300381,Peer Study,1,Odd Sem 2025 - Month 2
EV02608,RA241105600143,RA261102700382,Peer Study,3,Odd Sem 2025 - Month 4
EV02609,RA241105600143,RA261102800453,Peer Study,1,Odd Sem 2025 - Midterm
EV02610,RA241105600143,RA261105600457,Project Team,2,Odd Sem 2025 - Month 2
EV02611,RA241105600143,RA261105600485,Project Team,2,Even Sem 2026 - Month 1
EV02612,RA241105600150,RA251102700316,Peer Study,4,Odd Sem 2025 - Month 4
EV02613,RA241105600150,RA251102800254,Hackathon Team,6,Even Sem 2026 - Month 1
EV02614,RA241105600150,RA251105600342,Hackathon Team,1,Odd Sem 2025 - Month 1
EV02615,RA241105600150,RA261100300486,Lab Collaboration,1,Even Sem 2026 - Finals
EV02616,RA241105600150,RA261103000462,Peer Study,1,Even Sem 2026 - Month 1
EV02617,RA241105600157,RA241105600227,Hackathon Team,1,Odd Sem 2025 - Midterm
EV02618,RA241105600157,RA251100300301,Lab Collaboration,1,Odd Sem 2025 - Month 4
EV02619,RA241105600157,RA251100300343,Lab Collaboration,1,Even Sem 2026 - Finals
EV02620,RA241105600157,RA251102700295,Hackathon Team,1,Even Sem 2026 - Month 1
EV02621,RA241105600157,RA251102700365,Lab Collaboration,1,Odd Sem 2025 - Month 2
EV02622,RA241105600157,RA251102800289,Technical Club,1,Odd Sem 2025 - Midterm
EV02623,RA241105600157,RA251102800373,Lab Collaboration,1,Odd Sem 2025 - Month 4
EV02624,RA241105600157,RA251105400271,Peer Study,1,Even Sem 2026 - Month 1
EV02625,RA241105600157,RA261105600436,Project Team,1,Odd Sem 2025 - Month 1
EV02626,RA241105600164,RA251102800296,Lab Collaboration,1,Even Sem 2026 - Month 2
EV02627,RA241105600164,RA251102900325,Hackathon Team,2,Odd Sem 2025 - Month 2
EV02628,RA241105600164,RA261102700382,Technical Club,2,Odd Sem 2025 - Month 4
EV02629,RA241105600164,RA261102700452,Project Team,2,Odd Sem 2025 - Month 2
EV02630,RA241105600164,RA261102900482,Hackathon Team,2,Even Sem 2026 - Month 2
EV02631,RA241105600171,RA241105600213,Lab Collaboration,3,Odd Sem 2025 - Midterm
EV02632,RA241105600171,RA251105400362,Peer Study,2,Odd Sem 2025 - Month 1
EV02633,RA241105600171,RA251105600321,Hackathon Team,1,Odd Sem 2025 - Midterm
EV02634,RA241105600171,RA261102900405,Lab Collaboration,1,Odd Sem 2025 - Midterm
EV02635,RA241105600171,RA261105400477,Technical Club,1,Even Sem 2026 - Finals
EV02636,RA241105600178,RA241105600234,Hackathon Team,2,Odd Sem 2025 - Month 1
EV02637,RA241105600178,RA251102800352,Hackathon Team,3,Odd Sem 2025 - Month 4
EV02638,RA241105600178,RA251105600328,Project Team,1,Odd Sem 2025 - Month 1
EV02639,RA241105600178,RA261100300437,Peer Study,3,Odd Sem 2025 - Month 1
EV02640,RA241105600178,RA261105400400,Hackathon Team,2,Even Sem 2026 - Month 2
EV02641,RA241105600185,RA251102700281,Project Team,1,Even Sem 2026 - Finals
EV02642,RA241105600185,RA251102800254,Peer Study,2,Odd Sem 2025 - Midterm
EV02643,RA241105600185,RA251102800359,Lab Collaboration,1,Even Sem 2026 - Finals
EV02644,RA241105600185,RA251105400285,Project Team,1,Odd Sem 2025 - Month 2
EV02645,RA241105600185,RA251105600251,Peer Study,1,Odd Sem 2025 - Month 1
EV02646,RA241105600185,RA251105600293,Peer Study,1,Even Sem 2026 - Month 2
EV02647,RA241105600185,RA261100300437,Lab Collaboration,3,Even Sem 2026 - Month 2
EV02648,RA241105600185,RA261103000497,Technical Club,1,Odd Sem 2025 - Month 2
EV02649,RA241105600192,RA251102700330,Hackathon Team,2,Even Sem 2026 - Finals
EV02650,RA241105600192,RA251102900276,Project Team,1,Odd Sem 2025 - Month 2
EV02651,RA241105600192,RA251102900318,Technical Club,1,Odd Sem 2025 - Month 1
EV02652,RA241105600192,RA251102900360,Peer Study,2,Even Sem 2026 - Month 1
EV02653,RA241105600192,RA251105400306,Peer Study,2,Even Sem 2026 - Month 1
EV02654,RA241105600192,RA261102700445,Hackathon Team,1,Even Sem 2026 - Month 1
EV02655,RA241105600192,RA261102900384,Technical Club,2,Even Sem 2026 - Month 1
EV02656,RA241105600192,RA261103000441,Lab Collaboration,2,Odd Sem 2025 - Month 1
EV02657,RA241105600192,RA261105400498,Lab Collaboration,1,Odd Sem 2025 - Midterm
EV02658,RA241105600192,RA261105600492,Peer Study,1,Odd Sem 2025 - Midterm
EV02659,RA241105600199,RA251102800289,Lab Collaboration,1,Odd Sem 2025 - Month 2
EV02660,RA241105600199,RA251102800331,Hackathon Team,1,Odd Sem 2025 - Month 1
EV02661,RA241105600199,RA251103000277,Peer Study,1,Odd Sem 2025 - Month 4
EV02662,RA241105600199,RA251105400313,Lab Collaboration,1,Even Sem 2026 - Month 1
EV02663,RA241105600199,RA251105600265,Project Team,1,Odd Sem 2025 - Month 4
EV02664,RA241105600199,RA261102700403,Hackathon Team,1,Even Sem 2026 - Month 2
EV02665,RA241105600199,RA261102900433,Peer Study,1,Even Sem 2026 - Month 1
EV02666,RA241105600199,RA261103000385,Lab Collaboration,3,Odd Sem 2025 - Midterm
EV02667,RA241105600199,RA261105400421,Hackathon Team,4,Even Sem 2026 - Finals
EV02668,RA241105600206,RA251102900332,Lab Collaboration,3,Odd Sem 2025 - Month 1
EV02669,RA241105600206,RA251103000284,Lab Collaboration,1,Even Sem 2026 - Month 2
EV02670,RA241105600206,RA251105600272,Project Team,1,Even Sem 2026 - Finals
EV02671,RA241105600206,RA251105600356,Technical Club,5,Even Sem 2026 - Month 1
EV02672,RA241105600206,RA261102800488,Lab Collaboration,1,Even Sem 2026 - Month 2
EV02673,RA241105600213,RA251100300315,Technical Club,1,Odd Sem 2025 - Month 4
EV02674,RA241105600213,RA251102700351,Project Team,1,Odd Sem 2025 - Midterm
EV02675,RA241105600213,RA251105400320,Peer Study,1,Odd Sem 2025 - Month 2
EV02676,RA241105600213,RA261100300423,Lab Collaboration,2,Even Sem 2026 - Finals
EV02677,RA241105600213,RA261102800495,Lab Collaboration,1,Even Sem 2026 - Finals
EV02678,RA241105600213,RA261102900447,Lab Collaboration,1,Odd Sem 2025 - Month 4
EV02679,RA241105600220,RA251102800352,Peer Study,2,Odd Sem 2025 - Midterm
EV02680,RA241105600220,RA251103000256,Lab Collaboration,1,Odd Sem 2025 - Month 2
EV02681,RA241105600220,RA261100300388,Lab Collaboration,4,Odd Sem 2025 - Month 2
EV02682,RA241105600220,RA261103000448,Technical Club,1,Even Sem 2026 - Month 1
EV02683,RA241105600220,RA261105400400,Hackathon Team,2,Even Sem 2026 - Month 1
EV02684,RA241105600220,RA261105600436,Peer Study,1,Odd Sem 2025 - Month 1
EV02685,RA241105600220,RA261105600499,Hackathon Team,1,Odd Sem 2025 - Month 1
EV02686,RA241105600227,RA251100300287,Hackathon Team,1,Even Sem 2026 - Month 2
EV02687,RA241105600227,RA251100300315,Technical Club,1,Odd Sem 2025 - Month 4
EV02688,RA241105600227,RA251105400292,Hackathon Team,2,Even Sem 2026 - Month 1
EV02689,RA241105600227,RA251105600335,Peer Study,1,Odd Sem 2025 - Midterm
EV02690,RA241105600227,RA261102700473,Lab Collaboration,1,Odd Sem 2025 - Midterm
EV02691,RA241105600234,RA251100300252,Technical Club,1,Odd Sem 2025 - Month 4
EV02692,RA241105600234,RA251102700267,Hackathon Team,1,Odd Sem 2025 - Month 4
EV02693,RA241105600234,RA251105600342,Peer Study,1,Odd Sem 2025 - Month 4
EV02694,RA241105600234,RA261100300437,Project Team,2,Even Sem 2026 - Month 1
EV02695,RA241105600234,RA261102800390,Hackathon Team,1,Odd Sem 2025 - Month 2
EV02696,RA241105600234,RA261102800432,Hackathon Team,1,Even Sem 2026 - Month 1
EV02697,RA241105600234,RA261103000420,Peer Study,2,Odd Sem 2025 - Month 2
EV02698,RA241105600234,RA261103000462,Hackathon Team,1,Odd Sem 2025 - Month 2
EV02699,RA241105600234,RA261105400400,Project Team,6,Even Sem 2026 - Finals
EV02700,RA241105600241,RA251102700295,Lab Collaboration,1,Odd Sem 2025 - Month 1
EV02701,RA241105600241,RA251102800254,Peer Study,5,Odd Sem 2025 - Midterm
EV02702,RA241105600241,RA251102800331,Lab Collaboration,1,Odd Sem 2025 - Midterm
EV02703,RA241105600241,RA251105400355,Lab Collaboration,2,Odd Sem 2025 - Month 1
EV02704,RA241105600241,RA261102700487,Peer Study,3,Even Sem 2026 - Finals
EV02705,RA241105600241,RA261103000385,Hackathon Team,1,Even Sem 2026 - Finals
EV02706,RA241105600248,RA251102800254,Lab Collaboration,4,Odd Sem 2025 - Midterm
EV02707,RA241105600248,RA251105600356,Technical Club,4,Odd Sem 2025 - Midterm
EV02708,RA241105600248,RA261103000434,Project Team,1,Odd Sem 2025 - Month 4
EV02709,RA241105600248,RA261105600457,Peer Study,3,Even Sem 2026 - Finals
EV02710,RA251100300252,RA251102700316,Hackathon Team,3,Odd Sem 2025 - Month 1
EV02711,RA251100300252,RA251102900276,Project Team,2,Odd Sem 2025 - Month 4
EV02712,RA251100300252,RA251105600258,Lab Collaboration,2,Odd Sem 2025 - Month 1
EV02713,RA251100300252,RA261105400456,Lab Collaboration,1,Odd Sem 2025 - Month 4
EV02714,RA251100300259,RA251100300343,Lab Collaboration,1,Odd Sem 2025 - Month 2
EV02715,RA251100300259,RA251102700253,Peer Study,1,Odd Sem 2025 - Midterm
EV02716,RA251100300259,RA251102700316,Project Team,2,Even Sem 2026 - Finals
EV02717,RA251100300259,RA251102800289,Peer Study,1,Odd Sem 2025 - Month 2
EV02718,RA251100300259,RA251105400306,Peer Study,1,Odd Sem 2025 - Month 4
EV02719,RA251100300259,RA251105600265,Peer Study,2,Even Sem 2026 - Month 1
EV02720,RA251100300259,RA261102900391,Technical Club,1,Odd Sem 2025 - Month 1
EV02721,RA251100300259,RA261102900475,Project Team,1,Odd Sem 2025 - Month 1
EV02722,RA251100300259,RA261105400379,Project Team,2,Odd Sem 2025 - Month 2
EV02723,RA251100300266,RA251102700260,Technical Club,2,Even Sem 2026 - Finals
EV02724,RA251100300266,RA251102700344,Peer Study,1,Odd Sem 2025 - Midterm
EV02725,RA251100300266,RA251102800296,Peer Study,1,Odd Sem 2025 - Midterm
EV02726,RA251100300266,RA251105400362,Project Team,1,Odd Sem 2025 - Month 4
EV02727,RA251100300266,RA251105600272,Lab Collaboration,1,Odd Sem 2025 - Month 1
EV02728,RA251100300266,RA251105600356,Peer Study,3,Even Sem 2026 - Finals
EV02729,RA251100300266,RA261102800488,Project Team,1,Odd Sem 2025 - Month 4
EV02730,RA251100300266,RA261103000441,Lab Collaboration,2,Even Sem 2026 - Finals
EV02731,RA251100300266,RA261105400386,Peer Study,1,Even Sem 2026 - Finals
EV02732,RA251100300266,RA261105400428,Hackathon Team,1,Even Sem 2026 - Month 1
EV02733,RA251100300273,RA251102700267,Project Team,1,Even Sem 2026 - Month 2
EV02734,RA251100300273,RA251105600279,Lab Collaboration,2,Odd Sem 2025 - Month 1
EV02735,RA251100300273,RA261102700417,Hackathon Team,1,Even Sem 2026 - Finals
EV02736,RA251100300273,RA261105600387,Project Team,4,Even Sem 2026 - Month 2
EV02737,RA251100300280,RA251102700274,Lab Collaboration,2,Odd Sem 2025 - Midterm
EV02738,RA251100300280,RA251102800296,Project Team,1,Even Sem 2026 - Month 2
EV02739,RA251100300280,RA251105600286,Project Team,1,Odd Sem 2025 - Month 2
EV02740,RA251100300280,RA261100300416,Lab Collaboration,2,Odd Sem 2025 - Midterm
EV02741,RA251100300280,RA261100300430,Technical Club,1,Odd Sem 2025 - Month 2
EV02742,RA251100300280,RA261102700382,Hackathon Team,2,Odd Sem 2025 - Month 1
EV02743,RA251100300280,RA261102800446,Project Team,3,Odd Sem 2025 - Month 4
EV02744,RA251100300280,RA261105600478,Hackathon Team,1,Odd Sem 2025 - Month 2
EV02745,RA251100300287,RA251102700281,Project Team,1,Odd Sem 2025 - Month 2
EV02746,RA251100300287,RA251102700316,Peer Study,3,Odd Sem 2025 - Month 2
EV02747,RA251100300287,RA251103000263,Hackathon Team,1,Odd Sem 2025 - Midterm
EV02748,RA251100300287,RA251103000347,Technical Club,1,Even Sem 2026 - Month 2
EV02749,RA251100300287,RA251105600293,Technical Club,1,Even Sem 2026 - Month 2
EV02750,RA251100300294,RA251100300336,Peer Study,1,Odd Sem 2025 - Month 1
EV02751,RA251100300294,RA251102700288,Technical Club,1,Odd Sem 2025 - Month 1
EV02752,RA251100300294,RA251102700330,Lab Collaboration,1,Odd Sem 2025 - Midterm
EV02753,RA251100300294,RA251105600300,Project Team,1,Even Sem 2026 - Month 2
EV02754,RA251100300294,RA261102700417,Technical Club,1,Odd Sem 2025 - Month 4
EV02755,RA251100300294,RA261105400414,Technical Club,1,Even Sem 2026 - Month 1
EV02756,RA251100300294,RA261105600408,Project Team,1,Odd Sem 2025 - Month 4
EV02757,RA251100300301,RA251102700295,Lab Collaboration,3,Odd Sem 2025 - Midterm
EV02758,RA251100300301,RA251102900283,Lab Collaboration,1,Even Sem 2026 - Month 1
EV02759,RA251100300301,RA251105600307,Technical Club,3,Even Sem 2026 - Finals
EV02760,RA251100300301,RA261103000427,Peer Study,2,Odd Sem 2025 - Midterm
EV02761,RA251100300301,RA261103000469,Project Team,1,Odd Sem 2025 - Month 1
EV02762,RA251100300308,RA251102700302,Technical Club,1,Even Sem 2026 - Month 2
EV02763,RA251100300308,RA251105600314,Hackathon Team,2,Odd Sem 2025 - Month 1
EV02764,RA251100300308,RA261102700494,Hackathon Team,3,Odd Sem 2025 - Month 1
EV02765,RA251100300315,RA251102700309,Peer Study,1,Odd Sem 2025 - Month 4
EV02766,RA251100300315,RA251102800345,Hackathon Team,1,Odd Sem 2025 - Month 4
EV02767,RA251100300315,RA251105400292,Project Team,3,Odd Sem 2025 - Month 1
EV02768,RA251100300315,RA251105400327,Technical Club,1,Odd Sem 2025 - Month 4
EV02769,RA251100300315,RA251105600321,Hackathon Team,1,Odd Sem 2025 - Month 2
EV02770,RA251100300315,RA261102700459,Hackathon Team,2,Even Sem 2026 - Month 2
EV02771,RA251100300315,RA261102800446,Hackathon Team,3,Odd Sem 2025 - Month 2
EV02772,RA251100300315,RA261102800453,Peer Study,1,Odd Sem 2025 - Midterm
EV02773,RA251100300315,RA261105400393,Project Team,1,Even Sem 2026 - Month 1
EV02774,RA251100300315,RA261105400477,Lab Collaboration,1,Odd Sem 2025 - Month 4
EV02775,RA251100300315,RA261105600387,Project Team,2,Even Sem 2026 - Month 1
EV02776,RA251100300315,RA261105600436,Peer Study,1,Odd Sem 2025 - Month 4
EV02777,RA251100300322,RA251102700316,Peer Study,6,Odd Sem 2025 - Midterm
EV02778,RA251100300322,RA251102900346,Hackathon Team,3,Even Sem 2026 - Month 2
EV02779,RA251100300322,RA251105600328,Technical Club,2,Even Sem 2026 - Month 1
EV02780,RA251100300322,RA251105600370,Technical Club,1,Odd Sem 2025 - Month 4
EV02781,RA251100300322,RA261100300395,Project Team,2,Odd Sem 2025 - Month 4
EV02782,RA251100300322,RA261103000406,Lab Collaboration,1,Even Sem 2026 - Month 2
EV02783,RA251100300322,RA261103000490,Peer Study,1,Odd Sem 2025 - Month 1
EV02784,RA251100300322,RA261105400442,Peer Study,1,Odd Sem 2025 - Month 1
EV02785,RA251100300322,RA261105400484,Peer Study,1,Odd Sem 2025 - Midterm
EV02786,RA251100300322,RA261105600499,Hackathon Team,1,Odd Sem 2025 - Midterm
EV02787,RA251100300329,RA251102700323,Project Team,1,Odd Sem 2025 - Month 1
EV02788,RA251100300329,RA251102700365,Technical Club,1,Odd Sem 2025 - Month 2
EV02789,RA251100300329,RA251102800345,Lab Collaboration,1,Odd Sem 2025 - Month 2
EV02790,RA251100300329,RA251105400299,Technical Club,1,Odd Sem 2025 - Month 2
EV02791,RA251100300329,RA251105600335,Hackathon Team,1,Odd Sem 2025 - Month 2
EV02792,RA251100300329,RA261102800383,Project Team,1,Even Sem 2026 - Month 2
EV02793,RA251100300329,RA261102800467,Lab Collaboration,1,Even Sem 2026 - Finals
EV02794,RA251100300329,RA261105600443,Hackathon Team,1,Even Sem 2026 - Month 1
EV02795,RA251100300336,RA251102700330,Lab Collaboration,1,Odd Sem 2025 - Month 4
EV02796,RA251100300336,RA251105400292,Lab Collaboration,2,Even Sem 2026 - Month 1
EV02797,RA251100300336,RA251105600342,Project Team,1,Odd Sem 2025 - Month 4
EV02798,RA251100300336,RA261100300402,Technical Club,1,Odd Sem 2025 - Month 2
EV02799,RA251100300336,RA261102700480,Technical Club,1,Odd Sem 2025 - Month 1
EV02800,RA251100300336,RA261105400414,Technical Club,2,Odd Sem 2025 - Midterm
EV02801,RA251100300343,RA251102700337,Lab Collaboration,1,Even Sem 2026 - Month 1
EV02802,RA251100300343,RA251103000319,Project Team,1,Odd Sem 2025 - Month 4
EV02803,RA251100300343,RA251105600349,Lab Collaboration,4,Odd Sem 2025 - Midterm
EV02804,RA251100300343,RA261100300423,Technical Club,6,Even Sem 2026 - Month 2
EV02805,RA251100300343,RA261102800397,Project Team,1,Odd Sem 2025 - Month 1
EV02806,RA251100300343,RA261102900496,Project Team,1,Odd Sem 2025 - Month 1
EV02807,RA251100300350,RA251102700302,Hackathon Team,1,Odd Sem 2025 - Month 1
EV02808,RA251100300350,RA251102700344,Lab Collaboration,1,Even Sem 2026 - Month 1
EV02809,RA251100300350,RA251103000312,Peer Study,1,Even Sem 2026 - Finals
EV02810,RA251100300350,RA251105600272,Project Team,3,Even Sem 2026 - Month 2
EV02811,RA251100300350,RA251105600356,Technical Club,2,Odd Sem 2025 - Month 1
EV02812,RA251100300350,RA261100300458,Lab Collaboration,1,Odd Sem 2025 - Month 4
EV02813,RA251100300350,RA261102700382,Lab Collaboration,4,Odd Sem 2025 - Midterm
EV02814,RA251100300350,RA261102700452,Peer Study,3,Odd Sem 2025 - Midterm
EV02815,RA251100300350,RA261102800404,Lab Collaboration,1,Odd Sem 2025 - Month 2
EV02816,RA251100300350,RA261102900398,Lab Collaboration,1,Even Sem 2026 - Finals
EV02817,RA251100300350,RA261102900440,Technical Club,1,Even Sem 2026 - Finals
EV02818,RA251100300350,RA261102900482,Technical Club,1,Even Sem 2026 - Month 1
EV02819,RA251100300350,RA261105400393,Technical Club,1,Even Sem 2026 - Month 2
EV02820,RA251100300350,RA261105400470,Hackathon Team,1,Odd Sem 2025 - Month 2
EV02821,RA251100300350,RA261105400484,Peer Study,1,Odd Sem 2025 - Midterm
EV02822,RA251100300357,RA251102700351,Project Team,1,Even Sem 2026 - Month 2
EV02823,RA251100300357,RA251102800345,Project Team,1,Odd Sem 2025 - Month 1
EV02824,RA251100300357,RA251105600363,Project Team,1,Odd Sem 2025 - Month 1
EV02825,RA251100300357,RA261100300423,Peer Study,2,Odd Sem 2025 - Month 2
EV02826,RA251100300357,RA261102700417,Peer Study,1,Odd Sem 2025 - Month 1
EV02827,RA251100300357,RA261103000441,Technical Club,3,Odd Sem 2025 - Month 2
EV02828,RA251100300357,RA261105400477,Lab Collaboration,1,Even Sem 2026 - Month 2
EV02829,RA251100300364,RA251102700358,Lab Collaboration,1,Odd Sem 2025 - Month 4
EV02830,RA251100300364,RA251102900262,Technical Club,2,Odd Sem 2025 - Midterm
EV02831,RA251100300364,RA251103000256,Project Team,1,Even Sem 2026 - Finals
EV02832,RA251100300364,RA251105600370,Lab Collaboration,2,Even Sem 2026 - Month 2
EV02833,RA251100300364,RA261102700382,Hackathon Team,4,Odd Sem 2025 - Month 1
EV02834,RA251100300364,RA261102900412,Project Team,1,Even Sem 2026 - Finals
EV02835,RA251100300364,RA261102900454,Technical Club,1,Odd Sem 2025 - Midterm
EV02836,RA251100300371,RA251102700365,Hackathon Team,1,Even Sem 2026 - Finals
EV02837,RA251100300371,RA261100300395,Hackathon Team,4,Odd Sem 2025 - Month 4
EV02838,RA251100300371,RA261102700382,Peer Study,4,Even Sem 2026 - Month 2
EV02839,RA251100300371,RA261102700473,Lab Collaboration,1,Odd Sem 2025 - Midterm
EV02840,RA251100300371,RA261102900377,Lab Collaboration,1,Odd Sem 2025 - Midterm
EV02841,RA251100300371,RA261103000413,Project Team,1,Even Sem 2026 - Month 1
EV02842,RA251100300371,RA261105600387,Lab Collaboration,1,Even Sem 2026 - Month 1
EV02843,RA251102700253,RA251103000277,Technical Club,1,Odd Sem 2025 - Month 2
EV02844,RA251102700253,RA251105600356,Hackathon Team,3,Odd Sem 2025 - Month 4
EV02845,RA251102700253,RA261102800481,Project Team,1,Odd Sem 2025 - Month 1
EV02846,RA251102700253,RA261102900391,Hackathon Team,1,Even Sem 2026 - Month 1
EV02847,RA251102700253,RA261102900433,Project Team,1,Even Sem 2026 - Month 2
EV02848,RA251102700253,RA261105400442,Project Team,1,Odd Sem 2025 - Month 1
EV02849,RA251102700253,RA261105400463,Technical Club,1,Odd Sem 2025 - Month 1
EV02850,RA251102700260,RA251102800254,Lab Collaboration,4,Odd Sem 2025 - Month 1
EV02851,RA251102700260,RA251102900374,Hackathon Team,1,Odd Sem 2025 - Month 2
EV02852,RA251102700260,RA251105400292,Technical Club,2,Odd Sem 2025 - Month 2
EV02853,RA251102700260,RA251105600356,Hackathon Team,3,Odd Sem 2025 - Month 2
EV02854,RA251102700260,RA261100300458,Hackathon Team,1,Odd Sem 2025 - Midterm
EV02855,RA251102700260,RA261103000434,Project Team,3,Odd Sem 2025 - Midterm
EV02856,RA251102700260,RA261105400386,Project Team,1,Even Sem 2026 - Finals
EV02857,RA251102700260,RA261105400428,Project Team,1,Even Sem 2026 - Finals
EV02858,RA251102700267,RA251102700309,Technical Club,3,Even Sem 2026 - Month 2
EV02859,RA251102700267,RA251102800261,Hackathon Team,2,Odd Sem 2025 - Midterm
EV02860,RA251102700267,RA251102900339,Lab Collaboration,1,Odd Sem 2025 - Month 2
EV02861,RA251102700267,RA251103000375,Technical Club,1,Odd Sem 2025 - Midterm
EV02862,RA251102700267,RA251105400285,Technical Club,1,Even Sem 2026 - Month 1
EV02863,RA251102700267,RA261100300381,Project Team,1,Even Sem 2026 - Finals
EV02864,RA251102700267,RA261102800453,Peer Study,1,Even Sem 2026 - Month 2
EV02865,RA251102700267,RA261105400393,Peer Study,1,Even Sem 2026 - Finals
EV02866,RA251102700267,RA261105400435,Peer Study,1,Odd Sem 2025 - Month 4
EV02867,RA251102700274,RA251102800254,Hackathon Team,2,Odd Sem 2025 - Month 2
EV02868,RA251102700274,RA251102800268,Lab Collaboration,1,Odd Sem 2025 - Month 4
EV02869,RA251102700274,RA251102900304,Peer Study,1,Odd Sem 2025 - Month 1
EV02870,RA251102700274,RA261100300472,Peer Study,1,Odd Sem 2025 - Month 4
EV02871,RA251102700274,RA261102700382,Lab Collaboration,2,Odd Sem 2025 - Month 4
EV02872,RA251102700274,RA261102900412,Hackathon Team,1,Odd Sem 2025 - Month 4
EV02873,RA251102700274,RA261102900496,Project Team,2,Even Sem 2026 - Finals
EV02874,RA251102700274,RA261103000441,Hackathon Team,3,Odd Sem 2025 - Month 1
EV02875,RA251102700274,RA261105400400,Technical Club,2,Odd Sem 2025 - Month 1
EV02876,RA251102700281,RA251102800275,Lab Collaboration,1,Odd Sem 2025 - Month 4
EV02877,RA251102700281,RA251103000263,Technical Club,1,Odd Sem 2025 - Month 2
EV02878,RA251102700281,RA251103000305,Technical Club,1,Even Sem 2026 - Month 1
EV02879,RA251102700281,RA251103000347,Project Team,1,Odd Sem 2025 - Midterm
EV02880,RA251102700281,RA251105600251,Peer Study,1,Odd Sem 2025 - Month 2
EV02881,RA251102700281,RA261100300444,Lab Collaboration,1,Odd Sem 2025 - Month 4
EV02882,RA251102700281,RA261105400400,Lab Collaboration,2,Even Sem 2026 - Month 2
EV02883,RA251102700281,RA261105400449,Hackathon Team,1,Odd Sem 2025 - Midterm
EV02884,RA251102700288,RA251102800282,Technical Club,2,Even Sem 2026 - Month 2
EV02885,RA251102700288,RA261102900384,Project Team,1,Odd Sem 2025 - Month 4
EV02886,RA251102700288,RA261102900433,Technical Club,2,Odd Sem 2025 - Month 4
EV02887,RA251102700288,RA261102900468,Project Team,3,Odd Sem 2025 - Month 1
EV02888,RA251102700288,RA261105400442,Project Team,2,Odd Sem 2025 - Month 1
EV02889,RA251102700295,RA251102800289,Peer Study,2,Odd Sem 2025 - Month 1
EV02890,RA251102700302,RA251102800296,Lab Collaboration,1,Odd Sem 2025 - Midterm
EV02891,RA251102700302,RA251105400278,Technical Club,1,Even Sem 2026 - Month 1
EV02892,RA251102700302,RA251105600356,Peer Study,4,Odd Sem 2025 - Midterm
EV02893,RA251102700302,RA261102700410,Peer Study,1,Even Sem 2026 - Month 1
EV02894,RA251102700302,RA261103000476,Hackathon Team,1,Odd Sem 2025 - Month 1
EV02895,RA251102700302,RA261105600464,Hackathon Team,2,Even Sem 2026 - Month 2
EV02896,RA251102700309,RA251102800303,Project Team,1,Odd Sem 2025 - Month 4
EV02897,RA251102700309,RA251102900339,Project Team,1,Odd Sem 2025 - Month 1
EV02898,RA251102700309,RA261102700382,Peer Study,2,Odd Sem 2025 - Month 1
EV02899,RA251102700309,RA261102700417,Project Team,1,Odd Sem 2025 - Month 2
EV02900,RA251102700309,RA261103000399,Lab Collaboration,1,Odd Sem 2025 - Month 4
EV02901,RA251102700309,RA261105600429,Hackathon Team,1,Odd Sem 2025 - Month 4
EV02902,RA251102700316,RA251102800289,Project Team,2,Odd Sem 2025 - Month 2
EV02903,RA251102700316,RA251102800310,Lab Collaboration,5,Even Sem 2026 - Finals
EV02904,RA251102700316,RA251102900262,Lab Collaboration,5,Even Sem 2026 - Month 2
EV02905,RA251102700316,RA251102900346,Hackathon Team,2,Even Sem 2026 - Finals
EV02906,RA251102700316,RA251105400278,Lab Collaboration,2,Odd Sem 2025 - Month 4
EV02907,RA251102700316,RA251105400299,Lab Collaboration,2,Odd Sem 2025 - Month 4
EV02908,RA251102700316,RA251105600370,Project Team,2,Even Sem 2026 - Month 2
EV02909,RA251102700316,RA261100300388,Project Team,3,Even Sem 2026 - Finals
EV02910,RA251102700316,RA261102700438,Hackathon Team,4,Even Sem 2026 - Month 2
EV02911,RA251102700316,RA261102700445,Lab Collaboration,2,Odd Sem 2025 - Month 4
EV02912,RA251102700316,RA261102700466,Lab Collaboration,3,Even Sem 2026 - Finals
EV02913,RA251102700316,RA261102900412,Lab Collaboration,3,Even Sem 2026 - Month 2
EV02914,RA251102700316,RA261103000406,Hackathon Team,3,Even Sem 2026 - Month 2
EV02915,RA251102700316,RA261103000490,Hackathon Team,3,Odd Sem 2025 - Month 4
EV02916,RA251102700316,RA261105400400,Technical Club,4,Even Sem 2026 - Month 1
EV02917,RA251102700316,RA261105600394,Technical Club,2,Even Sem 2026 - Finals
EV02918,RA251102700316,RA261105600450,Lab Collaboration,3,Even Sem 2026 - Month 1
EV02919,RA251102700316,RA261105600471,Peer Study,2,Odd Sem 2025 - Month 4
EV02920,RA251102700323,RA251102800275,Hackathon Team,1,Odd Sem 2025 - Month 2
EV02921,RA251102700323,RA251102800317,Peer Study,1,Odd Sem 2025 - Midterm
EV02922,RA251102700323,RA251105400292,Peer Study,3,Odd Sem 2025 - Midterm
EV02923,RA251102700323,RA261102800404,Lab Collaboration,1,Odd Sem 2025 - Midterm
EV02924,RA251102700323,RA261103000413,Technical Club,1,Odd Sem 2025 - Month 1
EV02925,RA251102700330,RA251102800324,Project Team,1,Odd Sem 2025 - Month 1
EV02926,RA251102700330,RA251105600258,Peer Study,1,Even Sem 2026 - Finals
EV02927,RA251102700330,RA261100300444,Hackathon Team,1,Odd Sem 2025 - Month 2
EV02928,RA251102700330,RA261102700438,Project Team,1,Odd Sem 2025 - Month 4
EV02929,RA251102700330,RA261102700480,Project Team,1,Odd Sem 2025 - Midterm
EV02930,RA251102700330,RA261102800432,Peer Study,1,Even Sem 2026 - Month 2
EV02931,RA251102700330,RA261102900496,Peer Study,2,Odd Sem 2025 - Month 1
EV02932,RA251102700330,RA261105400414,Lab Collaboration,1,Even Sem 2026 - Finals
EV02933,RA251102700330,RA261105400456,Lab Collaboration,4,Odd Sem 2025 - Month 2
EV02934,RA251102700337,RA251102800331,Technical Club,1,Even Sem 2026 - Finals
EV02935,RA251102700337,RA251102800373,Lab Collaboration,1,Even Sem 2026 - Finals
EV02936,RA251102700337,RA251102900367,Project Team,1,Even Sem 2026 - Finals
EV02937,RA251102700337,RA261100300409,Lab Collaboration,1,Odd Sem 2025 - Month 4
EV02938,RA251102700337,RA261100300493,Technical Club,1,Odd Sem 2025 - Month 2
EV02939,RA251102700337,RA261103000385,Technical Club,3,Odd Sem 2025 - Month 1
EV02940,RA251102700337,RA261105400463,Peer Study,1,Even Sem 2026 - Finals
EV02941,RA251102700344,RA251102800338,Hackathon Team,1,Even Sem 2026 - Finals
EV02942,RA251102700344,RA261100300388,Project Team,3,Odd Sem 2025 - Month 2
EV02943,RA251102700344,RA261102800446,Project Team,2,Odd Sem 2025 - Month 1
EV02944,RA251102700344,RA261102900412,Hackathon Team,1,Even Sem 2026 - Month 1
EV02945,RA251102700344,RA261103000434,Project Team,1,Even Sem 2026 - Month 1
EV02946,RA251102700344,RA261105600422,Peer Study,1,Even Sem 2026 - Month 1
EV02947,RA251102700351,RA251102800345,Hackathon Team,2,Odd Sem 2025 - Month 1
EV02948,RA251102700351,RA251103000333,Project Team,1,Even Sem 2026 - Finals
EV02949,RA251102700351,RA251105400327,Lab Collaboration,1,Odd Sem 2025 - Month 1
EV02950,RA251102700351,RA261100300423,Hackathon Team,4,Even Sem 2026 - Month 1
EV02951,RA251102700351,RA261102800425,Lab Collaboration,1,Odd Sem 2025 - Midterm
EV02952,RA251102700351,RA261102800495,Lab Collaboration,1,Odd Sem 2025 - Month 4
EV02953,RA251102700351,RA261105600457,Lab Collaboration,9,Even Sem 2026 - Month 2
EV02954,RA251102700358,RA251102800352,Hackathon Team,3,Even Sem 2026 - Month 2
EV02955,RA251102700358,RA251102900346,Lab Collaboration,1,Even Sem 2026 - Month 2
EV02956,RA251102700358,RA261100300472,Hackathon Team,2,Odd Sem 2025 - Month 2
EV02957,RA251102700358,RA261102800376,Technical Club,2,Odd Sem 2025 - Month 4
EV02958,RA251102700358,RA261105600436,Technical Club,1,Odd Sem 2025 - Month 4
EV02959,RA251102700365,RA251102800359,Project Team,1,Odd Sem 2025 - Month 2
EV02960,RA251102700365,RA251102900353,Peer Study,1,Even Sem 2026 - Month 1
EV02961,RA251102700365,RA251105400257,Peer Study,1,Even Sem 2026 - Month 2
EV02962,RA251102700365,RA261100300437,Hackathon Team,3,Odd Sem 2025 - Midterm
EV02963,RA251102700365,RA261103000497,Technical Club,1,Odd Sem 2025 - Midterm
EV02964,RA251102700372,RA251102800366,Lab Collaboration,1,Odd Sem 2025 - Month 1
EV02965,RA251102700372,RA251102900318,Lab Collaboration,1,Even Sem 2026 - Month 1
EV02966,RA251102700372,RA251105400292,Hackathon Team,4,Odd Sem 2025 - Month 2
EV02967,RA251102700372,RA251105600328,Lab Collaboration,2,Odd Sem 2025 - Midterm
EV02968,RA251102700372,RA261102900384,Lab Collaboration,2,Even Sem 2026 - Month 1
EV02969,RA251102700372,RA261103000378,Project Team,1,Odd Sem 2025 - Month 1
EV02970,RA251102700372,RA261103000441,Hackathon Team,3,Even Sem 2026 - Month 1
EV02971,RA251102700372,RA261105600408,Technical Club,1,Odd Sem 2025 - Month 4
EV02972,RA251102800254,RA251102800268,Peer Study,3,Odd Sem 2025 - Month 2
EV02973,RA251102800254,RA251102800331,Lab Collaboration,3,Even Sem 2026 - Finals
EV02974,RA251102800254,RA251102900332,Peer Study,4,Even Sem 2026 - Month 1
EV02975,RA251102800254,RA251105400292,Peer Study,2,Even Sem 2026 - Month 1
EV02976,RA251102800254,RA251105600314,Project Team,2,Even Sem 2026 - Month 1
EV02977,RA251102800254,RA261100300416,Technical Club,2,Even Sem 2026 - Month 2
EV02978,RA251102800254,RA261102700494,Lab Collaboration,9,Even Sem 2026 - Month 1
EV02979,RA251102800254,RA261102800446,Project Team,2,Odd Sem 2025 - Midterm
EV02980,RA251102800254,RA261102900489,Peer Study,4,Odd Sem 2025 - Month 1
EV02981,RA251102800254,RA261105400407,Project Team,2,Odd Sem 2025 - Month 2
EV02982,RA251102800261,RA251102900255,Technical Club,2,Odd Sem 2025 - Midterm
EV02983,RA251102800261,RA261102800446,Peer Study,2,Odd Sem 2025 - Month 1
EV02984,RA251102800261,RA261102800453,Technical Club,2,Even Sem 2026 - Month 1
EV02985,RA251102800261,RA261102900489,Hackathon Team,1,Even Sem 2026 - Finals
EV02986,RA251102800261,RA261105600471,Hackathon Team,1,Even Sem 2026 - Month 1
EV02987,RA251102800268,RA251102900262,Peer Study,1,Even Sem 2026 - Month 1
EV02988,RA251102800268,RA251102900346,Technical Club,2,Odd Sem 2025 - Month 4
EV02989,RA251102800268,RA261102800495,Peer Study,1,Odd Sem 2025 - Month 1
EV02990,RA251102800268,RA261102900496,Hackathon Team,1,Odd Sem 2025 - Month 2
EV02991,RA251102800268,RA261105400484,Technical Club,1,Odd Sem 2025 - Month 2
EV02992,RA251102800268,RA261105600394,Lab Collaboration,1,Even Sem 2026 - Finals
EV02993,RA251102800275,RA251102900269,Technical Club,1,Even Sem 2026 - Finals
EV02994,RA251102800275,RA261100300395,Technical Club,3,Even Sem 2026 - Finals
EV02995,RA251102800275,RA261100300437,Peer Study,2,Even Sem 2026 - Month 1
EV02996,RA251102800275,RA261103000483,Hackathon Team,4,Even Sem 2026 - Month 1
EV02997,RA251102800282,RA251102900276,Project Team,1,Odd Sem 2025 - Month 2
EV02998,RA251102800282,RA251105400348,Peer Study,1,Odd Sem 2025 - Month 2
EV02999,RA251102800282,RA261100300388,Technical Club,4,Odd Sem 2025 - Month 2
EV03000,RA251102800282,RA261102900384,Hackathon Team,2,Odd Sem 2025 - Month 2
EV03001,RA251102800289,RA251102800373,Project Team,1,Even Sem 2026 - Month 2
EV03002,RA251102800289,RA251102900283,Peer Study,1,Odd Sem 2025 - Month 4
EV03003,RA251102800289,RA251103000319,Peer Study,1,Even Sem 2026 - Month 2
EV03004,RA251102800289,RA251105400271,Technical Club,1,Even Sem 2026 - Finals
EV03005,RA251102800289,RA261102900433,Peer Study,1,Odd Sem 2025 - Month 4
EV03006,RA251102800296,RA251102900290,Hackathon Team,1,Even Sem 2026 - Month 2
EV03007,RA251102800296,RA251105600314,Technical Club,2,Even Sem 2026 - Finals
EV03008,RA251102800296,RA251105600356,Lab Collaboration,3,Even Sem 2026 - Month 1
EV03009,RA251102800296,RA261103000427,Peer Study,1,Odd Sem 2025 - Month 2
EV03010,RA251102800296,RA261103000476,Hackathon Team,1,Odd Sem 2025 - Midterm
EV03011,RA251102800303,RA251102900297,Peer Study,1,Odd Sem 2025 - Midterm
EV03012,RA251102800303,RA251102900325,Lab Collaboration,3,Odd Sem 2025 - Month 2
EV03013,RA251102800303,RA261100300465,Project Team,2,Odd Sem 2025 - Month 1
EV03014,RA251102800303,RA261102800411,Project Team,1,Even Sem 2026 - Finals
EV03015,RA251102800303,RA261105400414,Technical Club,1,Even Sem 2026 - Month 1
EV03016,RA251102800303,RA261105400442,Hackathon Team,1,Odd Sem 2025 - Midterm
EV03017,RA251102800310,RA251102900304,Hackathon Team,4,Even Sem 2026 - Month 2
EV03018,RA251102800310,RA251102900346,Project Team,2,Even Sem 2026 - Finals
EV03019,RA251102800310,RA251105400292,Technical Club,2,Even Sem 2026 - Month 2
EV03020,RA251102800310,RA251105600370,Peer Study,1,Odd Sem 2025 - Month 1
EV03021,RA251102800310,RA261105600436,Hackathon Team,2,Odd Sem 2025 - Month 1
EV03022,RA251102800317,RA251102800359,Technical Club,1,Even Sem 2026 - Month 1
EV03023,RA251102800317,RA251102900311,Technical Club,1,Odd Sem 2025 - Month 1
EV03024,RA251102800317,RA251102900325,Project Team,3,Odd Sem 2025 - Midterm
EV03025,RA251102800317,RA251105400257,Lab Collaboration,1,Odd Sem 2025 - Midterm
EV03026,RA251102800317,RA261100300423,Project Team,3,Odd Sem 2025 - Month 1
EV03027,RA251102800317,RA261100300437,Technical Club,2,Odd Sem 2025 - Month 2
EV03028,RA251102800324,RA251102900318,Hackathon Team,1,Odd Sem 2025 - Midterm
EV03029,RA251102800324,RA261105600408,Technical Club,3,Odd Sem 2025 - Month 4
EV03030,RA251102800324,RA261105600450,Project Team,1,Odd Sem 2025 - Month 1
EV03031,RA251102800324,RA261105600492,Lab Collaboration,1,Even Sem 2026 - Month 2
EV03032,RA251102800331,RA251102900325,Hackathon Team,3,Even Sem 2026 - Month 1
EV03033,RA251102800331,RA251105600258,Peer Study,1,Odd Sem 2025 - Midterm
EV03034,RA251102800331,RA251105600307,Project Team,2,Odd Sem 2025 - Midterm
EV03035,RA251102800331,RA261100300388,Hackathon Team,5,Even Sem 2026 - Month 2
EV03036,RA251102800331,RA261100300451,Hackathon Team,1,Odd Sem 2025 - Month 4
EV03037,RA251102800331,RA261102700445,Technical Club,1,Odd Sem 2025 - Midterm
EV03038,RA251102800331,RA261102700487,Technical Club,1,Odd Sem 2025 - Midterm
EV03039,RA251102800331,RA261102800397,Peer Study,2,Odd Sem 2025 - Month 1
EV03040,RA251102800331,RA261103000427,Hackathon Team,3,Odd Sem 2025 - Month 2
EV03041,RA251102800338,RA251102900290,Technical Club,1,Odd Sem 2025 - Midterm
EV03042,RA251102800338,RA251102900332,Peer Study,1,Odd Sem 2025 - Midterm
EV03043,RA251102800338,RA261102700452,Hackathon Team,3,Even Sem 2026 - Finals
EV03044,RA251102800338,RA261102800446,Lab Collaboration,7,Odd Sem 2025 - Month 2
EV03045,RA251102800338,RA261102800488,Project Team,1,Even Sem 2026 - Finals
EV03046,RA251102800338,RA261103000476,Peer Study,1,Odd Sem 2025 - Midterm
EV03047,RA251102800338,RA261105600380,Peer Study,1,Even Sem 2026 - Month 1
EV03048,RA251102800338,RA261105600464,Hackathon Team,1,Even Sem 2026 - Month 1
EV03049,RA251102800345,RA251102900339,Project Team,1,Even Sem 2026 - Finals
EV03050,RA251102800345,RA251103000305,Peer Study,2,Odd Sem 2025 - Month 1
EV03051,RA251102800345,RA251103000354,Technical Club,1,Even Sem 2026 - Month 1
EV03052,RA251102800345,RA251103000375,Technical Club,1,Odd Sem 2025 - Month 4
EV03053,RA251102800345,RA251105400285,Technical Club,1,Odd Sem 2025 - Midterm
EV03054,RA251102800345,RA251105400369,Peer Study,3,Even Sem 2026 - Finals
EV03055,RA251102800345,RA261102800453,Peer Study,1,Even Sem 2026 - Month 2
EV03056,RA251102800345,RA261102900405,Project Team,3,Odd Sem 2025 - Month 1
EV03057,RA251102800345,RA261103000441,Technical Club,5,Odd Sem 2025 - Month 1
EV03058,RA251102800345,RA261105400442,Hackathon Team,2,Even Sem 2026 - Finals
EV03059,RA251102800352,RA251102900346,Peer Study,1,Even Sem 2026 - Finals
EV03060,RA251102800352,RA261102800418,Technical Club,2,Even Sem 2026 - Month 1
EV03061,RA251102800352,RA261105400400,Peer Study,2,Odd Sem 2025 - Month 4
EV03062,RA251102800359,RA251102900353,Lab Collaboration,2,Odd Sem 2025 - Midterm
EV03063,RA251102800359,RA251105400341,Technical Club,1,Even Sem 2026 - Month 1
EV03064,RA251102800359,RA251105600251,Technical Club,2,Even Sem 2026 - Month 2
EV03065,RA251102800366,RA251102900360,Lab Collaboration,1,Even Sem 2026 - Finals
EV03066,RA251102800366,RA261102700396,Lab Collaboration,1,Even Sem 2026 - Month 2
EV03067,RA251102800366,RA261105600408,Lab Collaboration,1,Odd Sem 2025 - Month 1
EV03068,RA251102800366,RA261105600471,Hackathon Team,1,Even Sem 2026 - Month 1
EV03069,RA251102800366,RA261105600492,Lab Collaboration,1,Even Sem 2026 - Month 1
EV03070,RA251102800373,RA251102900367,Technical Club,2,Odd Sem 2025 - Month 2
EV03071,RA251102800373,RA261100300409,Technical Club,1,Even Sem 2026 - Month 2
EV03072,RA251102800373,RA261102800397,Peer Study,1,Even Sem 2026 - Month 1
EV03073,RA251102800373,RA261105400379,Technical Club,1,Even Sem 2026 - Month 1
EV03074,RA251102900255,RA261102800411,Peer Study,1,Odd Sem 2025 - Month 2
EV03075,RA251102900255,RA261102800446,Peer Study,4,Odd Sem 2025 - Midterm
EV03076,RA251102900255,RA261102800453,Project Team,1,Even Sem 2026 - Finals
EV03077,RA251102900255,RA261105400393,Lab Collaboration,3,Even Sem 2026 - Month 2
EV03078,RA251102900262,RA251102900346,Hackathon Team,3,Even Sem 2026 - Finals
EV03079,RA251102900262,RA251103000256,Lab Collaboration,3,Odd Sem 2025 - Month 2
EV03080,RA251102900262,RA251105600370,Hackathon Team,1,Even Sem 2026 - Month 2
EV03081,RA251102900262,RA261100300388,Peer Study,2,Odd Sem 2025 - Midterm
EV03082,RA251102900262,RA261102900454,Peer Study,1,Odd Sem 2025 - Midterm
EV03083,RA251102900262,RA261105400442,Hackathon Team,1,Odd Sem 2025 - Midterm
EV03084,RA251102900262,RA261105600408,Technical Club,2,Odd Sem 2025 - Midterm
EV03085,RA251102900262,RA261105600457,Hackathon Team,2,Odd Sem 2025 - Month 1
EV03086,RA251102900262,RA261105600478,Hackathon Team,1,Odd Sem 2025 - Month 1
EV03087,RA251102900269,RA251103000263,Lab Collaboration,1,Even Sem 2026 - Month 2
EV03088,RA251102900269,RA261102800425,Technical Club,1,Odd Sem 2025 - Month 1
EV03089,RA251102900276,RA251103000270,Hackathon Team,3,Odd Sem 2025 - Midterm
EV03090,RA251102900276,RA251105600300,Project Team,2,Even Sem 2026 - Month 2
EV03091,RA251102900276,RA261102700438,Peer Study,1,Odd Sem 2025 - Month 1
EV03092,RA251102900276,RA261102800390,Hackathon Team,1,Even Sem 2026 - Finals
EV03093,RA251102900276,RA261105400456,Project Team,1,Odd Sem 2025 - Midterm
EV03094,RA251102900276,RA261105600471,Peer Study,4,Odd Sem 2025 - Month 1
EV03095,RA251102900283,RA251102900367,Project Team,1,Odd Sem 2025 - Month 1
EV03096,RA251102900283,RA251103000277,Hackathon Team,4,Odd Sem 2025 - Midterm
EV03097,RA251102900283,RA251105600265,Lab Collaboration,1,Odd Sem 2025 - Midterm
EV03098,RA251102900283,RA261100300423,Peer Study,2,Even Sem 2026 - Month 1
EV03099,RA251102900283,RA261102900475,Lab Collaboration,1,Even Sem 2026 - Month 1
EV03100,RA251102900283,RA261103000427,Project Team,1,Even Sem 2026 - Month 1
EV03101,RA251102900283,RA261103000469,Project Team,1,Odd Sem 2025 - Month 4
EV03102,RA251102900283,RA261105600415,Technical Club,1,Even Sem 2026 - Month 2
EV03103,RA251102900290,RA251103000284,Lab Collaboration,2,Even Sem 2026 - Month 2
EV03104,RA251102900290,RA251105600272,Peer Study,2,Even Sem 2026 - Finals
EV03105,RA251102900290,RA261102700452,Technical Club,1,Odd Sem 2025 - Month 4
EV03106,RA251102900290,RA261102800488,Lab Collaboration,1,Odd Sem 2025 - Midterm
EV03107,RA251102900290,RA261105600464,Project Team,2,Odd Sem 2025 - Midterm
EV03108,RA251102900297,RA251103000340,Project Team,1,Even Sem 2026 - Month 2
EV03109,RA251102900297,RA251105400285,Peer Study,1,Even Sem 2026 - Month 1
EV03110,RA251102900297,RA261102700389,Technical Club,1,Even Sem 2026 - Finals
EV03111,RA251102900297,RA261102700487,Technical Club,2,Even Sem 2026 - Finals
EV03112,RA251102900297,RA261102900489,Hackathon Team,1,Odd Sem 2025 - Midterm
EV03113,RA251102900297,RA261103000483,Project Team,1,Odd Sem 2025 - Month 4
EV03114,RA251102900297,RA261105400435,Technical Club,1,Even Sem 2026 - Month 2
EV03115,RA251102900304,RA251103000298,Project Team,1,Even Sem 2026 - Finals
EV03116,RA251102900304,RA251105600328,Technical Club,1,Odd Sem 2025 - Month 4
EV03117,RA251102900304,RA261102700389,Technical Club,1,Even Sem 2026 - Month 2
EV03118,RA251102900304,RA261102900496,Lab Collaboration,2,Odd Sem 2025 - Month 4
EV03119,RA251102900304,RA261103000441,Hackathon Team,2,Odd Sem 2025 - Month 4
EV03120,RA251102900311,RA251103000305,Lab Collaboration,1,Even Sem 2026 - Month 2
EV03121,RA251102900311,RA261102900419,Lab Collaboration,1,Odd Sem 2025 - Month 2
EV03122,RA251102900311,RA261105400407,Technical Club,1,Odd Sem 2025 - Month 4
EV03123,RA251102900311,RA261105600443,Hackathon Team,2,Odd Sem 2025 - Midterm
EV03124,RA251102900318,RA251103000312,Peer Study,4,Even Sem 2026 - Month 2
EV03125,RA251102900318,RA261102700438,Technical Club,1,Odd Sem 2025 - Month 2
EV03126,RA251102900318,RA261105400400,Peer Study,4,Odd Sem 2025 - Month 1
EV03127,RA251102900318,RA261105600492,Technical Club,1,Odd Sem 2025 - Month 1
EV03128,RA251102900325,RA251103000277,Project Team,2,Odd Sem 2025 - Midterm
EV03129,RA251102900325,RA251103000319,Technical Club,2,Odd Sem 2025 - Month 1
EV03130,RA251102900325,RA251105400271,Project Team,4,Odd Sem 2025 - Month 1
EV03131,RA251102900325,RA251105400362,Peer Study,3,Even Sem 2026 - Month 1
EV03132,RA251102900325,RA251105600251,Hackathon Team,6,Odd Sem 2025 - Month 4
EV03133,RA251102900325,RA251105600265,Lab Collaboration,2,Even Sem 2026 - Month 1
EV03134,RA251102900325,RA251105600307,Project Team,5,Odd Sem 2025 - Month 4
EV03135,RA251102900325,RA251105600314,Lab Collaboration,3,Odd Sem 2025 - Midterm
EV03136,RA251102900325,RA261100300493,Project Team,4,Odd Sem 2025 - Midterm
EV03137,RA251102900325,RA261100300500,Lab Collaboration,3,Even Sem 2026 - Finals
EV03138,RA251102900325,RA261102700382,Hackathon Team,2,Odd Sem 2025 - Midterm
EV03139,RA251102900325,RA261102700487,Peer Study,4,Even Sem 2026 - Finals
EV03140,RA251102900325,RA261102800411,Technical Club,2,Odd Sem 2025 - Month 4
EV03141,RA251102900325,RA261103000469,Project Team,5,Odd Sem 2025 - Midterm
EV03142,RA251102900325,RA261105400463,Project Team,3,Odd Sem 2025 - Midterm
EV03143,RA251102900325,RA261105600415,Project Team,4,Odd Sem 2025 - Month 4
EV03144,RA251102900325,RA261105600422,Technical Club,3,Odd Sem 2025 - Midterm
EV03145,RA251102900325,RA261105600443,Technical Club,3,Even Sem 2026 - Month 1
EV03146,RA251102900332,RA251103000284,Hackathon Team,1,Even Sem 2026 - Month 2
EV03147,RA251102900332,RA251103000326,Lab Collaboration,1,Odd Sem 2025 - Midterm
EV03148,RA251102900332,RA261103000392,Project Team,2,Even Sem 2026 - Finals
EV03149,RA251102900339,RA251103000333,Peer Study,1,Even Sem 2026 - Month 2
EV03150,RA251102900339,RA261102800495,Hackathon Team,1,Odd Sem 2025 - Month 4
EV03151,RA251102900346,RA251103000256,Project Team,1,Even Sem 2026 - Finals
EV03152,RA251102900346,RA251103000340,Project Team,1,Even Sem 2026 - Month 2
EV03153,RA251102900346,RA261100300395,Lab Collaboration,5,Odd Sem 2025 - Month 2
EV03154,RA251102900346,RA261102800460,Lab Collaboration,1,Even Sem 2026 - Finals
EV03155,RA251102900346,RA261102900496,Hackathon Team,1,Even Sem 2026 - Month 1
EV03156,RA251102900346,RA261105600394,Technical Club,1,Even Sem 2026 - Finals
EV03157,RA251102900353,RA251103000305,Technical Club,1,Odd Sem 2025 - Month 4
EV03158,RA251102900353,RA251103000347,Peer Study,1,Even Sem 2026 - Month 2
EV03159,RA251102900353,RA251105600258,Peer Study,1,Odd Sem 2025 - Month 4
EV03160,RA251102900353,RA251105600293,Project Team,1,Even Sem 2026 - Month 1
EV03161,RA251102900353,RA261100300388,Project Team,2,Even Sem 2026 - Month 2
EV03162,RA251102900353,RA261100300437,Hackathon Team,3,Odd Sem 2025 - Midterm
EV03163,RA251102900353,RA261102900377,Project Team,1,Even Sem 2026 - Month 2
EV03164,RA251102900353,RA261102900419,Technical Club,3,Odd Sem 2025 - Month 2
EV03165,RA251102900353,RA261102900482,Project Team,1,Odd Sem 2025 - Month 4
EV03166,RA251102900353,RA261105600485,Peer Study,1,Odd Sem 2025 - Month 2
EV03167,RA251102900360,RA251103000354,Project Team,1,Odd Sem 2025 - Month 4
EV03168,RA251102900360,RA261100300444,Hackathon Team,1,Even Sem 2026 - Month 1
EV03169,RA251102900367,RA251105400355,Project Team,2,Even Sem 2026 - Month 1
EV03170,RA251102900367,RA261102800439,Peer Study,1,Even Sem 2026 - Finals
EV03171,RA251102900367,RA261102800446,Lab Collaboration,2,Odd Sem 2025 - Month 2
EV03172,RA251102900367,RA261102800481,Hackathon Team,1,Odd Sem 2025 - Midterm
EV03173,RA251102900367,RA261102900475,Technical Club,2,Odd Sem 2025 - Month 4
EV03174,RA251102900367,RA261105400379,Technical Club,1,Even Sem 2026 - Month 2
EV03175,RA251102900367,RA261105600457,Technical Club,2,Even Sem 2026 - Month 2
EV03176,RA251102900374,RA251103000368,Technical Club,1,Odd Sem 2025 - Month 2
EV03177,RA251102900374,RA261105600380,Technical Club,1,Even Sem 2026 - Month 2
EV03178,RA251103000256,RA251103000340,Project Team,1,Even Sem 2026 - Finals
EV03179,RA251103000256,RA261102700424,Project Team,1,Odd Sem 2025 - Month 4
EV03180,RA251103000256,RA261102800495,Project Team,1,Even Sem 2026 - Month 2
EV03181,RA251103000263,RA251103000347,Technical Club,1,Odd Sem 2025 - Midterm
EV03182,RA251103000263,RA251105400257,Lab Collaboration,1,Even Sem 2026 - Month 1
EV03183,RA251103000263,RA251105400299,Hackathon Team,1,Even Sem 2026 - Month 2
EV03184,RA251103000263,RA251105600335,Lab Collaboration,1,Even Sem 2026 - Month 1
EV03185,RA251103000263,RA261102700389,Lab Collaboration,1,Odd Sem 2025 - Midterm
EV03186,RA251103000263,RA261102700473,Technical Club,1,Even Sem 2026 - Month 2
EV03187,RA251103000263,RA261102800383,Peer Study,1,Even Sem 2026 - Month 2
EV03188,RA251103000270,RA251103000312,Lab Collaboration,1,Even Sem 2026 - Finals
EV03189,RA251103000270,RA251105400257,Peer Study,1,Even Sem 2026 - Finals
EV03190,RA251103000270,RA251105400264,Hackathon Team,1,Odd Sem 2025 - Month 1
EV03191,RA251103000270,RA261100300486,Lab Collaboration,1,Odd Sem 2025 - Midterm
EV03192,RA251103000270,RA261102700438,Lab Collaboration,1,Even Sem 2026 - Finals
EV03193,RA251103000270,RA261102800432,Lab Collaboration,1,Odd Sem 2025 - Month 4
EV03194,RA251103000270,RA261103000420,Lab Collaboration,1,Even Sem 2026 - Month 1
EV03195,RA251103000270,RA261103000462,Peer Study,2,Even Sem 2026 - Month 1
EV03196,RA251103000277,RA251105400271,Technical Club,1,Even Sem 2026 - Month 2
EV03197,RA251103000277,RA261105400463,Peer Study,4,Odd Sem 2025 - Midterm
EV03198,RA251103000284,RA251105400278,Peer Study,1,Odd Sem 2025 - Month 1
EV03199,RA251103000284,RA261103000434,Technical Club,1,Even Sem 2026 - Month 2
EV03200,RA251103000284,RA261105400428,Project Team,2,Even Sem 2026 - Finals
EV03201,RA251103000298,RA251103000340,Lab Collaboration,1,Even Sem 2026 - Month 1
EV03202,RA251103000298,RA251105400292,Lab Collaboration,5,Odd Sem 2025 - Month 4
EV03203,RA251103000298,RA251105600370,Peer Study,1,Odd Sem 2025 - Midterm
EV03204,RA251103000298,RA261102900496,Technical Club,1,Odd Sem 2025 - Month 2
EV03205,RA251103000298,RA261103000441,Project Team,3,Odd Sem 2025 - Month 1
EV03206,RA251103000305,RA251105400299,Technical Club,1,Odd Sem 2025 - Month 1
EV03207,RA251103000305,RA261102800425,Project Team,1,Even Sem 2026 - Month 2
EV03208,RA251103000305,RA261102900461,Project Team,2,Odd Sem 2025 - Midterm
EV03209,RA251103000305,RA261102900475,Lab Collaboration,1,Odd Sem 2025 - Month 4
EV03210,RA251103000305,RA261103000455,Technical Club,1,Odd Sem 2025 - Midterm
EV03211,RA251103000305,RA261105600401,Peer Study,2,Even Sem 2026 - Month 1
EV03212,RA251103000312,RA251105400306,Technical Club,1,Odd Sem 2025 - Month 2
EV03213,RA251103000312,RA261100300423,Peer Study,4,Odd Sem 2025 - Midterm
EV03214,RA251103000312,RA261102700438,Technical Club,1,Even Sem 2026 - Month 2
EV03215,RA251103000312,RA261103000378,Peer Study,2,Even Sem 2026 - Month 2
EV03216,RA251103000312,RA261105400498,Project Team,2,Even Sem 2026 - Month 1
EV03217,RA251103000319,RA251105400313,Technical Club,1,Odd Sem 2025 - Midterm
EV03218,RA251103000319,RA261100300409,Project Team,1,Odd Sem 2025 - Month 4
EV03219,RA251103000319,RA261102700445,Project Team,1,Odd Sem 2025 - Month 4
EV03220,RA251103000319,RA261102800397,Peer Study,1,Odd Sem 2025 - Month 1
EV03221,RA251103000319,RA261102800439,Project Team,1,Odd Sem 2025 - Month 2
EV03222,RA251103000319,RA261105400463,Technical Club,1,Odd Sem 2025 - Month 2
EV03223,RA251103000326,RA251105400320,Technical Club,1,Odd Sem 2025 - Month 2
EV03224,RA251103000326,RA261102800404,Lab Collaboration,1,Even Sem 2026 - Finals
EV03225,RA251103000326,RA261102800488,Peer Study,1,Even Sem 2026 - Finals
EV03226,RA251103000326,RA261105400470,Lab Collaboration,2,Even Sem 2026 - Month 1
EV03227,RA251103000326,RA261105600422,Hackathon Team,1,Even Sem 2026 - Month 1
EV03228,RA251103000333,RA251105400320,Peer Study,2,Odd Sem 2025 - Month 1
EV03229,RA251103000333,RA251105400327,Project Team,1,Even Sem 2026 - Month 1
EV03230,RA251103000333,RA261102700382,Project Team,3,Even Sem 2026 - Month 2
EV03231,RA251103000333,RA261102800411,Lab Collaboration,1,Odd Sem 2025 - Midterm
EV03232,RA251103000333,RA261102800446,Lab Collaboration,5,Odd Sem 2025 - Month 1
EV03233,RA251103000333,RA261102900405,Lab Collaboration,1,Even Sem 2026 - Month 1
EV03234,RA251103000340,RA251105400292,Hackathon Team,2,Odd Sem 2025 - Month 4
EV03235,RA251103000340,RA251105400334,Peer Study,1,Even Sem 2026 - Month 2
EV03236,RA251103000340,RA251105600286,Hackathon Team,1,Even Sem 2026 - Month 2
EV03237,RA251103000340,RA261100300388,Technical Club,2,Even Sem 2026 - Month 1
EV03238,RA251103000340,RA261100300430,Hackathon Team,2,Even Sem 2026 - Month 1
EV03239,RA251103000340,RA261102800460,Peer Study,2,Odd Sem 2025 - Midterm
EV03240,RA251103000340,RA261102900412,Lab Collaboration,1,Even Sem 2026 - Month 1
EV03241,RA251103000340,RA261105600436,Project Team,1,Odd Sem 2025 - Month 1
EV03242,RA251103000347,RA251105400257,Hackathon Team,2,Even Sem 2026 - Month 1
EV03243,RA251103000347,RA251105400341,Project Team,1,Even Sem 2026 - Finals
EV03244,RA251103000347,RA261100300486,Technical Club,1,Odd Sem 2025 - Month 4
EV03245,RA251103000354,RA251105400348,Project Team,2,Odd Sem 2025 - Month 4
EV03246,RA251103000354,RA261100300388,Technical Club,3,Even Sem 2026 - Finals
EV03247,RA251103000354,RA261103000378,Lab Collaboration,1,Odd Sem 2025 - Month 2
EV03248,RA251103000354,RA261103000441,Technical Club,2,Even Sem 2026 - Month 2
EV03249,RA251103000354,RA261105400414,Peer Study,1,Odd Sem 2025 - Month 1
EV03250,RA251103000368,RA251105400362,Technical Club,3,Odd Sem 2025 - Midterm
EV03251,RA251103000368,RA251105600314,Lab Collaboration,1,Even Sem 2026 - Finals
EV03252,RA251103000368,RA261100300416,Hackathon Team,2,Even Sem 2026 - Month 2
EV03253,RA251103000368,RA261100300500,Project Team,1,Odd Sem 2025 - Midterm
EV03254,RA251103000368,RA261102800404,Project Team,1,Even Sem 2026 - Month 2
EV03255,RA251103000368,RA261102800460,Peer Study,1,Even Sem 2026 - Month 1
EV03256,RA251103000368,RA261105600464,Peer Study,1,Odd Sem 2025 - Midterm
EV03257,RA251103000375,RA251105400369,Hackathon Team,1,Odd Sem 2025 - Midterm
EV03258,RA251103000375,RA261100300381,Lab Collaboration,3,Odd Sem 2025 - Midterm
EV03259,RA251103000375,RA261102700417,Hackathon Team,1,Odd Sem 2025 - Month 1
EV03260,RA251103000375,RA261102800453,Hackathon Team,1,Odd Sem 2025 - Month 2
EV03261,RA251103000375,RA261105600457,Peer Study,2,Odd Sem 2025 - Month 4
EV03262,RA251105400257,RA251105600251,Technical Club,1,Odd Sem 2025 - Month 2
EV03263,RA251105400257,RA251105600293,Peer Study,2,Odd Sem 2025 - Midterm
EV03264,RA251105400257,RA261100300437,Hackathon Team,2,Odd Sem 2025 - Midterm
EV03265,RA251105400257,RA261100300479,Hackathon Team,1,Even Sem 2026 - Month 1
EV03266,RA251105400257,RA261105400407,Hackathon Team,1,Even Sem 2026 - Finals
EV03267,RA251105400257,RA261105400449,Peer Study,1,Even Sem 2026 - Finals
EV03268,RA251105400257,RA261105600401,Peer Study,1,Even Sem 2026 - Finals
EV03269,RA251105400257,RA261105600485,Lab Collaboration,1,Odd Sem 2025 - Month 1
EV03270,RA251105400264,RA251105600258,Peer Study,2,Odd Sem 2025 - Month 4
EV03271,RA251105400264,RA251105600356,Hackathon Team,5,Even Sem 2026 - Month 2
EV03272,RA251105400264,RA261102700396,Peer Study,1,Odd Sem 2025 - Midterm
EV03273,RA251105400264,RA261102800432,Hackathon Team,1,Odd Sem 2025 - Month 4
EV03274,RA251105400264,RA261105400498,Hackathon Team,1,Even Sem 2026 - Month 2
EV03275,RA251105400264,RA261105600408,Hackathon Team,1,Even Sem 2026 - Month 1
EV03276,RA251105400271,RA251105600265,Project Team,1,Even Sem 2026 - Month 2
EV03277,RA251105400271,RA261100300493,Project Team,1,Odd Sem 2025 - Month 1
EV03278,RA251105400271,RA261105600415,Peer Study,1,Odd Sem 2025 - Month 2
EV03279,RA251105400278,RA251105400292,Technical Club,3,Even Sem 2026 - Month 1
EV03280,RA251105400278,RA251105400362,Peer Study,1,Even Sem 2026 - Finals
EV03281,RA251105400278,RA251105600272,Project Team,1,Even Sem 2026 - Month 1
EV03282,RA251105400285,RA251105600279,Peer Study,2,Odd Sem 2025 - Month 4
EV03283,RA251105400285,RA251105600363,Lab Collaboration,1,Even Sem 2026 - Month 2
EV03284,RA251105400285,RA261100300465,Lab Collaboration,1,Even Sem 2026 - Month 1
EV03285,RA251105400285,RA261102800495,Lab Collaboration,1,Odd Sem 2025 - Month 4
EV03286,RA251105400292,RA251105600272,Lab Collaboration,6,Odd Sem 2025 - Month 2
EV03287,RA251105400292,RA251105600286,Project Team,2,Even Sem 2026 - Month 1
EV03288,RA251105400292,RA261102800383,Lab Collaboration,2,Even Sem 2026 - Month 2
EV03289,RA251105400292,RA261102800460,Peer Study,3,Odd Sem 2025 - Month 2
EV03290,RA251105400292,RA261102900391,Project Team,3,Odd Sem 2025 - Month 1
EV03291,RA251105400292,RA261102900412,Peer Study,3,Even Sem 2026 - Month 1
EV03292,RA251105400292,RA261102900454,Project Team,3,Even Sem 2026 - Finals
EV03293,RA251105400292,RA261102900496,Lab Collaboration,3,Odd Sem 2025 - Month 4
EV03294,RA251105400292,RA261103000448,Peer Study,3,Even Sem 2026 - Month 2
EV03295,RA251105400292,RA261105400400,Project Team,3,Odd Sem 2025 - Month 2
EV03296,RA251105400292,RA261105400428,Project Team,4,Odd Sem 2025 - Month 2
EV03297,RA251105400299,RA251105600293,Peer Study,1,Even Sem 2026 - Month 2
EV03298,RA251105400299,RA261102800467,Lab Collaboration,1,Odd Sem 2025 - Month 1
EV03299,RA251105400299,RA261103000399,Peer Study,1,Odd Sem 2025 - Midterm
EV03300,RA251105400299,RA261105400407,Lab Collaboration,1,Odd Sem 2025 - Midterm
EV03301,RA251105400299,RA261105400449,Lab Collaboration,1,Odd Sem 2025 - Midterm
EV03302,RA251105400306,RA251105600300,Peer Study,4,Even Sem 2026 - Month 1
EV03303,RA251105400306,RA261103000420,Project Team,1,Even Sem 2026 - Month 2
EV03304,RA251105400313,RA251105600307,Project Team,1,Odd Sem 2025 - Midterm
EV03305,RA251105400313,RA261102900391,Project Team,1,Odd Sem 2025 - Month 2
EV03306,RA251105400313,RA261103000427,Peer Study,1,Odd Sem 2025 - Month 1
EV03307,RA251105400320,RA251105600314,Lab Collaboration,2,Odd Sem 2025 - Midterm
EV03308,RA251105400320,RA261102900482,Peer Study,2,Odd Sem 2025 - Month 2
EV03309,RA251105400327,RA251105600321,Technical Club,1,Odd Sem 2025 - Month 1
EV03310,RA251105400327,RA261102700438,Hackathon Team,1,Odd Sem 2025 - Month 1
EV03311,RA251105400327,RA261102900489,Project Team,2,Even Sem 2026 - Month 2
EV03312,RA251105400327,RA261105400393,Peer Study,3,Odd Sem 2025 - Midterm
EV03313,RA251105400327,RA261105600429,Peer Study,1,Odd Sem 2025 - Midterm
EV03314,RA251105400334,RA251105600328,Lab Collaboration,2,Odd Sem 2025 - Month 4
EV03315,RA251105400334,RA261100300388,Lab Collaboration,4,Odd Sem 2025 - Month 2
EV03316,RA251105400334,RA261102800446,Lab Collaboration,2,Even Sem 2026 - Month 2
EV03317,RA251105400334,RA261105400400,Peer Study,3,Even Sem 2026 - Month 1
EV03318,RA251105400341,RA251105600335,Peer Study,1,Odd Sem 2025 - Midterm
EV03319,RA251105400341,RA261102800425,Hackathon Team,1,Odd Sem 2025 - Month 4
EV03320,RA251105400341,RA261105400449,Peer Study,1,Even Sem 2026 - Finals
EV03321,RA251105400341,RA261105600443,Lab Collaboration,2,Even Sem 2026 - Finals
EV03322,RA251105400348,RA251105600300,Project Team,1,Odd Sem 2025 - Month 1
EV03323,RA251105400348,RA251105600342,Project Team,2,Even Sem 2026 - Month 1
EV03324,RA251105400348,RA261102700494,Technical Club,1,Even Sem 2026 - Finals
EV03325,RA251105400348,RA261102900468,Peer Study,1,Odd Sem 2025 - Month 2
EV03326,RA251105400348,RA261105400456,Project Team,1,Even Sem 2026 - Finals
EV03327,RA251105400355,RA251105600349,Technical Club,1,Odd Sem 2025 - Midterm
EV03328,RA251105400355,RA261105400400,Lab Collaboration,4,Odd Sem 2025 - Month 2
EV03329,RA251105400362,RA251105600356,Technical Club,4,Odd Sem 2025 - Month 1
EV03330,RA251105400362,RA261102700452,Technical Club,1,Even Sem 2026 - Month 2
EV03331,RA251105400362,RA261102800488,Lab Collaboration,1,Odd Sem 2025 - Month 1
EV03332,RA251105400362,RA261105600457,Peer Study,3,Even Sem 2026 - Month 1
EV03333,RA251105400369,RA251105600363,Project Team,1,Even Sem 2026 - Finals
EV03334,RA251105400369,RA261100300381,Hackathon Team,3,Odd Sem 2025 - Midterm
EV03335,RA251105400369,RA261100300409,Peer Study,1,Even Sem 2026 - Month 1
EV03336,RA251105400369,RA261100300423,Lab Collaboration,4,Even Sem 2026 - Month 1
EV03337,RA251105400369,RA261102700459,Technical Club,1,Odd Sem 2025 - Midterm
EV03338,RA251105400369,RA261102900405,Lab Collaboration,1,Odd Sem 2025 - Month 4
EV03339,RA251105600251,RA261102700389,Peer Study,1,Odd Sem 2025 - Month 2
EV03340,RA251105600251,RA261103000476,Lab Collaboration,2,Even Sem 2026 - Month 1
EV03341,RA251105600251,RA261103000497,Technical Club,3,Odd Sem 2025 - Month 1
EV03342,RA251105600258,RA251105600342,Project Team,1,Odd Sem 2025 - Midterm
EV03343,RA251105600258,RA261100300395,Project Team,3,Even Sem 2026 - Finals
EV03344,RA251105600258,RA261102800390,Hackathon Team,1,Even Sem 2026 - Finals
EV03345,RA251105600258,RA261102800474,Project Team,1,Odd Sem 2025 - Month 2
EV03346,RA251105600258,RA261105400456,Hackathon Team,3,Odd Sem 2025 - Month 4
EV03347,RA251105600258,RA261105600499,Hackathon Team,2,Odd Sem 2025 - Month 1
EV03348,RA251105600265,RA251105600307,Project Team,1,Odd Sem 2025 - Month 4
EV03349,RA251105600265,RA261102800439,Hackathon Team,1,Odd Sem 2025 - Month 4
EV03350,RA251105600265,RA261105400463,Peer Study,1,Odd Sem 2025 - Month 4
EV03351,RA251105600272,RA261100300416,Lab Collaboration,1,Odd Sem 2025 - Month 2
EV03352,RA251105600272,RA261102800390,Peer Study,1,Odd Sem 2025 - Month 4
EV03353,RA251105600272,RA261102900440,Technical Club,1,Odd Sem 2025 - Month 1
EV03354,RA251105600272,RA261103000392,Technical Club,1,Odd Sem 2025 - Month 2
EV03355,RA251105600272,RA261105600457,Peer Study,3,Odd Sem 2025 - Month 1
EV03356,RA251105600272,RA261105600464,Project Team,1,Even Sem 2026 - Finals
EV03357,RA251105600286,RA261100300472,Technical Club,1,Even Sem 2026 - Month 1
EV03358,RA251105600286,RA261102700382,Project Team,2,Odd Sem 2025 - Month 2
EV03359,RA251105600286,RA261105400484,Project Team,1,Even Sem 2026 - Finals
EV03360,RA251105600293,RA261102900398,Lab Collaboration,3,Even Sem 2026 - Month 1
EV03361,RA251105600293,RA261105600443,Lab Collaboration,1,Even Sem 2026 - Month 2
EV03362,RA251105600293,RA261105600485,Technical Club,1,Even Sem 2026 - Month 1
EV03363,RA251105600300,RA261102700396,Project Team,1,Even Sem 2026 - Month 1
EV03364,RA251105600300,RA261105400498,Lab Collaboration,1,Odd Sem 2025 - Midterm
EV03365,RA251105600307,RA261100300388,Technical Club,3,Odd Sem 2025 - Month 2
EV03366,RA251105600307,RA261100300437,Lab Collaboration,2,Even Sem 2026 - Month 1
EV03367,RA251105600307,RA261105600415,Project Team,1,Odd Sem 2025 - Midterm
EV03368,RA251105600314,RA251105600356,Project Team,3,Odd Sem 2025 - Month 2
EV03369,RA251105600314,RA261100300423,Lab Collaboration,4,Odd Sem 2025 - Month 1
EV03370,RA251105600314,RA261102800488,Project Team,1,Even Sem 2026 - Month 2
EV03371,RA251105600314,RA261103000476,Hackathon Team,1,Even Sem 2026 - Month 1
EV03372,RA251105600321,RA261100300423,Project Team,4,Even Sem 2026 - Month 1
EV03373,RA251105600321,RA261102800495,Peer Study,1,Even Sem 2026 - Month 1
EV03374,RA251105600321,RA261103000441,Peer Study,3,Odd Sem 2025 - Month 1
EV03375,RA251105600321,RA261105600429,Technical Club,1,Odd Sem 2025 - Month 2
EV03376,RA251105600321,RA261105600471,Lab Collaboration,2,Even Sem 2026 - Finals
EV03377,RA251105600328,RA261100300472,Lab Collaboration,2,Odd Sem 2025 - Month 4
EV03378,RA251105600328,RA261102900412,Technical Club,1,Odd Sem 2025 - Month 2
EV03379,RA251105600328,RA261105600436,Hackathon Team,1,Even Sem 2026 - Finals
EV03380,RA251105600335,RA261102700382,Lab Collaboration,4,Odd Sem 2025 - Month 1
EV03381,RA251105600342,RA261102800390,Technical Club,1,Odd Sem 2025 - Month 4
EV03382,RA251105600349,RA261100300409,Project Team,1,Odd Sem 2025 - Month 2
EV03383,RA251105600349,RA261100300451,Hackathon Team,1,Odd Sem 2025 - Month 2
EV03384,RA251105600349,RA261102700445,Project Team,1,Odd Sem 2025 - Month 2
EV03385,RA251105600356,RA261100300395,Peer Study,4,Even Sem 2026 - Month 2
EV03386,RA251105600356,RA261100300409,Lab Collaboration,3,Even Sem 2026 - Finals
EV03387,RA251105600356,RA261100300416,Peer Study,2,Even Sem 2026 - Month 2
EV03388,RA251105600356,RA261102700494,Lab Collaboration,2,Odd Sem 2025 - Month 4
EV03389,RA251105600356,RA261102800467,Lab Collaboration,3,Odd Sem 2025 - Month 1
EV03390,RA251105600356,RA261102900377,Peer Study,4,Even Sem 2026 - Month 1
EV03391,RA251105600356,RA261103000392,Technical Club,4,Even Sem 2026 - Month 1
EV03392,RA251105600356,RA261103000441,Lab Collaboration,4,Odd Sem 2025 - Month 4
EV03393,RA251105600356,RA261105400428,Project Team,5,Odd Sem 2025 - Month 4
EV03394,RA251105600356,RA261105600464,Peer Study,4,Even Sem 2026 - Month 2
EV03395,RA251105600363,RA261102800411,Technical Club,2,Even Sem 2026 - Finals
EV03396,RA251105600363,RA261105400400,Hackathon Team,6,Even Sem 2026 - Month 1
EV03397,RA251105600370,RA261100300388,Hackathon Team,4,Odd Sem 2025 - Midterm
EV03398,RA251105600370,RA261102800376,Lab Collaboration,2,Even Sem 2026 - Month 1
EV03399,RA261100300381,RA261103000399,Peer Study,1,Odd Sem 2025 - Month 2
EV03400,RA261100300381,RA261105600387,Project Team,1,Even Sem 2026 - Month 2
EV03401,RA261100300388,RA261100300444,Technical Club,2,Odd Sem 2025 - Month 2
EV03402,RA261100300388,RA261102700382,Peer Study,3,Even Sem 2026 - Month 2
EV03403,RA261100300388,RA261102700466,Hackathon Team,2,Even Sem 2026 - Month 2
EV03404,RA261100300388,RA261102700487,Hackathon Team,4,Odd Sem 2025 - Month 4
EV03405,RA261100300388,RA261102900454,Peer Study,9,Odd Sem 2025 - Month 2
EV03406,RA261100300388,RA261105400393,Project Team,6,Even Sem 2026 - Month 1
EV03407,RA261100300388,RA261105600394,Technical Club,5,Odd Sem 2025 - Month 1
EV03408,RA261100300388,RA261105600492,Lab Collaboration,3,Even Sem 2026 - Month 2
EV03409,RA261100300395,RA261100300479,Technical Club,3,Odd Sem 2025 - Month 2
EV03410,RA261100300395,RA261102700389,Hackathon Team,3,Odd Sem 2025 - Month 4
EV03411,RA261100300395,RA261102900377,Technical Club,3,Even Sem 2026 - Month 1
EV03412,RA261100300395,RA261102900440,Lab Collaboration,3,Odd Sem 2025 - Month 2
EV03413,RA261100300395,RA261105600401,Hackathon Team,3,Odd Sem 2025 - Midterm
EV03414,RA261100300395,RA261105600492,Project Team,2,Even Sem 2026 - Finals
EV03415,RA261100300402,RA261102700396,Project Team,1,Even Sem 2026 - Month 2
EV03416,RA261100300402,RA261102700480,Hackathon Team,1,Even Sem 2026 - Month 1
EV03417,RA261100300402,RA261102900398,Lab Collaboration,3,Odd Sem 2025 - Midterm
EV03418,RA261100300402,RA261102900468,Peer Study,1,Odd Sem 2025 - Month 2
EV03419,RA261100300402,RA261103000441,Peer Study,2,Even Sem 2026 - Month 1
EV03420,RA261100300402,RA261105400400,Peer Study,4,Odd Sem 2025 - Midterm
EV03421,RA261100300402,RA261105600408,Hackathon Team,1,Odd Sem 2025 - Month 2
EV03422,RA261100300402,RA261105600492,Peer Study,1,Odd Sem 2025 - Midterm
EV03423,RA261100300409,RA261102700403,Hackathon Team,2,Even Sem 2026 - Month 1
EV03424,RA261100300409,RA261102800439,Peer Study,1,Even Sem 2026 - Month 1
EV03425,RA261100300409,RA261103000385,Hackathon Team,2,Odd Sem 2025 - Month 1
EV03426,RA261100300409,RA261103000427,Lab Collaboration,1,Even Sem 2026 - Finals
EV03427,RA261100300409,RA261105600415,Peer Study,2,Odd Sem 2025 - Month 4
EV03428,RA261100300416,RA261102700410,Hackathon Team,1,Odd Sem 2025 - Midterm
EV03429,RA261100300416,RA261102800404,Peer Study,1,Odd Sem 2025 - Midterm
EV03430,RA261100300416,RA261103000476,Technical Club,1,Odd Sem 2025 - Midterm
EV03431,RA261100300416,RA261105400470,Hackathon Team,2,Even Sem 2026 - Finals
EV03432,RA261100300416,RA261105600422,Technical Club,3,Even Sem 2026 - Finals
EV03433,RA261100300423,RA261100300444,Project Team,3,Odd Sem 2025 - Midterm
EV03434,RA261100300423,RA261102700417,Peer Study,3,Odd Sem 2025 - Midterm
EV03435,RA261100300423,RA261102700452,Technical Club,3,Even Sem 2026 - Month 2
EV03436,RA261100300423,RA261102800376,Hackathon Team,3,Even Sem 2026 - Month 1
EV03437,RA261100300423,RA261102800495,Project Team,3,Odd Sem 2025 - Midterm
EV03438,RA261100300423,RA261103000406,Hackathon Team,5,Even Sem 2026 - Month 1
EV03439,RA261100300423,RA261105600429,Lab Collaboration,3,Odd Sem 2025 - Month 4
EV03440,RA261100300423,RA261105600457,Hackathon Team,2,Odd Sem 2025 - Month 2
EV03441,RA261100300430,RA261102700424,Technical Club,1,Odd Sem 2025 - Month 1
EV03442,RA261100300430,RA261105600436,Technical Club,1,Even Sem 2026 - Finals
EV03443,RA261100300437,RA261102700431,Peer Study,2,Even Sem 2026 - Finals
EV03444,RA261100300437,RA261102800376,Peer Study,2,Odd Sem 2025 - Month 1
EV03445,RA261100300437,RA261102800439,Lab Collaboration,2,Even Sem 2026 - Month 1
EV03446,RA261100300437,RA261102900398,Peer Study,4,Odd Sem 2025 - Month 1
EV03447,RA261100300437,RA261105600394,Project Team,3,Even Sem 2026 - Month 2
EV03448,RA261100300437,RA261105600443,Lab Collaboration,4,Even Sem 2026 - Month 1
EV03449,RA261100300437,RA261105600471,Peer Study,5,Odd Sem 2025 - Month 1
EV03450,RA261100300437,RA261105600499,Peer Study,3,Odd Sem 2025 - Month 1
EV03451,RA261100300444,RA261102700438,Hackathon Team,2,Odd Sem 2025 - Midterm
EV03452,RA261100300444,RA261103000378,Technical Club,2,Odd Sem 2025 - Month 1
EV03453,RA261100300444,RA261105600450,Technical Club,1,Even Sem 2026 - Month 2
EV03454,RA261100300451,RA261102700445,Peer Study,1,Odd Sem 2025 - Month 2
EV03455,RA261100300451,RA261105600457,Project Team,2,Even Sem 2026 - Month 1
EV03456,RA261100300458,RA261102700452,Peer Study,1,Odd Sem 2025 - Month 2
EV03457,RA261100300458,RA261102900440,Hackathon Team,1,Odd Sem 2025 - Midterm
EV03458,RA261100300458,RA261103000392,Peer Study,1,Even Sem 2026 - Month 2
EV03459,RA261100300458,RA261105400400,Project Team,3,Odd Sem 2025 - Month 2
EV03460,RA261100300458,RA261105600464,Project Team,1,Even Sem 2026 - Month 2
EV03461,RA261100300465,RA261102700459,Technical Club,1,Odd Sem 2025 - Month 2
EV03462,RA261100300465,RA261102800411,Lab Collaboration,1,Even Sem 2026 - Month 2
EV03463,RA261100300465,RA261102800453,Project Team,1,Even Sem 2026 - Month 1
EV03464,RA261100300465,RA261105600471,Project Team,1,Even Sem 2026 - Month 2
EV03465,RA261100300472,RA261102700382,Technical Club,2,Odd Sem 2025 - Month 1
EV03466,RA261100300472,RA261102700466,Technical Club,1,Odd Sem 2025 - Month 4
EV03467,RA261100300472,RA261102800446,Technical Club,3,Odd Sem 2025 - Month 4
EV03468,RA261100300472,RA261105600478,Lab Collaboration,1,Odd Sem 2025 - Midterm
EV03469,RA261100300479,RA261102700473,Peer Study,1,Odd Sem 2025 - Month 1
EV03470,RA261100300479,RA261102900461,Hackathon Team,1,Even Sem 2026 - Finals
EV03471,RA261100300479,RA261103000413,Hackathon Team,1,Odd Sem 2025 - Month 4
EV03472,RA261100300479,RA261105600457,Project Team,2,Even Sem 2026 - Finals
EV03473,RA261100300479,RA261105600485,Technical Club,1,Even Sem 2026 - Finals
EV03474,RA261100300486,RA261102700403,Lab Collaboration,1,Odd Sem 2025 - Midterm
EV03475,RA261100300486,RA261102700480,Lab Collaboration,1,Even Sem 2026 - Month 1
EV03476,RA261100300486,RA261105600436,Peer Study,1,Odd Sem 2025 - Month 4
EV03477,RA261100300486,RA261105600457,Hackathon Team,3,Even Sem 2026 - Month 2
EV03478,RA261100300486,RA261105600492,Hackathon Team,1,Odd Sem 2025 - Month 2
EV03479,RA261100300493,RA261102700487,Technical Club,1,Odd Sem 2025 - Midterm
EV03480,RA261100300493,RA261102900475,Lab Collaboration,1,Even Sem 2026 - Month 1
EV03481,RA261100300493,RA261105600457,Technical Club,3,Odd Sem 2025 - Midterm
EV03482,RA261100300493,RA261105600499,Lab Collaboration,1,Even Sem 2026 - Finals
EV03483,RA261100300500,RA261102700494,Lab Collaboration,2,Even Sem 2026 - Finals
EV03484,RA261100300500,RA261102900482,Peer Study,1,Even Sem 2026 - Month 2
EV03485,RA261100300500,RA261105400421,Hackathon Team,1,Odd Sem 2025 - Month 2
EV03486,RA261102700382,RA261102700466,Lab Collaboration,2,Even Sem 2026 - Month 1
EV03487,RA261102700382,RA261102800376,Project Team,5,Odd Sem 2025 - Month 2
EV03488,RA261102700382,RA261102800404,Hackathon Team,2,Odd Sem 2025 - Midterm
EV03489,RA261102700382,RA261102800418,Technical Club,2,Odd Sem 2025 - Month 1
EV03490,RA261102700382,RA261102900489,Lab Collaboration,4,Even Sem 2026 - Finals
EV03491,RA261102700382,RA261103000420,Project Team,2,Odd Sem 2025 - Midterm
EV03492,RA261102700382,RA261103000469,Technical Club,4,Odd Sem 2025 - Midterm
EV03493,RA261102700382,RA261103000490,Hackathon Team,3,Even Sem 2026 - Month 2
EV03494,RA261102700382,RA261105400400,Technical Club,2,Odd Sem 2025 - Midterm
EV03495,RA261102700382,RA261105400456,Project Team,4,Even Sem 2026 - Finals
EV03496,RA261102700382,RA261105400463,Lab Collaboration,3,Even Sem 2026 - Finals
EV03497,RA261102700382,RA261105600387,Hackathon Team,2,Odd Sem 2025 - Month 2
EV03498,RA261102700382,RA261105600394,Project Team,2,Odd Sem 2025 - Midterm
EV03499,RA261102700389,RA261102800383,Hackathon Team,1,Odd Sem 2025 - Month 2
EV03500,RA261102700389,RA261102800425,Project Team,1,Odd Sem 2025 - Month 2
EV03501,RA261102700389,RA261102900419,Peer Study,2,Even Sem 2026 - Month 2
EV03502,RA261102700396,RA261102800390,Technical Club,1,Odd Sem 2025 - Month 4
EV03503,RA261102700396,RA261103000441,Peer Study,2,Odd Sem 2025 - Month 4
EV03504,RA261102700396,RA261105400456,Technical Club,1,Odd Sem 2025 - Month 4
EV03505,RA261102700403,RA261102700445,Lab Collaboration,1,Odd Sem 2025 - Midterm
EV03506,RA261102700403,RA261102800397,Lab Collaboration,3,Even Sem 2026 - Finals
EV03507,RA261102700403,RA261102900475,Hackathon Team,1,Even Sem 2026 - Month 1
EV03508,RA261102700403,RA261103000385,Technical Club,1,Even Sem 2026 - Finals
EV03509,RA261102700410,RA261102800404,Lab Collaboration,1,Odd Sem 2025 - Midterm
EV03510,RA261102700410,RA261102800495,Lab Collaboration,2,Odd Sem 2025 - Midterm
EV03511,RA261102700410,RA261102900447,Project Team,1,Odd Sem 2025 - Month 2
EV03512,RA261102700410,RA261103000392,Project Team,2,Odd Sem 2025 - Month 4
EV03513,RA261102700410,RA261105400428,Project Team,1,Even Sem 2026 - Month 2
EV03514,RA261102700410,RA261105400470,Technical Club,1,Odd Sem 2025 - Month 1
EV03515,RA261102700417,RA261102800411,Technical Club,1,Even Sem 2026 - Finals
EV03516,RA261102700417,RA261103000413,Project Team,1,Even Sem 2026 - Month 2
EV03517,RA261102700424,RA261102800418,Lab Collaboration,1,Even Sem 2026 - Finals
EV03518,RA261102700424,RA261102900496,Project Team,1,Odd Sem 2025 - Month 1
EV03519,RA261102700431,RA261102800425,Hackathon Team,1,Odd Sem 2025 - Month 1
EV03520,RA261102700431,RA261103000497,Peer Study,1,Odd Sem 2025 - Month 2
EV03521,RA261102700431,RA261105600485,Lab Collaboration,1,Odd Sem 2025 - Month 4
EV03522,RA261102700438,RA261102800432,Lab Collaboration,1,Even Sem 2026 - Month 2
EV03523,RA261102700438,RA261105400400,Project Team,3,Odd Sem 2025 - Month 2
EV03524,RA261102700445,RA261102800439,Technical Club,2,Odd Sem 2025 - Month 1
EV03525,RA261102700445,RA261102800446,Peer Study,2,Odd Sem 2025 - Month 1
EV03526,RA261102700445,RA261102900433,Technical Club,1,Odd Sem 2025 - Midterm
EV03527,RA261102700445,RA261103000427,Peer Study,1,Even Sem 2026 - Month 2
EV03528,RA261102700445,RA261105600457,Technical Club,2,Odd Sem 2025 - Midterm
EV03529,RA261102700452,RA261102700494,Lab Collaboration,1,Odd Sem 2025 - Month 4
EV03530,RA261102700452,RA261102800446,Peer Study,3,Odd Sem 2025 - Month 1
EV03531,RA261102700452,RA261102800488,Lab Collaboration,1,Odd Sem 2025 - Month 1
EV03532,RA261102700452,RA261105400456,Peer Study,2,Odd Sem 2025 - Month 4
EV03533,RA261102700459,RA261102800453,Project Team,1,Odd Sem 2025 - Month 2
EV03534,RA261102700459,RA261102900489,Hackathon Team,1,Odd Sem 2025 - Month 4
EV03535,RA261102700466,RA261102800460,Project Team,2,Even Sem 2026 - Month 1
EV03536,RA261102700466,RA261103000413,Hackathon Team,1,Even Sem 2026 - Month 2
EV03537,RA261102700466,RA261103000441,Hackathon Team,3,Odd Sem 2025 - Month 4
EV03538,RA261102700466,RA261103000448,Technical Club,2,Even Sem 2026 - Month 1
EV03539,RA261102700466,RA261105600387,Peer Study,1,Even Sem 2026 - Finals
EV03540,RA261102700473,RA261102800467,Lab Collaboration,1,Odd Sem 2025 - Month 2
EV03541,RA261102700473,RA261102900377,Lab Collaboration,1,Even Sem 2026 - Finals
EV03542,RA261102700480,RA261102800474,Lab Collaboration,2,Odd Sem 2025 - Month 2
EV03543,RA261102700487,RA261102800481,Peer Study,1,Odd Sem 2025 - Month 2
EV03544,RA261102700487,RA261102900412,Technical Club,1,Even Sem 2026 - Month 1
EV03545,RA261102700487,RA261102900433,Project Team,4,Odd Sem 2025 - Month 4
EV03546,RA261102700487,RA261105600443,Technical Club,1,Odd Sem 2025 - Month 4
EV03547,RA261102700487,RA261105600499,Project Team,1,Even Sem 2026 - Finals
EV03548,RA261102700494,RA261102800488,Lab Collaboration,1,Odd Sem 2025 - Month 4
EV03549,RA261102700494,RA261102900440,Peer Study,1,Even Sem 2026 - Finals
EV03550,RA261102700494,RA261103000476,Peer Study,2,Odd Sem 2025 - Month 4
EV03551,RA261102800376,RA261102800439,Peer Study,1,Even Sem 2026 - Month 2
EV03552,RA261102800376,RA261102800460,Peer Study,1,Odd Sem 2025 - Month 2
EV03553,RA261102800376,RA261102900454,Project Team,1,Even Sem 2026 - Finals
EV03554,RA261102800376,RA261105400386,Project Team,2,Even Sem 2026 - Month 2
EV03555,RA261102800376,RA261105400428,Lab Collaboration,1,Odd Sem 2025 - Midterm
EV03556,RA261102800376,RA261105400484,Peer Study,1,Even Sem 2026 - Month 1
EV03557,RA261102800383,RA261102800467,Lab Collaboration,1,Odd Sem 2025 - Midterm
EV03558,RA261102800383,RA261102900377,Hackathon Team,1,Odd Sem 2025 - Month 4
EV03559,RA261102800390,RA261102900384,Lab Collaboration,1,Even Sem 2026 - Month 2
EV03560,RA261102800397,RA261102800439,Technical Club,1,Odd Sem 2025 - Month 2
EV03561,RA261102800397,RA261102900391,Technical Club,2,Even Sem 2026 - Month 2
EV03562,RA261102800397,RA261105400379,Technical Club,1,Even Sem 2026 - Month 2
EV03563,RA261102800404,RA261102900398,Project Team,1,Odd Sem 2025 - Month 4
EV03564,RA261102800404,RA261103000476,Technical Club,2,Odd Sem 2025 - Month 2
EV03565,RA261102800404,RA261105600464,Technical Club,1,Odd Sem 2025 - Month 1
EV03566,RA261102800411,RA261102900405,Project Team,1,Even Sem 2026 - Finals
EV03567,RA261102800411,RA261102900489,Peer Study,1,Even Sem 2026 - Month 2
EV03568,RA261102800411,RA261105600471,Hackathon Team,2,Odd Sem 2025 - Month 4
EV03569,RA261102800418,RA261102800460,Project Team,1,Odd Sem 2025 - Month 1
EV03570,RA261102800418,RA261102900412,Lab Collaboration,1,Odd Sem 2025 - Month 2
EV03571,RA261102800418,RA261105400442,Hackathon Team,4,Odd Sem 2025 - Month 4
EV03572,RA261102800418,RA261105600478,Lab Collaboration,1,Odd Sem 2025 - Month 1
EV03573,RA261102800425,RA261102900419,Lab Collaboration,1,Odd Sem 2025 - Month 2
EV03574,RA261102800425,RA261103000455,Hackathon Team,1,Odd Sem 2025 - Midterm
EV03575,RA261102800425,RA261105400407,Technical Club,1,Odd Sem 2025 - Midterm
EV03576,RA261102800425,RA261105600485,Hackathon Team,1,Odd Sem 2025 - Month 1
EV03577,RA261102800432,RA261103000420,Technical Club,1,Odd Sem 2025 - Month 4
EV03578,RA261102800432,RA261103000441,Technical Club,2,Odd Sem 2025 - Month 2
EV03579,RA261102800432,RA261105400414,Lab Collaboration,3,Odd Sem 2025 - Month 4
EV03580,RA261102800432,RA261105600450,Hackathon Team,1,Even Sem 2026 - Finals
EV03581,RA261102800439,RA261102800481,Peer Study,2,Odd Sem 2025 - Month 1
EV03582,RA261102800439,RA261102900433,Project Team,1,Odd Sem 2025 - Month 4
EV03583,RA261102800439,RA261105400386,Project Team,1,Odd Sem 2025 - Month 4
EV03584,RA261102800439,RA261105400400,Hackathon Team,4,Odd Sem 2025 - Month 1
EV03585,RA261102800439,RA261105600457,Peer Study,2,Odd Sem 2025 - Month 1
EV03586,RA261102800446,RA261102900398,Hackathon Team,2,Odd Sem 2025 - Month 2
EV03587,RA261102800446,RA261102900440,Peer Study,3,Even Sem 2026 - Finals
EV03588,RA261102800446,RA261102900489,Technical Club,2,Even Sem 2026 - Month 2
EV03589,RA261102800446,RA261105400428,Hackathon Team,4,Odd Sem 2025 - Month 4
EV03590,RA261102800446,RA261105400470,Peer Study,5,Odd Sem 2025 - Month 2
EV03591,RA261102800446,RA261105400484,Lab Collaboration,2,Odd Sem 2025 - Midterm
EV03592,RA261102800446,RA261105600380,Peer Study,2,Odd Sem 2025 - Month 4
EV03593,RA261102800453,RA261102900447,Technical Club,1,Odd Sem 2025 - Month 2
EV03594,RA261102800453,RA261105600387,Peer Study,3,Even Sem 2026 - Finals
EV03595,RA261102800453,RA261105600422,Technical Club,1,Odd Sem 2025 - Month 1
EV03596,RA261102800460,RA261102900454,Project Team,1,Odd Sem 2025 - Month 1
EV03597,RA261102800460,RA261105400442,Technical Club,2,Even Sem 2026 - Finals
EV03598,RA261102800460,RA261105600478,Lab Collaboration,1,Odd Sem 2025 - Midterm
EV03599,RA261102800467,RA261102800495,Peer Study,1,Even Sem 2026 - Month 1
EV03600,RA261102800467,RA261102900461,Technical Club,1,Odd Sem 2025 - Month 4
EV03601,RA261102800467,RA261105600415,Project Team,1,Odd Sem 2025 - Month 2
EV03602,RA261102800474,RA261102900384,Peer Study,1,Odd Sem 2025 - Midterm
EV03603,RA261102800474,RA261102900468,Lab Collaboration,2,Odd Sem 2025 - Midterm
EV03604,RA261102800474,RA261103000462,Technical Club,2,Even Sem 2026 - Month 1
EV03605,RA261102800474,RA261105400456,Technical Club,1,Even Sem 2026 - Month 1
EV03606,RA261102800481,RA261102900475,Technical Club,3,Odd Sem 2025 - Month 1
EV03607,RA261102800488,RA261102900398,Hackathon Team,2,Odd Sem 2025 - Month 4
EV03608,RA261102800488,RA261102900482,Peer Study,1,Odd Sem 2025 - Month 1
EV03609,RA261102800488,RA261103000455,Technical Club,1,Odd Sem 2025 - Month 1
EV03610,RA261102800488,RA261105600380,Lab Collaboration,1,Odd Sem 2025 - Midterm
EV03611,RA261102800488,RA261105600422,Hackathon Team,1,Odd Sem 2025 - Month 4
EV03612,RA261102800488,RA261105600429,Peer Study,1,Even Sem 2026 - Finals
EV03613,RA261102800495,RA261102900489,Technical Club,1,Odd Sem 2025 - Month 1
EV03614,RA261102800495,RA261105600387,Technical Club,1,Odd Sem 2025 - Month 2
EV03615,RA261102900377,RA261102900461,Technical Club,3,Odd Sem 2025 - Month 1
EV03616,RA261102900377,RA261103000497,Project Team,1,Odd Sem 2025 - Midterm
EV03617,RA261102900377,RA261105400407,Hackathon Team,1,Odd Sem 2025 - Month 1
EV03618,RA261102900377,RA261105400498,Hackathon Team,1,Odd Sem 2025 - Midterm
EV03619,RA261102900377,RA261105600401,Hackathon Team,1,Even Sem 2026 - Finals
EV03620,RA261102900377,RA261105600443,Hackathon Team,3,Odd Sem 2025 - Midterm
EV03621,RA261102900384,RA261103000378,Peer Study,1,Odd Sem 2025 - Month 2
EV03622,RA261102900384,RA261105600492,Peer Study,1,Odd Sem 2025 - Month 2
EV03623,RA261102900391,RA261102900433,Technical Club,3,Even Sem 2026 - Month 1
EV03624,RA261102900391,RA261103000385,Peer Study,1,Odd Sem 2025 - Midterm
EV03625,RA261102900391,RA261103000469,Peer Study,1,Odd Sem 2025 - Month 2
EV03626,RA261102900391,RA261105600415,Hackathon Team,1,Even Sem 2026 - Month 1
EV03627,RA261102900391,RA261105600457,Peer Study,2,Even Sem 2026 - Finals
EV03628,RA261102900398,RA261102900482,Project Team,1,Odd Sem 2025 - Month 2
EV03629,RA261102900398,RA261103000392,Project Team,3,Odd Sem 2025 - Month 1
EV03630,RA261102900398,RA261105400456,Peer Study,3,Even Sem 2026 - Finals
EV03631,RA261102900398,RA261105600380,Project Team,1,Odd Sem 2025 - Month 4
EV03632,RA261102900398,RA261105600464,Lab Collaboration,1,Even Sem 2026 - Month 2
EV03633,RA261102900405,RA261103000399,Hackathon Team,1,Odd Sem 2025 - Month 4
EV03634,RA261102900405,RA261105600471,Lab Collaboration,1,Even Sem 2026 - Month 1
EV03635,RA261102900412,RA261103000406,Lab Collaboration,2,Odd Sem 2025 - Midterm
EV03636,RA261102900412,RA261105400400,Project Team,2,Even Sem 2026 - Month 2
EV03637,RA261102900419,RA261103000413,Hackathon Team,1,Even Sem 2026 - Finals
EV03638,RA261102900419,RA261105400463,Hackathon Team,1,Odd Sem 2025 - Month 4
EV03639,RA261102900433,RA261103000385,Project Team,2,Even Sem 2026 - Month 2
EV03640,RA261102900433,RA261103000427,Hackathon Team,4,Even Sem 2026 - Month 2
EV03641,RA261102900433,RA261105400463,Technical Club,2,Odd Sem 2025 - Month 1
EV03642,RA261102900433,RA261105600415,Technical Club,1,Odd Sem 2025 - Month 1
EV03643,RA261102900433,RA261105600499,Project Team,1,Odd Sem 2025 - Midterm
EV03644,RA261102900440,RA261103000434,Hackathon Team,1,Odd Sem 2025 - Month 4
EV03645,RA261102900447,RA261103000399,Peer Study,1,Odd Sem 2025 - Month 2
EV03646,RA261102900447,RA261103000441,Peer Study,3,Odd Sem 2025 - Month 4
EV03647,RA261102900447,RA261105400400,Peer Study,2,Odd Sem 2025 - Month 1
EV03648,RA261102900454,RA261103000448,Hackathon Team,2,Odd Sem 2025 - Midterm
EV03649,RA261102900454,RA261105400400,Lab Collaboration,3,Even Sem 2026 - Month 1
EV03650,RA261102900454,RA261105400442,Project Team,3,Even Sem 2026 - Month 2
EV03651,RA261102900454,RA261105600464,Technical Club,1,Odd Sem 2025 - Month 1
EV03652,RA261102900461,RA261103000455,Peer Study,2,Even Sem 2026 - Month 2
EV03653,RA261102900468,RA261103000462,Lab Collaboration,1,Odd Sem 2025 - Month 2
EV03654,RA261102900475,RA261103000469,Project Team,1,Even Sem 2026 - Month 1
EV03655,RA261102900475,RA261105400421,Peer Study,2,Even Sem 2026 - Month 2
EV03656,RA261102900475,RA261105600457,Technical Club,3,Even Sem 2026 - Finals
EV03657,RA261102900482,RA261103000476,Hackathon Team,1,Even Sem 2026 - Month 1
EV03658,RA261102900482,RA261105600457,Lab Collaboration,2,Odd Sem 2025 - Month 1
EV03659,RA261102900489,RA261103000399,Hackathon Team,1,Even Sem 2026 - Finals
EV03660,RA261102900489,RA261103000483,Peer Study,1,Even Sem 2026 - Month 1
EV03661,RA261102900489,RA261105600471,Lab Collaboration,1,Even Sem 2026 - Month 2
EV03662,RA261102900496,RA261103000490,Technical Club,1,Odd Sem 2025 - Midterm
EV03663,RA261102900496,RA261105400400,Technical Club,6,Even Sem 2026 - Finals
EV03664,RA261102900496,RA261105400407,Technical Club,1,Odd Sem 2025 - Month 1
EV03665,RA261102900496,RA261105600436,Peer Study,1,Odd Sem 2025 - Month 1
EV03666,RA261103000378,RA261103000420,Technical Club,1,Odd Sem 2025 - Month 4
EV03667,RA261103000378,RA261105600485,Lab Collaboration,3,Odd Sem 2025 - Month 1
EV03668,RA261103000385,RA261105400379,Lab Collaboration,1,Odd Sem 2025 - Month 2
EV03669,RA261103000385,RA261105600415,Lab Collaboration,1,Odd Sem 2025 - Month 1
EV03670,RA261103000392,RA261105400386,Hackathon Team,2,Odd Sem 2025 - Midterm
EV03671,RA261103000399,RA261105400393,Lab Collaboration,1,Odd Sem 2025 - Month 4
EV03672,RA261103000406,RA261105400400,Lab Collaboration,3,Even Sem 2026 - Finals
EV03673,RA261103000406,RA261105400414,Project Team,2,Even Sem 2026 - Month 1
EV03674,RA261103000406,RA261105400428,Technical Club,2,Even Sem 2026 - Month 1
EV03675,RA261103000406,RA261105600457,Technical Club,2,Odd Sem 2025 - Midterm
EV03676,RA261103000413,RA261105400407,Hackathon Team,3,Odd Sem 2025 - Midterm
EV03677,RA261103000413,RA261105400449,Lab Collaboration,1,Odd Sem 2025 - Month 1
EV03678,RA261103000420,RA261105400414,Peer Study,3,Odd Sem 2025 - Month 2
EV03679,RA261103000420,RA261105600408,Technical Club,1,Odd Sem 2025 - Midterm
EV03680,RA261103000427,RA261105400421,Technical Club,2,Even Sem 2026 - Month 2
EV03681,RA261103000434,RA261105400428,Peer Study,3,Odd Sem 2025 - Month 4
EV03682,RA261103000441,RA261103000490,Hackathon Team,4,Odd Sem 2025 - Month 2
EV03683,RA261103000441,RA261105400393,Project Team,2,Even Sem 2026 - Finals
EV03684,RA261103000441,RA261105400435,Project Team,3,Even Sem 2026 - Finals
EV03685,RA261103000441,RA261105600464,Peer Study,2,Even Sem 2026 - Finals
EV03686,RA261103000441,RA261105600471,Peer Study,3,Even Sem 2026 - Finals
EV03687,RA261103000441,RA261105600478,Lab Collaboration,3,Even Sem 2026 - Month 2
EV03688,RA261103000448,RA261105400442,Peer Study,1,Even Sem 2026 - Month 1
EV03689,RA261103000455,RA261103000497,Technical Club,1,Odd Sem 2025 - Midterm
EV03690,RA261103000455,RA261105400449,Peer Study,2,Even Sem 2026 - Month 1
EV03691,RA261103000462,RA261105400456,Project Team,1,Odd Sem 2025 - Midterm
EV03692,RA261103000469,RA261105400463,Peer Study,1,Odd Sem 2025 - Midterm
EV03693,RA261103000469,RA261105600415,Peer Study,1,Odd Sem 2025 - Midterm
EV03694,RA261103000469,RA261105600499,Technical Club,1,Even Sem 2026 - Month 2
EV03695,RA261103000476,RA261105400470,Technical Club,2,Even Sem 2026 - Month 2
EV03696,RA261103000483,RA261105400477,Project Team,1,Even Sem 2026 - Month 2
EV03697,RA261103000490,RA261105400484,Peer Study,1,Even Sem 2026 - Month 1
EV03698,RA261103000497,RA261105600485,Lab Collaboration,1,Odd Sem 2025 - Midterm
EV03699,RA261105400379,RA261105400463,Lab Collaboration,1,Even Sem 2026 - Finals
EV03700,RA261105400386,RA261105600380,Hackathon Team,1,Even Sem 2026 - Month 2
EV03701,RA261105400386,RA261105600464,Lab Collaboration,1,Even Sem 2026 - Finals
EV03702,RA261105400393,RA261105400400,Peer Study,3,Odd Sem 2025 - Midterm
EV03703,RA261105400393,RA261105600387,Hackathon Team,3,Even Sem 2026 - Month 2
EV03704,RA261105400393,RA261105600408,Hackathon Team,1,Even Sem 2026 - Month 2
EV03705,RA261105400400,RA261105600394,Hackathon Team,2,Odd Sem 2025 - Month 4
EV03706,RA261105400407,RA261105600401,Hackathon Team,1,Odd Sem 2025 - Midterm
EV03707,RA261105400414,RA261105600408,Lab Collaboration,1,Odd Sem 2025 - Month 2
EV03708,RA261105400421,RA261105600415,Technical Club,1,Even Sem 2026 - Month 2
EV03709,RA261105400428,RA261105600422,Technical Club,1,Even Sem 2026 - Finals
EV03710,RA261105400435,RA261105600429,Lab Collaboration,1,Odd Sem 2025 - Month 1
EV03711,RA261105400442,RA261105600436,Technical Club,1,Even Sem 2026 - Month 1
EV03712,RA261105400449,RA261105600443,Lab Collaboration,1,Odd Sem 2025 - Month 1
EV03713,RA261105400456,RA261105600450,Peer Study,3,Odd Sem 2025 - Midterm
EV03714,RA261105400463,RA261105600457,Peer Study,3,Odd Sem 2025 - Midterm
EV03715,RA261105400470,RA261105600464,Technical Club,1,Odd Sem 2025 - Month 4
EV03716,RA261105400477,RA261105600471,Project Team,1,Even Sem 2026 - Finals
EV03717,RA261105400484,RA261105600457,Hackathon Team,4,Odd Sem 2025 - Month 1
EV03718,RA261105400484,RA261105600478,Hackathon Team,2,Odd Sem 2025 - Month 4
EV03719,RA261105400498,RA261105600492,Lab Collaboration,1,Odd Sem 2025 - Month 2
EV03720,RA261105600380,RA261105600422,Technical Club,1,Odd Sem 2025 - Month 4
EV03721,RA261105600387,RA261105600457,Peer Study,3,Odd Sem 2025 - Month 2
EV03722,RA261105600394,RA261105600436,Technical Club,1,Even Sem 2026 - Month 1
EV03723,RA261105600408,RA261105600492,Hackathon Team,2,Even Sem 2026 - Month 1
EV03724,RA261105600429,RA261105600471,Project Team,1,Odd Sem 2025 - Month 4
EV03725,RA261105600457,RA261105600485,Technical Club,3,Odd Sem 2025 - Midterm
EV03726,RA261105600464,RA261105600492,Hackathon Team,2,Even Sem 2026 - Finals
EV03727,RA231105600119,RA251102700365,Lab Collaboration,1,Odd Sem 2025 - Month 2
EV03728,RA251102800289,RA261102900433,Project Team,3,Odd Sem 2025 - Month 1
EV03729,RA231105600035,RA261102800383,Hackathon Team,4,Odd Sem 2025 - Month 1
EV03730,RA231102800010,RA241102700166,Peer Study,4,Even Sem 2026 - Finals
EV03731,RA241102800202,RA241105600185,Peer Study,3,Even Sem 2026 - Month 1
EV03732,RA251102900353,RA261102900419,Technical Club,1,Even Sem 2026 - Finals
EV03733,RA241102900147,RA241105600129,Project Team,4,Odd Sem 2025 - Month 2
EV03734,RA231103000019,RA261103000385,Lab Collaboration,1,Odd Sem 2025 - Midterm
EV03735,RA241105400226,RA251102800310,Hackathon Team,4,Odd Sem 2025 - Month 2
EV03736,RA241102700166,RA251105600286,Hackathon Team,1,Even Sem 2026 - Month 2
EV03737,RA231102700093,RA231102800087,Lab Collaboration,4,Odd Sem 2025 - Month 2
EV03738,RA231100300092,RA231103000068,Lab Collaboration,2,Odd Sem 2025 - Month 1
EV03739,RA241100300242,RA241105600248,Technical Club,3,Even Sem 2026 - Month 1
EV03740,RA251105400264,RA261105600408,Hackathon Team,3,Odd Sem 2025 - Month 1
EV03741,RA241105400226,RA261102900496,Lab Collaboration,2,Even Sem 2026 - Month 1
EV03742,RA251102800345,RA251102900339,Technical Club,1,Odd Sem 2025 - Month 4
EV03743,RA231100300036,RA231102700030,Technical Club,4,Odd Sem 2025 - Month 1
EV03744,RA241105600171,RA241105600213,Peer Study,3,Odd Sem 2025 - Month 1
EV03745,RA231105400020,RA261100300423,Hackathon Team,2,Odd Sem 2025 - Midterm
EV03746,RA231102700065,RA261102800383,Hackathon Team,2,Odd Sem 2025 - Month 4
EV03747,RA231100300071,RA231105400125,Project Team,1,Odd Sem 2025 - Month 1
EV03748,RA241103000246,RA251100300252,Technical Club,4,Even Sem 2026 - Month 1
EV03749,RA231102900025,RA251102700295,Hackathon Team,3,Even Sem 2026 - Month 1
EV03750,RA231102900095,RA241102800209,Peer Study,2,Odd Sem 2025 - Midterm
EV03751,RA251103000263,RA261102700473,Project Team,2,Odd Sem 2025 - Month 1
EV03752,RA241103000148,RA241105400142,Lab Collaboration,4,Odd Sem 2025 - Month 2
EV03753,RA241100300144,RA241102700138,Technical Club,2,Odd Sem 2025 - Month 2
EV03754,RA231100300015,RA251105600321,Peer Study,2,Odd Sem 2025 - Month 1
EV03755,RA261103000455,RA261105400449,Lab Collaboration,1,Even Sem 2026 - Month 1
EV03756,RA231103000019,RA261103000385,Project Team,4,Odd Sem 2025 - Month 1
EV03757,RA231102700002,RA261105400470,Peer Study,4,Odd Sem 2025 - Month 1
EV03758,RA231100300029,RA231102700107,Project Team,4,Odd Sem 2025 - Month 2
EV03759,RA231102900018,RA251105600258,Technical Club,2,Odd Sem 2025 - Month 4
EV03760,RA231103000068,RA231105600014,Peer Study,1,Odd Sem 2025 - Midterm
EV03761,RA251102800310,RA251105600370,Peer Study,1,Even Sem 2026 - Month 1
EV03762,RA251102700372,RA251105400292,Technical Club,4,Even Sem 2026 - Finals
EV03763,RA231105600105,RA251105600321,Project Team,3,Even Sem 2026 - Finals
EV03764,RA231102800024,RA241102900210,Technical Club,3,Odd Sem 2025 - Midterm
EV03765,RA251103000333,RA261102700382,Lab Collaboration,3,Odd Sem 2025 - Month 4
EV03766,RA251105400271,RA251105600265,Peer Study,4,Odd Sem 2025 - Midterm
EV03767,RA231103000124,RA261102700382,Hackathon Team,1,Odd Sem 2025 - Month 2
EV03768,RA231102800094,RA241102800244,Hackathon Team,2,Odd Sem 2025 - Month 1
EV03769,RA231103000096,RA241105400240,Hackathon Team,4,Odd Sem 2025 - Month 4
EV03770,RA231105400069,RA261105400393,Technical Club,2,Odd Sem 2025 - Month 1
EV03771,RA241102900133,RA261100300388,Peer Study,2,Odd Sem 2025 - Month 2
EV03772,RA251102900325,RA261105600422,Technical Club,1,Odd Sem 2025 - Month 4
EV03773,RA231100300078,RA251102800366,Project Team,3,Even Sem 2026 - Finals
EV03774,RA231102700114,RA261103000441,Hackathon Team,4,Odd Sem 2025 - Month 1
EV03775,RA231102700072,RA241105400156,Lab Collaboration,1,Odd Sem 2025 - Midterm
EV03776,RA241100300242,RA261102900482,Hackathon Team,4,Odd Sem 2025 - Month 2
EV03777,RA241102900182,RA241105400128,Peer Study,2,Even Sem 2026 - Month 2
EV03778,RA261102700417,RA261102800411,Lab Collaboration,3,Even Sem 2026 - Month 2
EV03779,RA241103000239,RA261100300437,Peer Study,3,Even Sem 2026 - Month 2
EV03780,RA231102700058,RA241100300130,Hackathon Team,1,Odd Sem 2025 - Month 4
EV03781,RA241105400128,RA251105600356,Technical Club,2,Odd Sem 2025 - Month 1
EV03782,RA241102900217,RA261102700445,Project Team,1,Odd Sem 2025 - Month 4
EV03783,RA241103000127,RA261103000427,Technical Club,2,Odd Sem 2025 - Month 4
EV03784,RA231102700086,RA251100300308,Lab Collaboration,4,Odd Sem 2025 - Midterm
EV03785,RA241100300137,RA251105600335,Project Team,3,Odd Sem 2025 - Month 2
EV03786,RA231102700121,RA241105600192,Peer Study,3,Odd Sem 2025 - Midterm
EV03787,RA241100300144,RA261105600450,Lab Collaboration,1,Odd Sem 2025 - Month 4
EV03788,RA241102900224,RA241103000183,Project Team,3,Odd Sem 2025 - Month 4
EV03789,RA251102900339,RA251103000333,Hackathon Team,1,Odd Sem 2025 - Month 2
EV03790,RA261102700410,RA261102800495,Technical Club,1,Even Sem 2026 - Month 2
EV03791,RA261100300381,RA261103000399,Lab Collaboration,2,Even Sem 2026 - Month 1
EV03792,RA241105600164,RA261102700452,Technical Club,2,Even Sem 2026 - Finals
EV03793,RA261102700382,RA261102800418,Peer Study,1,Even Sem 2026 - Month 2
EV03794,RA241102700173,RA261100300388,Project Team,4,Odd Sem 2025 - Midterm
EV03795,RA251105400327,RA251105600321,Hackathon Team,1,Odd Sem 2025 - Midterm
EV03796,RA241100300158,RA261102700494,Hackathon Team,2,Even Sem 2026 - Month 1
EV03797,RA241100300186,RA241102700222,Technical Club,1,Odd Sem 2025 - Month 4
EV03798,RA231102800080,RA261105400470,Technical Club,1,Odd Sem 2025 - Month 4
EV03799,RA231103000117,RA231105400069,Hackathon Team,1,Even Sem 2026 - Month 2
EV03800,RA231100300120,RA241102700138,Lab Collaboration,3,Odd Sem 2025 - Month 2
EV03801,RA251102800345,RA251103000354,Hackathon Team,2,Even Sem 2026 - Finals
EV03802,RA241103000169,RA261105600415,Project Team,1,Odd Sem 2025 - Month 1
EV03803,RA241105400205,RA261100300388,Lab Collaboration,2,Odd Sem 2025 - Month 1
EV03804,RA231102700058,RA231102900074,Peer Study,2,Even Sem 2026 - Finals
EV03805,RA251102800303,RA261102800411,Hackathon Team,1,Even Sem 2026 - Finals
EV03806,RA231102700114,RA251105600265,Hackathon Team,3,Even Sem 2026 - Finals
EV03807,RA231100300120,RA241102900126,Peer Study,2,Odd Sem 2025 - Month 1
EV03808,RA231102700114,RA261102700438,Lab Collaboration,2,Even Sem 2026 - Month 1
EV03809,RA231102900102,RA251102700372,Technical Club,3,Odd Sem 2025 - Month 1
EV03810,RA231105600119,RA261102700452,Hackathon Team,4,Odd Sem 2025 - Month 1
EV03811,RA261102700382,RA261105400456,Lab Collaboration,3,Odd Sem 2025 - Month 1
EV03812,RA231103000124,RA261105400400,Technical Club,2,Even Sem 2026 - Finals
EV03813,RA241102700159,RA241102700201,Peer Study,4,Even Sem 2026 - Month 1
EV03814,RA231105600063,RA251100300343,Hackathon Team,3,Even Sem 2026 - Finals
EV03815,RA231105600049,RA261103000441,Hackathon Team,1,Odd Sem 2025 - Month 1
EV03816,RA231105400020,RA241100300242,Hackathon Team,3,Even Sem 2026 - Month 1
EV03817,RA231103000068,RA231105400062,Lab Collaboration,4,Odd Sem 2025 - Midterm
EV03818,RA241102900182,RA261100300416,Hackathon Team,4,Odd Sem 2025 - Month 4
EV03819,RA231102900109,RA261102900433,Hackathon Team,1,Even Sem 2026 - Month 2
EV03820,RA261102700459,RA261102800453,Project Team,3,Even Sem 2026 - Month 1
EV03821,RA251102700281,RA251103000263,Project Team,1,Even Sem 2026 - Month 2
EV03822,RA231102900025,RA231105600091,Hackathon Team,3,Even Sem 2026 - Finals
EV03823,RA231102900116,RA241102900224,Hackathon Team,4,Odd Sem 2025 - Month 2
EV03824,RA231102800045,RA251105600321,Project Team,3,Even Sem 2026 - Finals
EV03825,RA241100300179,RA241102800230,Project Team,1,Even Sem 2026 - Finals
EV03826,RA231105400041,RA241102800195,Project Team,2,Even Sem 2026 - Finals
EV03827,RA231103000068,RA241102800188,Lab Collaboration,1,Odd Sem 2025 - Month 4
EV03828,RA231103000019,RA261105600499,Technical Club,3,Odd Sem 2025 - Month 4
EV03829,RA231100300113,RA241102700222,Peer Study,1,Even Sem 2026 - Month 1
EV03830,RA241103000169,RA251102700316,Technical Club,2,Odd Sem 2025 - Month 2
EV03831,RA231100300015,RA231102700009,Peer Study,4,Even Sem 2026 - Month 2
EV03832,RA241102900238,RA261103000448,Technical Club,2,Odd Sem 2025 - Month 2
EV03833,RA251102900339,RA261102800495,Lab Collaboration,2,Odd Sem 2025 - Midterm
EV03834,RA231102800087,RA231105400097,Lab Collaboration,1,Odd Sem 2025 - Month 2
EV03835,RA241105600143,RA261102800453,Technical Club,1,Odd Sem 2025 - Month 2
EV03836,RA231105600105,RA241105600213,Project Team,2,Even Sem 2026 - Month 1
EV03837,RA231102900074,RA241103000162,Hackathon Team,1,Odd Sem 2025 - Month 2
EV03838,RA241105400184,RA241105600178,Project Team,4,Odd Sem 2025 - Month 2
EV03839,RA231102700093,RA251105600279,Project Team,2,Even Sem 2026 - Finals
EV03840,RA241102900168,RA241103000162,Hackathon Team,1,Even Sem 2026 - Month 1
EV03841,RA251102900325,RA261102700487,Peer Study,2,Odd Sem 2025 - Month 2
EV03842,RA241102800230,RA251100300329,Technical Club,1,Odd Sem 2025 - Month 1
EV03843,RA241102800195,RA261105600457,Hackathon Team,3,Even Sem 2026 - Month 2
EV03844,RA231105400048,RA261105400414,Peer Study,2,Even Sem 2026 - Month 2
EV03845,RA241102900126,RA251105600258,Hackathon Team,3,Even Sem 2026 - Month 2
EV03846,RA231105600056,RA251105400278,Project Team,3,Odd Sem 2025 - Midterm
EV03847,RA231105400027,RA241102900189,Project Team,4,Even Sem 2026 - Finals
EV03848,RA251102800352,RA251102900346,Peer Study,3,Odd Sem 2025 - Month 4
EV03849,RA241103000218,RA251105600314,Project Team,1,Odd Sem 2025 - Month 4
EV03850,RA231102700100,RA231105400090,Hackathon Team,1,Even Sem 2026 - Month 2
EV03851,RA231102800045,RA251102800303,Hackathon Team,2,Even Sem 2026 - Finals
EV03852,RA231102700093,RA261105600429,Peer Study,2,Even Sem 2026 - Month 2
EV03853,RA241105600241,RA251102800254,Peer Study,2,Even Sem 2026 - Month 2
EV03854,RA241105400191,RA251105400299,Lab Collaboration,4,Even Sem 2026 - Month 2
EV03855,RA241105400156,RA261102800390,Hackathon Team,3,Odd Sem 2025 - Month 1
EV03856,RA231102800003,RA251102900297,Project Team,3,Odd Sem 2025 - Month 1
EV03857,RA231100300029,RA231105600084,Peer Study,2,Odd Sem 2025 - Midterm
EV03858,RA231105400076,RA241100300130,Lab Collaboration,3,Odd Sem 2025 - Month 2
EV03859,RA251105400348,RA261102900468,Hackathon Team,4,Even Sem 2026 - Month 1
EV03860,RA241102700243,RA251102800303,Hackathon Team,1,Even Sem 2026 - Month 2
EV03861,RA261103000392,RA261105400386,Lab Collaboration,4,Even Sem 2026 - Month 2
EV03862,RA231103000005,RA241103000155,Peer Study,2,Odd Sem 2025 - Midterm
EV03863,RA231103000047,RA241105600185,Project Team,3,Odd Sem 2025 - Month 2
EV03864,RA251102800254,RA251102800268,Hackathon Team,4,Even Sem 2026 - Month 2
EV03865,RA231100300029,RA241102800209,Peer Study,2,Odd Sem 2025 - Month 4
EV03866,RA261100300479,RA261103000413,Project Team,3,Odd Sem 2025 - Month 1
EV03867,RA231100300078,RA231105600105,Hackathon Team,1,Odd Sem 2025 - Month 2
EV03868,RA231102800094,RA231105600070,Peer Study,2,Odd Sem 2025 - Month 1
EV03869,RA251105600258,RA261102800390,Peer Study,4,Odd Sem 2025 - Month 1
EV03870,RA231102700072,RA251105600258,Project Team,2,Even Sem 2026 - Month 2
EV03871,RA251103000312,RA251105400306,Lab Collaboration,4,Odd Sem 2025 - Midterm
EV03872,RA241102800202,RA241105600220,Lab Collaboration,1,Even Sem 2026 - Month 1
EV03873,RA231102700072,RA251102700358,Lab Collaboration,3,Odd Sem 2025 - Month 2
EV03874,RA241105400205,RA261105400456,Project Team,4,Odd Sem 2025 - Month 4
EV03875,RA231102900025,RA251102700295,Lab Collaboration,4,Even Sem 2026 - Finals
EV03876,RA241102800146,RA261100300500,Hackathon Team,2,Odd Sem 2025 - Midterm
EV03877,RA241105400233,RA241105600227,Lab Collaboration,4,Odd Sem 2025 - Month 1
EV03878,RA231102700100,RA251105400285,Project Team,1,Odd Sem 2025 - Month 4
EV03879,RA261102700382,RA261105400463,Project Team,2,Odd Sem 2025 - Month 4
EV03880,RA231103000033,RA251105600363,Peer Study,1,Even Sem 2026 - Month 1
EV03881,RA241102700215,RA251102700281,Technical Club,4,Odd Sem 2025 - Month 4
EV03882,RA241103000162,RA241103000204,Peer Study,3,Even Sem 2026 - Finals
EV03883,RA241102700187,RA251102700274,Technical Club,1,Even Sem 2026 - Finals
EV03884,RA231102900053,RA261105600485,Lab Collaboration,4,Odd Sem 2025 - Month 2
EV03885,RA251102900311,RA251103000305,Peer Study,3,Odd Sem 2025 - Month 2
EV03886,RA261100300479,RA261105600485,Technical Club,2,Even Sem 2026 - Month 1
EV03887,RA251102800324,RA251102900318,Hackathon Team,3,Odd Sem 2025 - Month 2
EV03888,RA251100300301,RA261103000427,Peer Study,3,Odd Sem 2025 - Midterm
EV03889,RA251102700309,RA261105600429,Technical Club,4,Odd Sem 2025 - Midterm
EV03890,RA241105400184,RA261105400456,Lab Collaboration,2,Even Sem 2026 - Month 2
EV03891,RA241100300221,RA241105600227,Lab Collaboration,4,Even Sem 2026 - Finals
EV03892,RA251102900297,RA261103000483,Peer Study,2,Odd Sem 2025 - Month 2
EV03893,RA231105600105,RA261102800495,Peer Study,3,Even Sem 2026 - Finals
EV03894,RA231102900039,RA231103000033,Lab Collaboration,2,Odd Sem 2025 - Midterm
EV03895,RA251103000305,RA261102900475,Technical Club,3,Odd Sem 2025 - Month 2
EV03896,RA251102700372,RA251105400292,Lab Collaboration,1,Even Sem 2026 - Month 1
EV03897,RA241105600129,RA251100300273,Technical Club,2,Even Sem 2026 - Finals
EV03898,RA231105600021,RA251105600363,Project Team,2,Odd Sem 2025 - Month 2
EV03899,RA231102800045,RA251105600321,Technical Club,1,Even Sem 2026 - Month 2
EV03900,RA261102800453,RA261102900447,Technical Club,2,Odd Sem 2025 - Month 4
EV03901,RA251102800324,RA261105600450,Hackathon Team,1,Even Sem 2026 - Finals
EV03902,RA261100300451,RA261102700445,Lab Collaboration,1,Odd Sem 2025 - Midterm
EV03903,RA241100300158,RA241102700152,Project Team,2,Odd Sem 2025 - Month 4
EV03904,RA231103000068,RA261105600380,Technical Club,2,Even Sem 2026 - Finals
EV03905,RA261105400470,RA261105600464,Project Team,2,Odd Sem 2025 - Month 4
EV03906,RA231102700051,RA241102700159,Technical Club,1,Even Sem 2026 - Month 1
EV03907,RA231102900039,RA251100300315,Peer Study,2,Odd Sem 2025 - Month 2
EV03908,RA251102700253,RA251103000277,Peer Study,2,Odd Sem 2025 - Month 4
EV03909,RA261102900391,RA261103000469,Technical Club,3,Odd Sem 2025 - Month 4
EV03910,RA241103000197,RA251103000263,Hackathon Team,3,Even Sem 2026 - Month 2
EV03911,RA251100300357,RA251105600363,Project Team,4,Odd Sem 2025 - Month 2
EV03912,RA231100300029,RA241105600220,Technical Club,3,Even Sem 2026 - Month 2
EV03913,RA241102900154,RA251102700358,Peer Study,3,Odd Sem 2025 - Month 1
EV03914,RA251105600265,RA261102800439,Hackathon Team,3,Odd Sem 2025 - Month 2
EV03915,RA251105600328,RA261105600436,Lab Collaboration,1,Even Sem 2026 - Month 1
EV03916,RA241102900196,RA261102700382,Lab Collaboration,3,Even Sem 2026 - Month 2
EV03917,RA231102800003,RA251100300273,Peer Study,4,Even Sem 2026 - Finals
EV03918,RA231100300015,RA231102900081,Lab Collaboration,4,Odd Sem 2025 - Midterm
EV03919,RA251102900346,RA261105600394,Technical Club,4,Even Sem 2026 - Month 2
EV03920,RA261102700445,RA261102800439,Peer Study,2,Even Sem 2026 - Month 2
EV03921,RA241102900147,RA241105600129,Technical Club,4,Odd Sem 2025 - Month 4
EV03922,RA231103000026,RA261102900482,Project Team,4,Odd Sem 2025 - Month 1
EV03923,RA241103000246,RA251102700372,Technical Club,2,Even Sem 2026 - Month 2
EV03924,RA251100300301,RA251102700295,Technical Club,1,Even Sem 2026 - Finals
EV03925,RA241102900238,RA261102700424,Lab Collaboration,2,Even Sem 2026 - Finals
EV03926,RA231100300106,RA241102900161,Project Team,3,Odd Sem 2025 - Month 2
EV03927,RA241105400205,RA261105400456,Project Team,2,Even Sem 2026 - Finals
EV03928,RA231103000005,RA261102900377,Technical Club,1,Even Sem 2026 - Month 1
EV03929,RA231100300092,RA241102700194,Project Team,1,Even Sem 2026 - Month 1
EV03930,RA231103000068,RA231105400062,Hackathon Team,1,Odd Sem 2025 - Month 1
EV03931,RA241103000218,RA241105600206,Lab Collaboration,2,Odd Sem 2025 - Month 1
EV03932,RA241103000183,RA251103000333,Hackathon Team,3,Even Sem 2026 - Finals
EV03933,RA231102800052,RA231105600119,Hackathon Team,4,Odd Sem 2025 - Month 1
EV03934,RA251102700253,RA261102800481,Project Team,4,Even Sem 2026 - Finals
EV03935,RA251102800261,RA261102800453,Hackathon Team,3,Odd Sem 2025 - Month 2
EV03936,RA231100300099,RA231102700093,Peer Study,2,Even Sem 2026 - Month 1
EV03937,RA241105400240,RA261102700396,Technical Club,4,Even Sem 2026 - Month 1
EV03938,RA261102800418,RA261102900412,Technical Club,4,Odd Sem 2025 - Midterm
EV03939,RA261102700431,RA261103000497,Hackathon Team,4,Odd Sem 2025 - Month 2
EV03940,RA241103000232,RA261100300423,Hackathon Team,1,Odd Sem 2025 - Midterm
EV03941,RA241102800202,RA241105600220,Peer Study,1,Odd Sem 2025 - Month 2
EV03942,RA261102900398,RA261102900482,Technical Club,4,Odd Sem 2025 - Month 4
EV03943,RA231102700023,RA231102800017,Peer Study,3,Even Sem 2026 - Month 2
EV03944,RA231102700079,RA231102900109,Lab Collaboration,2,Odd Sem 2025 - Month 2
EV03945,RA241105400184,RA261100300437,Hackathon Team,2,Odd Sem 2025 - Month 1
EV03946,RA231102700023,RA251103000347,Lab Collaboration,2,Odd Sem 2025 - Month 1
EV03947,RA241102700152,RA251103000347,Peer Study,1,Odd Sem 2025 - Midterm
EV03948,RA241103000204,RA241105600192,Technical Club,3,Odd Sem 2025 - Month 2
EV03949,RA231102800080,RA231103000110,Hackathon Team,4,Even Sem 2026 - Month 1
EV03950,RA231100300050,RA231102900074,Hackathon Team,1,Odd Sem 2025 - Midterm
EV03951,RA251102700253,RA261102800481,Lab Collaboration,2,Even Sem 2026 - Finals
EV03952,RA241103000155,RA261100300388,Technical Club,2,Odd Sem 2025 - Month 4
EV03953,RA241100300221,RA241102700215,Technical Club,3,Even Sem 2026 - Finals
EV03954,RA231102700009,RA241105400135,Lab Collaboration,2,Even Sem 2026 - Month 2
EV03955,RA241103000162,RA241103000204,Peer Study,1,Even Sem 2026 - Month 2
EV03956,RA231102900123,RA261105600471,Hackathon Team,2,Odd Sem 2025 - Month 2
EV03957,RA231105400034,RA251105600370,Hackathon Team,1,Odd Sem 2025 - Month 4
EV03958,RA231105600105,RA241105600213,Hackathon Team,3,Even Sem 2026 - Month 1
EV03959,RA231105400041,RA251105600293,Lab Collaboration,3,Even Sem 2026 - Month 2
EV03960,RA231105600035,RA261102900461,Lab Collaboration,2,Odd Sem 2025 - Month 4
EV03961,RA231102700072,RA241100300144,Project Team,4,Odd Sem 2025 - Month 2
EV03962,RA251102700316,RA261102900412,Lab Collaboration,2,Odd Sem 2025 - Month 1
EV03963,RA231102800080,RA261103000441,Project Team,1,Odd Sem 2025 - Midterm
EV03964,RA251103000270,RA261103000420,Peer Study,2,Odd Sem 2025 - Month 1
EV03965,RA231102900116,RA251102700260,Peer Study,4,Odd Sem 2025 - Month 4
EV03966,RA251103000277,RA251105400271,Hackathon Team,1,Odd Sem 2025 - Month 4
EV03967,RA261100300381,RA261103000399,Lab Collaboration,3,Even Sem 2026 - Month 2
EV03968,RA251100300371,RA261102700473,Project Team,4,Odd Sem 2025 - Month 4
EV03969,RA241105400233,RA241105600227,Project Team,3,Odd Sem 2025 - Midterm
EV03970,RA241102900154,RA251102900353,Lab Collaboration,3,Odd Sem 2025 - Midterm
EV03971,RA241105400219,RA251105400369,Peer Study,3,Even Sem 2026 - Month 1
EV03972,RA251100300371,RA251102700365,Technical Club,2,Odd Sem 2025 - Month 2
EV03973,RA241105400184,RA261105400456,Technical Club,3,Odd Sem 2025 - Month 4
EV03974,RA261102700424,RA261102900496,Lab Collaboration,4,Even Sem 2026 - Month 1
EV03975,RA231105600070,RA261105600436,Hackathon Team,4,Odd Sem 2025 - Month 4
EV03976,RA241102900140,RA261105400400,Technical Club,3,Even Sem 2026 - Month 2
EV03977,RA231102800052,RA241105600178,Project Team,2,Even Sem 2026 - Finals
EV03978,RA231100300043,RA231103000103,Lab Collaboration,2,Odd Sem 2025 - Month 1
EV03979,RA231103000019,RA251100300259,Project Team,2,Even Sem 2026 - Finals
EV03980,RA231100300015,RA231102900088,Hackathon Team,2,Odd Sem 2025 - Month 2
EV03981,RA241103000197,RA241105400205,Technical Club,3,Odd Sem 2025 - Midterm
EV03982,RA251105600258,RA261102800474,Technical Club,4,Odd Sem 2025 - Month 2
EV03983,RA231100300057,RA231102800003,Project Team,2,Odd Sem 2025 - Midterm
EV03984,RA261100300388,RA261102700466,Peer Study,3,Odd Sem 2025 - Month 1
EV03985,RA241105400170,RA241105400184,Lab Collaboration,3,Even Sem 2026 - Finals
EV03986,RA241102800195,RA261105600457,Hackathon Team,4,Even Sem 2026 - Month 2
EV03987,RA231100300092,RA241102700194,Technical Club,1,Even Sem 2026 - Finals
EV03988,RA231102800024,RA251100300280,Project Team,1,Odd Sem 2025 - Midterm
EV03989,RA251102700309,RA251102800303,Project Team,4,Odd Sem 2025 - Month 2
EV03990,RA251102700337,RA261105400463,Project Team,4,Odd Sem 2025 - Month 4
EV03991,RA241103000134,RA241103000176,Project Team,3,Even Sem 2026 - Month 1
EV03992,RA251105600300,RA261105400498,Lab Collaboration,3,Odd Sem 2025 - Midterm
EV03993,RA251102900346,RA261100300395,Hackathon Team,3,Even Sem 2026 - Finals
EV03994,RA251102900269,RA261102800425,Peer Study,2,Odd Sem 2025 - Month 4
EV03995,RA231102700100,RA241103000148,Lab Collaboration,3,Even Sem 2026 - Month 1
EV03996,RA251103000270,RA251103000312,Peer Study,3,Even Sem 2026 - Finals
EV03997,RA231103000033,RA251105600363,Lab Collaboration,3,Odd Sem 2025 - Month 2
EV03998,RA231102900060,RA241105400198,Peer Study,2,Odd Sem 2025 - Month 4
EV03999,RA231100300099,RA251103000333,Hackathon Team,2,Odd Sem 2025 - Month 1
EV04000,RA251100300343,RA261102900496,Technical Club,4,Odd Sem 2025 - Month 1
EV04001,RA231105400097,RA261102700445,Peer Study,4,Odd Sem 2025 - Month 1
EV04002,RA241103000190,RA251102900346,Technical Club,2,Odd Sem 2025 - Month 4
EV04003,RA231105400027,RA261103000441,Project Team,1,Odd Sem 2025 - Month 1
EV04004,RA231105600077,RA261105400400,Technical Club,1,Odd Sem 2025 - Month 1
EV04005,RA251102800373,RA251102900367,Technical Club,4,Even Sem 2026 - Finals
EV04006,RA231105600035,RA261102800383,Project Team,1,Even Sem 2026 - Finals
EV04007,RA241102700180,RA251102900276,Peer Study,1,Odd Sem 2025 - Month 1
EV04008,RA231102900095,RA241102900203,Technical Club,1,Even Sem 2026 - Month 2
EV04009,RA231105400104,RA251105600356,Hackathon Team,1,Odd Sem 2025 - Midterm
EV04010,RA231105400027,RA251102900339,Lab Collaboration,4,Even Sem 2026 - Month 1
EV04011,RA241102800160,RA251100300364,Peer Study,1,Odd Sem 2025 - Month 4
EV04012,RA231103000033,RA251103000375,Project Team,1,Even Sem 2026 - Month 1
EV04013,RA261102900391,RA261105600415,Hackathon Team,3,Odd Sem 2025 - Month 4
EV04014,RA241105600192,RA251102700330,Peer Study,3,Odd Sem 2025 - Month 4
EV04015,RA251102700316,RA261100300388,Technical Club,3,Even Sem 2026 - Finals
EV04016,RA261100300444,RA261102700438,Project Team,3,Odd Sem 2025 - Month 2
EV04017,RA241105400135,RA251102700309,Peer Study,2,Odd Sem 2025 - Month 1
EV04018,RA231100300078,RA261103000448,Technical Club,3,Even Sem 2026 - Month 2
EV04019,RA251103000305,RA261105600401,Lab Collaboration,2,Odd Sem 2025 - Month 1
EV04020,RA231105600105,RA261105600471,Technical Club,4,Odd Sem 2025 - Month 4
EV04021,RA231100300015,RA251105600279,Lab Collaboration,3,Odd Sem 2025 - Month 2
EV04022,RA251102700365,RA251105400257,Hackathon Team,2,Even Sem 2026 - Month 2
EV04023,RA251102800338,RA261102700452,Hackathon Team,4,Even Sem 2026 - Month 1
EV04024,RA241102800174,RA261103000420,Technical Club,2,Even Sem 2026 - Finals
EV04025,RA241102900224,RA251100300308,Lab Collaboration,1,Odd Sem 2025 - Month 2
EV04026,RA261105400484,RA261105600478,Peer Study,4,Odd Sem 2025 - Month 2
EV04027,RA241102700208,RA261103000462,Lab Collaboration,3,Even Sem 2026 - Month 1
EV04028,RA241105400205,RA261102800439,Technical Club,4,Odd Sem 2025 - Month 2
EV04029,RA251102800282,RA251102900276,Project Team,2,Odd Sem 2025 - Midterm
EV04030,RA231103000124,RA251105600286,Project Team,2,Odd Sem 2025 - Month 1
EV04031,RA231105600084,RA261102900454,Lab Collaboration,1,Even Sem 2026 - Month 2
EV04032,RA251102700358,RA261102800376,Technical Club,3,Even Sem 2026 - Finals
EV04033,RA241100300186,RA241102700222,Project Team,1,Odd Sem 2025 - Month 1
EV04034,RA251100300350,RA261102900440,Peer Study,3,Odd Sem 2025 - Month 4
EV04035,RA231103000103,RA251102900283,Technical Club,2,Even Sem 2026 - Month 2
EV04036,RA261102900377,RA261102900461,Technical Club,1,Odd Sem 2025 - Month 4
EV04037,RA231102800024,RA261103000441,Hackathon Team,4,Odd Sem 2025 - Midterm
EV04038,RA261100300423,RA261102700452,Technical Club,2,Odd Sem 2025 - Month 2
EV04039,RA241102800195,RA241102900189,Lab Collaboration,1,Even Sem 2026 - Finals
EV04040,RA251102800331,RA261103000427,Project Team,2,Even Sem 2026 - Finals
EV04041,RA231100300064,RA241102700250,Lab Collaboration,3,Odd Sem 2025 - Midterm
EV04042,RA231102700079,RA231105600049,Lab Collaboration,3,Even Sem 2026 - Month 1
EV04043,RA241102700173,RA251105600356,Peer Study,1,Odd Sem 2025 - Midterm
EV04044,RA261102900391,RA261105600415,Hackathon Team,4,Odd Sem 2025 - Month 4
EV04045,RA251105600272,RA261103000392,Peer Study,2,Odd Sem 2025 - Month 2
EV04046,RA231100300029,RA261105400484,Hackathon Team,3,Odd Sem 2025 - Midterm
EV04047,RA231100300092,RA231102900074,Technical Club,2,Odd Sem 2025 - Midterm
EV04048,RA261102800404,RA261103000476,Hackathon Team,4,Odd Sem 2025 - Month 2
EV04049,RA231102700065,RA261100300388,Project Team,3,Even Sem 2026 - Month 1
EV04050,RA261102700382,RA261105400456,Lab Collaboration,4,Even Sem 2026 - Month 1
EV04051,RA241102800202,RA261102900391,Technical Club,3,Odd Sem 2025 - Midterm
EV04052,RA251102800345,RA261102900405,Lab Collaboration,1,Odd Sem 2025 - Month 2
EV04053,RA241100300130,RA261105400400,Lab Collaboration,1,Even Sem 2026 - Finals
EV04054,RA241102900224,RA251105400362,Technical Club,3,Odd Sem 2025 - Month 1
EV04055,RA241102900210,RA251102900276,Peer Study,1,Even Sem 2026 - Month 1
EV04056,RA261103000441,RA261105400393,Project Team,3,Even Sem 2026 - Month 2
EV04057,RA231105600042,RA251102800324,Peer Study,2,Odd Sem 2025 - Month 1
EV04058,RA261102800446,RA261105600380,Technical Club,3,Even Sem 2026 - Month 2
EV04059,RA231103000124,RA251105600286,Lab Collaboration,2,Even Sem 2026 - Finals
EV04060,RA251100300301,RA251102700295,Technical Club,1,Odd Sem 2025 - Month 2
EV04061,RA251102900304,RA261103000441,Project Team,1,Odd Sem 2025 - Month 4
EV04062,RA241100300249,RA251105400292,Hackathon Team,2,Even Sem 2026 - Month 1
EV04063,RA251105600321,RA261105600471,Project Team,2,Odd Sem 2025 - Month 1
EV04064,RA241102900154,RA251102700316,Hackathon Team,1,Odd Sem 2025 - Month 1
EV04065,RA251102700330,RA261102700438,Project Team,3,Even Sem 2026 - Month 1
EV04066,RA251100300315,RA261102700459,Peer Study,2,Odd Sem 2025 - Month 2
EV04067,RA251102900297,RA251105400285,Lab Collaboration,1,Odd Sem 2025 - Month 4
EV04068,RA241100300186,RA261102700396,Hackathon Team,1,Odd Sem 2025 - Month 4
EV04069,RA231100300064,RA241102800223,Project Team,2,Even Sem 2026 - Finals
EV04070,RA261103000385,RA261105600415,Project Team,4,Odd Sem 2025 - Month 2
EV04071,RA231102800052,RA241105600178,Lab Collaboration,2,Odd Sem 2025 - Month 1
EV04072,RA251102700323,RA251105400292,Lab Collaboration,2,Even Sem 2026 - Month 2
EV04073,RA231100300036,RA261103000462,Peer Study,3,Even Sem 2026 - Finals
EV04074,RA251103000368,RA261100300416,Hackathon Team,3,Odd Sem 2025 - Month 4
EV04075,RA231103000124,RA251105400292,Technical Club,4,Even Sem 2026 - Month 2
EV04076,RA241102800202,RA241105600185,Lab Collaboration,2,Even Sem 2026 - Month 1
EV04077,RA261102900447,RA261103000399,Peer Study,3,Even Sem 2026 - Finals
EV04078,RA251100300266,RA261105400428,Project Team,2,Odd Sem 2025 - Month 4
EV04079,RA241102700138,RA251102900318,Project Team,3,Even Sem 2026 - Month 2
EV04080,RA231105400097,RA251102700253,Lab Collaboration,4,Odd Sem 2025 - Month 1
EV04081,RA261100300437,RA261102700431,Lab Collaboration,4,Even Sem 2026 - Month 1
EV04082,RA231105600021,RA251102900297,Technical Club,3,Odd Sem 2025 - Month 1
EV04083,RA241105400142,RA251103000298,Lab Collaboration,2,Even Sem 2026 - Finals
EV04084,RA241100300200,RA261100300500,Peer Study,1,Odd Sem 2025 - Month 1
EV04085,RA251100300350,RA261102700382,Peer Study,2,Odd Sem 2025 - Midterm
EV04086,RA251105400257,RA251105600251,Peer Study,1,Even Sem 2026 - Month 1
EV04087,RA241105400240,RA261105600492,Technical Club,1,Odd Sem 2025 - Midterm
EV04088,RA241105400163,RA251100300343,Hackathon Team,1,Odd Sem 2025 - Month 1
EV04089,RA231100300050,RA251103000326,Project Team,3,Even Sem 2026 - Finals
EV04090,RA231100300099,RA241102900147,Technical Club,2,Odd Sem 2025 - Month 1
EV04091,RA241102700194,RA241102800230,Technical Club,2,Odd Sem 2025 - Midterm
EV04092,RA231102800045,RA231102800087,Peer Study,3,Odd Sem 2025 - Month 4
EV04093,RA241102800230,RA251102800254,Peer Study,2,Odd Sem 2025 - Midterm
EV04094,RA241102700173,RA261100300388,Project Team,2,Odd Sem 2025 - Month 4
EV04095,RA251100300364,RA261102700382,Lab Collaboration,2,Odd Sem 2025 - Midterm
EV04096,RA251100300294,RA261102700417,Lab Collaboration,4,Even Sem 2026 - Finals
EV04097,RA231105400083,RA251103000375,Lab Collaboration,4,Even Sem 2026 - Month 2
EV04098,RA251102800282,RA261100300388,Hackathon Team,3,Odd Sem 2025 - Midterm
EV04099,RA231102900074,RA231103000096,Technical Club,4,Odd Sem 2025 - Month 1
EV04100,RA251100300371,RA261102700382,Project Team,2,Even Sem 2026 - Finals
EV04101,RA231105600021,RA261100300437,Technical Club,2,Odd Sem 2025 - Month 4
EV04102,RA251102700274,RA261102900496,Hackathon Team,3,Even Sem 2026 - Month 2
EV04103,RA231103000103,RA241102700145,Peer Study,3,Odd Sem 2025 - Month 4
EV04104,RA231102900025,RA261100300409,Lab Collaboration,1,Odd Sem 2025 - Month 4
EV04105,RA251103000333,RA251105400327,Hackathon Team,3,Even Sem 2026 - Month 2
EV04106,RA251105400348,RA261102700494,Hackathon Team,4,Odd Sem 2025 - Month 4
EV04107,RA231103000068,RA241102700152,Technical Club,2,Odd Sem 2025 - Month 1
EV04108,RA251103000270,RA251105400264,Lab Collaboration,1,Odd Sem 2025 - Month 1
EV04109,RA231100300064,RA251102800310,Project Team,3,Even Sem 2026 - Finals
EV04110,RA241102800195,RA261100300395,Hackathon Team,2,Even Sem 2026 - Finals
EV04111,RA231102800122,RA231102900116,Peer Study,1,Odd Sem 2025 - Midterm
EV04112,RA231102800017,RA261102800383,Project Team,3,Odd Sem 2025 - Midterm
EV04113,RA231105400069,RA251102900297,Lab Collaboration,1,Odd Sem 2025 - Month 1
EV04114,RA231100300029,RA251102800268,Project Team,3,Odd Sem 2025 - Month 1
EV04115,RA241102800139,RA241102900133,Technical Club,2,Even Sem 2026 - Month 2
EV04116,RA231102800017,RA251102700281,Project Team,1,Even Sem 2026 - Month 2
EV04117,RA231105600014,RA261105600380,Lab Collaboration,4,Odd Sem 2025 - Midterm
EV04118,RA231102700065,RA251105600251,Technical Club,2,Even Sem 2026 - Month 1
EV04119,RA251103000312,RA261105400498,Peer Study,4,Even Sem 2026 - Month 2
EV04120,RA241102900147,RA261105400393,Project Team,1,Even Sem 2026 - Month 2
EV04121,RA231100300085,RA241102900175,Technical Club,4,Even Sem 2026 - Month 2
EV04122,RA241102900189,RA261105600457,Peer Study,3,Odd Sem 2025 - Month 2
EV04123,RA251102900325,RA251103000319,Technical Club,2,Odd Sem 2025 - Month 1
EV04124,RA241105600213,RA251102700351,Hackathon Team,4,Odd Sem 2025 - Midterm
EV04125,RA231102900067,RA251102700295,Lab Collaboration,4,Odd Sem 2025 - Midterm
EV04126,RA241102800216,RA251102900360,Hackathon Team,2,Even Sem 2026 - Month 1
EV04127,RA251102700351,RA261102800425,Lab Collaboration,4,Odd Sem 2025 - Midterm
EV04128,RA231100300120,RA241102900168,Project Team,2,Odd Sem 2025 - Midterm
EV04129,RA241105600157,RA251100300343,Peer Study,4,Even Sem 2026 - Finals
EV04130,RA231103000110,RA231105400104,Hackathon Team,1,Odd Sem 2025 - Month 4
EV04131,RA241103000232,RA261103000490,Hackathon Team,1,Even Sem 2026 - Month 2
EV04132,RA231105600021,RA241102900231,Hackathon Team,2,Odd Sem 2025 - Month 2
EV04133,RA231102700051,RA251102900297,Hackathon Team,2,Even Sem 2026 - Finals
EV04134,RA251102800268,RA261102800495,Hackathon Team,2,Odd Sem 2025 - Month 2
EV04135,RA231102800045,RA231103000124,Peer Study,2,Odd Sem 2025 - Month 1
EV04136,RA241105400205,RA251103000305,Hackathon Team,1,Odd Sem 2025 - Month 1
EV04137,RA231102800122,RA251105400362,Technical Club,4,Even Sem 2026 - Finals
EV04138,RA241105600143,RA251102700295,Lab Collaboration,3,Even Sem 2026 - Finals
EV04139,RA241102700194,RA241105600248,Technical Club,2,Odd Sem 2025 - Month 4
EV04140,RA261103000490,RA261105400484,Lab Collaboration,2,Odd Sem 2025 - Midterm
EV04141,RA241100300221,RA251100300287,Lab Collaboration,3,Odd Sem 2025 - Month 2
EV04142,RA231102700065,RA261105600457,Technical Club,4,Odd Sem 2025 - Month 1
EV04143,RA261102900419,RA261105400463,Lab Collaboration,1,Odd Sem 2025 - Month 4
EV04144,RA241105400170,RA241105600248,Hackathon Team,1,Odd Sem 2025 - Month 4
EV04145,RA251102900318,RA261102700438,Technical Club,3,Odd Sem 2025 - Midterm
EV04146,RA261103000476,RA261105400470,Peer Study,1,Even Sem 2026 - Month 1
EV04147,RA231102800094,RA231102900088,Technical Club,3,Odd Sem 2025 - Midterm
EV04148,RA231102800052,RA231105600119,Technical Club,4,Odd Sem 2025 - Month 4
EV04149,RA251100300273,RA251105600279,Hackathon Team,2,Odd Sem 2025 - Month 4
EV04150,RA241102700152,RA261105400428,Project Team,2,Even Sem 2026 - Month 1
EV04151,RA241102900217,RA261102700445,Project Team,3,Even Sem 2026 - Finals
EV04152,RA241102700215,RA241102800209,Technical Club,4,Even Sem 2026 - Month 2
EV04153,RA231102700044,RA251102700344,Hackathon Team,1,Odd Sem 2025 - Month 1
EV04154,RA231102900074,RA241105400128,Technical Club,3,Odd Sem 2025 - Month 2
EV04155,RA241100300130,RA241103000225,Project Team,1,Even Sem 2026 - Month 2
EV04156,RA251103000340,RA251105400334,Technical Club,1,Even Sem 2026 - Month 2
EV04157,RA241102900196,RA241103000190,Peer Study,2,Odd Sem 2025 - Month 2
EV04158,RA231100300078,RA261105600457,Project Team,2,Odd Sem 2025 - Month 2
EV04159,RA251100300315,RA251105400292,Project Team,1,Odd Sem 2025 - Month 4
EV04160,RA241100300179,RA251105400299,Technical Club,1,Odd Sem 2025 - Month 2
EV04161,RA231100300036,RA231102700030,Lab Collaboration,1,Odd Sem 2025 - Month 1
EV04162,RA231100300015,RA231102800045,Hackathon Team,3,Even Sem 2026 - Finals
EV04163,RA251102700316,RA251102900346,Project Team,2,Even Sem 2026 - Finals
EV04164,RA251103000298,RA261102900496,Hackathon Team,3,Odd Sem 2025 - Month 4
EV04165,RA251105600307,RA261100300388,Hackathon Team,1,Odd Sem 2025 - Midterm
EV04166,RA251103000284,RA261105400428,Peer Study,3,Odd Sem 2025 - Month 4
EV04167,RA241102700138,RA241105600150,Lab Collaboration,3,Odd Sem 2025 - Month 1
EV04168,RA251102800303,RA261102800411,Lab Collaboration,1,Odd Sem 2025 - Midterm
EV04169,RA241105400184,RA261100300430,Peer Study,4,Even Sem 2026 - Month 1
EV04170,RA231102700065,RA231102700107,Project Team,4,Odd Sem 2025 - Month 4
EV04171,RA231105400111,RA251102700267,Technical Club,4,Odd Sem 2025 - Month 1
EV04172,RA241102900154,RA261100300381,Technical Club,4,Even Sem 2026 - Finals
EV04173,RA241100300235,RA251102700253,Lab Collaboration,1,Odd Sem 2025 - Month 4
EV04174,RA261100300388,RA261105600492,Lab Collaboration,3,Odd Sem 2025 - Midterm
EV04175,RA231105600035,RA241105400184,Technical Club,2,Odd Sem 2025 - Month 2
EV04176,RA241102900217,RA261102700445,Peer Study,3,Odd Sem 2025 - Month 2
EV04177,RA231105400104,RA231105600098,Hackathon Team,4,Odd Sem 2025 - Month 4
EV04178,RA231100300015,RA231102800059,Technical Club,2,Even Sem 2026 - Month 1
EV04179,RA261102700445,RA261102800446,Project Team,4,Odd Sem 2025 - Month 1
EV04180,RA231102700107,RA231102800101,Lab Collaboration,4,Even Sem 2026 - Month 1
EV04181,RA251102700323,RA251102800275,Peer Study,1,Even Sem 2026 - Month 1
EV04182,RA231102700100,RA231102900004,Peer Study,2,Odd Sem 2025 - Month 2
EV04183,RA261100300416,RA261103000476,Project Team,1,Odd Sem 2025 - Midterm
EV04184,RA231102900081,RA241105400184,Lab Collaboration,1,Even Sem 2026 - Month 1
EV04185,RA241102800244,RA261103000490,Peer Study,4,Even Sem 2026 - Month 2
EV04186,RA241103000197,RA261105600443,Technical Club,1,Odd Sem 2025 - Month 1
EV04187,RA241103000218,RA261103000476,Project Team,4,Even Sem 2026 - Month 1
EV04188,RA231105600077,RA251103000347,Hackathon Team,1,Odd Sem 2025 - Month 1
EV04189,RA261102900377,RA261105600443,Hackathon Team,4,Odd Sem 2025 - Midterm
EV04190,RA231105400097,RA251103000277,Hackathon Team,2,Even Sem 2026 - Month 2
EV04191,RA251102800324,RA261105600450,Project Team,1,Even Sem 2026 - Month 2
EV04192,RA241102700208,RA261102700424,Hackathon Team,3,Odd Sem 2025 - Midterm
EV04193,RA231102900074,RA261102900440,Hackathon Team,4,Odd Sem 2025 - Month 4
EV04194,RA231102900074,RA251105600314,Peer Study,1,Odd Sem 2025 - Month 1
EV04195,RA251102800331,RA261100300388,Technical Club,2,Odd Sem 2025 - Month 1
EV04196,RA231103000061,RA251102800345,Lab Collaboration,3,Odd Sem 2025 - Month 1
EV04197,RA231102800024,RA241102700180,Hackathon Team,1,Odd Sem 2025 - Midterm
EV04198,RA241102900154,RA251105400334,Peer Study,4,Even Sem 2026 - Month 2
EV04199,RA231102700086,RA231105600007,Hackathon Team,2,Odd Sem 2025 - Month 4
EV04200,RA231102700079,RA241102800230,Peer Study,1,Odd Sem 2025 - Month 2
EV04201,RA251100300294,RA251105600300,Hackathon Team,3,Even Sem 2026 - Month 2
EV04202,RA261102900475,RA261105600457,Lab Collaboration,1,Odd Sem 2025 - Midterm
EV04203,RA231102900095,RA231103000089,Peer Study,1,Odd Sem 2025 - Month 1
EV04204,RA231105600028,RA251100300364,Lab Collaboration,4,Even Sem 2026 - Finals
EV04205,RA251100300308,RA251105600314,Peer Study,3,Odd Sem 2025 - Month 1
EV04206,RA241102800174,RA251102900360,Peer Study,2,Odd Sem 2025 - Midterm
EV04207,RA251102900346,RA251103000256,Project Team,4,Odd Sem 2025 - Month 2
EV04208,RA231100300064,RA241102700250,Hackathon Team,3,Even Sem 2026 - Month 1
EV04209,RA251103000368,RA261100300416,Peer Study,2,Even Sem 2026 - Month 2
EV04210,RA241102700173,RA261103000455,Project Team,3,Even Sem 2026 - Finals
EV04211,RA241103000169,RA261102900475,Peer Study,2,Even Sem 2026 - Finals
EV04212,RA231105600056,RA251103000368,Technical Club,4,Odd Sem 2025 - Midterm
EV04213,RA231105400083,RA251100300371,Hackathon Team,2,Even Sem 2026 - Finals
EV04214,RA241102900224,RA251100300308,Lab Collaboration,4,Odd Sem 2025 - Month 1
EV04215,RA231102700086,RA241102700152,Project Team,3,Even Sem 2026 - Month 1
EV04216,RA231105400020,RA241102900245,Hackathon Team,3,Even Sem 2026 - Finals
EV04217,RA251105400292,RA261103000448,Project Team,1,Odd Sem 2025 - Midterm
EV04218,RA251103000368,RA251105600314,Peer Study,2,Odd Sem 2025 - Month 4
EV04219,RA241102900154,RA261105600415,Lab Collaboration,1,Odd Sem 2025 - Month 1
EV04220,RA241105400163,RA251102800373,Lab Collaboration,1,Even Sem 2026 - Finals
EV04221,RA241102800181,RA261105400379,Peer Study,3,Even Sem 2026 - Finals
EV04222,RA261105400477,RA261105600471,Project Team,3,Odd Sem 2025 - Month 2
EV04223,RA241102900238,RA261102700424,Peer Study,3,Even Sem 2026 - Month 2
EV04224,RA231102800024,RA241105400184,Hackathon Team,1,Odd Sem 2025 - Midterm
EV04225,RA231102700016,RA231103000040,Lab Collaboration,1,Even Sem 2026 - Month 1
EV04226,RA241102700138,RA241102800132,Peer Study,3,Odd Sem 2025 - Month 2
EV04227,RA231105600028,RA251102900262,Technical Club,1,Odd Sem 2025 - Midterm
EV04228,RA231102700009,RA261103000441,Peer Study,4,Odd Sem 2025 - Midterm
EV04229,RA241102900175,RA241103000169,Hackathon Team,1,Even Sem 2026 - Month 1
EV04230,RA231103000026,RA261102800404,Lab Collaboration,1,Even Sem 2026 - Month 2
EV04231,RA231105400027,RA241105400184,Project Team,2,Even Sem 2026 - Month 2
EV04232,RA241105600220,RA261103000448,Hackathon Team,3,Odd Sem 2025 - Month 4
EV04233,RA241100300186,RA241102900210,Technical Club,2,Even Sem 2026 - Month 2
EV04234,RA231102700107,RA251100300371,Technical Club,4,Odd Sem 2025 - Midterm
EV04235,RA261102800495,RA261102900489,Hackathon Team,1,Odd Sem 2025 - Midterm
EV04236,RA241102900182,RA251100300266,Hackathon Team,3,Odd Sem 2025 - Month 1
EV04237,RA251105600251,RA261103000497,Hackathon Team,4,Even Sem 2026 - Finals
EV04238,RA231105600119,RA251102800317,Peer Study,1,Even Sem 2026 - Finals
EV04239,RA241102700236,RA261102800404,Project Team,2,Even Sem 2026 - Month 2
EV04240,RA241100300214,RA241102700208,Lab Collaboration,2,Odd Sem 2025 - Month 4
EV04241,RA231102700072,RA261102800411,Project Team,2,Odd Sem 2025 - Month 2
EV04242,RA241105400170,RA241105600248,Project Team,2,Even Sem 2026 - Finals
EV04243,RA261100300416,RA261102800404,Peer Study,1,Even Sem 2026 - Finals
EV04244,RA241100300179,RA241103000197,Peer Study,1,Odd Sem 2025 - Month 4
EV04245,RA231105600028,RA251100300364,Peer Study,2,Odd Sem 2025 - Month 4
EV04246,RA261100300395,RA261100300479,Peer Study,2,Even Sem 2026 - Month 1
EV04247,RA231100300092,RA241102700236,Peer Study,3,Odd Sem 2025 - Midterm
EV04248,RA241100300158,RA241102700138,Lab Collaboration,4,Odd Sem 2025 - Month 2
EV04249,RA241102900231,RA241103000225,Technical Club,3,Even Sem 2026 - Month 2
EV04250,RA261102800495,RA261102900489,Technical Club,4,Odd Sem 2025 - Month 4
EV04251,RA251102800324,RA261105600492,Project Team,1,Even Sem 2026 - Month 2
EV04252,RA251105600356,RA261100300409,Hackathon Team,2,Even Sem 2026 - Month 1
EV04253,RA251105400299,RA261103000399,Project Team,1,Odd Sem 2025 - Month 2
EV04254,RA241105600185,RA251105600251,Peer Study,2,Odd Sem 2025 - Midterm
EV04255,RA251102900325,RA261102700382,Hackathon Team,1,Even Sem 2026 - Month 2
EV04256,RA231102800024,RA261103000420,Peer Study,4,Even Sem 2026 - Month 1
EV04257,RA231103000110,RA261102800488,Project Team,2,Odd Sem 2025 - Month 1
EV04258,RA241100300249,RA251103000333,Technical Club,2,Odd Sem 2025 - Midterm
EV04259,RA251102700372,RA261105600408,Peer Study,2,Even Sem 2026 - Month 2
EV04260,RA231103000047,RA251102900290,Lab Collaboration,4,Odd Sem 2025 - Month 1
EV04261,RA261102900377,RA261105600401,Hackathon Team,4,Odd Sem 2025 - Month 4
EV04262,RA251102700365,RA261103000497,Hackathon Team,3,Even Sem 2026 - Month 1
EV04263,RA231103000012,RA251105400348,Technical Club,3,Even Sem 2026 - Month 2
EV04264,RA241102900238,RA251105600370,Hackathon Team,3,Even Sem 2026 - Month 2
EV04265,RA261103000420,RA261105400414,Project Team,2,Odd Sem 2025 - Month 1
EV04266,RA241102700250,RA251100300280,Technical Club,4,Even Sem 2026 - Month 2
EV04267,RA251102800359,RA251105400341,Lab Collaboration,1,Odd Sem 2025 - Month 2
EV04268,RA251102700323,RA261102800404,Technical Club,3,Odd Sem 2025 - Midterm
EV04269,RA231102800101,RA241105400163,Hackathon Team,2,Even Sem 2026 - Month 1
EV04270,RA231102900060,RA241105400198,Project Team,4,Odd Sem 2025 - Month 1
EV04271,RA251102800254,RA251102900332,Peer Study,4,Even Sem 2026 - Month 1
EV04272,RA241102700229,RA241102800223,Hackathon Team,1,Odd Sem 2025 - Midterm
EV04273,RA231102800115,RA251102900367,Project Team,3,Odd Sem 2025 - Month 2
EV04274,RA231102700002,RA241102800230,Peer Study,1,Odd Sem 2025 - Midterm
EV04275,RA251102700267,RA261105400393,Hackathon Team,3,Odd Sem 2025 - Month 4
EV04276,RA231103000054,RA231105400090,Project Team,2,Odd Sem 2025 - Month 4
EV04277,RA231102800094,RA231105400034,Project Team,4,Even Sem 2026 - Finals
EV04278,RA261100300479,RA261105600457,Technical Club,4,Odd Sem 2025 - Month 2
EV04279,RA241100300228,RA241102800202,Peer Study,1,Odd Sem 2025 - Midterm
EV04280,RA231103000117,RA251102800345,Lab Collaboration,3,Odd Sem 2025 - Month 2
EV04281,RA261102900454,RA261105400442,Lab Collaboration,4,Odd Sem 2025 - Month 1
EV04282,RA241100300221,RA261103000455,Lab Collaboration,1,Odd Sem 2025 - Midterm
EV04283,RA231102700037,RA231102800031,Lab Collaboration,4,Even Sem 2026 - Finals
EV04284,RA231100300036,RA241103000246,Hackathon Team,3,Odd Sem 2025 - Month 4
EV04285,RA231105400006,RA241105600150,Technical Club,3,Odd Sem 2025 - Month 4
EV04286,RA231105600119,RA251100300252,Hackathon Team,2,Odd Sem 2025 - Month 1
EV04287,RA261100300388,RA261102900454,Technical Club,2,Even Sem 2026 - Finals
EV04288,RA241105400205,RA251100300301,Technical Club,3,Odd Sem 2025 - Month 1
EV04289,RA241102800195,RA261103000483,Peer Study,2,Odd Sem 2025 - Month 1
EV04290,RA261100300395,RA261102900377,Lab Collaboration,2,Even Sem 2026 - Month 1
EV04291,RA251100300371,RA261102900377,Lab Collaboration,4,Odd Sem 2025 - Month 2
EV04292,RA231100300029,RA261102800481,Hackathon Team,3,Even Sem 2026 - Month 1
EV04293,RA241102900196,RA261102700382,Project Team,4,Odd Sem 2025 - Midterm
EV04294,RA241102900126,RA251105600258,Peer Study,4,Even Sem 2026 - Month 2
EV04295,RA251102700316,RA261102700466,Hackathon Team,1,Even Sem 2026 - Month 1
EV04296,RA251103000333,RA261102700382,Peer Study,2,Odd Sem 2025 - Month 1
EV04297,RA231102900067,RA251102700295,Lab Collaboration,3,Odd Sem 2025 - Month 1
EV04298,RA231102700093,RA251105600363,Technical Club,2,Odd Sem 2025 - Midterm
EV04299,RA231102900095,RA251102800268,Hackathon Team,4,Even Sem 2026 - Finals
EV04300,RA231102700002,RA241102700236,Technical Club,1,Odd Sem 2025 - Month 1
EV04301,RA261102900398,RA261105600380,Peer Study,3,Odd Sem 2025 - Month 1
EV04302,RA231102900067,RA261105400400,Hackathon Team,4,Even Sem 2026 - Month 1
EV04303,RA241102900175,RA261103000455,Technical Club,1,Even Sem 2026 - Month 1
EV04304,RA241100300137,RA241102800167,Hackathon Team,2,Odd Sem 2025 - Month 2
EV04305,RA231100300113,RA261103000497,Project Team,3,Even Sem 2026 - Month 2
EV04306,RA251102700330,RA251102800324,Project Team,3,Even Sem 2026 - Month 1
EV04307,RA241103000246,RA261102900468,Peer Study,4,Odd Sem 2025 - Month 1
EV04308,RA231102700058,RA241103000232,Peer Study,2,Odd Sem 2025 - Month 1
EV04309,RA231103000068,RA241105600164,Project Team,1,Odd Sem 2025 - Month 2
EV04310,RA231102900088,RA251102900332,Lab Collaboration,4,Even Sem 2026 - Month 1
EV04311,RA261102900377,RA261103000497,Technical Club,1,Odd Sem 2025 - Month 4
EV04312,RA241100300214,RA251100300322,Technical Club,3,Even Sem 2026 - Month 2
EV04313,RA251102900290,RA261105600464,Hackathon Team,1,Even Sem 2026 - Month 2
EV04314,RA231105600077,RA241102700131,Lab Collaboration,1,Odd Sem 2025 - Month 2
EV04315,RA241102900245,RA251100300273,Project Team,3,Even Sem 2026 - Finals
EV04316,RA241102800174,RA251102900360,Peer Study,2,Odd Sem 2025 - Month 2
EV04317,RA241102900154,RA251102800296,Technical Club,1,Even Sem 2026 - Month 1
EV04318,RA231100300078,RA241105600220,Lab Collaboration,2,Odd Sem 2025 - Month 4
EV04319,RA261102700445,RA261102800446,Technical Club,2,Odd Sem 2025 - Month 4
EV04320,RA231105600105,RA251105600321,Project Team,1,Odd Sem 2025 - Month 2
EV04321,RA241102800160,RA251105600356,Hackathon Team,1,Even Sem 2026 - Month 2
EV04322,RA231102900116,RA231105600014,Technical Club,3,Even Sem 2026 - Month 2
EV04323,RA231102700002,RA251102900290,Project Team,2,Even Sem 2026 - Month 1
EV04324,RA231100300029,RA231100300071,Lab Collaboration,1,Even Sem 2026 - Month 1
EV04325,RA231102900060,RA231105400048,Peer Study,4,Even Sem 2026 - Month 2
EV04326,RA241102900224,RA241103000183,Hackathon Team,4,Odd Sem 2025 - Month 4
EV04327,RA241105400219,RA251105400369,Hackathon Team,2,Even Sem 2026 - Month 1
EV04328,RA251105600356,RA261102700494,Technical Club,2,Odd Sem 2025 - Midterm
EV04329,RA231102900018,RA241105400142,Peer Study,2,Even Sem 2026 - Finals
EV04330,RA261103000441,RA261105400393,Peer Study,4,Odd Sem 2025 - Month 1
EV04331,RA261102900412,RA261105400400,Lab Collaboration,2,Even Sem 2026 - Month 1
EV04332,RA241103000134,RA241105600248,Technical Club,3,Even Sem 2026 - Finals
EV04333,RA231105600098,RA261100300458,Technical Club,2,Odd Sem 2025 - Month 2
EV04334,RA231103000110,RA261105600464,Peer Study,4,Even Sem 2026 - Month 2
EV04335,RA241103000148,RA261105400484,Project Team,3,Even Sem 2026 - Month 1
EV04336,RA231102700093,RA261105600429,Project Team,2,Even Sem 2026 - Finals
EV04337,RA231102700051,RA251102700267,Technical Club,1,Even Sem 2026 - Month 1
EV04338,RA251102800331,RA261102800397,Lab Collaboration,3,Odd Sem 2025 - Month 2
EV04339,RA241105600185,RA251102800359,Peer Study,4,Odd Sem 2025 - Month 2
EV04340,RA231102800080,RA261105400470,Peer Study,2,Odd Sem 2025 - Month 4
EV04341,RA231102900025,RA231105600091,Project Team,4,Odd Sem 2025 - Midterm
EV04342,RA231105600063,RA261105400400,Peer Study,3,Odd Sem 2025 - Midterm
EV04343,RA261100300458,RA261103000392,Peer Study,2,Even Sem 2026 - Finals
EV04344,RA261100300430,RA261102700424,Lab Collaboration,1,Odd Sem 2025 - Month 1
EV04345,RA241105400191,RA251105400299,Lab Collaboration,4,Odd Sem 2025 - Month 1
EV04346,RA241102700208,RA251102800352,Peer Study,4,Odd Sem 2025 - Midterm
EV04347,RA231105400076,RA261105600464,Technical Club,1,Odd Sem 2025 - Month 2
EV04348,RA241100300179,RA241102900154,Peer Study,2,Odd Sem 2025 - Month 4
EV04349,RA251102700372,RA261105600408,Project Team,1,Odd Sem 2025 - Month 2
EV04350,RA251102800338,RA261102700452,Lab Collaboration,3,Odd Sem 2025 - Month 1
EV04351,RA241102900231,RA251102900255,Technical Club,2,Even Sem 2026 - Finals
EV04352,RA241105400184,RA251103000326,Hackathon Team,1,Even Sem 2026 - Month 2
EV04353,RA231102700058,RA241102700250,Peer Study,3,Even Sem 2026 - Finals
EV04354,RA231102700093,RA251105600279,Peer Study,1,Odd Sem 2025 - Month 2
EV04355,RA241102900245,RA261100300479,Peer Study,1,Odd Sem 2025 - Month 4
EV04356,RA231100300036,RA231105600042,Lab Collaboration,4,Odd Sem 2025 - Month 2
EV04357,RA251105600293,RA261105600443,Project Team,2,Odd Sem 2025 - Month 4
EV04358,RA241102900224,RA251102900332,Technical Club,4,Even Sem 2026 - Month 1
EV04359,RA231105400055,RA261103000385,Lab Collaboration,4,Odd Sem 2025 - Month 2
EV04360,RA261100300402,RA261102700396,Peer Study,3,Even Sem 2026 - Month 1
EV04361,RA241102800174,RA241105600150,Hackathon Team,4,Even Sem 2026 - Month 2
EV04362,RA231105600084,RA251103000270,Project Team,1,Even Sem 2026 - Month 1
EV04363,RA241105400128,RA261102900398,Peer Study,4,Even Sem 2026 - Finals
EV04364,RA261100300486,RA261105600436,Hackathon Team,3,Odd Sem 2025 - Month 2
EV04365,RA231102800080,RA251105400320,Peer Study,4,Odd Sem 2025 - Midterm
EV04366,RA261102800439,RA261105400386,Lab Collaboration,4,Odd Sem 2025 - Midterm
EV04367,RA241100300179,RA251105400299,Peer Study,3,Odd Sem 2025 - Month 2
EV04368,RA241100300165,RA241105600213,Peer Study,1,Even Sem 2026 - Month 2
EV04369,RA231102700016,RA251102700316,Project Team,2,Even Sem 2026 - Month 1
EV04370,RA231100300106,RA241100300130,Peer Study,1,Odd Sem 2025 - Month 2
EV04371,RA261100300416,RA261103000476,Lab Collaboration,1,Even Sem 2026 - Month 1
EV04372,RA261100300395,RA261105600492,Project Team,3,Even Sem 2026 - Month 2
EV04373,RA241102700250,RA241105400184,Technical Club,1,Odd Sem 2025 - Month 2
EV04374,RA231105400027,RA251102900297,Hackathon Team,4,Odd Sem 2025 - Midterm
EV04375,RA251100300280,RA251105600286,Project Team,2,Odd Sem 2025 - Midterm
EV04376,RA231102800031,RA251103000277,Peer Study,1,Odd Sem 2025 - Month 1
EV04377,RA231102800010,RA251105600328,Technical Club,2,Odd Sem 2025 - Month 2
EV04378,RA231100300099,RA261102900489,Lab Collaboration,3,Odd Sem 2025 - Month 1
EV04379,RA251102800345,RA261102800453,Hackathon Team,1,Even Sem 2026 - Month 2
EV04380,RA231105400027,RA261102800495,Technical Club,2,Even Sem 2026 - Month 2
EV04381,RA241105400191,RA251105400299,Peer Study,2,Even Sem 2026 - Month 1
EV04382,RA241102900189,RA261102800446,Project Team,3,Odd Sem 2025 - Month 1
EV04383,RA241102800188,RA241105600192,Peer Study,2,Even Sem 2026 - Finals
EV04384,RA251102700267,RA261105400393,Lab Collaboration,1,Odd Sem 2025 - Month 2
EV04385,RA231102700030,RA261100300486,Hackathon Team,1,Even Sem 2026 - Finals
EV04386,RA231100300106,RA241100300130,Lab Collaboration,1,Odd Sem 2025 - Midterm
EV04387,RA231103000012,RA241105400156,Technical Club,3,Even Sem 2026 - Month 2
EV04388,RA261100300465,RA261102700459,Hackathon Team,4,Odd Sem 2025 - Month 4
EV04389,RA251100300294,RA251102700330,Hackathon Team,4,Odd Sem 2025 - Month 2
EV04390,RA231100300001,RA261102900391,Hackathon Team,4,Even Sem 2026 - Month 1
EV04391,RA251102700344,RA261102900412,Technical Club,1,Even Sem 2026 - Month 1
EV04392,RA261100300388,RA261105600492,Lab Collaboration,4,Even Sem 2026 - Month 2
EV04393,RA231102700086,RA241102700152,Lab Collaboration,1,Odd Sem 2025 - Month 4
EV04394,RA231102900088,RA251103000298,Technical Club,1,Odd Sem 2025 - Month 1
EV04395,RA231102800031,RA251103000277,Peer Study,1,Odd Sem 2025 - Month 4
EV04396,RA241100300235,RA241102900217,Peer Study,2,Odd Sem 2025 - Month 2
EV04397,RA231100300113,RA241105400205,Technical Club,4,Even Sem 2026 - Finals
EV04398,RA231105400048,RA261102800390,Lab Collaboration,1,Odd Sem 2025 - Midterm
EV04399,RA251103000312,RA261102700438,Peer Study,1,Even Sem 2026 - Month 2
EV04400,RA241100300165,RA241102900189,Lab Collaboration,2,Odd Sem 2025 - Month 1
EV04401,RA231103000110,RA251105400292,Project Team,1,Even Sem 2026 - Month 2
EV04402,RA231102900053,RA261103000497,Hackathon Team,1,Odd Sem 2025 - Month 2
EV04403,RA241103000162,RA241105400156,Hackathon Team,4,Odd Sem 2025 - Midterm
EV04404,RA241102900133,RA261105600415,Lab Collaboration,3,Even Sem 2026 - Month 2
EV04405,RA231105400048,RA261102800432,Peer Study,3,Odd Sem 2025 - Month 2
EV04406,RA251105400369,RA261100300409,Peer Study,2,Odd Sem 2025 - Month 2
EV04407,RA251100300350,RA251102700344,Lab Collaboration,4,Even Sem 2026 - Month 2
EV04408,RA261105600464,RA261105600492,Hackathon Team,1,Odd Sem 2025 - Month 2
EV04409,RA251102900311,RA261102900419,Peer Study,1,Odd Sem 2025 - Midterm
EV04410,RA231100300057,RA261105400477,Peer Study,2,Even Sem 2026 - Month 2
EV04411,RA251102700274,RA251102900304,Project Team,3,Odd Sem 2025 - Month 1
EV04412,RA241100300200,RA261100300500,Technical Club,4,Even Sem 2026 - Month 2
EV04413,RA241105400205,RA251103000354,Peer Study,2,Odd Sem 2025 - Month 4
EV04414,RA231100300078,RA261103000490,Peer Study,3,Odd Sem 2025 - Month 1
EV04415,RA231102800010,RA241102900238,Technical Club,4,Even Sem 2026 - Month 2
EV04416,RA231102800010,RA231105400097,Hackathon Team,1,Even Sem 2026 - Month 2
EV04417,RA251100300371,RA261102700382,Lab Collaboration,1,Odd Sem 2025 - Month 2
EV04418,RA231105400048,RA251105600258,Peer Study,1,Even Sem 2026 - Finals
EV04419,RA231100300015,RA231102900004,Hackathon Team,1,Odd Sem 2025 - Midterm
EV04420,RA241102700250,RA241105600178,Hackathon Team,2,Even Sem 2026 - Finals
EV04421,RA261102700473,RA261102800467,Hackathon Team,2,Odd Sem 2025 - Month 4
EV04422,RA241102800202,RA261102900391,Project Team,2,Odd Sem 2025 - Month 4
EV04423,RA231102700072,RA261102800390,Project Team,4,Even Sem 2026 - Month 1
EV04424,RA251102700288,RA261102900384,Peer Study,2,Odd Sem 2025 - Month 2
EV04425,RA241102900238,RA251103000298,Project Team,1,Even Sem 2026 - Finals
EV04426,RA241100300235,RA261105600401,Technical Club,2,Even Sem 2026 - Month 2
EV04427,RA231105400104,RA261100300423,Lab Collaboration,3,Odd Sem 2025 - Month 1
EV04428,RA241105600241,RA251102700295,Project Team,3,Odd Sem 2025 - Month 4
EV04429,RA241100300186,RA261105600492,Project Team,4,Even Sem 2026 - Month 1
EV04430,RA261102700396,RA261105400456,Lab Collaboration,4,Even Sem 2026 - Month 1
EV04431,RA231105600098,RA261105400428,Lab Collaboration,1,Even Sem 2026 - Month 2
EV04432,RA231102900032,RA241105400184,Lab Collaboration,1,Odd Sem 2025 - Month 4
EV04433,RA231102700058,RA231102900074,Peer Study,2,Even Sem 2026 - Month 1
EV04434,RA241103000204,RA241105400198,Project Team,4,Odd Sem 2025 - Month 4
EV04435,RA231105400020,RA241102900245,Project Team,1,Odd Sem 2025 - Month 4
EV04436,RA241105600248,RA251102800254,Project Team,1,Odd Sem 2025 - Month 1
EV04437,RA231103000026,RA231105400020,Project Team,1,Even Sem 2026 - Month 1
EV04438,RA241102800181,RA261105400379,Lab Collaboration,4,Even Sem 2026 - Month 1
EV04439,RA241103000148,RA251102800310,Project Team,3,Odd Sem 2025 - Month 2
EV04440,RA231102900067,RA241100300235,Peer Study,2,Odd Sem 2025 - Month 1
EV04441,RA251102900374,RA251103000368,Peer Study,4,Odd Sem 2025 - Month 2
EV04442,RA241102700194,RA241102900182,Peer Study,3,Odd Sem 2025 - Month 4
EV04443,RA241102700243,RA251102800345,Technical Club,3,Even Sem 2026 - Finals
EV04444,RA251102900367,RA261102800446,Technical Club,3,Odd Sem 2025 - Month 1
EV04445,RA231105400111,RA261103000483,Technical Club,4,Even Sem 2026 - Month 1
EV04446,RA231100300092,RA241102700194,Lab Collaboration,2,Odd Sem 2025 - Month 4
EV04447,RA241105400191,RA261102800425,Lab Collaboration,3,Even Sem 2026 - Month 1
EV04448,RA241102700166,RA241102800160,Technical Club,3,Even Sem 2026 - Finals
EV04449,RA231100300029,RA231102700072,Hackathon Team,3,Odd Sem 2025 - Month 4
EV04450,RA231100300008,RA251102800296,Peer Study,1,Odd Sem 2025 - Month 1
EV04451,RA261100300409,RA261102700403,Hackathon Team,3,Odd Sem 2025 - Month 1
EV04452,RA241102800132,RA241103000246,Hackathon Team,3,Even Sem 2026 - Finals
EV04453,RA231100300015,RA261100300395,Project Team,1,Even Sem 2026 - Month 1
EV04454,RA261102900489,RA261103000483,Peer Study,4,Even Sem 2026 - Finals
EV04455,RA251102700365,RA261100300437,Project Team,4,Odd Sem 2025 - Month 1
EV04456,RA251102900325,RA261100300493,Technical Club,3,Odd Sem 2025 - Month 2
EV04457,RA231103000033,RA241105400219,Hackathon Team,1,Even Sem 2026 - Month 1
EV04458,RA231100300099,RA231102800045,Hackathon Team,4,Even Sem 2026 - Month 2
EV04459,RA231102900102,RA251103000270,Project Team,2,Odd Sem 2025 - Month 1
EV04460,RA231105400111,RA241102700187,Technical Club,1,Odd Sem 2025 - Month 2
EV04461,RA231103000089,RA261102700396,Peer Study,4,Odd Sem 2025 - Month 2
EV04462,RA241105400247,RA251105400362,Lab Collaboration,3,Odd Sem 2025 - Month 4
EV04463,RA231103000096,RA241102900168,Project Team,1,Odd Sem 2025 - Month 1
EV04464,RA241102700194,RA251105400320,Project Team,4,Odd Sem 2025 - Midterm
EV04465,RA231103000110,RA261102900384,Project Team,4,Odd Sem 2025 - Month 2
EV04466,RA231102900032,RA251105400362,Technical Club,2,Even Sem 2026 - Month 2
EV04467,RA231102700009,RA251105400285,Project Team,3,Odd Sem 2025 - Midterm
EV04468,RA231102700114,RA241105400184,Technical Club,2,Odd Sem 2025 - Month 2
EV04469,RA241100300172,RA241105600136,Technical Club,1,Even Sem 2026 - Month 2
EV04470,RA231102900032,RA241105400170,Technical Club,1,Even Sem 2026 - Month 1
EV04471,RA231103000005,RA261102900377,Peer Study,1,Odd Sem 2025 - Midterm
EV04472,RA261103000406,RA261105600457,Project Team,1,Even Sem 2026 - Month 1
EV04473,RA231103000047,RA251105600335,Lab Collaboration,1,Odd Sem 2025 - Midterm
EV04474,RA231102900081,RA251105600279,Peer Study,3,Odd Sem 2025 - Month 1
EV04475,RA241102900154,RA251102700316,Lab Collaboration,3,Odd Sem 2025 - Month 1
EV04476,RA241100300165,RA241100300207,Peer Study,4,Odd Sem 2025 - Month 2
EV04477,RA241100300144,RA261102700396,Hackathon Team,2,Even Sem 2026 - Month 2
EV04478,RA231102700072,RA261100300486,Technical Club,4,Odd Sem 2025 - Month 1
EV04479,RA231102900074,RA251105600356,Project Team,4,Even Sem 2026 - Month 2
EV04480,RA241105600220,RA261105600436,Project Team,1,Odd Sem 2025 - Month 1
EV04481,RA251105400334,RA261105400400,Hackathon Team,1,Odd Sem 2025 - Midterm
EV04482,RA241102900182,RA241102900224,Technical Club,4,Even Sem 2026 - Month 1
EV04483,RA251102900311,RA251103000305,Peer Study,1,Even Sem 2026 - Month 1
EV04484,RA241102800209,RA261100300437,Hackathon Team,2,Even Sem 2026 - Month 2
EV04485,RA231105400034,RA251105400292,Lab Collaboration,2,Odd Sem 2025 - Month 1
EV04486,RA231105400097,RA251105600349,Hackathon Team,1,Odd Sem 2025 - Month 2
EV04487,RA251102800261,RA261102800446,Hackathon Team,1,Odd Sem 2025 - Month 4
EV04488,RA231100300078,RA261103000420,Technical Club,1,Even Sem 2026 - Month 2
EV04489,RA241105600213,RA251102700351,Technical Club,2,Even Sem 2026 - Month 2
EV04490,RA231100300099,RA241105600129,Project Team,1,Even Sem 2026 - Month 2
EV04491,RA241100300165,RA241105600129,Peer Study,1,Even Sem 2026 - Finals
EV04492,RA251103000368,RA251105600314,Project Team,4,Odd Sem 2025 - Month 4
EV04493,RA241102800167,RA241102900161,Project Team,3,Even Sem 2026 - Month 2
EV04494,RA261102900454,RA261103000448,Lab Collaboration,2,Even Sem 2026 - Finals
EV04495,RA251102700358,RA251102800352,Hackathon Team,2,Even Sem 2026 - Finals
EV04496,RA251102700267,RA261105400435,Lab Collaboration,3,Odd Sem 2025 - Midterm
EV04497,RA231105400027,RA251100300329,Technical Club,4,Even Sem 2026 - Finals
EV04498,RA251100300301,RA251105600307,Hackathon Team,2,Odd Sem 2025 - Month 4
EV04499,RA231105600021,RA241102900147,Technical Club,2,Odd Sem 2025 - Midterm
EV04500,RA241105400128,RA261102800404,Technical Club,4,Even Sem 2026 - Finals
EV04501,RA231102800115,RA251105400355,Hackathon Team,4,Odd Sem 2025 - Midterm
EV04502,RA251102700274,RA261105400400,Project Team,4,Odd Sem 2025 - Month 4
EV04503,RA251102700330,RA261102700480,Hackathon Team,1,Odd Sem 2025 - Month 4
EV04504,RA251102700316,RA261105600471,Technical Club,3,Odd Sem 2025 - Midterm
EV04505,RA261102900475,RA261105400421,Peer Study,2,Odd Sem 2025 - Month 1
EV04506,RA241103000197,RA261105600485,Lab Collaboration,3,Even Sem 2026 - Month 1
EV04507,RA231102900074,RA261100300416,Technical Club,1,Odd Sem 2025 - Month 1
EV04508,RA231105600028,RA251102900262,Technical Club,3,Odd Sem 2025 - Month 4
EV04509,RA261102800439,RA261105400400,Hackathon Team,1,Odd Sem 2025 - Midterm
EV04510,RA231103000089,RA251102900311,Peer Study,2,Odd Sem 2025 - Midterm
EV04511,RA231102700121,RA241103000127,Peer Study,4,Odd Sem 2025 - Month 1
EV04512,RA251103000319,RA261102800397,Technical Club,1,Even Sem 2026 - Month 1
EV04513,RA231105600105,RA261102900405,Peer Study,4,Odd Sem 2025 - Month 1
EV04514,RA241105600227,RA251105600335,Project Team,2,Odd Sem 2025 - Midterm
EV04515,RA231100300008,RA251105600251,Hackathon Team,2,Odd Sem 2025 - Month 1
EV04516,RA241105600234,RA261102800390,Technical Club,1,Odd Sem 2025 - Month 4
EV04517,RA241103000169,RA261105400463,Peer Study,1,Odd Sem 2025 - Midterm
EV04518,RA241103000148,RA261105400400,Lab Collaboration,1,Odd Sem 2025 - Midterm
EV04519,RA231105600063,RA251100300343,Project Team,2,Even Sem 2026 - Finals
EV04520,RA241105600136,RA251103000298,Lab Collaboration,3,Even Sem 2026 - Month 1
EV04521,RA231102800024,RA241102700138,Lab Collaboration,1,Odd Sem 2025 - Month 2
EV04522,RA251105600321,RA261105600471,Technical Club,2,Even Sem 2026 - Month 2
EV04523,RA231102700114,RA261100300486,Technical Club,4,Odd Sem 2025 - Month 4
EV04524,RA251105600349,RA261100300451,Peer Study,1,Odd Sem 2025 - Month 2
EV04525,RA231100300064,RA261105400400,Hackathon Team,2,Even Sem 2026 - Month 1
EV04526,RA251102700365,RA251102800359,Project Team,1,Even Sem 2026 - Month 2
EV04527,RA231102800045,RA261105600429,Hackathon Team,2,Odd Sem 2025 - Month 1
EV04528,RA241100300207,RA241102700201,Peer Study,4,Odd Sem 2025 - Month 4
EV04529,RA231102900011,RA231103000089,Peer Study,1,Odd Sem 2025 - Month 2
EV04530,RA231100300015,RA241102900224,Lab Collaboration,2,Even Sem 2026 - Finals
EV04531,RA231102800094,RA231105600070,Technical Club,3,Even Sem 2026 - Month 1
EV04532,RA251102800352,RA261105400400,Peer Study,1,Odd Sem 2025 - Month 2
EV04533,RA241105400156,RA251102800282,Lab Collaboration,1,Even Sem 2026 - Finals
EV04534,RA251103000319,RA261102800439,Hackathon Team,2,Even Sem 2026 - Month 1
EV04535,RA231103000096,RA241102800216,Peer Study,1,Odd Sem 2025 - Midterm
EV04536,RA241102700236,RA261102900398,Project Team,1,Even Sem 2026 - Month 2
EV04537,RA241102800202,RA241102900140,Project Team,1,Odd Sem 2025 - Month 2
EV04538,RA231105400118,RA241102900189,Hackathon Team,3,Odd Sem 2025 - Month 1
EV04539,RA261102700417,RA261103000413,Peer Study,4,Even Sem 2026 - Finals
EV04540,RA241100300207,RA241102700243,Hackathon Team,4,Even Sem 2026 - Month 2
EV04541,RA251102700358,RA251102900346,Lab Collaboration,1,Even Sem 2026 - Month 1
EV04542,RA241105600136,RA261102800446,Project Team,3,Odd Sem 2025 - Midterm
EV04543,RA231102700121,RA261100300409,Peer Study,4,Odd Sem 2025 - Month 4
EV04544,RA231102900025,RA241105600241,Lab Collaboration,2,Odd Sem 2025 - Month 2
EV04545,RA231100300071,RA261102800425,Peer Study,4,Even Sem 2026 - Month 2
EV04546,RA241100300200,RA241102800230,Peer Study,4,Odd Sem 2025 - Month 1
EV04547,RA231105400034,RA251105600370,Project Team,1,Even Sem 2026 - Month 1
EV04548,RA231100300120,RA241102900168,Hackathon Team,4,Even Sem 2026 - Month 1
EV04549,RA241102700208,RA261102700382,Hackathon Team,2,Even Sem 2026 - Month 1
EV04550,RA241103000148,RA261102800446,Lab Collaboration,3,Odd Sem 2025 - Month 1
EV04551,RA231100300008,RA251105600272,Hackathon Team,2,Even Sem 2026 - Month 2
EV04552,RA231105600014,RA251105600356,Hackathon Team,3,Even Sem 2026 - Finals
EV04553,RA251102700253,RA251103000277,Project Team,1,Even Sem 2026 - Month 2
EV04554,RA231102900032,RA241105400170,Project Team,4,Even Sem 2026 - Month 2
EV04555,RA231105600098,RA261100300458,Lab Collaboration,4,Odd Sem 2025 - Midterm
EV04556,RA251103000340,RA251105400292,Technical Club,4,Odd Sem 2025 - Month 2
EV04557,RA241103000190,RA241105400184,Peer Study,2,Even Sem 2026 - Finals
EV04558,RA261102800425,RA261103000455,Project Team,1,Odd Sem 2025 - Month 4
EV04559,RA241103000127,RA251102900283,Project Team,1,Odd Sem 2025 - Midterm
EV04560,RA261100300500,RA261105400421,Lab Collaboration,1,Even Sem 2026 - Finals
EV04561,RA251102700330,RA261105400456,Project Team,1,Odd Sem 2025 - Month 4
EV04562,RA231102800094,RA231105400034,Hackathon Team,2,Even Sem 2026 - Month 2
EV04563,RA231102900116,RA241102700208,Project Team,4,Even Sem 2026 - Finals
EV04564,RA231100300015,RA251102800261,Lab Collaboration,4,Odd Sem 2025 - Month 2
EV04565,RA251102800282,RA261102900384,Peer Study,4,Even Sem 2026 - Finals
EV04566,RA241105600234,RA261100300437,Hackathon Team,3,Even Sem 2026 - Month 1
EV04567,RA231105400062,RA261102700452,Lab Collaboration,2,Odd Sem 2025 - Month 4
EV04568,RA231105600084,RA251103000270,Lab Collaboration,2,Odd Sem 2025 - Month 4
EV04569,RA241102800244,RA251103000298,Technical Club,3,Odd Sem 2025 - Month 1
EV04570,RA251102900353,RA251105600258,Project Team,2,Even Sem 2026 - Finals
EV04571,RA241100300165,RA241105600213,Lab Collaboration,2,Odd Sem 2025 - Midterm
EV04572,RA231102700100,RA261105400393,Project Team,2,Odd Sem 2025 - Month 4
EV04573,RA231105400097,RA261102700445,Hackathon Team,2,Odd Sem 2025 - Month 4
EV04574,RA231105600070,RA241100300172,Technical Club,4,Odd Sem 2025 - Month 1
EV04575,RA251100300357,RA251102800345,Project Team,2,Odd Sem 2025 - Month 1
EV04576,RA251105400292,RA261103000448,Project Team,2,Even Sem 2026 - Finals
EV04577,RA261103000469,RA261105600415,Hackathon Team,2,Odd Sem 2025 - Midterm
EV04578,RA241100300186,RA261105600492,Project Team,4,Even Sem 2026 - Month 2
EV04579,RA251100300259,RA251102700253,Hackathon Team,4,Odd Sem 2025 - Midterm
EV04580,RA251102900353,RA261100300388,Project Team,3,Odd Sem 2025 - Midterm
EV04581,RA241103000204,RA241105600192,Project Team,2,Even Sem 2026 - Month 1
EV04582,RA231102900123,RA261100300465,Project Team,2,Even Sem 2026 - Month 1
EV04583,RA251102900262,RA251105600370,Hackathon Team,3,Even Sem 2026 - Month 2
EV04584,RA231102700072,RA261102700396,Hackathon Team,1,Odd Sem 2025 - Month 1
EV04585,RA231102800024,RA241102900210,Project Team,1,Odd Sem 2025 - Midterm
EV04586,RA231100300120,RA261103000462,Lab Collaboration,2,Even Sem 2026 - Finals
EV04587,RA231102900011,RA231103000089,Hackathon Team,1,Odd Sem 2025 - Month 2
EV04588,RA241102800202,RA261102900482,Hackathon Team,2,Odd Sem 2025 - Midterm
EV04589,RA231100300029,RA261102700494,Project Team,1,Even Sem 2026 - Month 2
EV04590,RA241102900133,RA261102800481,Project Team,1,Even Sem 2026 - Finals
EV04591,RA241105600248,RA251102800254,Project Team,4,Odd Sem 2025 - Midterm
EV04592,RA231103000040,RA241100300130,Hackathon Team,2,Even Sem 2026 - Finals
EV04593,RA231103000040,RA251103000298,Peer Study,3,Even Sem 2026 - Finals
EV04594,RA251100300259,RA261102900391,Technical Club,3,Odd Sem 2025 - Month 1
EV04595,RA231105600119,RA251105400341,Peer Study,4,Even Sem 2026 - Finals
EV04596,RA231103000026,RA251105600272,Lab Collaboration,1,Odd Sem 2025 - Midterm
EV04597,RA241102900154,RA251102800296,Hackathon Team,2,Odd Sem 2025 - Month 2
EV04598,RA231102900074,RA241102700194,Hackathon Team,4,Odd Sem 2025 - Midterm
EV04599,RA231102700107,RA241103000155,Project Team,1,Odd Sem 2025 - Month 1
EV04600,RA241103000197,RA241105400205,Hackathon Team,4,Odd Sem 2025 - Month 1
EV04601,RA231105400076,RA261103000490,Hackathon Team,3,Even Sem 2026 - Finals
EV04602,RA241102700222,RA251103000326,Project Team,3,Odd Sem 2025 - Month 1
EV04603,RA251102900297,RA261102700389,Project Team,1,Even Sem 2026 - Month 2
EV04604,RA251103000326,RA251105400320,Project Team,3,Even Sem 2026 - Finals
EV04605,RA231100300113,RA231102700107,Lab Collaboration,2,Even Sem 2026 - Finals
EV04606,RA251105400348,RA261102700494,Peer Study,4,Odd Sem 2025 - Midterm
EV04607,RA251102700344,RA261103000434,Technical Club,4,Odd Sem 2025 - Month 2
EV04608,RA231102900074,RA241100300165,Project Team,3,Even Sem 2026 - Month 1
EV04609,RA241102900154,RA251102900353,Hackathon Team,1,Odd Sem 2025 - Month 1
EV04610,RA241100300151,RA241102900217,Project Team,2,Even Sem 2026 - Month 2
EV04611,RA261103000490,RA261105400484,Project Team,3,Odd Sem 2025 - Month 4
EV04612,RA231102900053,RA251102700323,Technical Club,2,Odd Sem 2025 - Midterm
EV04613,RA241102700138,RA251103000340,Technical Club,1,Even Sem 2026 - Finals
EV04614,RA251100300259,RA251105400306,Peer Study,3,Odd Sem 2025 - Midterm
EV04615,RA261102800453,RA261105600422,Peer Study,4,Odd Sem 2025 - Midterm
EV04616,RA231102900053,RA261105600485,Peer Study,1,Odd Sem 2025 - Midterm
EV04617,RA241100300172,RA261100300388,Peer Study,2,Odd Sem 2025 - Month 2
EV04618,RA251102800331,RA261100300451,Hackathon Team,1,Even Sem 2026 - Finals
EV04619,RA241102800202,RA261102800446,Hackathon Team,1,Odd Sem 2025 - Midterm
EV04620,RA231100300078,RA261103000448,Hackathon Team,3,Even Sem 2026 - Finals
EV04621,RA231105600091,RA261100300437,Hackathon Team,3,Odd Sem 2025 - Month 4
EV04622,RA261100300486,RA261105600492,Peer Study,4,Odd Sem 2025 - Midterm
EV04623,RA261100300402,RA261103000441,Peer Study,4,Odd Sem 2025 - Month 1
EV04624,RA231102900074,RA251105400320,Lab Collaboration,4,Odd Sem 2025 - Midterm
EV04625,RA251100300301,RA251105600307,Technical Club,4,Odd Sem 2025 - Month 4
EV04626,RA231100300064,RA241102800223,Technical Club,2,Even Sem 2026 - Month 2
EV04627,RA231103000012,RA241102800132,Technical Club,1,Odd Sem 2025 - Midterm
EV04628,RA251102900325,RA261103000469,Lab Collaboration,2,Even Sem 2026 - Month 2
EV04629,RA231102700058,RA251105600328,Lab Collaboration,3,Odd Sem 2025 - Month 4
EV04630,RA241102900175,RA241103000169,Hackathon Team,2,Odd Sem 2025 - Month 1
EV04631,RA231105600007,RA261102800481,Technical Club,3,Even Sem 2026 - Month 1
EV04632,RA231102700051,RA231102800059,Project Team,3,Odd Sem 2025 - Month 4
EV04633,RA261102700396,RA261102800390,Project Team,3,Even Sem 2026 - Month 2
EV04634,RA231105600105,RA261105600471,Peer Study,1,Odd Sem 2025 - Month 1
EV04635,RA241102700187,RA261100300423,Lab Collaboration,1,Even Sem 2026 - Month 1
EV04636,RA241105400170,RA241105600164,Project Team,2,Even Sem 2026 - Month 1
EV04637,RA231103000033,RA251105600363,Hackathon Team,3,Even Sem 2026 - Finals
EV04638,RA231105600105,RA261102700459,Project Team,2,Odd Sem 2025 - Month 1
EV04639,RA251105400257,RA261105400407,Technical Club,3,Odd Sem 2025 - Month 2
EV04640,RA231103000040,RA241100300130,Hackathon Team,1,Odd Sem 2025 - Month 4
EV04641,RA241105400184,RA261100300388,Technical Club,4,Even Sem 2026 - Finals
EV04642,RA231103000117,RA241103000225,Lab Collaboration,3,Even Sem 2026 - Month 2
EV04643,RA231100300008,RA261100300416,Peer Study,1,Even Sem 2026 - Month 2
EV04644,RA231100300015,RA251103000375,Technical Club,3,Odd Sem 2025 - Month 1
EV04645,RA251102700337,RA261103000385,Technical Club,3,Odd Sem 2025 - Midterm
EV04646,RA231102700100,RA251102900269,Technical Club,2,Odd Sem 2025 - Month 2
EV04647,RA261102700466,RA261105600387,Technical Club,1,Odd Sem 2025 - Month 4
EV04648,RA231103000026,RA261105400428,Hackathon Team,2,Odd Sem 2025 - Month 1
EV04649,RA241105600178,RA251102800352,Lab Collaboration,2,Even Sem 2026 - Finals
EV04650,RA231100300064,RA231103000040,Technical Club,1,Even Sem 2026 - Month 2
EV04651,RA241105600150,RA251102700316,Technical Club,2,Odd Sem 2025 - Month 4
EV04652,RA251102700337,RA251102800373,Peer Study,2,Odd Sem 2025 - Month 1
EV04653,RA231103000110,RA251105400292,Peer Study,1,Odd Sem 2025 - Month 2
EV04654,RA231105400027,RA251100300357,Peer Study,4,Odd Sem 2025 - Month 2
EV04655,RA231102800108,RA241105600192,Peer Study,2,Odd Sem 2025 - Month 1
EV04656,RA231102700100,RA261105600485,Technical Club,2,Even Sem 2026 - Finals
EV04657,RA261102800439,RA261105400386,Technical Club,1,Odd Sem 2025 - Month 4
EV04658,RA231102800017,RA261102800467,Lab Collaboration,4,Even Sem 2026 - Month 2
EV04659,RA231105600105,RA251102700351,Hackathon Team,4,Odd Sem 2025 - Month 2
EV04660,RA231100300113,RA251100300287,Technical Club,3,Odd Sem 2025 - Month 1
EV04661,RA231103000019,RA261102900433,Peer Study,3,Odd Sem 2025 - Month 4
EV04662,RA241105600150,RA251102700316,Lab Collaboration,2,Odd Sem 2025 - Midterm
EV04663,RA241105400156,RA261105400414,Hackathon Team,2,Odd Sem 2025 - Month 4
EV04664,RA231102900095,RA251102800268,Project Team,3,Odd Sem 2025 - Midterm
EV04665,RA241103000162,RA251105400348,Technical Club,2,Odd Sem 2025 - Month 4
EV04666,RA231100300092,RA261105400400,Hackathon Team,2,Odd Sem 2025 - Month 2
EV04667,RA261100300479,RA261103000413,Peer Study,3,Even Sem 2026 - Month 2
EV04668,RA231102700121,RA241100300151,Lab Collaboration,3,Odd Sem 2025 - Month 4
EV04669,RA231100300078,RA231103000103,Hackathon Team,3,Odd Sem 2025 - Midterm
EV04670,RA241105600143,RA251102800324,Hackathon Team,1,Odd Sem 2025 - Month 2
EV04671,RA241102800230,RA261105600464,Project Team,4,Odd Sem 2025 - Month 1
EV04672,RA231102700058,RA231102800052,Technical Club,1,Odd Sem 2025 - Month 1
EV04673,RA231102700016,RA241105400205,Project Team,2,Even Sem 2026 - Month 1
EV04674,RA231100300029,RA241100300165,Project Team,1,Odd Sem 2025 - Month 4
EV04675,RA231102900011,RA231103000089,Peer Study,1,Even Sem 2026 - Finals
EV04676,RA231105600028,RA251102900262,Technical Club,2,Even Sem 2026 - Month 1
EV04677,RA251102700309,RA261105600429,Hackathon Team,2,Odd Sem 2025 - Month 2
EV04678,RA251102900339,RA261102800495,Project Team,3,Odd Sem 2025 - Month 1
EV04679,RA261105600380,RA261105600422,Technical Club,3,Odd Sem 2025 - Midterm
EV04680,RA231105400069,RA251100300315,Peer Study,4,Odd Sem 2025 - Midterm
EV04681,RA231105600042,RA251105600342,Lab Collaboration,2,Odd Sem 2025 - Midterm
EV04682,RA231102900088,RA251103000298,Hackathon Team,2,Even Sem 2026 - Month 2
EV04683,RA241105600129,RA261102800453,Peer Study,1,Even Sem 2026 - Month 2
EV04684,RA241102700250,RA251103000256,Project Team,3,Odd Sem 2025 - Midterm
EV04685,RA231100300050,RA241103000246,Peer Study,2,Even Sem 2026 - Finals
EV04686,RA231102900074,RA241105600157,Peer Study,3,Odd Sem 2025 - Month 4
EV04687,RA251102700316,RA261102700445,Peer Study,3,Odd Sem 2025 - Month 2
EV04688,RA231103000033,RA231105400027,Project Team,4,Even Sem 2026 - Month 2
EV04689,RA261102700403,RA261103000385,Technical Club,2,Odd Sem 2025 - Month 2
EV04690,RA231102700051,RA251102700267,Technical Club,3,Odd Sem 2025 - Month 2
EV04691,RA251102900325,RA261103000469,Technical Club,4,Even Sem 2026 - Month 1
EV04692,RA241105400135,RA261100300465,Project Team,2,Even Sem 2026 - Finals
EV04693,RA261102900454,RA261105400400,Peer Study,3,Odd Sem 2025 - Month 4
EV04694,RA241100300137,RA251105600335,Project Team,3,Odd Sem 2025 - Month 4
EV04695,RA231102700079,RA241103000169,Project Team,4,Odd Sem 2025 - Month 2
EV04696,RA231103000019,RA241102800223,Technical Club,3,Odd Sem 2025 - Month 2
EV04697,RA231105400062,RA251105600272,Technical Club,4,Even Sem 2026 - Month 2
EV04698,RA261103000469,RA261105400463,Lab Collaboration,3,Odd Sem 2025 - Month 4
EV04699,RA231100300036,RA261102800432,Peer Study,1,Odd Sem 2025 - Month 2
EV04700,RA231102700100,RA241105600136,Hackathon Team,3,Odd Sem 2025 - Midterm
EV04701,RA231100300120,RA251100300294,Peer Study,2,Even Sem 2026 - Month 2
EV04702,RA251105400313,RA261103000427,Peer Study,1,Even Sem 2026 - Month 1
EV04703,RA261103000392,RA261105400386,Peer Study,2,Odd Sem 2025 - Month 1
EV04704,RA241102800174,RA241105400205,Peer Study,3,Odd Sem 2025 - Month 4
EV04705,RA241102800174,RA261103000420,Project Team,1,Odd Sem 2025 - Midterm
EV04706,RA231102900123,RA251102800303,Hackathon Team,3,Even Sem 2026 - Month 1
EV04707,RA251105400257,RA261105400407,Hackathon Team,4,Odd Sem 2025 - Month 1
EV04708,RA261102800495,RA261105600387,Project Team,4,Even Sem 2026 - Month 2
EV04709,RA241102700152,RA241102800230,Lab Collaboration,3,Odd Sem 2025 - Month 2
EV04710,RA231102900095,RA241103000239,Hackathon Team,2,Odd Sem 2025 - Month 1
EV04711,RA241102900154,RA261105400435,Project Team,4,Odd Sem 2025 - Month 1
EV04712,RA241102800209,RA251105600251,Hackathon Team,3,Even Sem 2026 - Month 1
EV04713,RA241102900154,RA251102900353,Project Team,4,Even Sem 2026 - Month 2
EV04714,RA231102800108,RA251102900276,Peer Study,1,Odd Sem 2025 - Month 4
EV04715,RA231102700037,RA241105400247,Peer Study,1,Odd Sem 2025 - Month 4
EV04716,RA231102800059,RA241102900161,Hackathon Team,4,Odd Sem 2025 - Month 1
EV04717,RA241102800139,RA241102900133,Hackathon Team,3,Odd Sem 2025 - Month 2
EV04718,RA231105600014,RA251105600356,Hackathon Team,4,Odd Sem 2025 - Month 1
EV04719,RA251100300294,RA251100300336,Technical Club,4,Odd Sem 2025 - Month 2
EV04720,RA231102800038,RA241102900224,Lab Collaboration,2,Odd Sem 2025 - Month 4
EV04721,RA251102800268,RA251102900346,Hackathon Team,4,Even Sem 2026 - Month 1
EV04722,RA231105400020,RA241102700152,Technical Club,4,Odd Sem 2025 - Month 1
EV04723,RA251102800317,RA251102900311,Peer Study,2,Even Sem 2026 - Finals
EV04724,RA241102900189,RA251105600321,Hackathon Team,2,Even Sem 2026 - Finals
EV04725,RA251102700351,RA261102800425,Hackathon Team,3,Odd Sem 2025 - Month 1
EV04726,RA231103000040,RA251102700316,Hackathon Team,4,Even Sem 2026 - Month 2
EV04727,RA251102900269,RA261102800425,Peer Study,2,Odd Sem 2025 - Month 1
EV04728,RA231100300015,RA241102900224,Peer Study,4,Even Sem 2026 - Month 1
EV04729,RA231102900025,RA231105600091,Technical Club,1,Odd Sem 2025 - Month 2
EV04730,RA241102900231,RA241103000225,Project Team,4,Even Sem 2026 - Month 1
EV04731,RA231102800038,RA231102900032,Hackathon Team,2,Odd Sem 2025 - Month 2
EV04732,RA241102900203,RA241105600143,Project Team,4,Even Sem 2026 - Month 2
EV04733,RA241105400205,RA251103000368,Technical Club,2,Odd Sem 2025 - Month 1
EV04734,RA231105600021,RA251102900297,Technical Club,3,Odd Sem 2025 - Month 1
EV04735,RA231102700058,RA231102800052,Peer Study,1,Odd Sem 2025 - Midterm
EV04736,RA241102900133,RA241103000127,Project Team,1,Odd Sem 2025 - Month 1
EV04737,RA231102700072,RA261100300486,Project Team,2,Even Sem 2026 - Month 2
EV04738,RA231100300001,RA231105600007,Project Team,3,Even Sem 2026 - Month 1
EV04739,RA241102700194,RA251105400320,Technical Club,2,Odd Sem 2025 - Month 4
EV04740,RA231105600049,RA251100300322,Technical Club,2,Odd Sem 2025 - Midterm
EV04741,RA231105400027,RA261102800453,Project Team,1,Even Sem 2026 - Finals
EV04742,RA231102700065,RA241105400233,Technical Club,1,Odd Sem 2025 - Month 2
EV04743,RA241103000197,RA261103000455,Hackathon Team,3,Odd Sem 2025 - Month 4
EV04744,RA231102800003,RA241105400205,Hackathon Team,2,Odd Sem 2025 - Month 1
EV04745,RA231102700002,RA251102900290,Lab Collaboration,2,Odd Sem 2025 - Month 1
EV04746,RA231102700072,RA241102700138,Technical Club,3,Even Sem 2026 - Month 2
EV04747,RA241105400128,RA251102900332,Lab Collaboration,4,Odd Sem 2025 - Month 4
EV04748,RA241102900182,RA241103000176,Project Team,1,Even Sem 2026 - Month 1
EV04749,RA251102800359,RA251105400341,Hackathon Team,1,Odd Sem 2025 - Month 1
EV04750,RA241103000204,RA241105400226,Lab Collaboration,3,Odd Sem 2025 - Month 2
EV04751,RA241102800139,RA251102700253,Peer Study,1,Even Sem 2026 - Month 1
EV04752,RA231100300113,RA231105600119,Lab Collaboration,2,Even Sem 2026 - Month 2
EV04753,RA241102700208,RA251105600286,Project Team,2,Odd Sem 2025 - Month 1
EV04754,RA261102900489,RA261105600471,Project Team,4,Odd Sem 2025 - Midterm
EV04755,RA231102700086,RA251103000368,Project Team,3,Odd Sem 2025 - Month 4
EV04756,RA241102800209,RA261102800467,Peer Study,3,Odd Sem 2025 - Month 1
EV04757,RA241102800230,RA261105600471,Hackathon Team,3,Even Sem 2026 - Month 2
EV04758,RA241102900245,RA241103000239,Project Team,2,Odd Sem 2025 - Month 4
EV04759,RA251100300350,RA261102800404,Project Team,4,Odd Sem 2025 - Month 2
EV04760,RA251102800303,RA251102900297,Lab Collaboration,3,Odd Sem 2025 - Month 4
EV04761,RA241102800216,RA251100300336,Lab Collaboration,3,Even Sem 2026 - Month 1
EV04762,RA251102700358,RA261105600436,Hackathon Team,1,Even Sem 2026 - Finals
EV04763,RA231102800059,RA241102800209,Technical Club,2,Odd Sem 2025 - Month 4
EV04764,RA231102700072,RA241100300144,Technical Club,1,Odd Sem 2025 - Month 2
EV04765,RA231100300029,RA231105600035,Hackathon Team,3,Even Sem 2026 - Finals
EV04766,RA251102700288,RA261102900384,Project Team,3,Odd Sem 2025 - Midterm
EV04767,RA241105400135,RA251105600363,Project Team,4,Even Sem 2026 - Month 1
EV04768,RA241105400233,RA241105600227,Hackathon Team,3,Odd Sem 2025 - Midterm
EV04769,RA241102900238,RA241105400184,Peer Study,2,Odd Sem 2025 - Month 1
EV04770,RA241105600206,RA251105600356,Technical Club,1,Even Sem 2026 - Month 2
EV04771,RA241102800174,RA251105400264,Technical Club,2,Odd Sem 2025 - Midterm
EV04772,RA231100300029,RA241100300200,Project Team,4,Odd Sem 2025 - Midterm
EV04773,RA231102900004,RA261102700382,Technical Club,4,Odd Sem 2025 - Month 2
EV04774,RA261102800467,RA261102800495,Hackathon Team,2,Odd Sem 2025 - Month 2
EV04775,RA231102700100,RA231102900004,Peer Study,1,Even Sem 2026 - Month 1
EV04776,RA241102700138,RA261102700438,Technical Club,4,Odd Sem 2025 - Month 1
EV04777,RA241102900217,RA261102900433,Project Team,1,Odd Sem 2025 - Month 4
EV04778,RA241105400247,RA241105600241,Project Team,3,Odd Sem 2025 - Month 2
EV04779,RA241102900133,RA241103000127,Lab Collaboration,2,Even Sem 2026 - Month 1
EV04780,RA251103000368,RA251105600314,Hackathon Team,4,Even Sem 2026 - Month 2
EV04781,RA231102700009,RA261102800453,Project Team,1,Odd Sem 2025 - Month 2
EV04782,RA231100300057,RA251105600321,Lab Collaboration,1,Even Sem 2026 - Finals
EV04783,RA251103000284,RA261105400428,Technical Club,4,Odd Sem 2025 - Month 1
EV04784,RA241102800230,RA261105600471,Peer Study,2,Odd Sem 2025 - Month 2
EV04785,RA241105600213,RA251100300315,Lab Collaboration,2,Even Sem 2026 - Month 2
EV04786,RA261100300444,RA261102700438,Project Team,4,Even Sem 2026 - Month 2
EV04787,RA241102900154,RA251102800310,Hackathon Team,2,Odd Sem 2025 - Midterm
EV04788,RA261102800411,RA261102900405,Project Team,1,Odd Sem 2025 - Month 1
EV04789,RA231103000047,RA231105600035,Hackathon Team,3,Odd Sem 2025 - Month 2
EV04790,RA241100300214,RA251100300280,Technical Club,2,Odd Sem 2025 - Month 2
EV04791,RA231102700037,RA241102800139,Lab Collaboration,4,Odd Sem 2025 - Midterm
EV04792,RA231105400069,RA251100300315,Peer Study,3,Even Sem 2026 - Month 2
EV04793,RA251102800352,RA261102800418,Peer Study,3,Even Sem 2026 - Month 2
EV04794,RA241102900154,RA251105400334,Technical Club,3,Odd Sem 2025 - Month 1
EV04795,RA231102900018,RA241105400142,Lab Collaboration,2,Odd Sem 2025 - Month 4
EV04796,RA241105400128,RA261102800404,Peer Study,3,Odd Sem 2025 - Midterm
EV04797,RA241102800202,RA241105600185,Peer Study,3,Odd Sem 2025 - Month 1
EV04798,RA241102700166,RA251102700316,Hackathon Team,3,Even Sem 2026 - Month 2
EV04799,RA241102700250,RA241105600220,Hackathon Team,1,Odd Sem 2025 - Month 1
EV04800,RA251105600356,RA261105400428,Project Team,4,Even Sem 2026 - Month 1
EV04801,RA231102700107,RA231102900011,Hackathon Team,4,Even Sem 2026 - Month 2
EV04802,RA241105400205,RA261103000483,Technical Club,1,Odd Sem 2025 - Month 4
EV04803,RA251102800345,RA261103000441,Hackathon Team,3,Even Sem 2026 - Month 2
EV04804,RA231105600084,RA241102900168,Technical Club,1,Even Sem 2026 - Month 2
EV04805,RA251105400299,RA261102800467,Hackathon Team,2,Odd Sem 2025 - Month 4
EV04806,RA251102900346,RA261102800460,Lab Collaboration,2,Odd Sem 2025 - Month 1
EV04807,RA231103000068,RA261105400428,Peer Study,1,Even Sem 2026 - Month 2
EV04808,RA261102800488,RA261105600380,Lab Collaboration,3,Even Sem 2026 - Month 2
EV04809,RA231100300022,RA231105600070,Lab Collaboration,3,Even Sem 2026 - Finals
EV04810,RA261100300423,RA261102700452,Technical Club,3,Odd Sem 2025 - Month 4
EV04811,RA251103000326,RA251105400320,Hackathon Team,3,Even Sem 2026 - Month 1
EV04812,RA241102800230,RA241103000197,Technical Club,4,Even Sem 2026 - Finals
EV04813,RA231102800115,RA231102900109,Lab Collaboration,3,Odd Sem 2025 - Month 2
EV04814,RA241105600143,RA251102800324,Lab Collaboration,3,Even Sem 2026 - Month 2
EV04815,RA261100300444,RA261103000378,Lab Collaboration,1,Even Sem 2026 - Month 2
EV04816,RA241105400191,RA251105400299,Technical Club,3,Even Sem 2026 - Month 1
EV04817,RA241102900238,RA261102700424,Lab Collaboration,1,Even Sem 2026 - Month 1
EV04818,RA251102800366,RA261102700396,Hackathon Team,2,Odd Sem 2025 - Month 4
EV04819,RA261102900475,RA261105600457,Lab Collaboration,2,Odd Sem 2025 - Midterm
EV04820,RA251105600321,RA261103000441,Hackathon Team,1,Even Sem 2026 - Finals
EV04821,RA231103000005,RA251105600265,Peer Study,1,Even Sem 2026 - Month 2
EV04822,RA261102800418,RA261105600478,Peer Study,1,Odd Sem 2025 - Midterm
EV04823,RA241100300249,RA261105600457,Technical Club,4,Odd Sem 2025 - Month 4
EV04824,RA231105400034,RA251102700316,Lab Collaboration,1,Odd Sem 2025 - Midterm
EV04825,RA241100300221,RA261100300437,Peer Study,3,Odd Sem 2025 - Midterm
EV04826,RA241102900161,RA261100300437,Hackathon Team,2,Odd Sem 2025 - Month 2
EV04827,RA241102900154,RA261103000441,Hackathon Team,3,Even Sem 2026 - Month 2
EV04828,RA251105600251,RA261103000476,Technical Club,4,Even Sem 2026 - Month 2
EV04829,RA261100300465,RA261102800453,Peer Study,4,Odd Sem 2025 - Month 1
EV04830,RA231102800080,RA251100300350,Technical Club,4,Odd Sem 2025 - Month 4
EV04831,RA231102700037,RA261102900433,Technical Club,3,Odd Sem 2025 - Month 1
EV04832,RA231105600084,RA241102900168,Peer Study,4,Odd Sem 2025 - Month 4
EV04833,RA241102800195,RA261103000483,Project Team,4,Even Sem 2026 - Month 2
EV04834,RA231102700107,RA231102800101,Lab Collaboration,1,Even Sem 2026 - Finals
EV04835,RA231102900018,RA241105400142,Project Team,2,Even Sem 2026 - Finals
EV04836,RA251102900325,RA251105600307,Hackathon Team,4,Odd Sem 2025 - Month 4
EV04837,RA231105600063,RA261105400400,Lab Collaboration,4,Even Sem 2026 - Finals
EV04838,RA241102800181,RA261105600492,Project Team,3,Odd Sem 2025 - Month 1
EV04839,RA241105400212,RA241105600206,Lab Collaboration,4,Odd Sem 2025 - Month 4
EV04840,RA231102900060,RA241100300228,Project Team,3,Odd Sem 2025 - Month 1
EV04841,RA231102700093,RA261103000441,Project Team,4,Even Sem 2026 - Month 1
EV04842,RA251102900353,RA251103000305,Technical Club,4,Odd Sem 2025 - Month 2
EV04843,RA261100300486,RA261102700480,Technical Club,2,Even Sem 2026 - Finals
EV04844,RA231102900088,RA251105600286,Hackathon Team,2,Odd Sem 2025 - Month 2
EV04845,RA251105600286,RA261102700382,Project Team,3,Odd Sem 2025 - Month 2
EV04846,RA251102900269,RA261102800425,Hackathon Team,4,Odd Sem 2025 - Midterm
EV04847,RA231102800115,RA251105400355,Technical Club,3,Odd Sem 2025 - Month 1
EV04848,RA231102700093,RA241105400135,Lab Collaboration,2,Even Sem 2026 - Month 1
EV04849,RA231102800003,RA241105400205,Hackathon Team,3,Odd Sem 2025 - Month 2
EV04850,RA251102800366,RA261105600408,Project Team,2,Odd Sem 2025 - Month 2
EV04851,RA241100300221,RA261103000455,Hackathon Team,2,Odd Sem 2025 - Month 2
EV04852,RA231102900032,RA241102800202,Technical Club,1,Odd Sem 2025 - Month 1
EV04853,RA231100300008,RA231102700002,Technical Club,3,Odd Sem 2025 - Midterm
EV04854,RA241102800153,RA241105600213,Lab Collaboration,1,Even Sem 2026 - Month 1
EV04855,RA241102700173,RA261100300395,Peer Study,4,Even Sem 2026 - Finals
EV04856,RA251103000375,RA251105400369,Hackathon Team,3,Odd Sem 2025 - Month 1
EV04857,RA231100300099,RA231102800045,Project Team,1,Even Sem 2026 - Month 1
EV04858,RA251103000263,RA251105400257,Technical Club,3,Odd Sem 2025 - Month 4
EV04859,RA231105400111,RA241105400135,Technical Club,1,Odd Sem 2025 - Month 4
EV04860,RA251105600321,RA261103000441,Technical Club,3,Odd Sem 2025 - Month 1
EV04861,RA231102900011,RA251102900353,Hackathon Team,3,Odd Sem 2025 - Midterm
EV04862,RA231102900053,RA231103000124,Lab Collaboration,1,Even Sem 2026 - Finals
EV04863,RA241102900238,RA261103000434,Project Team,3,Even Sem 2026 - Finals
EV04864,RA231105400069,RA251102900297,Technical Club,4,Odd Sem 2025 - Month 4
EV04865,RA231102700051,RA251105400285,Technical Club,4,Odd Sem 2025 - Month 1
EV04866,RA251100300294,RA251100300336,Peer Study,4,Odd Sem 2025 - Month 2
EV04867,RA241102900161,RA251103000305,Lab Collaboration,1,Odd Sem 2025 - Midterm
EV04868,RA261102800425,RA261103000455,Hackathon Team,1,Odd Sem 2025 - Midterm
EV04869,RA231100300064,RA261102800446,Project Team,1,Even Sem 2026 - Month 2
EV04870,RA241102900224,RA241103000183,Technical Club,3,Odd Sem 2025 - Midterm
EV04871,RA241102800209,RA251102700323,Project Team,3,Odd Sem 2025 - Month 2
EV04872,RA231105600063,RA251100300343,Lab Collaboration,4,Odd Sem 2025 - Month 2
EV04873,RA231102800073,RA231105600007,Technical Club,1,Even Sem 2026 - Month 2
EV04874,RA241102700173,RA251105400257,Peer Study,4,Odd Sem 2025 - Midterm
EV04875,RA231102700121,RA241102700145,Hackathon Team,3,Even Sem 2026 - Month 1
EV04876,RA231105400041,RA251105600293,Technical Club,1,Odd Sem 2025 - Month 2
EV04877,RA241102800223,RA251102800254,Peer Study,1,Odd Sem 2025 - Month 1
EV04878,RA241102800195,RA261105600429,Technical Club,3,Odd Sem 2025 - Midterm
EV04879,RA251105400257,RA251105600251,Peer Study,3,Even Sem 2026 - Month 1
EV04880,RA241103000169,RA261102800481,Lab Collaboration,1,Odd Sem 2025 - Month 4
EV04881,RA251100300273,RA251102700267,Lab Collaboration,3,Odd Sem 2025 - Month 1
EV04882,RA241103000218,RA241105400212,Lab Collaboration,1,Odd Sem 2025 - Midterm
EV04883,RA241105600234,RA261103000420,Hackathon Team,1,Even Sem 2026 - Finals
EV04884,RA231105400027,RA241102900189,Lab Collaboration,2,Even Sem 2026 - Month 2
EV04885,RA261102900475,RA261105600457,Project Team,1,Even Sem 2026 - Month 1
EV04886,RA231102700121,RA261105600415,Lab Collaboration,3,Odd Sem 2025 - Month 2
EV04887,RA251102700309,RA251102800303,Peer Study,4,Odd Sem 2025 - Midterm
EV04888,RA231102800115,RA241103000127,Technical Club,1,Even Sem 2026 - Month 1
EV04889,RA231100300029,RA241105600199,Peer Study,1,Odd Sem 2025 - Month 1
EV04890,RA231100300029,RA241100300200,Project Team,4,Odd Sem 2025 - Month 4
EV04891,RA231102700107,RA241103000155,Lab Collaboration,2,Even Sem 2026 - Month 2
EV04892,RA241102700166,RA241102800244,Project Team,4,Odd Sem 2025 - Month 1
EV04893,RA231102700086,RA261105400428,Peer Study,4,Odd Sem 2025 - Month 2
EV04894,RA241105600136,RA261100300472,Hackathon Team,2,Odd Sem 2025 - Month 1
EV04895,RA241105600178,RA251105600328,Peer Study,1,Even Sem 2026 - Month 2
EV04896,RA231100300092,RA251102700302,Peer Study,2,Odd Sem 2025 - Month 2
EV04897,RA231100300036,RA231102700030,Hackathon Team,4,Odd Sem 2025 - Midterm
EV04898,RA241105400247,RA261105600499,Project Team,1,Odd Sem 2025 - Month 1
EV04899,RA231105600105,RA261102700459,Project Team,4,Odd Sem 2025 - Month 4
EV04900,RA231102900067,RA251105600307,Hackathon Team,1,Odd Sem 2025 - Month 1
EV04901,RA231102800017,RA251102900269,Hackathon Team,2,Even Sem 2026 - Month 1
EV04902,RA231100300092,RA261105600492,Project Team,3,Odd Sem 2025 - Midterm
EV04903,RA241100300242,RA251100300329,Technical Club,3,Odd Sem 2025 - Midterm
EV04904,RA231102800094,RA261102900496,Lab Collaboration,1,Even Sem 2026 - Month 1
EV04905,RA241100300179,RA241103000197,Peer Study,2,Odd Sem 2025 - Midterm
EV04906,RA251105400285,RA251105600363,Project Team,2,Even Sem 2026 - Month 2
EV04907,RA241102800202,RA241103000190,Project Team,3,Odd Sem 2025 - Month 4
EV04908,RA241102800209,RA251100300287,Technical Club,3,Even Sem 2026 - Month 1
EV04909,RA231103000124,RA251105400292,Technical Club,2,Even Sem 2026 - Month 2
EV04910,RA231105400034,RA261102800460,Project Team,4,Odd Sem 2025 - Month 4
EV04911,RA231105400083,RA231105600077,Lab Collaboration,2,Odd Sem 2025 - Midterm
EV04912,RA261102900454,RA261105400442,Lab Collaboration,3,Even Sem 2026 - Month 2
EV04913,RA241102800195,RA251105600363,Project Team,4,Odd Sem 2025 - Month 4
EV04914,RA231100300015,RA231102900088,Lab Collaboration,2,Odd Sem 2025 - Month 2
EV04915,RA241102900147,RA241105600129,Lab Collaboration,4,Odd Sem 2025 - Month 2
EV04916,RA261102800495,RA261105600387,Hackathon Team,4,Even Sem 2026 - Month 2
EV04917,RA241100300207,RA241100300249,Project Team,4,Odd Sem 2025 - Month 1
EV04918,RA241100300179,RA241102700215,Peer Study,2,Even Sem 2026 - Month 1
EV04919,RA231100300043,RA261105400463,Peer Study,3,Odd Sem 2025 - Month 1
EV04920,RA241100300207,RA241100300249,Project Team,3,Even Sem 2026 - Month 2
EV04921,RA231100300092,RA261105400400,Project Team,2,Odd Sem 2025 - Month 4
EV04922,RA241105400128,RA251105600356,Lab Collaboration,2,Odd Sem 2025 - Month 1
EV04923,RA251102700316,RA261105600450,Lab Collaboration,3,Even Sem 2026 - Month 1
EV04924,RA241103000162,RA241105600150,Lab Collaboration,4,Even Sem 2026 - Month 1
EV04925,RA241103000232,RA261103000490,Lab Collaboration,3,Odd Sem 2025 - Month 1
EV04926,RA251102700274,RA261103000441,Lab Collaboration,4,Odd Sem 2025 - Month 1
EV04927,RA231100300015,RA261100300409,Project Team,1,Odd Sem 2025 - Month 4
EV04928,RA251102800317,RA261100300437,Peer Study,4,Even Sem 2026 - Month 1
EV04929,RA231100300015,RA251105600279,Lab Collaboration,4,Odd Sem 2025 - Month 4
EV04930,RA241105400247,RA251102700253,Peer Study,3,Odd Sem 2025 - Midterm
EV04931,RA251100300252,RA251105600258,Project Team,3,Odd Sem 2025 - Midterm
EV04932,RA251102900255,RA261102800453,Lab Collaboration,3,Even Sem 2026 - Finals
EV04933,RA241105400205,RA261105400456,Project Team,4,Even Sem 2026 - Finals
EV04934,RA241100300165,RA241105400177,Lab Collaboration,1,Odd Sem 2025 - Month 4
EV04935,RA231102700100,RA241102900189,Technical Club,2,Odd Sem 2025 - Midterm
EV04936,RA231102700107,RA251102800254,Peer Study,1,Even Sem 2026 - Finals
EV04937,RA251102700316,RA251105600370,Lab Collaboration,3,Even Sem 2026 - Month 2
EV04938,RA231103000082,RA241105400226,Hackathon Team,1,Even Sem 2026 - Finals
EV04939,RA251102900262,RA261102900454,Project Team,3,Odd Sem 2025 - Month 2
EV04940,RA231103000033,RA251105400285,Project Team,1,Even Sem 2026 - Month 2
EV04941,RA231103000026,RA251102800296,Project Team,1,Odd Sem 2025 - Month 2
EV04942,RA241102900196,RA251102900304,Hackathon Team,4,Odd Sem 2025 - Month 1
EV04943,RA231103000089,RA261102700396,Hackathon Team,2,Odd Sem 2025 - Month 2
EV04944,RA241105400177,RA261103000441,Peer Study,1,Odd Sem 2025 - Month 4
EV04945,RA241102900182,RA251100300266,Peer Study,1,Odd Sem 2025 - Month 2
EV04946,RA231100300071,RA231102700065,Project Team,2,Odd Sem 2025 - Month 1
EV04947,RA251102900346,RA261100300395,Peer Study,1,Odd Sem 2025 - Month 4
EV04948,RA251102900276,RA251105600300,Peer Study,3,Odd Sem 2025 - Month 4
EV04949,RA231102800087,RA261105600457,Project Team,3,Even Sem 2026 - Finals
EV04950,RA241102900245,RA241105400233,Peer Study,2,Odd Sem 2025 - Month 1
EV04951,RA241105600234,RA251100300252,Project Team,2,Odd Sem 2025 - Month 4
EV04952,RA231103000089,RA241102900161,Peer Study,4,Even Sem 2026 - Month 2
EV04953,RA251102900297,RA261105400435,Peer Study,2,Odd Sem 2025 - Month 2
EV04954,RA241102900168,RA251103000354,Lab Collaboration,2,Even Sem 2026 - Finals
EV04955,RA241102700215,RA241102800209,Technical Club,4,Even Sem 2026 - Month 2
EV04956,RA241102700236,RA261102700410,Peer Study,4,Even Sem 2026 - Finals
EV04957,RA251102700372,RA261105600408,Peer Study,3,Odd Sem 2025 - Midterm
EV04958,RA241102700215,RA261105400386,Technical Club,1,Even Sem 2026 - Finals
EV04959,RA231102700107,RA231102800101,Peer Study,4,Even Sem 2026 - Month 2
EV04960,RA231105600056,RA251102700316,Project Team,2,Odd Sem 2025 - Month 2
EV04961,RA241103000155,RA261103000455,Hackathon Team,1,Even Sem 2026 - Month 1
EV04962,RA251102700358,RA261105600436,Lab Collaboration,2,Odd Sem 2025 - Month 4
EV04963,RA231102700100,RA241100300172,Project Team,3,Odd Sem 2025 - Month 1
EV04964,RA241102900175,RA241103000169,Technical Club,1,Even Sem 2026 - Month 2
EV04965,RA241102800237,RA251102700351,Hackathon Team,2,Odd Sem 2025 - Midterm
EV04966,RA251102900297,RA261102700487,Lab Collaboration,3,Even Sem 2026 - Finals
EV04967,RA251102800352,RA251102900346,Project Team,1,Odd Sem 2025 - Month 4
EV04968,RA231100300078,RA261103000490,Peer Study,4,Even Sem 2026 - Month 2
EV04969,RA231100300029,RA261102800481,Peer Study,3,Odd Sem 2025 - Midterm
EV04970,RA231100300085,RA231102700079,Peer Study,1,Even Sem 2026 - Month 1
EV04971,RA251102800366,RA251102900360,Peer Study,3,Even Sem 2026 - Month 1
EV04972,RA231102900102,RA261100300444,Technical Club,3,Even Sem 2026 - Finals
EV04973,RA241105600157,RA251102800373,Peer Study,4,Even Sem 2026 - Month 2
EV04974,RA241102800146,RA251103000284,Lab Collaboration,1,Even Sem 2026 - Month 2
EV04975,RA231100300057,RA231102700051,Project Team,2,Even Sem 2026 - Finals
EV04976,RA231102800059,RA241105600143,Lab Collaboration,1,Odd Sem 2025 - Month 2
EV04977,RA231105600098,RA241102800230,Peer Study,4,Even Sem 2026 - Finals
EV04978,RA251102700274,RA251102800254,Lab Collaboration,4,Even Sem 2026 - Finals
EV04979,RA241100300137,RA251105600335,Lab Collaboration,3,Odd Sem 2025 - Month 2
EV04980,RA241103000169,RA241105400163,Technical Club,2,Odd Sem 2025 - Midterm
EV04981,RA241102700229,RA251102800373,Technical Club,1,Odd Sem 2025 - Midterm
EV04982,RA241100300165,RA241102900189,Lab Collaboration,1,Odd Sem 2025 - Month 1
EV04983,RA261102800495,RA261105600387,Hackathon Team,2,Even Sem 2026 - Month 2
EV04984,RA231100300064,RA231103000040,Lab Collaboration,3,Even Sem 2026 - Month 1
EV04985,RA231105600014,RA261102800467,Hackathon Team,1,Odd Sem 2025 - Month 2
EV04986,RA231105600007,RA261105600499,Technical Club,4,Even Sem 2026 - Month 1
EV04987,RA241105400163,RA241105600157,Project Team,3,Even Sem 2026 - Finals
EV04988,RA241100300207,RA261103000483,Lab Collaboration,1,Even Sem 2026 - Month 1
EV04989,RA241102800216,RA251102800366,Technical Club,4,Even Sem 2026 - Month 1
EV04990,RA251105400257,RA261100300437,Technical Club,2,Even Sem 2026 - Finals
EV04991,RA231105600119,RA241102700215,Hackathon Team,1,Odd Sem 2025 - Month 1
EV04992,RA231103000110,RA231105400104,Hackathon Team,1,Odd Sem 2025 - Month 4
EV04993,RA231102800122,RA251102700316,Peer Study,3,Even Sem 2026 - Month 1
EV04994,RA231105400104,RA251102900374,Hackathon Team,3,Even Sem 2026 - Finals
EV04995,RA231100300078,RA251102800366,Project Team,1,Odd Sem 2025 - Midterm
EV04996,RA241103000232,RA261103000490,Technical Club,1,Even Sem 2026 - Month 1
EV04997,RA241102900203,RA241105600143,Lab Collaboration,3,Odd Sem 2025 - Midterm
EV04998,RA231100300099,RA251103000333,Peer Study,1,Even Sem 2026 - Finals
EV04999,RA241100300235,RA241103000127,Peer Study,3,Odd Sem 2025 - Month 1
EV05000,RA231105400041,RA241102700173,Project Team,4,Odd Sem 2025 - Month 2
EV05001,RA241102900196,RA241103000190,Peer Study,3,Even Sem 2026 - Finals
EV05002,RA241100300221,RA241102700131,Technical Club,1,Even Sem 2026 - Month 1
EV05003,RA231105400020,RA261105400428,Technical Club,2,Even Sem 2026 - Month 2
EV05004,RA251102700365,RA251102800359,Technical Club,1,Odd Sem 2025 - Month 2
EV05005,RA261105400393,RA261105600387,Lab Collaboration,3,Odd Sem 2025 - Month 2
EV05006,RA251105400264,RA251105600356,Lab Collaboration,2,Odd Sem 2025 - Midterm
EV05007,RA241102800195,RA251105600363,Project Team,1,Odd Sem 2025 - Month 2
EV05008,RA241105400184,RA261102700382,Project Team,4,Odd Sem 2025 - Month 1
EV05009,RA231105600042,RA241102900210,Hackathon Team,2,Odd Sem 2025 - Midterm
EV05010,RA231100300113,RA251103000263,Hackathon Team,1,Odd Sem 2025 - Month 2
EV05011,RA261102800474,RA261102900468,Lab Collaboration,4,Odd Sem 2025 - Month 2
EV05012,RA241102900133,RA261102800481,Technical Club,4,Odd Sem 2025 - Midterm
EV05013,RA231102700009,RA251105600363,Hackathon Team,2,Even Sem 2026 - Month 2
EV05014,RA241102900217,RA251103000298,Peer Study,2,Even Sem 2026 - Month 2
EV05015,RA241105400205,RA251105400348,Technical Club,4,Even Sem 2026 - Month 2
EV05016,RA231102700023,RA261102900447,Lab Collaboration,4,Odd Sem 2025 - Month 4
EV05017,RA241102700187,RA241102900133,Hackathon Team,4,Odd Sem 2025 - Month 4
EV05018,RA231102900095,RA251102800268,Project Team,4,Even Sem 2026 - Month 2
EV05019,RA231102800101,RA231102900095,Peer Study,1,Odd Sem 2025 - Month 1
EV05020,RA241102700166,RA241103000148,Project Team,3,Odd Sem 2025 - Month 4
EV05021,RA231100300099,RA261105400400,Project Team,4,Odd Sem 2025 - Midterm
EV05022,RA231105600056,RA241102900126,Peer Study,4,Odd Sem 2025 - Month 1
EV05023,RA231102800045,RA251102900339,Lab Collaboration,1,Even Sem 2026 - Month 2
EV05024,RA241102900210,RA261102700396,Hackathon Team,4,Odd Sem 2025 - Month 4
EV05025,RA231100300092,RA231102900074,Lab Collaboration,4,Even Sem 2026 - Finals
EV05026,RA241105600178,RA261105400400,Hackathon Team,3,Odd Sem 2025 - Month 4
EV05027,RA231102700121,RA241103000127,Hackathon Team,3,Odd Sem 2025 - Month 4
EV05028,RA231100300099,RA251103000333,Hackathon Team,1,Even Sem 2026 - Finals
EV05029,RA231105400048,RA261102800390,Project Team,3,Odd Sem 2025 - Month 4
EV05030,RA251102700274,RA261105400400,Lab Collaboration,2,Odd Sem 2025 - Month 2
EV05031,RA231100300029,RA231102700023,Lab Collaboration,1,Odd Sem 2025 - Month 2
EV05032,RA251105600321,RA261105600429,Technical Club,3,Odd Sem 2025 - Month 2
EV05033,RA231102700079,RA231102800073,Peer Study,2,Odd Sem 2025 - Month 1
EV05034,RA231100300050,RA261102800488,Peer Study,1,Odd Sem 2025 - Month 1
EV05035,RA231102700072,RA261102700438,Lab Collaboration,1,Even Sem 2026 - Finals
EV05036,RA241102800160,RA251100300364,Technical Club,4,Odd Sem 2025 - Month 1
EV05037,RA251100300329,RA251105600335,Hackathon Team,3,Even Sem 2026 - Month 1
EV05038,RA241102700222,RA251100300252,Technical Club,4,Even Sem 2026 - Month 1
EV05039,RA241102800223,RA251102700253,Peer Study,3,Odd Sem 2025 - Month 2
EV05040,RA231102700058,RA231102900074,Technical Club,1,Odd Sem 2025 - Midterm
EV05041,RA241102800202,RA251102900353,Technical Club,1,Even Sem 2026 - Month 2
EV05042,RA231102800010,RA231102900018,Lab Collaboration,1,Odd Sem 2025 - Month 2
EV05043,RA241102900231,RA251102800254,Peer Study,3,Odd Sem 2025 - Month 1
EV05044,RA241102800244,RA261103000406,Lab Collaboration,4,Odd Sem 2025 - Month 4
EV05045,RA251100300350,RA261105400470,Lab Collaboration,3,Even Sem 2026 - Finals
EV05046,RA231100300029,RA241102800209,Peer Study,3,Odd Sem 2025 - Midterm
EV05047,RA231102700072,RA241105400156,Lab Collaboration,2,Odd Sem 2025 - Month 2
EV05048,RA231102700107,RA241102900245,Hackathon Team,1,Even Sem 2026 - Month 1
EV05049,RA231105400097,RA261100300493,Hackathon Team,4,Even Sem 2026 - Month 1
EV05050,RA251102900304,RA261102700389,Peer Study,3,Odd Sem 2025 - Midterm
EV05051,RA241103000162,RA251105600258,Lab Collaboration,3,Odd Sem 2025 - Month 4
EV05052,RA251100300315,RA261105600436,Project Team,2,Odd Sem 2025 - Month 2
EV05053,RA241102900168,RA241103000162,Peer Study,2,Odd Sem 2025 - Month 1
EV05054,RA251100300315,RA261102800453,Project Team,2,Even Sem 2026 - Month 2
EV05055,RA241102800209,RA261100300395,Technical Club,2,Even Sem 2026 - Finals
EV05056,RA241105600192,RA261105600492,Hackathon Team,4,Odd Sem 2025 - Month 4
EV05057,RA251100300371,RA261102700382,Peer Study,1,Odd Sem 2025 - Month 2
EV05058,RA241105400156,RA261105400414,Lab Collaboration,1,Odd Sem 2025 - Month 4
EV05059,RA231100300015,RA251105600321,Technical Club,1,Odd Sem 2025 - Month 4
EV05060,RA231103000124,RA251100300322,Peer Study,4,Even Sem 2026 - Finals
EV05061,RA231103000068,RA241102700152,Peer Study,2,Odd Sem 2025 - Month 4
EV05062,RA261100300395,RA261105600492,Technical Club,2,Even Sem 2026 - Month 1
EV05063,RA231100300078,RA231102800024,Lab Collaboration,2,Odd Sem 2025 - Month 1
EV05064,RA241102800202,RA261100300381,Technical Club,2,Odd Sem 2025 - Month 4
EV05065,RA241105400205,RA261102900391,Project Team,4,Even Sem 2026 - Month 1
EV05066,RA251100300336,RA251105600342,Peer Study,2,Odd Sem 2025 - Month 4
EV05067,RA231105600105,RA261105600471,Lab Collaboration,1,Odd Sem 2025 - Month 4
EV05068,RA231102900025,RA251102900283,Project Team,4,Even Sem 2026 - Month 2
EV05069,RA241100300144,RA251100300336,Project Team,1,Even Sem 2026 - Month 1
EV05070,RA251102800317,RA251102800359,Lab Collaboration,3,Even Sem 2026 - Month 2
EV05071,RA231100300064,RA231105600070,Project Team,3,Odd Sem 2025 - Midterm
EV05072,RA261102800411,RA261102900405,Lab Collaboration,2,Odd Sem 2025 - Month 4
EV05073,RA231100300015,RA241103000155,Hackathon Team,4,Odd Sem 2025 - Month 1
EV05074,RA231102900060,RA241105400184,Peer Study,4,Even Sem 2026 - Finals
EV05075,RA231105600091,RA251102700337,Project Team,2,Odd Sem 2025 - Month 4
EV05076,RA231105400111,RA241102700187,Peer Study,1,Odd Sem 2025 - Month 4
EV05077,RA261102900475,RA261105600457,Hackathon Team,3,Odd Sem 2025 - Month 1
EV05078,RA241102700159,RA261105400477,Technical Club,2,Odd Sem 2025 - Month 4
EV05079,RA251100300322,RA261105400442,Hackathon Team,1,Odd Sem 2025 - Midterm
EV05080,RA241100300235,RA261105600401,Lab Collaboration,2,Odd Sem 2025 - Month 2
EV05081,RA231102700044,RA251103000326,Peer Study,2,Even Sem 2026 - Month 2
EV05082,RA251102900353,RA261100300388,Project Team,3,Odd Sem 2025 - Month 1
EV05083,RA241100300193,RA241105600199,Lab Collaboration,2,Even Sem 2026 - Month 2
EV05084,RA251100300259,RA251105400306,Peer Study,2,Even Sem 2026 - Month 2
EV05085,RA251102700316,RA251102800289,Project Team,4,Odd Sem 2025 - Month 1
EV05086,RA231102700100,RA251105400334,Peer Study,2,Odd Sem 2025 - Month 2
EV05087,RA231105400027,RA251102900297,Hackathon Team,1,Odd Sem 2025 - Month 1
EV05088,RA231105400111,RA261100300437,Peer Study,1,Even Sem 2026 - Finals
EV05089,RA251105600356,RA261100300416,Lab Collaboration,1,Even Sem 2026 - Month 2
EV05090,RA251102900290,RA261102800488,Peer Study,1,Odd Sem 2025 - Month 2
EV05091,RA261102700410,RA261102900447,Hackathon Team,3,Odd Sem 2025 - Month 1
EV05092,RA241102900238,RA251102800268,Project Team,3,Odd Sem 2025 - Month 2
EV05093,RA261102700382,RA261102700466,Technical Club,4,Odd Sem 2025 - Month 4
EV05094,RA231105400041,RA261105600408,Lab Collaboration,3,Odd Sem 2025 - Month 2
EV05095,RA241102700180,RA261102800474,Peer Study,1,Odd Sem 2025 - Midterm
EV05096,RA231103000033,RA241102800195,Project Team,4,Odd Sem 2025 - Month 1
EV05097,RA241102700222,RA251102900276,Peer Study,2,Odd Sem 2025 - Midterm
EV05098,RA241103000148,RA241105400142,Peer Study,1,Odd Sem 2025 - Midterm
EV05099,RA231100300113,RA231105600119,Technical Club,1,Odd Sem 2025 - Month 2
EV05100,RA231102800010,RA231102900018,Project Team,1,Even Sem 2026 - Finals
EV05101,RA231100300057,RA241102900231,Lab Collaboration,2,Odd Sem 2025 - Midterm
EV05102,RA241102800174,RA261103000420,Project Team,3,Odd Sem 2025 - Month 4
EV05103,RA241102700166,RA261102800460,Project Team,3,Odd Sem 2025 - Month 4
EV05104,RA261100300500,RA261102700494,Lab Collaboration,4,Even Sem 2026 - Finals
EV05105,RA241102800181,RA241102900175,Peer Study,1,Even Sem 2026 - Month 2
EV05106,RA231102700002,RA241102700194,Peer Study,1,Odd Sem 2025 - Month 4
EV05107,RA241105400163,RA251102800289,Project Team,3,Even Sem 2026 - Finals
EV05108,RA251105600363,RA261105400400,Lab Collaboration,1,Odd Sem 2025 - Month 4
EV05109,RA231102800080,RA251105400320,Technical Club,1,Odd Sem 2025 - Month 4
EV05110,RA251102700351,RA251105400327,Hackathon Team,4,Odd Sem 2025 - Midterm
EV05111,RA251105400292,RA261105400400,Peer Study,2,Odd Sem 2025 - Month 2
EV05112,RA231105400034,RA251100300322,Peer Study,3,Even Sem 2026 - Month 2
EV05113,RA241102800195,RA261102900405,Technical Club,2,Odd Sem 2025 - Month 4
EV05114,RA241105600234,RA261102800390,Technical Club,1,Odd Sem 2025 - Month 2
EV05115,RA241103000162,RA241103000204,Lab Collaboration,1,Even Sem 2026 - Month 2
EV05116,RA241102800230,RA251102800296,Technical Club,4,Even Sem 2026 - Month 2
EV05117,RA231105600105,RA261102700417,Technical Club,3,Even Sem 2026 - Month 2
EV05118,RA241102700222,RA251100300252,Lab Collaboration,1,Odd Sem 2025 - Month 2
EV05119,RA231103000068,RA241102800230,Hackathon Team,1,Odd Sem 2025 - Month 1
EV05120,RA231105400055,RA261103000469,Hackathon Team,4,Odd Sem 2025 - Month 1
EV05121,RA251102800338,RA261105600380,Project Team,3,Even Sem 2026 - Month 1
EV05122,RA241102800132,RA241102900126,Peer Study,4,Even Sem 2026 - Month 1
EV05123,RA251102800296,RA251102900290,Hackathon Team,4,Even Sem 2026 - Month 1
EV05124,RA251102700281,RA261105400400,Hackathon Team,3,Even Sem 2026 - Month 2
EV05125,RA241102700166,RA241105600178,Hackathon Team,2,Even Sem 2026 - Month 2
EV05126,RA241100300221,RA241102900203,Hackathon Team,4,Even Sem 2026 - Finals
EV05127,RA241102900154,RA261102800404,Peer Study,4,Even Sem 2026 - Month 1
EV05128,RA251103000256,RA251103000340,Lab Collaboration,2,Odd Sem 2025 - Month 1
EV05129,RA241102700173,RA251105600356,Lab Collaboration,1,Odd Sem 2025 - Month 2
EV05130,RA251102700372,RA251102900318,Lab Collaboration,4,Odd Sem 2025 - Midterm
EV05131,RA241105600150,RA261103000462,Peer Study,4,Even Sem 2026 - Month 2
EV05132,RA261102900398,RA261105600464,Project Team,2,Even Sem 2026 - Month 1
EV05133,RA231103000040,RA241100300130,Project Team,2,Odd Sem 2025 - Month 4
EV05134,RA241103000169,RA261100300451,Lab Collaboration,3,Odd Sem 2025 - Month 1
EV05135,RA231102700051,RA251105400369,Project Team,4,Odd Sem 2025 - Month 2
EV05136,RA231100300015,RA251102800331,Hackathon Team,4,Even Sem 2026 - Finals
EV05137,RA231102900088,RA241105400142,Peer Study,3,Odd Sem 2025 - Month 4
EV05138,RA231100300001,RA251105600286,Technical Club,4,Even Sem 2026 - Month 1
EV05139,RA241105400233,RA261105400449,Project Team,4,Even Sem 2026 - Finals
EV05140,RA261100300437,RA261105600443,Hackathon Team,4,Odd Sem 2025 - Midterm
EV05141,RA261105400463,RA261105600457,Hackathon Team,4,Even Sem 2026 - Finals
EV05142,RA231103000124,RA261102800376,Technical Club,3,Odd Sem 2025 - Month 1
EV05143,RA241102900154,RA241103000148,Technical Club,3,Odd Sem 2025 - Month 2
EV05144,RA241105400191,RA241105600185,Project Team,1,Even Sem 2026 - Month 1
EV05145,RA241102800244,RA261103000490,Technical Club,3,Odd Sem 2025 - Month 1
EV05146,RA231100300029,RA241100300214,Project Team,3,Even Sem 2026 - Month 2
EV05147,RA231103000082,RA251102900304,Hackathon Team,1,Even Sem 2026 - Month 1
EV05148,RA241103000197,RA251102800317,Project Team,2,Even Sem 2026 - Finals
EV05149,RA261100300444,RA261102700438,Technical Club,2,Odd Sem 2025 - Month 4
EV05150,RA231100300092,RA261105400400,Technical Club,3,Odd Sem 2025 - Midterm
EV05151,RA241100300242,RA251102900360,Technical Club,2,Odd Sem 2025 - Month 4
EV05152,RA241102800132,RA241102800174,Peer Study,2,Even Sem 2026 - Month 1
EV05153,RA251102800268,RA261102900496,Lab Collaboration,3,Even Sem 2026 - Finals
EV05154,RA241102900203,RA241105600143,Lab Collaboration,2,Even Sem 2026 - Month 2
EV05155,RA251102900311,RA261105400407,Project Team,2,Even Sem 2026 - Month 1
EV05156,RA231103000117,RA261105600464,Peer Study,2,Even Sem 2026 - Month 2
EV05157,RA251102900325,RA251103000319,Hackathon Team,4,Even Sem 2026 - Month 2
EV05158,RA231105600056,RA261102700452,Project Team,1,Even Sem 2026 - Month 2
EV05159,RA231100300043,RA261102900433,Peer Study,3,Odd Sem 2025 - Month 4
EV05160,RA231102900004,RA261103000490,Project Team,2,Odd Sem 2025 - Month 1
EV05161,RA231102700093,RA251105400285,Lab Collaboration,4,Even Sem 2026 - Finals
EV05162,RA241102800153,RA261102700417,Project Team,2,Odd Sem 2025 - Month 1
EV05163,RA231100300071,RA241105400149,Lab Collaboration,3,Odd Sem 2025 - Midterm
EV05164,RA241102700152,RA241102800230,Hackathon Team,4,Even Sem 2026 - Month 1
EV05165,RA231102900025,RA251102700295,Peer Study,4,Even Sem 2026 - Finals
EV05166,RA231102700079,RA231102700121,Hackathon Team,1,Odd Sem 2025 - Month 2
EV05167,RA241102900189,RA241105400205,Lab Collaboration,3,Even Sem 2026 - Month 1
EV05168,RA261102800446,RA261105400470,Technical Club,3,Odd Sem 2025 - Month 4
EV05169,RA251105600258,RA261102800474,Hackathon Team,3,Odd Sem 2025 - Midterm
EV05170,RA241103000239,RA261102700389,Technical Club,4,Odd Sem 2025 - Midterm
EV05171,RA231102700044,RA231102800038,Peer Study,2,Odd Sem 2025 - Month 4
EV05172,RA251105600314,RA261103000476,Project Team,2,Odd Sem 2025 - Month 1
EV05173,RA251100300350,RA261102900482,Technical Club,4,Even Sem 2026 - Month 1
EV05174,RA231100300064,RA251102800310,Peer Study,4,Even Sem 2026 - Month 1
EV05175,RA231105600098,RA241102800230,Technical Club,3,Odd Sem 2025 - Midterm
EV05176,RA231102900025,RA241103000127,Technical Club,2,Odd Sem 2025 - Month 4
EV05177,RA231105600105,RA251105600321,Technical Club,1,Odd Sem 2025 - Month 4
EV05178,RA241105400226,RA251100300364,Peer Study,4,Odd Sem 2025 - Month 4
EV05179,RA261102800418,RA261102900412,Technical Club,2,Odd Sem 2025 - Month 2
EV05180,RA231105400111,RA261102800411,Peer Study,3,Odd Sem 2025 - Month 2
EV05181,RA251100300315,RA251105600321,Peer Study,4,Even Sem 2026 - Month 2
EV05182,RA231102800087,RA231105400097,Technical Club,3,Even Sem 2026 - Finals
EV05183,RA231105400041,RA261102800446,Peer Study,4,Odd Sem 2025 - Month 1
EV05184,RA231102700093,RA261103000441,Peer Study,4,Even Sem 2026 - Month 1
EV05185,RA261102900398,RA261105600380,Lab Collaboration,2,Odd Sem 2025 - Month 1
EV05186,RA241102900224,RA251105600314,Hackathon Team,2,Odd Sem 2025 - Month 2
EV05187,RA251105600272,RA261100300416,Project Team,3,Even Sem 2026 - Month 2
EV05188,RA231102900123,RA261100300437,Peer Study,3,Odd Sem 2025 - Month 2
EV05189,RA231102800122,RA251102700316,Lab Collaboration,3,Odd Sem 2025 - Month 2
EV05190,RA231102800122,RA231102900102,Technical Club,1,Odd Sem 2025 - Month 2
EV05191,RA251105400257,RA261105600401,Hackathon Team,1,Odd Sem 2025 - Month 1
EV05192,RA231105400125,RA241100300186,Project Team,2,Odd Sem 2025 - Midterm
EV05193,RA241102700208,RA241102800202,Peer Study,3,Odd Sem 2025 - Month 1
EV05194,RA261105400400,RA261105600394,Technical Club,1,Odd Sem 2025 - Midterm
EV05195,RA241102800188,RA241102900182,Technical Club,1,Even Sem 2026 - Finals
EV05196,RA231102700072,RA261102700396,Peer Study,2,Even Sem 2026 - Month 2
EV05197,RA231102800038,RA261105600380,Hackathon Team,2,Odd Sem 2025 - Midterm
EV05198,RA251100300343,RA261100300423,Lab Collaboration,4,Even Sem 2026 - Month 2
EV05199,RA241102900154,RA251102900353,Project Team,3,Even Sem 2026 - Finals
EV05200,RA251102800345,RA251103000354,Technical Club,2,Even Sem 2026 - Finals
EV05201,RA231102800024,RA241105400184,Peer Study,1,Even Sem 2026 - Finals
EV05202,RA251102800310,RA251102900346,Project Team,1,Odd Sem 2025 - Midterm
EV05203,RA241102900217,RA261102700445,Hackathon Team,4,Odd Sem 2025 - Month 2
EV05204,RA241102800216,RA251100300336,Lab Collaboration,4,Even Sem 2026 - Month 2
EV05205,RA261102900412,RA261105400400,Peer Study,3,Odd Sem 2025 - Month 1
EV05206,RA231102900011,RA241103000239,Lab Collaboration,1,Even Sem 2026 - Month 2
EV05207,RA241102700201,RA261102700403,Hackathon Team,2,Odd Sem 2025 - Month 2
EV05208,RA241105600143,RA261102800453,Lab Collaboration,1,Even Sem 2026 - Month 2
EV05209,RA261102700431,RA261103000497,Technical Club,1,Even Sem 2026 - Month 2
EV05210,RA251102700372,RA251105400292,Peer Study,3,Even Sem 2026 - Finals
EV05211,RA231102700100,RA231105600042,Peer Study,3,Even Sem 2026 - Finals
EV05212,RA251100300350,RA261102700382,Lab Collaboration,4,Even Sem 2026 - Month 2
EV05213,RA231102900060,RA261102800390,Hackathon Team,1,Even Sem 2026 - Finals
EV05214,RA241102800202,RA241105600129,Hackathon Team,2,Even Sem 2026 - Finals
EV05215,RA231102900053,RA261105600485,Project Team,2,Odd Sem 2025 - Midterm
EV05216,RA261102800439,RA261102900433,Lab Collaboration,1,Even Sem 2026 - Finals
EV05217,RA261103000406,RA261105400400,Peer Study,2,Odd Sem 2025 - Month 1
EV05218,RA231105600119,RA261102700389,Project Team,1,Odd Sem 2025 - Month 2
EV05219,RA251102700267,RA261105400393,Peer Study,3,Odd Sem 2025 - Midterm
EV05220,RA251102700267,RA251105400285,Technical Club,2,Odd Sem 2025 - Month 2
EV05221,RA231102700100,RA251102900269,Project Team,4,Odd Sem 2025 - Month 2
EV05222,RA231102700114,RA261102700438,Technical Club,4,Odd Sem 2025 - Month 4
EV05223,RA241102900154,RA261105400435,Lab Collaboration,2,Odd Sem 2025 - Month 4
EV05224,RA241102700131,RA251103000263,Peer Study,1,Odd Sem 2025 - Month 4
EV05225,RA261102700487,RA261105600499,Hackathon Team,2,Even Sem 2026 - Finals
EV05226,RA241102800153,RA241105600213,Lab Collaboration,1,Odd Sem 2025 - Month 1
EV05227,RA231105600063,RA251102700365,Project Team,4,Even Sem 2026 - Month 1
EV05228,RA231105600070,RA261103000406,Project Team,3,Odd Sem 2025 - Month 4
EV05229,RA231105400118,RA241102900189,Peer Study,1,Even Sem 2026 - Month 2
EV05230,RA241100300186,RA261102700396,Peer Study,3,Odd Sem 2025 - Midterm
EV05231,RA231100300015,RA241105600143,Technical Club,3,Even Sem 2026 - Finals
EV05232,RA241102900154,RA261100300381,Peer Study,4,Odd Sem 2025 - Month 4
EV05233,RA251102800282,RA251102900276,Project Team,3,Even Sem 2026 - Month 2
EV05234,RA251102700316,RA261103000406,Project Team,1,Odd Sem 2025 - Month 4
EV05235,RA231100300078,RA261105400407,Lab Collaboration,3,Odd Sem 2025 - Month 2
EV05236,RA261102700487,RA261102800481,Technical Club,1,Even Sem 2026 - Finals
EV05237,RA241102900168,RA241103000204,Project Team,2,Odd Sem 2025 - Midterm
EV05238,RA251102700316,RA261100300388,Lab Collaboration,2,Odd Sem 2025 - Month 2
EV05239,RA231102900123,RA261100300465,Technical Club,4,Even Sem 2026 - Finals
EV05240,RA261102700466,RA261102800460,Peer Study,2,Even Sem 2026 - Month 1
EV05241,RA231102700121,RA261102900475,Technical Club,1,Even Sem 2026 - Finals
EV05242,RA261102900398,RA261105400456,Peer Study,2,Even Sem 2026 - Month 2
EV05243,RA241105600143,RA261102700382,Project Team,4,Odd Sem 2025 - Month 1
EV05244,RA241100300151,RA241105400247,Hackathon Team,1,Even Sem 2026 - Finals
EV05245,RA241105400233,RA261100300395,Peer Study,2,Odd Sem 2025 - Midterm
EV05246,RA241105600199,RA261102700403,Technical Club,3,Even Sem 2026 - Month 1
EV05247,RA231105600049,RA241102900175,Technical Club,1,Odd Sem 2025 - Midterm
EV05248,RA241105400184,RA241105600178,Lab Collaboration,4,Even Sem 2026 - Finals
EV05249,RA241103000155,RA261103000455,Peer Study,4,Odd Sem 2025 - Month 2
EV05250,RA241100300214,RA241105600220,Hackathon Team,3,Odd Sem 2025 - Month 1
EV05251,RA241105600192,RA251102900360,Technical Club,1,Odd Sem 2025 - Month 2
EV05252,RA251102800275,RA261100300437,Hackathon Team,3,Even Sem 2026 - Month 1
EV05253,RA241102900210,RA261102800432,Hackathon Team,1,Even Sem 2026 - Month 1
EV05254,RA241102800167,RA261105600457,Lab Collaboration,4,Odd Sem 2025 - Month 4
EV05255,RA261102700452,RA261105400456,Hackathon Team,2,Odd Sem 2025 - Month 4
EV05256,RA231100300099,RA251100300315,Technical Club,3,Odd Sem 2025 - Midterm
EV05257,RA251102800289,RA251103000319,Peer Study,3,Even Sem 2026 - Month 1
EV05258,RA231105400027,RA251100300357,Hackathon Team,1,Odd Sem 2025 - Midterm
EV05259,RA231102700051,RA231102900039,Technical Club,4,Odd Sem 2025 - Month 1
EV05260,RA261102900412,RA261105400400,Hackathon Team,2,Odd Sem 2025 - Midterm
EV05261,RA251102700274,RA261102900412,Technical Club,4,Odd Sem 2025 - Month 4
EV05262,RA261100300423,RA261102800495,Lab Collaboration,3,Even Sem 2026 - Month 2
EV05263,RA231100300029,RA231100300071,Technical Club,3,Even Sem 2026 - Month 1
EV05264,RA241103000190,RA261102700424,Hackathon Team,1,Even Sem 2026 - Finals
EV05265,RA251102700274,RA261102900412,Lab Collaboration,3,Odd Sem 2025 - Month 2
EV05266,RA241102700159,RA241102700201,Hackathon Team,3,Even Sem 2026 - Finals
EV05267,RA241102700222,RA251102800324,Technical Club,1,Odd Sem 2025 - Month 1
EV05268,RA261105400484,RA261105600457,Technical Club,4,Even Sem 2026 - Finals
EV05269,RA231102700009,RA261105400393,Hackathon Team,4,Even Sem 2026 - Month 2
EV05270,RA241100300235,RA251105600307,Lab Collaboration,4,Odd Sem 2025 - Month 4
EV05271,RA231105600119,RA261102900377,Lab Collaboration,2,Even Sem 2026 - Month 2
EV05272,RA231100300015,RA231102700009,Hackathon Team,2,Odd Sem 2025 - Month 2
EV05273,RA241105400191,RA251102900269,Peer Study,3,Odd Sem 2025 - Month 1
EV05274,RA231105400104,RA251102900374,Peer Study,2,Even Sem 2026 - Month 1
EV05275,RA241105600192,RA251102900360,Hackathon Team,2,Odd Sem 2025 - Month 2
EV05276,RA251102700274,RA251102800254,Hackathon Team,1,Odd Sem 2025 - Midterm
EV05277,RA241103000134,RA251102700260,Lab Collaboration,2,Odd Sem 2025 - Month 4
EV05278,RA241100300242,RA261102900482,Technical Club,1,Odd Sem 2025 - Midterm
EV05279,RA231103000089,RA251100300329,Project Team,3,Odd Sem 2025 - Month 4
EV05280,RA261102800453,RA261102900447,Project Team,4,Even Sem 2026 - Month 2
EV05281,RA231102700065,RA261105400449,Technical Club,4,Even Sem 2026 - Month 1
EV05282,RA241102700194,RA241102800188,Peer Study,4,Odd Sem 2025 - Midterm
EV05283,RA241102900126,RA251102900276,Hackathon Team,1,Odd Sem 2025 - Month 1
EV05284,RA241103000176,RA251102800296,Lab Collaboration,1,Even Sem 2026 - Finals
EV05285,RA251102900304,RA261102700389,Technical Club,2,Even Sem 2026 - Month 1
EV05286,RA231100300106,RA241100300214,Peer Study,3,Odd Sem 2025 - Month 4
EV05287,RA251100300322,RA251102900346,Technical Club,3,Even Sem 2026 - Month 1
EV05288,RA261102700410,RA261102800495,Peer Study,4,Odd Sem 2025 - Month 1
EV05289,RA241102700194,RA251105400320,Peer Study,1,Odd Sem 2025 - Midterm
EV05290,RA261102900419,RA261103000413,Technical Club,4,Even Sem 2026 - Finals
EV05291,RA231100300029,RA251105600356,Project Team,1,Odd Sem 2025 - Midterm
EV05292,RA251100300322,RA251105600370,Peer Study,4,Even Sem 2026 - Month 2
EV05293,RA231102700030,RA231103000096,Lab Collaboration,4,Even Sem 2026 - Month 2
EV05294,RA231105600105,RA261102800495,Lab Collaboration,2,Odd Sem 2025 - Month 1
EV05295,RA241102700159,RA241102800153,Lab Collaboration,2,Even Sem 2026 - Month 2
EV05296,RA261100300388,RA261102700487,Project Team,4,Even Sem 2026 - Month 1
EV05297,RA241105400135,RA261100300465,Peer Study,4,Even Sem 2026 - Finals
EV05298,RA241105400219,RA241105600213,Project Team,1,Odd Sem 2025 - Midterm
EV05299,RA251103000333,RA251105400320,Technical Club,2,Even Sem 2026 - Month 1
EV05300,RA261102700452,RA261105400456,Hackathon Team,4,Even Sem 2026 - Month 1
EV05301,RA241100300130,RA241103000225,Hackathon Team,1,Even Sem 2026 - Month 2
EV05302,RA251100300266,RA251102700260,Hackathon Team,3,Odd Sem 2025 - Month 2
EV05303,RA251100300259,RA251105600265,Technical Club,1,Odd Sem 2025 - Midterm
EV05304,RA251102700323,RA261103000413,Peer Study,2,Odd Sem 2025 - Month 2
EV05305,RA251102900304,RA261103000441,Technical Club,4,Even Sem 2026 - Finals
EV05306,RA231102700121,RA261103000399,Lab Collaboration,4,Odd Sem 2025 - Month 4
EV05307,RA251105600251,RA261103000476,Peer Study,1,Odd Sem 2025 - Month 1
EV05308,RA231102700100,RA231102700121,Lab Collaboration,3,Odd Sem 2025 - Midterm
EV05309,RA231102700058,RA241103000232,Lab Collaboration,4,Odd Sem 2025 - Month 4
EV05310,RA241102900147,RA261103000483,Lab Collaboration,4,Even Sem 2026 - Month 1
EV05311,RA231102700065,RA231105400083,Project Team,4,Odd Sem 2025 - Month 1
EV05312,RA231105600070,RA241100300172,Hackathon Team,1,Even Sem 2026 - Month 2
EV05313,RA241102700215,RA261102900468,Hackathon Team,3,Even Sem 2026 - Month 1
EV05314,RA231100300113,RA241102700222,Peer Study,4,Odd Sem 2025 - Month 1
EV05315,RA231100300001,RA261102700410,Lab Collaboration,2,Odd Sem 2025 - Month 4
EV05316,RA251105600356,RA261105600464,Lab Collaboration,1,Even Sem 2026 - Month 2
EV05317,RA261100300444,RA261103000378,Peer Study,2,Odd Sem 2025 - Midterm
EV05318,RA231105400125,RA241100300186,Project Team,4,Odd Sem 2025 - Month 1
EV05319,RA251103000263,RA251103000347,Peer Study,2,Even Sem 2026 - Finals
EV05320,RA231102900109,RA251105600307,Lab Collaboration,2,Even Sem 2026 - Month 2
EV05321,RA241105600185,RA251102800359,Lab Collaboration,3,Odd Sem 2025 - Midterm
EV05322,RA231102700100,RA251105400334,Peer Study,3,Odd Sem 2025 - Month 2
EV05323,RA231105600091,RA261100300493,Hackathon Team,1,Odd Sem 2025 - Midterm
EV05324,RA231105400069,RA241102900231,Peer Study,3,Even Sem 2026 - Month 2
EV05325,RA251105400299,RA261105400407,Hackathon Team,4,Odd Sem 2025 - Month 2
EV05326,RA231100300029,RA231102800101,Hackathon Team,4,Odd Sem 2025 - Midterm
EV05327,RA231102900088,RA251102900346,Lab Collaboration,1,Odd Sem 2025 - Month 4
EV05328,RA251103000263,RA261102700473,Lab Collaboration,1,Odd Sem 2025 - Midterm
EV05329,RA231100300057,RA251102700309,Project Team,4,Even Sem 2026 - Month 2
EV05330,RA231102800087,RA261105600429,Hackathon Team,3,Odd Sem 2025 - Month 2
EV05331,RA241103000176,RA261100300395,Technical Club,1,Even Sem 2026 - Month 2
EV05332,RA241102800181,RA261105600492,Peer Study,4,Odd Sem 2025 - Month 4
EV05333,RA241102800188,RA241102800230,Project Team,1,Even Sem 2026 - Month 2
EV05334,RA261102900482,RA261105600457,Project Team,2,Odd Sem 2025 - Month 4
EV05335,RA251103000368,RA261102800404,Lab Collaboration,2,Even Sem 2026 - Month 2
EV05336,RA241105400163,RA251105400313,Lab Collaboration,3,Odd Sem 2025 - Month 1
EV05337,RA251103000375,RA261105600457,Peer Study,3,Odd Sem 2025 - Month 4
EV05338,RA241105600171,RA261102900405,Project Team,3,Odd Sem 2025 - Month 2
EV05339,RA261102700382,RA261102800418,Lab Collaboration,1,Even Sem 2026 - Month 2
EV05340,RA241100300172,RA261100300388,Lab Collaboration,3,Odd Sem 2025 - Midterm
EV05341,RA231105600021,RA241105400135,Lab Collaboration,4,Odd Sem 2025 - Month 4
EV05342,RA231105600119,RA261102900461,Lab Collaboration,3,Even Sem 2026 - Finals
EV05343,RA241103000239,RA251105600335,Lab Collaboration,2,Odd Sem 2025 - Month 1
EV05344,RA231105600007,RA251105400320,Project Team,3,Odd Sem 2025 - Month 2
EV05345,RA241102900189,RA251102800261,Peer Study,3,Odd Sem 2025 - Month 4
EV05346,RA241103000155,RA241105400149,Peer Study,3,Even Sem 2026 - Month 1
EV05347,RA231105600112,RA251102900262,Lab Collaboration,3,Odd Sem 2025 - Month 2
EV05348,RA241105600129,RA251100300273,Technical Club,4,Odd Sem 2025 - Midterm
EV05349,RA241105600220,RA261105600436,Project Team,2,Odd Sem 2025 - Month 1
EV05350,RA231102800108,RA241100300179,Peer Study,2,Odd Sem 2025 - Midterm
EV05351,RA241102900154,RA251102800310,Peer Study,3,Odd Sem 2025 - Month 4
EV05352,RA231100300022,RA231102700016,Hackathon Team,4,Even Sem 2026 - Month 1
EV05353,RA261100300381,RA261105600387,Lab Collaboration,2,Even Sem 2026 - Finals
EV05354,RA241102900133,RA261105600415,Hackathon Team,4,Even Sem 2026 - Finals
EV05355,RA241102700208,RA261102700494,Lab Collaboration,3,Even Sem 2026 - Month 2
EV05356,RA261102800383,RA261102800467,Hackathon Team,4,Odd Sem 2025 - Month 4
EV05357,RA261103000406,RA261105600457,Peer Study,1,Even Sem 2026 - Month 1
EV05358,RA251100300350,RA261102700452,Lab Collaboration,3,Even Sem 2026 - Month 2
EV05359,RA231105600021,RA261102900447,Hackathon Team,1,Even Sem 2026 - Finals
EV05360,RA231102700051,RA251102900297,Lab Collaboration,2,Odd Sem 2025 - Midterm
EV05361,RA231102900011,RA231105600077,Hackathon Team,1,Even Sem 2026 - Finals
EV05362,RA241105600192,RA261105600492,Hackathon Team,2,Even Sem 2026 - Month 2
EV05363,RA241102700243,RA241102800237,Project Team,1,Even Sem 2026 - Month 2
EV05364,RA241103000148,RA241105600164,Peer Study,3,Even Sem 2026 - Month 2
EV05365,RA241105400205,RA261102700431,Hackathon Team,1,Even Sem 2026 - Finals
EV05366,RA241105600199,RA251103000277,Technical Club,1,Even Sem 2026 - Finals
EV05367,RA231105400104,RA251102800338,Project Team,2,Odd Sem 2025 - Month 1
EV05368,RA231103000103,RA241102700145,Peer Study,4,Odd Sem 2025 - Month 2
EV05369,RA231102700072,RA261102700396,Peer Study,2,Even Sem 2026 - Month 1
EV05370,RA241105600248,RA261105600457,Hackathon Team,4,Even Sem 2026 - Month 2
EV05371,RA241100300130,RA251103000256,Hackathon Team,2,Even Sem 2026 - Month 1
EV05372,RA231102900011,RA261105600485,Peer Study,3,Even Sem 2026 - Month 2
EV05373,RA231102900053,RA241105400184,Lab Collaboration,3,Odd Sem 2025 - Midterm
EV05374,RA231105600007,RA251102900325,Lab Collaboration,3,Even Sem 2026 - Finals
EV05375,RA261100300500,RA261105400421,Project Team,3,Odd Sem 2025 - Month 2
EV05376,RA241102800181,RA241102900175,Peer Study,2,Odd Sem 2025 - Month 1
EV05377,RA231100300078,RA231103000096,Lab Collaboration,4,Even Sem 2026 - Month 2
EV05378,RA251103000347,RA251105400341,Project Team,3,Odd Sem 2025 - Month 4
EV05379,RA241105400170,RA241105400212,Technical Club,2,Odd Sem 2025 - Midterm
EV05380,RA251102900353,RA261100300388,Project Team,1,Odd Sem 2025 - Month 2
EV05381,RA231100300120,RA231102700114,Lab Collaboration,1,Even Sem 2026 - Finals
EV05382,RA241100300151,RA261105600499,Peer Study,2,Odd Sem 2025 - Month 1
EV05383,RA231102800080,RA231103000110,Peer Study,2,Even Sem 2026 - Finals
EV05384,RA241102800146,RA241103000134,Project Team,1,Even Sem 2026 - Finals
EV05385,RA231103000075,RA261102700403,Peer Study,3,Even Sem 2026 - Month 1
EV05386,RA241102700187,RA261100300423,Hackathon Team,2,Odd Sem 2025 - Month 2
EV05387,RA231102800087,RA261105600429,Peer Study,3,Odd Sem 2025 - Month 4
EV05388,RA231100300064,RA251102800310,Hackathon Team,4,Odd Sem 2025 - Month 1
EV05389,RA241105400163,RA241105600157,Lab Collaboration,1,Odd Sem 2025 - Month 2
EV05390,RA231102800101,RA231103000089,Technical Club,3,Even Sem 2026 - Month 2
EV05391,RA241100300137,RA241102700131,Hackathon Team,4,Odd Sem 2025 - Midterm
EV05392,RA231102700100,RA241102900189,Peer Study,1,Odd Sem 2025 - Month 4
EV05393,RA231103000103,RA261102700445,Peer Study,2,Odd Sem 2025 - Month 1
EV05394,RA241100300242,RA241105400184,Technical Club,3,Odd Sem 2025 - Midterm
EV05395,RA231103000054,RA231105400090,Technical Club,4,Even Sem 2026 - Month 2
EV05396,RA251105600356,RA261102700494,Project Team,3,Odd Sem 2025 - Month 1
EV05397,RA231102900060,RA241100300228,Peer Study,3,Even Sem 2026 - Month 2
EV05398,RA261102900433,RA261105600415,Hackathon Team,4,Even Sem 2026 - Month 1
EV05399,RA231100300057,RA251103000333,Peer Study,3,Odd Sem 2025 - Month 4
EV05400,RA241102700180,RA251100300252,Hackathon Team,4,Odd Sem 2025 - Month 2
EV05401,RA251100300364,RA251102700358,Hackathon Team,4,Odd Sem 2025 - Month 4
EV05402,RA251103000270,RA261103000462,Hackathon Team,1,Odd Sem 2025 - Month 2
EV05403,RA231105600049,RA261103000441,Lab Collaboration,4,Odd Sem 2025 - Month 1
EV05404,RA231100300085,RA231105600091,Technical Club,2,Odd Sem 2025 - Midterm
EV05405,RA241100300151,RA251102900325,Technical Club,1,Odd Sem 2025 - Month 4
EV05406,RA251102800289,RA251105400271,Hackathon Team,1,Odd Sem 2025 - Month 1
EV05407,RA261102800397,RA261105400379,Peer Study,1,Even Sem 2026 - Finals
EV05408,RA251105400264,RA261105600408,Peer Study,2,Odd Sem 2025 - Month 4
EV05409,RA241102800223,RA261100300409,Project Team,3,Even Sem 2026 - Finals
EV05410,RA251103000340,RA261102900412,Project Team,3,Odd Sem 2025 - Month 4
EV05411,RA231100300029,RA231102700023,Project Team,2,Odd Sem 2025 - Midterm
EV05412,RA241102800223,RA251102700253,Project Team,1,Odd Sem 2025 - Month 4
EV05413,RA231100300106,RA241100300214,Lab Collaboration,2,Odd Sem 2025 - Month 2
EV05414,RA231103000124,RA261105400400,Lab Collaboration,1,Odd Sem 2025 - Midterm
EV05415,RA251102700253,RA261105400463,Peer Study,4,Odd Sem 2025 - Month 2
EV05416,RA231102700086,RA261105400428,Lab Collaboration,3,Even Sem 2026 - Finals
EV05417,RA241102700236,RA241102800230,Hackathon Team,1,Odd Sem 2025 - Month 1
EV05418,RA241103000204,RA251105600356,Lab Collaboration,1,Even Sem 2026 - Month 2
EV05419,RA231102700009,RA241105400198,Technical Club,3,Odd Sem 2025 - Month 4
EV05420,RA241103000197,RA241105400191,Peer Study,1,Odd Sem 2025 - Month 1
EV05421,RA241105600227,RA251105400292,Peer Study,2,Odd Sem 2025 - Month 4
EV05422,RA241103000218,RA251105600314,Project Team,2,Odd Sem 2025 - Month 1
EV05423,RA231102800122,RA241105400128,Technical Club,1,Odd Sem 2025 - Month 1
EV05424,RA251102800331,RA261103000427,Technical Club,2,Odd Sem 2025 - Midterm
EV05425,RA231105400062,RA241102700194,Technical Club,4,Odd Sem 2025 - Month 4
EV05426,RA241102700159,RA261105400435,Hackathon Team,1,Odd Sem 2025 - Month 4
EV05427,RA231100300015,RA251105600279,Peer Study,2,Odd Sem 2025 - Month 4
EV05428,RA231100300029,RA251105600356,Lab Collaboration,2,Odd Sem 2025 - Midterm
EV05429,RA231102900053,RA261105600485,Project Team,4,Even Sem 2026 - Month 2
EV05430,RA231100300015,RA251105400257,Technical Club,1,Even Sem 2026 - Month 2
EV05431,RA231102700065,RA261102900419,Project Team,1,Odd Sem 2025 - Month 4
EV05432,RA231100300106,RA241100300214,Technical Club,4,Odd Sem 2025 - Month 1
EV05433,RA231105400020,RA251100300252,Peer Study,1,Odd Sem 2025 - Month 4
EV05434,RA241100300158,RA261105400470,Project Team,3,Odd Sem 2025 - Month 4
EV05435,RA241105400226,RA251100300364,Technical Club,2,Even Sem 2026 - Month 1
EV05436,RA231105600091,RA251105400292,Peer Study,4,Odd Sem 2025 - Midterm
EV05437,RA231102700051,RA231102900025,Technical Club,4,Odd Sem 2025 - Midterm
EV05438,RA231100300022,RA231105400118,Project Team,3,Odd Sem 2025 - Month 1
EV05439,RA251105400348,RA261105400456,Peer Study,4,Even Sem 2026 - Finals
EV05440,RA261100300437,RA261105600471,Peer Study,4,Odd Sem 2025 - Month 1
EV05441,RA251102700309,RA261105600429,Project Team,1,Odd Sem 2025 - Month 2
EV05442,RA251103000305,RA261103000455,Peer Study,2,Even Sem 2026 - Month 1
EV05443,RA231105600119,RA241103000155,Project Team,1,Even Sem 2026 - Month 1
EV05444,RA241102700208,RA241102800160,Technical Club,4,Even Sem 2026 - Month 1
EV05445,RA251102700253,RA261105400463,Technical Club,4,Odd Sem 2025 - Month 2
EV05446,RA241103000246,RA251105600342,Peer Study,1,Odd Sem 2025 - Month 1
EV05447,RA241102800209,RA251102700323,Lab Collaboration,4,Even Sem 2026 - Month 1
EV05448,RA231105600091,RA241103000127,Hackathon Team,1,Odd Sem 2025 - Midterm
EV05449,RA261103000497,RA261105600485,Hackathon Team,2,Even Sem 2026 - Month 1
EV05450,RA241102700187,RA251105600349,Peer Study,2,Even Sem 2026 - Finals
EV05451,RA231105600077,RA251102700323,Project Team,3,Even Sem 2026 - Month 1
EV05452,RA241105400240,RA251103000312,Peer Study,3,Odd Sem 2025 - Month 4
EV05453,RA241105400163,RA251102700337,Peer Study,4,Odd Sem 2025 - Midterm
EV05454,RA231100300001,RA261102700487,Technical Club,3,Odd Sem 2025 - Month 1
EV05455,RA251105400341,RA261105600443,Hackathon Team,2,Odd Sem 2025 - Month 4
EV05456,RA231100300120,RA241103000162,Project Team,1,Odd Sem 2025 - Month 1
EV05457,RA231102700072,RA261102800411,Technical Club,3,Even Sem 2026 - Month 1
EV05458,RA241102700173,RA251105600251,Hackathon Team,3,Even Sem 2026 - Finals
EV05459,RA231102800122,RA241105400128,Project Team,4,Even Sem 2026 - Month 2
EV05460,RA231102700086,RA251102800254,Hackathon Team,1,Odd Sem 2025 - Month 1
EV05461,RA261100300437,RA261102700431,Technical Club,2,Odd Sem 2025 - Month 1
EV05462,RA241102700131,RA251105400292,Project Team,3,Even Sem 2026 - Month 2
EV05463,RA251100300308,RA261102700494,Project Team,4,Even Sem 2026 - Finals
EV05464,RA241102700180,RA251102800282,Technical Club,3,Even Sem 2026 - Month 2
EV05465,RA241103000183,RA241105400184,Technical Club,2,Even Sem 2026 - Month 2
EV05466,RA231105600035,RA241102900161,Peer Study,3,Odd Sem 2025 - Month 2
EV05467,RA241100300186,RA241102800132,Project Team,3,Odd Sem 2025 - Month 2
EV05468,RA241100300242,RA251102900360,Project Team,2,Odd Sem 2025 - Month 2
EV05469,RA231102900123,RA251102800303,Technical Club,4,Odd Sem 2025 - Month 2
EV05470,RA231100300029,RA251102800268,Peer Study,4,Even Sem 2026 - Month 2
EV05471,RA231100300071,RA241103000155,Project Team,3,Odd Sem 2025 - Midterm
EV05472,RA251102700351,RA251102800345,Project Team,2,Even Sem 2026 - Finals
EV05473,RA251100300287,RA251102700316,Hackathon Team,3,Even Sem 2026 - Month 2
EV05474,RA251103000319,RA261100300409,Project Team,3,Even Sem 2026 - Month 2
EV05475,RA231102700086,RA241102800230,Hackathon Team,1,Even Sem 2026 - Month 2
EV05476,RA231102700002,RA251102900290,Hackathon Team,4,Even Sem 2026 - Finals
EV05477,RA231102800059,RA231102900095,Peer Study,4,Even Sem 2026 - Month 1
EV05478,RA231102800052,RA251105600286,Peer Study,4,Even Sem 2026 - Month 2
EV05479,RA231103000117,RA251102800345,Project Team,4,Odd Sem 2025 - Month 4
EV05480,RA241102900154,RA251102800310,Technical Club,3,Odd Sem 2025 - Month 2
EV05481,RA231100300120,RA261102800453,Peer Study,1,Even Sem 2026 - Month 1
EV05482,RA261102800453,RA261105600387,Peer Study,1,Even Sem 2026 - Finals
EV05483,RA231105400027,RA251100300329,Technical Club,3,Even Sem 2026 - Month 1
EV05484,RA231103000096,RA261102700438,Hackathon Team,2,Even Sem 2026 - Month 1
EV05485,RA251100300315,RA261105400477,Project Team,2,Even Sem 2026 - Month 2
EV05486,RA231100300029,RA231102700107,Lab Collaboration,3,Even Sem 2026 - Month 1
EV05487,RA241105600143,RA251102800317,Peer Study,1,Even Sem 2026 - Finals
EV05488,RA231105600021,RA261102900447,Hackathon Team,1,Even Sem 2026 - Month 1
EV05489,RA251102700337,RA251102900367,Peer Study,2,Even Sem 2026 - Finals
EV05490,RA231102700051,RA251102900297,Peer Study,3,Even Sem 2026 - Finals
EV05491,RA261102700410,RA261105400470,Hackathon Team,2,Odd Sem 2025 - Midterm
EV05492,RA231105600084,RA251105400348,Technical Club,3,Even Sem 2026 - Month 1
EV05493,RA231102800101,RA231103000089,Technical Club,2,Odd Sem 2025 - Midterm
EV05494,RA231100300078,RA261105400407,Peer Study,2,Odd Sem 2025 - Month 4
EV05495,RA241102700243,RA241105600129,Project Team,1,Even Sem 2026 - Month 1
EV05496,RA231102800031,RA231105600049,Peer Study,3,Odd Sem 2025 - Midterm
EV05497,RA231100300057,RA231105600063,Peer Study,4,Even Sem 2026 - Month 1
EV05498,RA261103000441,RA261103000490,Technical Club,1,Even Sem 2026 - Month 2
EV05499,RA241102900175,RA241103000169,Peer Study,3,Even Sem 2026 - Finals
EV05500,RA251105600286,RA261102700382,Project Team,4,Even Sem 2026 - Month 1
EV05501,RA241103000204,RA251103000312,Project Team,4,Even Sem 2026 - Month 1
EV05502,RA251105400306,RA251105600300,Hackathon Team,2,Odd Sem 2025 - Month 4
EV05503,RA241105400142,RA241105600136,Project Team,3,Even Sem 2026 - Month 2
EV05504,RA231105400083,RA261100300437,Project Team,2,Odd Sem 2025 - Midterm
EV05505,RA231100300015,RA231102900032,Technical Club,3,Odd Sem 2025 - Month 2
EV05506,RA251102700253,RA261102900391,Technical Club,3,Even Sem 2026 - Finals
EV05507,RA231102800101,RA241102700173,Hackathon Team,3,Even Sem 2026 - Month 2
EV05508,RA231102700100,RA241103000148,Hackathon Team,4,Odd Sem 2025 - Month 4
EV05509,RA261100300409,RA261103000427,Peer Study,3,Odd Sem 2025 - Month 2
EV05510,RA251102800324,RA261105600408,Project Team,4,Odd Sem 2025 - Midterm
EV05511,RA231102700121,RA241105600192,Hackathon Team,1,Even Sem 2026 - Month 1
EV05512,RA241100300137,RA251105400299,Peer Study,1,Odd Sem 2025 - Midterm
EV05513,RA231105600035,RA261102900377,Project Team,1,Even Sem 2026 - Month 1
EV05514,RA251100300315,RA251102800345,Project Team,2,Even Sem 2026 - Finals
EV05515,RA231102800073,RA251102700337,Project Team,3,Odd Sem 2025 - Month 1
EV05516,RA241105400219,RA261100300381,Lab Collaboration,1,Odd Sem 2025 - Month 4
EV05517,RA231105400055,RA251105400348,Peer Study,4,Even Sem 2026 - Month 2
EV05518,RA261100300430,RA261102700424,Project Team,4,Even Sem 2026 - Month 2
EV05519,RA231105600049,RA261103000441,Hackathon Team,2,Odd Sem 2025 - Month 4
EV05520,RA231102900039,RA251102700351,Project Team,2,Odd Sem 2025 - Month 1
EV05521,RA231102700051,RA251105400369,Technical Club,4,Odd Sem 2025 - Midterm
EV05522,RA241102900175,RA241103000169,Hackathon Team,1,Odd Sem 2025 - Midterm
EV05523,RA261102800481,RA261102900475,Hackathon Team,3,Odd Sem 2025 - Month 4
EV05524,RA231105600035,RA241102800202,Technical Club,4,Odd Sem 2025 - Month 2
EV05525,RA241102700166,RA251102700316,Technical Club,2,Even Sem 2026 - Month 2
EV05526,RA241105400205,RA261102900391,Lab Collaboration,4,Odd Sem 2025 - Midterm
EV05527,RA261102700403,RA261102800397,Peer Study,3,Odd Sem 2025 - Month 4
EV05528,RA231102700086,RA231105600007,Hackathon Team,3,Even Sem 2026 - Finals
EV05529,RA251102700316,RA261103000406,Lab Collaboration,3,Odd Sem 2025 - Month 4
EV05530,RA261102700480,RA261102800474,Technical Club,4,Even Sem 2026 - Month 1
EV05531,RA241102800146,RA241105400170,Peer Study,3,Even Sem 2026 - Finals
EV05532,RA231103000082,RA241102700250,Peer Study,4,Even Sem 2026 - Month 1
EV05533,RA231105400006,RA241102900126,Project Team,4,Even Sem 2026 - Month 2
EV05534,RA241100300144,RA261102700396,Peer Study,2,Odd Sem 2025 - Midterm
EV05535,RA251102700316,RA251105400299,Lab Collaboration,3,Odd Sem 2025 - Month 2
EV05536,RA251102700358,RA261102800376,Lab Collaboration,2,Odd Sem 2025 - Month 2
EV05537,RA251102800359,RA251105400341,Project Team,3,Even Sem 2026 - Month 2
EV05538,RA231105400020,RA251103000326,Peer Study,1,Even Sem 2026 - Month 1
EV05539,RA241100300179,RA241102900154,Lab Collaboration,2,Odd Sem 2025 - Month 4
EV05540,RA241100300130,RA241102800244,Lab Collaboration,4,Odd Sem 2025 - Month 2
EV05541,RA231102900053,RA231103000124,Project Team,1,Odd Sem 2025 - Month 1
EV05542,RA241102900126,RA241105600192,Project Team,4,Even Sem 2026 - Finals
EV05543,RA231105600007,RA231105600049,Hackathon Team,1,Odd Sem 2025 - Month 2
EV05544,RA231105400069,RA261105600387,Technical Club,3,Odd Sem 2025 - Month 4
EV05545,RA261102700382,RA261105600387,Lab Collaboration,3,Odd Sem 2025 - Midterm
EV05546,RA251100300287,RA251103000347,Technical Club,1,Odd Sem 2025 - Month 2
EV05547,RA231105400069,RA241102800181,Technical Club,2,Even Sem 2026 - Finals
EV05548,RA231103000096,RA231105400048,Technical Club,1,Even Sem 2026 - Month 2
EV05549,RA231103000019,RA241105400247,Peer Study,3,Odd Sem 2025 - Month 2
EV05550,RA241102700243,RA251102800345,Peer Study,2,Even Sem 2026 - Finals
EV05551,RA241102900154,RA261105600436,Peer Study,3,Odd Sem 2025 - Month 1
EV05552,RA241102700152,RA241102800146,Project Team,4,Even Sem 2026 - Finals
EV05553,RA251100300315,RA261105400393,Technical Club,4,Odd Sem 2025 - Midterm
EV05554,RA231102700065,RA261102800383,Technical Club,2,Even Sem 2026 - Finals
EV05555,RA231100300015,RA261100300493,Peer Study,4,Even Sem 2026 - Finals
EV05556,RA231105400083,RA251100300329,Peer Study,2,Even Sem 2026 - Month 1
EV05557,RA251105400292,RA261103000448,Hackathon Team,3,Odd Sem 2025 - Midterm
EV05558,RA231102800038,RA261103000476,Technical Club,1,Even Sem 2026 - Month 2
EV05559,RA241105600220,RA251103000256,Technical Club,1,Even Sem 2026 - Finals
EV05560,RA241102700194,RA241102900182,Project Team,3,Odd Sem 2025 - Month 1
EV05561,RA241102700222,RA251100300294,Peer Study,3,Odd Sem 2025 - Midterm
EV05562,RA231105400020,RA261100300416,Peer Study,3,Odd Sem 2025 - Month 4
EV05563,RA231103000075,RA261105600485,Hackathon Team,4,Even Sem 2026 - Month 2
EV05564,RA241105600213,RA251102700351,Lab Collaboration,1,Odd Sem 2025 - Month 1
EV05565,RA231100300036,RA231105600042,Lab Collaboration,2,Even Sem 2026 - Month 2
EV05566,RA241100300235,RA241103000127,Technical Club,3,Odd Sem 2025 - Midterm
EV05567,RA241102700131,RA241102800230,Hackathon Team,1,Odd Sem 2025 - Month 4
EV05568,RA241102800202,RA241103000155,Project Team,3,Odd Sem 2025 - Month 2
EV05569,RA241102900175,RA261103000455,Lab Collaboration,3,Even Sem 2026 - Month 1
EV05570,RA251102800275,RA261103000483,Lab Collaboration,2,Even Sem 2026 - Month 2
EV05571,RA251102800268,RA251102900262,Peer Study,1,Odd Sem 2025 - Month 1
EV05572,RA231103000005,RA251103000263,Lab Collaboration,3,Even Sem 2026 - Month 1
EV05573,RA241102800153,RA251103000375,Technical Club,4,Odd Sem 2025 - Midterm
EV05574,RA251102900290,RA261102800488,Hackathon Team,3,Odd Sem 2025 - Month 2
EV05575,RA231102900018,RA241102700222,Hackathon Team,1,Odd Sem 2025 - Month 4
EV05576,RA241102800146,RA241103000134,Technical Club,2,Odd Sem 2025 - Month 2
EV05577,RA241100300151,RA261103000469,Lab Collaboration,4,Even Sem 2026 - Month 2
EV05578,RA251102700260,RA251102900374,Peer Study,1,Even Sem 2026 - Month 2
EV05579,RA231103000033,RA251105600321,Technical Club,1,Even Sem 2026 - Finals
EV05580,RA231103000047,RA251105600335,Lab Collaboration,2,Odd Sem 2025 - Month 2
EV05581,RA241102900147,RA261105400393,Hackathon Team,4,Odd Sem 2025 - Month 1
EV05582,RA231100300029,RA251102700323,Hackathon Team,1,Even Sem 2026 - Month 1
EV05583,RA241100300137,RA241102700131,Technical Club,4,Odd Sem 2025 - Month 2
EV05584,RA231105400118,RA261100300423,Hackathon Team,3,Odd Sem 2025 - Month 1
EV05585,RA261100300493,RA261105600457,Hackathon Team,1,Odd Sem 2025 - Midterm
EV05586,RA231102700072,RA261102800390,Project Team,4,Odd Sem 2025 - Month 1
EV05587,RA231100300078,RA251100300336,Technical Club,1,Even Sem 2026 - Month 2
EV05588,RA231102700030,RA241102700152,Project Team,4,Even Sem 2026 - Finals
EV05589,RA241102900154,RA261105600415,Peer Study,2,Even Sem 2026 - Finals
EV05590,RA251105600363,RA261105400400,Technical Club,3,Odd Sem 2025 - Month 2
EV05591,RA251102700253,RA251103000277,Lab Collaboration,4,Odd Sem 2025 - Month 1
EV05592,RA261100300444,RA261103000378,Technical Club,4,Odd Sem 2025 - Month 4
EV05593,RA231105400027,RA251100300329,Project Team,1,Odd Sem 2025 - Month 1
EV05594,RA241102800216,RA251102800366,Peer Study,3,Even Sem 2026 - Month 2
EV05595,RA231102900053,RA261105400407,Hackathon Team,1,Even Sem 2026 - Finals
EV05596,RA241100300158,RA241102700152,Project Team,2,Even Sem 2026 - Month 1
EV05597,RA261100300437,RA261105600499,Lab Collaboration,4,Odd Sem 2025 - Month 4
EV05598,RA231105400104,RA251100300266,Project Team,4,Even Sem 2026 - Finals
EV05599,RA241102700138,RA241102900168,Peer Study,2,Odd Sem 2025 - Month 4
EV05600,RA231105600119,RA251102700323,Peer Study,3,Odd Sem 2025 - Month 4
EV05601,RA251102800366,RA261105600471,Project Team,4,Even Sem 2026 - Finals
EV05602,RA261102900433,RA261105400463,Project Team,2,Odd Sem 2025 - Midterm
EV05603,RA231105600077,RA261100300395,Lab Collaboration,4,Odd Sem 2025 - Month 1
EV05604,RA231105600070,RA261105600394,Lab Collaboration,2,Even Sem 2026 - Month 1
EV05605,RA261103000406,RA261105600457,Peer Study,1,Odd Sem 2025 - Month 4
EV05606,RA231102800024,RA241105400184,Lab Collaboration,2,Odd Sem 2025 - Month 4
EV05607,RA231100300071,RA231105400083,Lab Collaboration,1,Even Sem 2026 - Finals
EV05608,RA251102900325,RA251105400271,Peer Study,4,Odd Sem 2025 - Month 2
EV05609,RA241105400177,RA251105400369,Technical Club,1,Odd Sem 2025 - Midterm
EV05610,RA231105400020,RA241102900245,Project Team,3,Odd Sem 2025 - Month 2
EV05611,RA241105600157,RA251102800373,Peer Study,1,Even Sem 2026 - Finals
EV05612,RA251105400320,RA261102900482,Lab Collaboration,1,Odd Sem 2025 - Month 4
EV05613,RA231102700121,RA241102900133,Peer Study,4,Even Sem 2026 - Finals
EV05614,RA241105400226,RA261100300395,Peer Study,1,Odd Sem 2025 - Month 4
EV05615,RA261102700403,RA261102800397,Peer Study,4,Even Sem 2026 - Finals
EV05616,RA241100300221,RA261100300437,Project Team,3,Odd Sem 2025 - Midterm
EV05617,RA231105600084,RA231105600119,Peer Study,4,Odd Sem 2025 - Month 1
EV05618,RA231100300085,RA261100300409,Project Team,2,Even Sem 2026 - Month 2
EV05619,RA231102700107,RA241100300221,Technical Club,1,Odd Sem 2025 - Month 2
EV05620,RA241105600150,RA251102700316,Peer Study,1,Odd Sem 2025 - Month 4
EV05621,RA231102800108,RA241105600192,Project Team,2,Odd Sem 2025 - Midterm
EV05622,RA241100300249,RA261103000441,Project Team,2,Odd Sem 2025 - Month 2
EV05623,RA231100300015,RA261102900482,Hackathon Team,2,Odd Sem 2025 - Month 1
EV05624,RA261102900496,RA261105400407,Peer Study,1,Even Sem 2026 - Month 2
EV05625,RA251102900283,RA261103000427,Hackathon Team,3,Even Sem 2026 - Month 2
EV05626,RA231102700093,RA241100300207,Lab Collaboration,1,Even Sem 2026 - Month 2
EV05627,RA231103000026,RA251102800296,Peer Study,3,Odd Sem 2025 - Month 4
EV05628,RA241102700159,RA251103000375,Lab Collaboration,4,Even Sem 2026 - Finals
EV05629,RA251100300371,RA261102700382,Project Team,1,Odd Sem 2025 - Month 4
EV05630,RA231102900095,RA251102700281,Project Team,1,Odd Sem 2025 - Month 1
EV05631,RA231105400027,RA251102900339,Peer Study,3,Even Sem 2026 - Month 1
EV05632,RA251102800345,RA261103000441,Technical Club,3,Even Sem 2026 - Month 2
EV05633,RA261102700410,RA261103000392,Technical Club,2,Odd Sem 2025 - Month 2
EV05634,RA231100300099,RA261105400400,Lab Collaboration,1,Even Sem 2026 - Finals
EV05635,RA231100300029,RA241105600199,Project Team,1,Odd Sem 2025 - Month 4
EV05636,RA241102700138,RA261102900384,Peer Study,4,Odd Sem 2025 - Month 4
EV05637,RA241100300130,RA261102700466,Project Team,1,Odd Sem 2025 - Month 2
EV05638,RA241105600199,RA261105400421,Technical Club,1,Odd Sem 2025 - Month 2
EV05639,RA241100300186,RA241102700180,Lab Collaboration,3,Odd Sem 2025 - Midterm
EV05640,RA251102900325,RA261103000469,Hackathon Team,2,Even Sem 2026 - Month 1
EV05641,RA241105400163,RA261100300493,Peer Study,1,Even Sem 2026 - Finals
EV05642,RA251102700253,RA261105400442,Hackathon Team,4,Even Sem 2026 - Month 1
EV05643,RA231100300078,RA261105600457,Project Team,3,Odd Sem 2025 - Midterm
EV05644,RA231100300001,RA261102700487,Technical Club,1,Even Sem 2026 - Finals
EV05645,RA261105600464,RA261105600492,Project Team,3,Odd Sem 2025 - Midterm
EV05646,RA251102900325,RA251103000277,Project Team,1,Even Sem 2026 - Month 1
EV05647,RA241102900154,RA261100300381,Lab Collaboration,3,Odd Sem 2025 - Midterm
EV05648,RA231100300078,RA231102800024,Technical Club,4,Odd Sem 2025 - Month 2
EV05649,RA231102700100,RA261102700382,Project Team,2,Even Sem 2026 - Month 2
EV05650,RA261102700459,RA261102800453,Project Team,2,Odd Sem 2025 - Month 1
EV05651,RA261100300465,RA261102800453,Project Team,3,Even Sem 2026 - Finals
EV05652,RA231105400111,RA241100300249,Hackathon Team,2,Even Sem 2026 - Month 1
EV05653,RA231100300029,RA241105400233,Hackathon Team,2,Even Sem 2026 - Month 2
EV05654,RA231103000019,RA261105600499,Technical Club,1,Odd Sem 2025 - Month 2
EV05655,RA231105400027,RA251100300329,Peer Study,3,Even Sem 2026 - Month 1
EV05656,RA231100300043,RA241102700145,Hackathon Team,4,Odd Sem 2025 - Month 1
EV05657,RA241103000239,RA261102800425,Technical Club,3,Odd Sem 2025 - Month 4
EV05658,RA231102800087,RA241102800139,Lab Collaboration,3,Odd Sem 2025 - Month 4
EV05659,RA231100300015,RA231105600119,Technical Club,1,Odd Sem 2025 - Month 1
EV05660,RA231103000089,RA231105400083,Peer Study,3,Odd Sem 2025 - Midterm
EV05661,RA231102700044,RA261105400470,Peer Study,4,Odd Sem 2025 - Month 4
EV05662,RA241100300214,RA241105600220,Peer Study,2,Odd Sem 2025 - Month 4
EV05663,RA231105400083,RA261103000455,Technical Club,4,Odd Sem 2025 - Month 2
EV05664,RA241102700194,RA261100300423,Peer Study,4,Odd Sem 2025 - Month 2
EV05665,RA251102900325,RA261105600422,Technical Club,1,Odd Sem 2025 - Month 2
EV05666,RA231102900074,RA261105600387,Peer Study,1,Even Sem 2026 - Month 2
EV05667,RA261103000413,RA261105400449,Hackathon Team,4,Odd Sem 2025 - Month 1
EV05668,RA231102700051,RA231102800059,Hackathon Team,2,Even Sem 2026 - Month 2
EV05669,RA261102700494,RA261103000476,Technical Club,2,Even Sem 2026 - Month 2
EV05670,RA241100300151,RA241105400247,Peer Study,3,Even Sem 2026 - Finals
EV05671,RA241100300221,RA241105600143,Peer Study,2,Even Sem 2026 - Finals
EV05672,RA241105600227,RA261102700473,Technical Club,4,Odd Sem 2025 - Month 1
EV05673,RA231102900102,RA261105400400,Peer Study,3,Odd Sem 2025 - Month 4
EV05674,RA231102900018,RA231103000012,Project Team,2,Even Sem 2026 - Month 1
EV05675,RA261103000455,RA261103000497,Project Team,2,Even Sem 2026 - Month 2
EV05676,RA251105400278,RA251105600272,Technical Club,3,Even Sem 2026 - Month 2
EV05677,RA241100300186,RA241102900210,Peer Study,2,Even Sem 2026 - Finals
EV05678,RA241100300228,RA251100300336,Lab Collaboration,2,Odd Sem 2025 - Month 2
EV05679,RA241102900210,RA251105600258,Project Team,3,Odd Sem 2025 - Month 4
EV05680,RA231102700114,RA261103000441,Peer Study,3,Odd Sem 2025 - Month 1
EV05681,RA231102900074,RA231103000068,Project Team,1,Odd Sem 2025 - Month 1
EV05682,RA241102700145,RA261102900433,Peer Study,2,Even Sem 2026 - Finals
EV05683,RA251105400327,RA261105400393,Technical Club,3,Odd Sem 2025 - Month 4
EV05684,RA241100300207,RA251102700316,Technical Club,1,Odd Sem 2025 - Midterm
EV05685,RA251105400292,RA261102900391,Peer Study,4,Odd Sem 2025 - Month 2
EV05686,RA251102800254,RA251102900332,Peer Study,2,Even Sem 2026 - Month 2
EV05687,RA231102800038,RA261102700410,Technical Club,4,Odd Sem 2025 - Month 1
EV05688,RA251103000270,RA261100300486,Project Team,1,Odd Sem 2025 - Month 2
EV05689,RA241105400177,RA241105600171,Lab Collaboration,1,Odd Sem 2025 - Month 4
EV05690,RA241102800209,RA251100300287,Peer Study,3,Even Sem 2026 - Month 1
EV05691,RA231100300071,RA231105400006,Hackathon Team,3,Odd Sem 2025 - Midterm
EV05692,RA231102900074,RA261105400407,Hackathon Team,2,Odd Sem 2025 - Month 4
EV05693,RA241103000134,RA241103000176,Peer Study,4,Odd Sem 2025 - Month 1
EV05694,RA231102700030,RA251102700372,Project Team,1,Even Sem 2026 - Month 2
EV05695,RA231100300106,RA241100300214,Hackathon Team,4,Odd Sem 2025 - Month 2
EV05696,RA261102700431,RA261103000497,Project Team,1,Even Sem 2026 - Month 1
EV05697,RA251103000270,RA261103000462,Technical Club,3,Even Sem 2026 - Finals
EV05698,RA231102800087,RA251102900311,Technical Club,2,Even Sem 2026 - Finals
EV05699,RA231105600056,RA251102700316,Project Team,1,Odd Sem 2025 - Midterm
EV05700,RA251100300294,RA251105600300,Project Team,4,Even Sem 2026 - Month 1
EV05701,RA241102700145,RA241102800202,Peer Study,2,Odd Sem 2025 - Month 1
EV05702,RA241105400128,RA261100300416,Project Team,3,Odd Sem 2025 - Month 1
EV05703,RA251102700316,RA261102700445,Hackathon Team,1,Odd Sem 2025 - Midterm
EV05704,RA241102700215,RA251105400257,Project Team,1,Odd Sem 2025 - Month 4
EV05705,RA231105400034,RA241100300214,Lab Collaboration,4,Odd Sem 2025 - Month 2
EV05706,RA251102900325,RA251105400271,Lab Collaboration,1,Odd Sem 2025 - Month 2
EV05707,RA231102800059,RA241105400184,Hackathon Team,1,Even Sem 2026 - Finals
EV05708,RA241102700166,RA261102800460,Project Team,2,Even Sem 2026 - Finals
EV05709,RA261102700382,RA261102900489,Peer Study,4,Even Sem 2026 - Month 1
EV05710,RA251102900353,RA261100300437,Technical Club,3,Even Sem 2026 - Finals
EV05711,RA231100300057,RA231105600063,Technical Club,2,Even Sem 2026 - Month 2
EV05712,RA241105400240,RA251102800324,Project Team,2,Odd Sem 2025 - Midterm
EV05713,RA241102900210,RA251102800282,Technical Club,1,Even Sem 2026 - Month 2
EV05714,RA241105600234,RA261103000462,Project Team,1,Even Sem 2026 - Month 1
EV05715,RA251102800310,RA251105400292,Technical Club,2,Even Sem 2026 - Finals
EV05716,RA251102900318,RA251103000312,Lab Collaboration,4,Even Sem 2026 - Finals
EV05717,RA251103000263,RA261102700473,Hackathon Team,1,Odd Sem 2025 - Midterm
EV05718,RA231105600119,RA261102700452,Hackathon Team,1,Even Sem 2026 - Month 2
EV05719,RA261105600387,RA261105600457,Lab Collaboration,4,Odd Sem 2025 - Midterm
EV05720,RA241102800195,RA261102900489,Technical Club,4,Odd Sem 2025 - Midterm
EV05721,RA231100300085,RA241102900175,Project Team,2,Even Sem 2026 - Finals
EV05722,RA241103000169,RA261100300451,Hackathon Team,1,Even Sem 2026 - Month 2
EV05723,RA231103000103,RA241102700145,Project Team,2,Even Sem 2026 - Month 1
EV05724,RA251105600328,RA261102900412,Lab Collaboration,2,Even Sem 2026 - Month 1
EV05725,RA261102900440,RA261103000434,Peer Study,1,Even Sem 2026 - Month 2
EV05726,RA241105400205,RA261103000483,Technical Club,1,Odd Sem 2025 - Month 1
EV05727,RA251103000333,RA251105400320,Lab Collaboration,1,Odd Sem 2025 - Month 1
EV05728,RA251102800373,RA261105400379,Technical Club,4,Odd Sem 2025 - Midterm
EV05729,RA261103000455,RA261103000497,Project Team,1,Even Sem 2026 - Finals
EV05730,RA241102800230,RA251102700372,Technical Club,3,Odd Sem 2025 - Month 2
EV05731,RA241105600192,RA261105400498,Lab Collaboration,3,Odd Sem 2025 - Month 2
EV05732,RA251102900283,RA261105600415,Hackathon Team,3,Odd Sem 2025 - Month 1
EV05733,RA241105600199,RA261105400421,Lab Collaboration,3,Odd Sem 2025 - Midterm
EV05734,RA231105400111,RA261100300437,Peer Study,4,Even Sem 2026 - Month 1
EV05735,RA251102800268,RA261102800495,Technical Club,4,Odd Sem 2025 - Month 2
EV05736,RA261100300493,RA261102700487,Project Team,4,Even Sem 2026 - Month 1
EV05737,RA261102800439,RA261105400386,Hackathon Team,3,Even Sem 2026 - Finals
EV05738,RA241102800132,RA251100300294,Peer Study,3,Even Sem 2026 - Month 2
EV05739,RA231103000117,RA261105600464,Lab Collaboration,3,Odd Sem 2025 - Midterm
EV05740,RA241100300221,RA241102900203,Lab Collaboration,4,Even Sem 2026 - Finals
EV05741,RA241105600206,RA261102800488,Project Team,2,Odd Sem 2025 - Midterm
EV05742,RA231102700030,RA241102900126,Project Team,2,Odd Sem 2025 - Midterm
EV05743,RA241105400247,RA261103000497,Hackathon Team,1,Odd Sem 2025 - Month 1
EV05744,RA261102700445,RA261102800439,Technical Club,4,Odd Sem 2025 - Month 1
EV05745,RA231100300106,RA261100300472,Hackathon Team,3,Odd Sem 2025 - Month 4
EV05746,RA251102700281,RA251103000347,Project Team,4,Odd Sem 2025 - Midterm
EV05747,RA231103000124,RA261102800376,Lab Collaboration,1,Odd Sem 2025 - Month 4
EV05748,RA231102900025,RA251102900283,Hackathon Team,1,Even Sem 2026 - Month 1
EV05749,RA241105400170,RA261102900482,Hackathon Team,4,Odd Sem 2025 - Month 2
EV05750,RA231102900074,RA261102700396,Project Team,4,Odd Sem 2025 - Month 2
EV05751,RA231102900095,RA241102800209,Technical Club,2,Even Sem 2026 - Finals
EV05752,RA251102900332,RA261103000392,Peer Study,2,Even Sem 2026 - Finals
EV05753,RA251102800289,RA261102900433,Project Team,2,Even Sem 2026 - Finals
EV05754,RA241102800153,RA251102800345,Hackathon Team,2,Odd Sem 2025 - Month 1
EV05755,RA251102800345,RA261102800453,Project Team,2,Even Sem 2026 - Finals
EV05756,RA231102900102,RA241103000246,Project Team,2,Odd Sem 2025 - Month 4
EV05757,RA231105600119,RA261102700438,Hackathon Team,3,Odd Sem 2025 - Midterm
EV05758,RA231102800080,RA261102700494,Lab Collaboration,1,Odd Sem 2025 - Month 1
EV05759,RA261100300486,RA261105600457,Lab Collaboration,3,Even Sem 2026 - Finals
EV05760,RA241102900210,RA241103000204,Peer Study,3,Odd Sem 2025 - Month 4
EV05761,RA241102800230,RA251100300329,Peer Study,3,Odd Sem 2025 - Month 2
EV05762,RA251102700281,RA251102800275,Technical Club,4,Odd Sem 2025 - Month 1
EV05763,RA231102700100,RA241102900189,Hackathon Team,4,Odd Sem 2025 - Month 4
EV05764,RA241102900133,RA241103000127,Peer Study,3,Even Sem 2026 - Finals
EV05765,RA261102800488,RA261103000455,Project Team,3,Odd Sem 2025 - Month 1
EV05766,RA231105600035,RA241102800209,Project Team,2,Odd Sem 2025 - Month 2
EV05767,RA251105600265,RA261105400463,Project Team,2,Even Sem 2026 - Finals
EV05768,RA241100300249,RA261105600457,Lab Collaboration,3,Odd Sem 2025 - Month 4
EV05769,RA261102900391,RA261103000385,Hackathon Team,1,Even Sem 2026 - Month 2
EV05770,RA241102700131,RA251105400362,Hackathon Team,4,Odd Sem 2025 - Month 1
EV05771,RA241102900147,RA261102800411,Hackathon Team,2,Even Sem 2026 - Month 1
EV05772,RA261102800488,RA261105600422,Peer Study,2,Odd Sem 2025 - Midterm
EV05773,RA241100300235,RA261105600401,Peer Study,4,Odd Sem 2025 - Month 2
EV05774,RA241102700180,RA261100300402,Peer Study,4,Odd Sem 2025 - Month 2
EV05775,RA231100300092,RA261102800404,Hackathon Team,2,Odd Sem 2025 - Month 1
EV05776,RA261102700382,RA261105600394,Project Team,4,Odd Sem 2025 - Month 2
EV05777,RA241100300151,RA261102700403,Project Team,4,Even Sem 2026 - Month 1
EV05778,RA231102800087,RA241102700201,Peer Study,1,Even Sem 2026 - Finals
EV05779,RA231105600112,RA241102900175,Hackathon Team,3,Odd Sem 2025 - Month 1
EV05780,RA231102900053,RA261103000497,Peer Study,2,Odd Sem 2025 - Midterm
EV05781,RA241102800216,RA241105600150,Project Team,1,Even Sem 2026 - Month 1
EV05782,RA231100300015,RA241105600129,Technical Club,4,Odd Sem 2025 - Month 1
EV05783,RA241102700180,RA251102900276,Project Team,3,Odd Sem 2025 - Midterm
EV05784,RA241102800230,RA251105600349,Technical Club,1,Odd Sem 2025 - Month 4
EV05785,RA251102700274,RA251102800254,Technical Club,3,Odd Sem 2025 - Midterm
EV05786,RA231102800080,RA251105400320,Technical Club,3,Odd Sem 2025 - Month 1
EV05787,RA231103000124,RA261105400400,Project Team,1,Odd Sem 2025 - Month 2
EV05788,RA231102900046,RA261102800376,Project Team,1,Odd Sem 2025 - Midterm
EV05789,RA261105400379,RA261105400463,Lab Collaboration,1,Odd Sem 2025 - Midterm
EV05790,RA251100300294,RA261105600408,Project Team,2,Odd Sem 2025 - Month 2
EV05791,RA241102900231,RA241105600129,Lab Collaboration,3,Even Sem 2026 - Month 1
EV05792,RA231102700009,RA241105600213,Hackathon Team,4,Odd Sem 2025 - Midterm
EV05793,RA241102700138,RA241105600150,Project Team,2,Odd Sem 2025 - Month 1
EV05794,RA231105600070,RA251102900346,Lab Collaboration,2,Odd Sem 2025 - Month 1
EV05795,RA241102700173,RA261100300395,Technical Club,3,Odd Sem 2025 - Month 1
EV05796,RA251100300287,RA251103000347,Project Team,1,Even Sem 2026 - Month 2
EV05797,RA241102700208,RA251102800352,Technical Club,3,Odd Sem 2025 - Month 4
EV05798,RA231105600098,RA241105400233,Project Team,4,Even Sem 2026 - Finals
EV05799,RA231102900004,RA241102800160,Hackathon Team,2,Odd Sem 2025 - Month 1
EV05800,RA231103000096,RA261105400456,Lab Collaboration,4,Odd Sem 2025 - Month 2
EV05801,RA231102900088,RA241100300172,Project Team,2,Odd Sem 2025 - Month 1
EV05802,RA261102800411,RA261102900489,Technical Club,2,Odd Sem 2025 - Month 2
EV05803,RA261100300402,RA261105600408,Lab Collaboration,2,Even Sem 2026 - Month 2
EV05804,RA241102900147,RA241105400135,Peer Study,4,Odd Sem 2025 - Month 2
EV05805,RA231102700072,RA261105600450,Project Team,1,Even Sem 2026 - Month 2
EV05806,RA251105400292,RA261105400428,Technical Club,1,Odd Sem 2025 - Month 1
EV05807,RA231105400027,RA251102900339,Lab Collaboration,4,Odd Sem 2025 - Month 1
EV05808,RA251105600307,RA261100300437,Lab Collaboration,4,Odd Sem 2025 - Month 4
EV05809,RA241103000134,RA241105400128,Project Team,4,Even Sem 2026 - Month 1
EV05810,RA241105400212,RA241105600206,Technical Club,4,Odd Sem 2025 - Month 2
EV05811,RA251102700351,RA251105400327,Hackathon Team,3,Odd Sem 2025 - Month 4
EV05812,RA251102900304,RA261102700389,Hackathon Team,4,Odd Sem 2025 - Midterm
EV05813,RA261100300430,RA261105600436,Hackathon Team,2,Odd Sem 2025 - Month 1
EV05814,RA241102700187,RA251102700274,Technical Club,1,Odd Sem 2025 - Midterm
EV05815,RA241100300186,RA251102900255,Project Team,4,Odd Sem 2025 - Midterm
EV05816,RA241102800216,RA251100300252,Peer Study,3,Odd Sem 2025 - Midterm
EV05817,RA261100300437,RA261105600443,Lab Collaboration,1,Odd Sem 2025 - Month 4
EV05818,RA231103000103,RA261103000469,Peer Study,2,Odd Sem 2025 - Midterm
EV05819,RA241105400233,RA261105400449,Project Team,4,Odd Sem 2025 - Month 1
EV05820,RA251105600265,RA261105400463,Peer Study,2,Odd Sem 2025 - Month 2
EV05821,RA251100300350,RA261102700382,Technical Club,3,Odd Sem 2025 - Month 2
EV05822,RA231102800031,RA231102900025,Hackathon Team,1,Even Sem 2026 - Month 2
EV05823,RA251100300252,RA261105400456,Hackathon Team,1,Odd Sem 2025 - Month 4
EV05824,RA231102800038,RA231102900032,Lab Collaboration,2,Odd Sem 2025 - Month 2
EV05825,RA241100300179,RA241102900175,Project Team,1,Odd Sem 2025 - Midterm
EV05826,RA241102900217,RA251103000298,Lab Collaboration,1,Even Sem 2026 - Month 1
EV05827,RA241105400149,RA261102800467,Technical Club,1,Even Sem 2026 - Finals
EV05828,RA231102800087,RA261105600457,Project Team,3,Odd Sem 2025 - Midterm
EV05829,RA241102900189,RA261102800446,Project Team,3,Odd Sem 2025 - Month 1
EV05830,RA231102800094,RA231105400034,Project Team,3,Even Sem 2026 - Month 2
EV05831,RA231105400111,RA251102700267,Lab Collaboration,3,Even Sem 2026 - Month 1
EV05832,RA241105400128,RA251102900332,Lab Collaboration,4,Odd Sem 2025 - Midterm
EV05833,RA231105600021,RA261103000483,Project Team,1,Odd Sem 2025 - Month 1
EV05834,RA231105600077,RA261105400400,Project Team,3,Odd Sem 2025 - Month 2
EV05835,RA261102900454,RA261103000448,Peer Study,2,Odd Sem 2025 - Midterm
EV05836,RA241105600199,RA261102900433,Lab Collaboration,2,Even Sem 2026 - Finals
EV05837,RA241105600157,RA251102700295,Peer Study,3,Even Sem 2026 - Month 2
EV05838,RA241102700208,RA261102700424,Lab Collaboration,1,Odd Sem 2025 - Month 1
EV05839,RA241102800209,RA241102900203,Peer Study,1,Odd Sem 2025 - Month 4
EV05840,RA251102800303,RA261105400442,Technical Club,4,Odd Sem 2025 - Month 1
EV05841,RA241105600143,RA251102800324,Lab Collaboration,3,Even Sem 2026 - Month 2
EV05842,RA231102700072,RA241100300144,Lab Collaboration,3,Odd Sem 2025 - Midterm
EV05843,RA231100300043,RA231105600049,Project Team,1,Even Sem 2026 - Finals
EV05844,RA231102900046,RA251105400334,Technical Club,3,Odd Sem 2025 - Month 2
EV05845,RA241102700138,RA241102900168,Hackathon Team,3,Odd Sem 2025 - Month 1
EV05846,RA241102900161,RA251102700365,Hackathon Team,1,Even Sem 2026 - Finals
EV05847,RA231100300078,RA261103000448,Lab Collaboration,2,Odd Sem 2025 - Month 4
EV05848,RA241105400205,RA251102700267,Lab Collaboration,2,Odd Sem 2025 - Month 4
EV05849,RA231100300078,RA251100300252,Hackathon Team,2,Odd Sem 2025 - Month 1
EV05850,RA241105600171,RA261105400477,Peer Study,3,Even Sem 2026 - Month 1
EV05851,RA231102900060,RA241105400184,Hackathon Team,3,Odd Sem 2025 - Month 2
EV05852,RA231102800122,RA231102900116,Lab Collaboration,4,Even Sem 2026 - Month 1
EV05853,RA261103000378,RA261105600485,Peer Study,4,Even Sem 2026 - Month 1
EV05854,RA231100300029,RA241103000155,Peer Study,1,Even Sem 2026 - Finals
EV05855,RA251100300301,RA261103000427,Project Team,1,Even Sem 2026 - Month 2
EV05856,RA231102700016,RA241105400205,Project Team,2,Even Sem 2026 - Finals
EV05857,RA231102800122,RA241105600248,Peer Study,1,Even Sem 2026 - Finals
EV05858,RA241102800132,RA261105400498,Lab Collaboration,4,Even Sem 2026 - Month 2
EV05859,RA241102900175,RA251105600265,Project Team,4,Odd Sem 2025 - Midterm
EV05860,RA241102700208,RA261102900412,Peer Study,2,Even Sem 2026 - Month 2
EV05861,RA241100300242,RA241105600248,Technical Club,2,Even Sem 2026 - Month 2
EV05862,RA231102800108,RA241102900210,Project Team,1,Odd Sem 2025 - Month 1
EV05863,RA251102700260,RA261105400386,Peer Study,2,Even Sem 2026 - Finals
EV05864,RA241100300172,RA261100300388,Lab Collaboration,3,Even Sem 2026 - Finals
EV05865,RA241102800202,RA251102800275,Peer Study,1,Odd Sem 2025 - Month 4
EV05866,RA241105400226,RA261102900496,Hackathon Team,1,Odd Sem 2025 - Month 1
EV05867,RA231100300113,RA251105600251,Hackathon Team,4,Odd Sem 2025 - Month 1
EV05868,RA251102900290,RA261105600464,Lab Collaboration,2,Even Sem 2026 - Month 2
EV05869,RA231102900116,RA241105400128,Project Team,3,Odd Sem 2025 - Month 4
EV05870,RA231102800087,RA261105600457,Peer Study,1,Odd Sem 2025 - Midterm
EV05871,RA231100300015,RA231105600021,Technical Club,1,Odd Sem 2025 - Month 2
EV05872,RA261102700410,RA261102800404,Lab Collaboration,2,Odd Sem 2025 - Month 2
EV05873,RA231100300078,RA261100300472,Peer Study,2,Odd Sem 2025 - Month 1
EV05874,RA241102900175,RA261105600457,Lab Collaboration,1,Even Sem 2026 - Finals
EV05875,RA241102900217,RA251102700337,Lab Collaboration,4,Even Sem 2026 - Month 1
EV05876,RA231105600070,RA241100300172,Hackathon Team,1,Odd Sem 2025 - Month 4
EV05877,RA251102900346,RA251103000256,Technical Club,1,Odd Sem 2025 - Midterm
EV05878,RA241102900210,RA261102800432,Technical Club,3,Even Sem 2026 - Month 2
EV05879,RA251102900311,RA261102900419,Lab Collaboration,4,Odd Sem 2025 - Month 4
EV05880,RA251102700267,RA261102800453,Technical Club,3,Odd Sem 2025 - Month 2
EV05881,RA231102800059,RA251102800296,Project Team,3,Odd Sem 2025 - Midterm
EV05882,RA241102800181,RA261105600492,Project Team,1,Odd Sem 2025 - Month 2
EV05883,RA231100300071,RA231105400041,Project Team,3,Odd Sem 2025 - Month 2
EV05884,RA231105400027,RA251100300329,Hackathon Team,4,Odd Sem 2025 - Month 4
EV05885,RA231103000096,RA261102700438,Project Team,4,Odd Sem 2025 - Midterm
EV05886,RA241105400184,RA251102700344,Peer Study,4,Odd Sem 2025 - Midterm
EV05887,RA241102800139,RA251105400292,Technical Club,2,Even Sem 2026 - Month 2
EV05888,RA261100300381,RA261103000399,Peer Study,4,Odd Sem 2025 - Month 4
EV05889,RA231102700072,RA241102700138,Hackathon Team,3,Even Sem 2026 - Finals
EV05890,RA231102800024,RA241102700180,Peer Study,3,Even Sem 2026 - Month 1
EV05891,RA251103000305,RA261105600401,Technical Club,1,Odd Sem 2025 - Month 2
EV05892,RA231105600084,RA261102900454,Project Team,2,Odd Sem 2025 - Month 4
EV05893,RA241102700159,RA241102800153,Technical Club,1,Odd Sem 2025 - Month 4
EV05894,RA261103000441,RA261105600464,Hackathon Team,2,Odd Sem 2025 - Month 1
EV05895,RA261102700445,RA261103000427,Technical Club,1,Odd Sem 2025 - Month 1
EV05896,RA231102700100,RA261105600485,Hackathon Team,4,Odd Sem 2025 - Month 2
EV05897,RA241105400149,RA261105600401,Peer Study,3,Even Sem 2026 - Month 2
EV05898,RA231105600098,RA241105400233,Hackathon Team,3,Even Sem 2026 - Month 1
EV05899,RA231100300078,RA231102800024,Technical Club,2,Even Sem 2026 - Month 1
EV05900,RA251103000305,RA261102900461,Hackathon Team,4,Odd Sem 2025 - Month 2
EV05901,RA241105600227,RA251100300287,Technical Club,4,Even Sem 2026 - Month 2
EV05902,RA231103000124,RA231105400118,Project Team,3,Odd Sem 2025 - Midterm
EV05903,RA231102900081,RA251105600279,Technical Club,3,Even Sem 2026 - Finals
EV05904,RA231102800094,RA261102900496,Lab Collaboration,1,Even Sem 2026 - Month 1
EV05905,RA231102700065,RA261105600457,Lab Collaboration,3,Even Sem 2026 - Month 2
EV05906,RA231105400125,RA261102800446,Hackathon Team,3,Even Sem 2026 - Finals
EV05907,RA231100300120,RA231105400090,Peer Study,3,Odd Sem 2025 - Month 2
EV05908,RA241102800216,RA251102900360,Hackathon Team,3,Odd Sem 2025 - Month 4
EV05909,RA241102700152,RA261105400428,Lab Collaboration,1,Even Sem 2026 - Month 1
EV05910,RA231105400062,RA261102700452,Lab Collaboration,1,Even Sem 2026 - Finals
EV05911,RA231102700121,RA251102900325,Technical Club,1,Odd Sem 2025 - Month 1
EV05912,RA231103000117,RA261105400393,Lab Collaboration,4,Odd Sem 2025 - Month 1
EV05913,RA251105400278,RA251105400292,Peer Study,4,Odd Sem 2025 - Month 2
EV05914,RA241102700222,RA241103000204,Technical Club,1,Even Sem 2026 - Month 1
EV05915,RA231100300029,RA231105600105,Lab Collaboration,1,Even Sem 2026 - Month 1
EV05916,RA241105400142,RA261102700382,Project Team,3,Even Sem 2026 - Month 1
EV05917,RA241102900238,RA251103000298,Lab Collaboration,3,Odd Sem 2025 - Month 2
EV05918,RA231103000068,RA251102700302,Technical Club,2,Even Sem 2026 - Month 1
EV05919,RA251105600314,RA261103000476,Peer Study,1,Odd Sem 2025 - Month 4
EV05920,RA241103000169,RA261103000427,Peer Study,2,Odd Sem 2025 - Month 2
EV05921,RA251105600258,RA261102800474,Project Team,4,Odd Sem 2025 - Midterm
EV05922,RA231103000075,RA261100300465,Peer Study,4,Odd Sem 2025 - Month 4
EV05923,RA231100300036,RA231102800024,Lab Collaboration,3,Even Sem 2026 - Month 1
EV05924,RA231102900088,RA241105400142,Technical Club,1,Odd Sem 2025 - Month 2
EV05925,RA231102700051,RA241102700159,Technical Club,2,Even Sem 2026 - Month 2
EV05926,RA251102800282,RA261102900384,Technical Club,4,Even Sem 2026 - Finals
EV05927,RA251100300343,RA261100300423,Lab Collaboration,4,Even Sem 2026 - Finals
EV05928,RA231102700100,RA251102700365,Peer Study,1,Odd Sem 2025 - Midterm
EV05929,RA231102700121,RA241102900133,Lab Collaboration,1,Odd Sem 2025 - Month 1
EV05930,RA241102900210,RA261102700438,Project Team,1,Odd Sem 2025 - Month 4
EV05931,RA241102900147,RA261102800411,Project Team,2,Odd Sem 2025 - Month 4
EV05932,RA241100300214,RA251102800310,Project Team,4,Odd Sem 2025 - Month 4
EV05933,RA231102700121,RA251105400299,Peer Study,4,Odd Sem 2025 - Midterm
EV05934,RA241102700187,RA251102700274,Hackathon Team,4,Even Sem 2026 - Month 2
EV05935,RA241102700194,RA251102800296,Project Team,4,Even Sem 2026 - Finals
EV05936,RA251102900346,RA251103000340,Project Team,4,Odd Sem 2025 - Month 4
EV05937,RA231100300029,RA241105400149,Hackathon Team,4,Even Sem 2026 - Month 2
EV05938,RA241102700152,RA261105400428,Lab Collaboration,1,Odd Sem 2025 - Month 1
EV05939,RA251100300266,RA261105400386,Peer Study,1,Odd Sem 2025 - Month 1
EV05940,RA231102800122,RA241105600248,Peer Study,2,Odd Sem 2025 - Month 4
EV05941,RA241103000246,RA261105600450,Lab Collaboration,2,Odd Sem 2025 - Month 4
EV05942,RA251105400264,RA261105400498,Hackathon Team,3,Odd Sem 2025 - Midterm
EV05943,RA241105600185,RA261103000497,Project Team,2,Even Sem 2026 - Month 2
EV05944,RA231100300099,RA231102700093,Project Team,3,Even Sem 2026 - Finals
EV05945,RA231100300029,RA261105400484,Hackathon Team,1,Odd Sem 2025 - Month 2
EV05946,RA231105400034,RA251105400292,Lab Collaboration,3,Even Sem 2026 - Finals
EV05947,RA251103000284,RA251105400278,Peer Study,2,Even Sem 2026 - Finals
EV05948,RA251102900283,RA251105600265,Lab Collaboration,1,Even Sem 2026 - Month 1
EV05949,RA241100300249,RA251100300315,Lab Collaboration,4,Odd Sem 2025 - Month 2
EV05950,RA231105600077,RA241105400191,Peer Study,1,Odd Sem 2025 - Month 1
EV05951,RA241100300193,RA241105600129,Peer Study,3,Odd Sem 2025 - Month 4
EV05952,RA231103000026,RA231105400020,Hackathon Team,2,Odd Sem 2025 - Month 1
EV05953,RA251102700253,RA261102900391,Lab Collaboration,2,Odd Sem 2025 - Month 2
EV05954,RA231102800052,RA261100300423,Peer Study,4,Even Sem 2026 - Month 2
EV05955,RA241102800202,RA261102900391,Technical Club,4,Odd Sem 2025 - Month 2
EV05956,RA241100300144,RA241100300186,Project Team,3,Odd Sem 2025 - Month 2
EV05957,RA231103000103,RA261105600415,Project Team,1,Even Sem 2026 - Month 2
EV05958,RA231102800017,RA251102900269,Lab Collaboration,2,Odd Sem 2025 - Month 1
EV05959,RA231102800073,RA251102700337,Peer Study,3,Even Sem 2026 - Month 2
EV05960,RA251105600356,RA261103000392,Project Team,3,Even Sem 2026 - Month 2
EV05961,RA231102700037,RA261105600457,Peer Study,2,Odd Sem 2025 - Month 2
EV05962,RA231102700030,RA241102800216,Hackathon Team,4,Even Sem 2026 - Finals
EV05963,RA241102900154,RA251102700358,Hackathon Team,2,Even Sem 2026 - Month 2
EV05964,RA241102800139,RA251100300259,Hackathon Team,4,Even Sem 2026 - Finals
EV05965,RA231100300120,RA241102700138,Project Team,1,Even Sem 2026 - Month 1
EV05966,RA231100300015,RA241102800230,Hackathon Team,1,Even Sem 2026 - Month 1
EV05967,RA241102700159,RA241105400177,Project Team,4,Even Sem 2026 - Month 2
EV05968,RA231102800094,RA241102700250,Technical Club,3,Even Sem 2026 - Finals
EV05969,RA231102700079,RA241102700187,Lab Collaboration,4,Odd Sem 2025 - Month 1
EV05970,RA231103000005,RA241103000155,Project Team,1,Even Sem 2026 - Month 1
EV05971,RA231102900067,RA231105600091,Lab Collaboration,4,Odd Sem 2025 - Month 4
EV05972,RA241100300249,RA241105600248,Project Team,1,Even Sem 2026 - Month 1
EV05973,RA241105400163,RA251102800289,Technical Club,3,Even Sem 2026 - Month 2
EV05974,RA251102800366,RA261105600408,Technical Club,1,Odd Sem 2025 - Month 1
EV05975,RA231105600119,RA261102800425,Technical Club,3,Even Sem 2026 - Month 1
EV05976,RA251105600286,RA261102700382,Project Team,3,Even Sem 2026 - Finals
EV05977,RA241100300186,RA241102700222,Peer Study,3,Even Sem 2026 - Month 1
EV05978,RA251105400257,RA261105600485,Project Team,3,Even Sem 2026 - Finals
EV05979,RA241100300144,RA241102700138,Lab Collaboration,2,Even Sem 2026 - Month 2
EV05980,RA261102700382,RA261105600394,Peer Study,1,Even Sem 2026 - Month 2
EV05981,RA231102900088,RA251102800268,Project Team,3,Even Sem 2026 - Finals
EV05982,RA231102900109,RA251105600307,Hackathon Team,2,Odd Sem 2025 - Month 4
EV05983,RA231105400090,RA251103000270,Lab Collaboration,1,Odd Sem 2025 - Midterm
EV05984,RA231105400034,RA241103000148,Technical Club,3,Odd Sem 2025 - Month 2
EV05985,RA241105400198,RA251105400306,Project Team,4,Odd Sem 2025 - Month 1
EV05986,RA241105600157,RA261105600436,Project Team,1,Odd Sem 2025 - Month 2
EV05987,RA231105400111,RA261103000483,Project Team,2,Even Sem 2026 - Month 2
EV05988,RA231105400055,RA241105600199,Project Team,3,Odd Sem 2025 - Month 2
EV05989,RA241100300207,RA241103000225,Peer Study,3,Odd Sem 2025 - Month 1
EV05990,RA231100300078,RA251102800310,Technical Club,3,Even Sem 2026 - Finals
EV05991,RA241102900238,RA261102700424,Technical Club,1,Odd Sem 2025 - Month 2
EV05992,RA231103000012,RA261100300472,Project Team,3,Even Sem 2026 - Month 2
EV05993,RA241105400205,RA251105400348,Technical Club,1,Odd Sem 2025 - Month 4
EV05994,RA231105600049,RA251102700253,Project Team,2,Even Sem 2026 - Month 2
EV05995,RA241102900154,RA251102900353,Hackathon Team,1,Odd Sem 2025 - Midterm
EV05996,RA261102800376,RA261102800439,Project Team,4,Odd Sem 2025 - Month 2
EV05997,RA231105600035,RA251102800324,Hackathon Team,3,Even Sem 2026 - Finals
EV05998,RA231102900088,RA251102800310,Lab Collaboration,4,Odd Sem 2025 - Month 2
EV05999,RA231102700072,RA251102800366,Hackathon Team,2,Even Sem 2026 - Month 2
EV06000,RA241105600185,RA261100300437,Project Team,4,Even Sem 2026 - Finals
EV06001,RA231103000019,RA251105400369,Project Team,2,Odd Sem 2025 - Month 1
EV06002,RA241105600199,RA261102700403,Hackathon Team,3,Odd Sem 2025 - Month 2
EV06003,RA251105600258,RA261102800390,Lab Collaboration,1,Even Sem 2026 - Month 1
EV06004,RA241105600220,RA261105600499,Peer Study,3,Even Sem 2026 - Month 1
EV06005,RA241100300207,RA241105400177,Peer Study,1,Even Sem 2026 - Month 1
EV06006,RA231102900102,RA241103000162,Technical Club,4,Odd Sem 2025 - Month 2
EV06007,RA251102700267,RA251103000375,Lab Collaboration,2,Even Sem 2026 - Month 2
EV06008,RA241102800244,RA261102800376,Technical Club,4,Even Sem 2026 - Month 1
EV06009,RA231102700051,RA251105600321,Lab Collaboration,1,Odd Sem 2025 - Month 2
EV06010,RA241102700194,RA241102800188,Technical Club,3,Odd Sem 2025 - Month 2
EV06011,RA231102900060,RA231105600098,Peer Study,3,Odd Sem 2025 - Midterm
EV06012,RA231100300078,RA231103000033,Lab Collaboration,2,Even Sem 2026 - Month 1
EV06013,RA231100300029,RA251103000354,Lab Collaboration,2,Odd Sem 2025 - Month 4
EV06014,RA231105400090,RA261102700431,Project Team,3,Even Sem 2026 - Month 1
EV06015,RA231102700121,RA241100300151,Lab Collaboration,4,Odd Sem 2025 - Month 1
EV06016,RA241100300207,RA251102700316,Hackathon Team,3,Odd Sem 2025 - Midterm
EV06017,RA231102700002,RA261102900482,Project Team,4,Odd Sem 2025 - Month 2
EV06018,RA231102900025,RA261105600401,Technical Club,1,Even Sem 2026 - Finals
EV06019,RA231105400006,RA241100300144,Peer Study,1,Odd Sem 2025 - Midterm
EV06020,RA231100300036,RA231102800024,Lab Collaboration,2,Odd Sem 2025 - Month 1
EV06021,RA231102700065,RA261100300388,Hackathon Team,4,Even Sem 2026 - Finals
EV06022,RA241102800202,RA261103000441,Hackathon Team,3,Even Sem 2026 - Month 1
EV06023,RA231105400006,RA261100300486,Peer Study,2,Even Sem 2026 - Finals
EV06024,RA241102900126,RA251102900276,Hackathon Team,4,Odd Sem 2025 - Month 2
EV06025,RA231102700044,RA261105400470,Lab Collaboration,2,Even Sem 2026 - Month 1
EV06026,RA231105600119,RA251100300329,Lab Collaboration,3,Even Sem 2026 - Finals
EV06027,RA231103000124,RA241100300130,Hackathon Team,3,Odd Sem 2025 - Month 4
EV06028,RA241105600192,RA251102700330,Peer Study,2,Odd Sem 2025 - Month 1
EV06029,RA231103000124,RA241100300130,Peer Study,3,Even Sem 2026 - Finals
EV06030,RA231102900060,RA261102800390,Hackathon Team,3,Odd Sem 2025 - Month 2
EV06031,RA231103000005,RA241100300179,Peer Study,4,Odd Sem 2025 - Month 1
EV06032,RA251105600314,RA261102800488,Hackathon Team,4,Odd Sem 2025 - Month 1
EV06033,RA231102800059,RA251102800296,Lab Collaboration,4,Odd Sem 2025 - Month 1
EV06034,RA241105600199,RA251103000277,Technical Club,2,Odd Sem 2025 - Midterm
EV06035,RA241102900175,RA251102800331,Technical Club,2,Even Sem 2026 - Month 2
EV06036,RA251103000319,RA251105400313,Project Team,3,Odd Sem 2025 - Month 1
EV06037,RA251105400369,RA261102700459,Peer Study,1,Odd Sem 2025 - Month 1
EV06038,RA241100300193,RA251102700372,Hackathon Team,3,Even Sem 2026 - Month 2
EV06039,RA231102800052,RA251105600286,Project Team,2,Odd Sem 2025 - Month 1
EV06040,RA241102900161,RA251103000305,Project Team,2,Even Sem 2026 - Month 2
EV06041,RA241102800153,RA251102800345,Lab Collaboration,3,Odd Sem 2025 - Month 4
EV06042,RA231102700093,RA251105400285,Technical Club,3,Odd Sem 2025 - Month 4
EV06043,RA231105600063,RA261105400393,Hackathon Team,4,Odd Sem 2025 - Month 2
EV06044,RA251102900262,RA251102900346,Technical Club,1,Odd Sem 2025 - Month 2
EV06045,RA241102900189,RA261102800446,Hackathon Team,1,Odd Sem 2025 - Midterm
EV06046,RA231100300008,RA231102700002,Peer Study,2,Odd Sem 2025 - Midterm
EV06047,RA241102800167,RA241102900161,Technical Club,2,Even Sem 2026 - Finals
EV06048,RA231100300099,RA251103000333,Project Team,4,Even Sem 2026 - Finals
EV06049,RA251103000312,RA261103000378,Peer Study,2,Even Sem 2026 - Month 1
EV06050,RA251100300273,RA261102700417,Technical Club,1,Odd Sem 2025 - Month 2
EV06051,RA241103000127,RA251102900283,Project Team,4,Odd Sem 2025 - Month 1
EV06052,RA251102700351,RA251102800345,Peer Study,4,Odd Sem 2025 - Midterm
EV06053,RA261105400484,RA261105600457,Peer Study,4,Even Sem 2026 - Month 1
EV06054,RA231102700086,RA251102800254,Peer Study,2,Even Sem 2026 - Month 2
EV06055,RA241100300165,RA241102900231,Lab Collaboration,4,Even Sem 2026 - Finals
EV06056,RA241105600143,RA261100300381,Lab Collaboration,2,Odd Sem 2025 - Midterm
EV06057,RA231103000117,RA241102700243,Project Team,1,Even Sem 2026 - Month 2
EV06058,RA261100300409,RA261103000427,Lab Collaboration,3,Odd Sem 2025 - Month 4
EV06059,RA231102900095,RA241102900203,Hackathon Team,1,Even Sem 2026 - Month 2
EV06060,RA241102900196,RA251102900262,Peer Study,3,Odd Sem 2025 - Month 4
EV06061,RA231100300099,RA231105600105,Technical Club,4,Even Sem 2026 - Finals
EV06062,RA231105600035,RA241105400184,Technical Club,2,Odd Sem 2025 - Midterm
EV06063,RA231102900081,RA241105400184,Peer Study,3,Odd Sem 2025 - Month 1
EV06064,RA241102700229,RA251102900283,Peer Study,2,Odd Sem 2025 - Month 4
EV06065,RA231102900039,RA251105400327,Lab Collaboration,4,Odd Sem 2025 - Month 4
EV06066,RA241102800132,RA251102700372,Project Team,4,Even Sem 2026 - Month 1
EV06067,RA241103000176,RA261102800446,Project Team,2,Odd Sem 2025 - Midterm
EV06068,RA251100300350,RA251102700344,Hackathon Team,4,Odd Sem 2025 - Month 2
EV06069,RA241100300165,RA241105600129,Project Team,1,Odd Sem 2025 - Midterm
EV06070,RA261102900433,RA261105600415,Technical Club,4,Odd Sem 2025 - Month 1
EV06071,RA251102800331,RA261100300451,Peer Study,4,Odd Sem 2025 - Month 4
EV06072,RA231102900025,RA261105600401,Technical Club,3,Odd Sem 2025 - Month 4
EV06073,RA231100300029,RA231103000047,Lab Collaboration,4,Odd Sem 2025 - Month 1
EV06074,RA251102700365,RA251105400257,Hackathon Team,1,Odd Sem 2025 - Month 2
EV06075,RA231105600077,RA261100300395,Lab Collaboration,2,Even Sem 2026 - Finals
EV06076,RA231102700058,RA261102900412,Lab Collaboration,3,Even Sem 2026 - Month 1
EV06077,RA231105600042,RA261103000385,Technical Club,2,Odd Sem 2025 - Midterm
EV06078,RA231105600021,RA241102900147,Lab Collaboration,3,Even Sem 2026 - Finals
EV06079,RA251102800345,RA261102900405,Lab Collaboration,3,Even Sem 2026 - Month 2
EV06080,RA231105600077,RA241102900231,Lab Collaboration,2,Even Sem 2026 - Finals
EV06081,RA241102800174,RA251102900360,Technical Club,4,Odd Sem 2025 - Month 1
EV06082,RA241100300165,RA241103000183,Lab Collaboration,2,Even Sem 2026 - Finals
EV06083,RA251102800254,RA261102800446,Project Team,2,Even Sem 2026 - Month 1
EV06084,RA231105400069,RA251102800345,Lab Collaboration,2,Odd Sem 2025 - Month 1
EV06085,RA231105400034,RA231105600028,Lab Collaboration,1,Odd Sem 2025 - Midterm
EV06086,RA241102800181,RA241102900175,Lab Collaboration,4,Odd Sem 2025 - Month 2
EV06087,RA261100300388,RA261102700382,Lab Collaboration,2,Even Sem 2026 - Month 1
EV06088,RA241102800202,RA261102800446,Lab Collaboration,3,Odd Sem 2025 - Month 1
EV06089,RA251103000347,RA261100300486,Project Team,4,Even Sem 2026 - Month 1
EV06090,RA261102800411,RA261102900489,Peer Study,3,Odd Sem 2025 - Month 2
EV06091,RA241102900224,RA251100300308,Project Team,2,Odd Sem 2025 - Month 2
EV06092,RA231105400118,RA251102700274,Lab Collaboration,3,Odd Sem 2025 - Month 1
EV06093,RA251102700281,RA251105600251,Technical Club,1,Even Sem 2026 - Month 1
EV06094,RA241105600227,RA251105400292,Technical Club,4,Even Sem 2026 - Finals
EV06095,RA251100300343,RA261102800397,Lab Collaboration,2,Odd Sem 2025 - Midterm
EV06096,RA231100300015,RA261105600422,Hackathon Team,2,Odd Sem 2025 - Month 4
EV06097,RA241105600157,RA251100300301,Project Team,1,Odd Sem 2025 - Month 4
EV06098,RA231102700114,RA241102900154,Lab Collaboration,2,Odd Sem 2025 - Month 1
EV06099,RA231103000047,RA231103000089,Peer Study,3,Odd Sem 2025 - Month 4
EV06100,RA251100300322,RA261103000406,Peer Study,3,Odd Sem 2025 - Month 1
EV06101,RA231102900109,RA231103000103,Project Team,3,Odd Sem 2025 - Month 1
EV06102,RA251102700288,RA261102900433,Peer Study,2,Even Sem 2026 - Month 1
EV06103,RA241105600185,RA251102800359,Project Team,2,Odd Sem 2025 - Month 2
EV06104,RA251105400257,RA251105600251,Technical Club,2,Even Sem 2026 - Month 2
EV06105,RA231100300064,RA261100300437,Hackathon Team,4,Even Sem 2026 - Month 1
EV06106,RA241102800132,RA261105400498,Technical Club,4,Odd Sem 2025 - Month 1
EV06107,RA231100300008,RA261100300416,Technical Club,1,Odd Sem 2025 - Month 2
EV06108,RA231102700051,RA251105400369,Lab Collaboration,4,Even Sem 2026 - Finals
EV06109,RA231102900095,RA241103000239,Technical Club,2,Odd Sem 2025 - Midterm
EV06110,RA241103000246,RA251102700372,Lab Collaboration,1,Even Sem 2026 - Month 1
EV06111,RA241100300235,RA261105600401,Hackathon Team,1,Odd Sem 2025 - Month 2
EV06112,RA241105400205,RA261102800439,Lab Collaboration,2,Odd Sem 2025 - Midterm
EV06113,RA231102900011,RA261105600485,Lab Collaboration,3,Odd Sem 2025 - Month 2
EV06114,RA231100300050,RA251103000326,Lab Collaboration,4,Odd Sem 2025 - Month 4
EV06115,RA231105400020,RA251102700316,Hackathon Team,4,Odd Sem 2025 - Month 2
