edge_id,registration_number_1,registration_number_2,interaction_count,interaction_type
E00001,RA231100300001,RA231102700121,2,Peer Study
E00002,RA231100300001,RA231105600007,2,Hackathon Team
E00003,RA231100300001,RA241102800181,4,Hackathon Team
E00004,RA231100300001,RA251102800310,1,Lab Collaboration
E00005,RA231100300001,RA251105400355,2,Peer Study
E00006,RA231100300001,RA251105600286,3,Project Team
E00007,RA231100300001,RA261100300388,6,Hackathon Team
E00008,RA231100300001,RA261100300409,2,Hackathon Team
E00009,RA231100300001,RA261102700410,3,Lab Collaboration
E00010,RA231100300001,RA261102700487,7,Peer Study
E00011,RA231100300001,RA261102900391,1,Peer Study
E00012,RA231100300001,RA261105400379,1,Lab Collaboration
E00013,RA231100300008,RA231102700002,1,Hackathon Team
E00014,RA231100300008,RA231102900074,4,Peer Study
E00015,RA231100300008,RA231103000026,1,Technical Club
E00016,RA231100300008,RA231105400020,4,Lab Collaboration
E00017,RA231100300008,RA231105600014,5,Lab Collaboration
E00018,RA231100300008,RA241105400128,1,Hackathon Team
E00019,RA231100300008,RA241105400191,4,Lab Collaboration
E00020,RA231100300008,RA251102800296,2,Lab Collaboration
E00021,RA231100300008,RA251103000368,1,Peer Study
E00022,RA231100300008,RA251105400278,2,Project Team
E00023,RA231100300008,RA251105400320,4,Hackathon Team
E00024,RA231100300008,RA251105600251,3,Project Team
E00025,RA231100300008,RA251105600272,3,Lab Collaboration
E00026,RA231100300008,RA261100300416,7,Peer Study
E00027,RA231100300008,RA261100300493,2,Hackathon Team
E00028,RA231100300015,RA231102700009,7,Project Team
E00029,RA231100300015,RA231102800045,8,Lab Collaboration
E00030,RA231100300015,RA231102800059,10,Project Team
E00031,RA231100300015,RA231102900004,8,Project Team
E00032,RA231100300015,RA231102900032,12,Hackathon Team
E00033,RA231100300015,RA231102900039,5,Hackathon Team
E00034,RA231100300015,RA231102900081,5,Peer Study
E00035,RA231100300015,RA231102900088,8,Peer Study
E00036,RA231100300015,RA231105400027,10,Technical Club
E00037,RA231100300015,RA231105400069,4,Technical Club
E00038,RA231100300015,RA231105600021,6,Project Team
E00039,RA231100300015,RA231105600063,4,Peer Study
E00040,RA231100300015,RA231105600119,5,Hackathon Team
E00041,RA231100300015,RA241100300193,5,Technical Club
E00042,RA231100300015,RA241102700166,4,Technical Club
E00043,RA231100300015,RA241102800230,5,Project Team
E00044,RA231100300015,RA241102900154,4,Peer Study
E00045,RA231100300015,RA241102900224,4,Hackathon Team
E00046,RA231100300015,RA241103000155,6,Technical Club
E00047,RA231100300015,RA241103000225,8,Technical Club
E00048,RA231100300015,RA241105600129,5,Technical Club
E00049,RA231100300015,RA241105600143,9,Lab Collaboration
E00050,RA231100300015,RA241105600185,7,Technical Club
E00051,RA231100300015,RA251102700365,5,Technical Club
E00052,RA231100300015,RA251102700372,8,Peer Study
E00053,RA231100300015,RA251102800261,5,Project Team
E00054,RA231100300015,RA251102800317,5,Lab Collaboration
E00055,RA231100300015,RA251102800331,6,Technical Club
E00056,RA231100300015,RA251103000375,12,Technical Club
E00057,RA231100300015,RA251105400257,7,Hackathon Team
E00058,RA231100300015,RA251105400348,6,Peer Study
E00059,RA231100300015,RA251105600279,8,Lab Collaboration
E00060,RA231100300015,RA251105600321,5,Hackathon Team
E00061,RA231100300015,RA251105600363,6,Project Team
E00062,RA231100300015,RA261100300395,6,Project Team
E00063,RA231100300015,RA261100300409,5,Hackathon Team
E00064,RA231100300015,RA261100300493,7,Project Team
E00065,RA231100300015,RA261102700438,7,Technical Club
E00066,RA231100300015,RA261102800425,8,Peer Study
E00067,RA231100300015,RA261102900440,8,Hackathon Team
E00068,RA231100300015,RA261102900447,5,Lab Collaboration
E00069,RA231100300015,RA261102900482,6,Hackathon Team
E00070,RA231100300015,RA261105400449,4,Technical Club
E00071,RA231100300015,RA261105600387,6,Project Team
E00072,RA231100300015,RA261105600422,9,Project Team
E00073,RA231100300022,RA231102700016,2,Peer Study
E00074,RA231100300022,RA231102900123,7,Hackathon Team
E00075,RA231100300022,RA231105400118,3,Technical Club
E00076,RA231100300022,RA231105600028,3,Technical Club
E00077,RA231100300022,RA231105600070,3,Technical Club
E00078,RA231100300022,RA241100300172,6,Peer Study
E00079,RA231100300022,RA241100300214,1,Lab Collaboration
E00080,RA231100300022,RA241102800202,5,Peer Study
E00081,RA231100300022,RA251102900346,5,Project Team
E00082,RA231100300022,RA261100300388,8,Peer Study
E00083,RA231100300022,RA261102700382,9,Hackathon Team
E00084,RA231100300029,RA231100300071,5,Technical Club
E00085,RA231100300029,RA231102700023,5,Lab Collaboration
E00086,RA231100300029,RA231102700072,5,Project Team
E00087,RA231100300029,RA231102700100,5,Technical Club
E00088,RA231100300029,RA231102700107,8,Hackathon Team
E00089,RA231100300029,RA231102800059,7,Technical Club
E00090,RA231100300029,RA231102800087,5,Peer Study
E00091,RA231100300029,RA231102800101,6,Project Team
E00092,RA231100300029,RA231102900053,7,Project Team
E00093,RA231100300029,RA231103000047,7,Peer Study
E00094,RA231100300029,RA231105400041,5,Technical Club
E00095,RA231100300029,RA231105400076,6,Technical Club
E00096,RA231100300029,RA231105600035,7,Hackathon Team
E00097,RA231100300029,RA231105600084,5,Project Team
E00098,RA231100300029,RA231105600105,6,Lab Collaboration
E00099,RA231100300029,RA241100300165,9,Project Team
E00100,RA231100300029,RA241100300179,5,Lab Collaboration
E00101,RA231100300029,RA241100300200,5,Lab Collaboration
E00102,RA231100300029,RA241100300214,7,Hackathon Team
E00103,RA231100300029,RA241102800153,8,Project Team
E00104,RA231100300029,RA241102800167,10,Peer Study
E00105,RA231100300029,RA241102800209,5,Peer Study
E00106,RA231100300029,RA241102900126,10,Lab Collaboration
E00107,RA231100300029,RA241102900203,5,Technical Club
E00108,RA231100300029,RA241103000155,4,Project Team
E00109,RA231100300029,RA241103000239,5,Peer Study
E00110,RA231100300029,RA241105400149,8,Hackathon Team
E00111,RA231100300029,RA241105400233,7,Project Team
E00112,RA231100300029,RA241105600129,5,Peer Study
E00113,RA231100300029,RA241105600199,4,Project Team
E00114,RA231100300029,RA241105600220,6,Technical Club
E00115,RA231100300029,RA251102700281,6,Hackathon Team
E00116,RA231100300029,RA251102700323,6,Peer Study
E00117,RA231100300029,RA251102800268,4,Project Team
E00118,RA231100300029,RA251102800275,5,Project Team
E00119,RA231100300029,RA251102800366,9,Peer Study
E00120,RA231100300029,RA251102900318,5,Lab Collaboration
E00121,RA231100300029,RA251103000354,8,Technical Club
E00122,RA231100300029,RA251105600293,5,Project Team
E00123,RA231100300029,RA251105600356,12,Project Team
E00124,RA231100300029,RA261100300388,4,Lab Collaboration
E00125,RA231100300029,RA261102700424,6,Project Team
E00126,RA231100300029,RA261102700494,8,Lab Collaboration
E00127,RA231100300029,RA261102800481,6,Peer Study
E00128,RA231100300029,RA261103000476,7,Lab Collaboration
E00129,RA231100300029,RA261105400484,5,Technical Club
E00130,RA231100300036,RA231100300078,6,Lab Collaboration
E00131,RA231100300036,RA231102700030,6,Technical Club
E00132,RA231100300036,RA231102800024,6,Hackathon Team
E00133,RA231100300036,RA231105600042,2,Hackathon Team
E00134,RA231100300036,RA241100300186,4,Peer Study
E00135,RA231100300036,RA241103000246,3,Peer Study
E00136,RA231100300036,RA241105400205,10,Technical Club
E00137,RA231100300036,RA261102700480,2,Technical Club
E00138,RA231100300036,RA261102800432,1,Peer Study
E00139,RA231100300036,RA261102900384,3,Lab Collaboration
E00140,RA231100300036,RA261103000462,4,Lab Collaboration
E00141,RA231100300043,RA231102700037,6,Lab Collaboration
E00142,RA231100300043,RA231103000103,1,Technical Club
E00143,RA231100300043,RA231105600049,1,Lab Collaboration
E00144,RA231100300043,RA241102700145,3,Technical Club
E00145,RA231100300043,RA241105400205,5,Hackathon Team
E00146,RA231100300043,RA251103000277,3,Lab Collaboration
E00147,RA231100300043,RA251103000319,2,Hackathon Team
E00148,RA231100300043,RA261102900433,6,Hackathon Team
E00149,RA231100300043,RA261105400463,5,Hackathon Team
E00150,RA231100300050,RA231102700044,2,Peer Study
E00151,RA231100300050,RA231102800038,1,Lab Collaboration
E00152,RA231100300050,RA231102800080,3,Peer Study
E00153,RA231100300050,RA231102900074,5,Lab Collaboration
E00154,RA231100300050,RA231105600056,1,Lab Collaboration
E00155,RA231100300050,RA231105600098,2,Technical Club
E00156,RA231100300050,RA241102700194,2,Peer Study
E00157,RA231100300050,RA241103000246,2,Technical Club
E00158,RA231100300050,RA251102700281,1,Lab Collaboration
E00159,RA231100300050,RA251102800338,3,Technical Club
E00160,RA231100300050,RA251103000326,2,Lab Collaboration
E00161,RA231100300050,RA261100300500,1,Project Team
E00162,RA231100300050,RA261102800404,4,Lab Collaboration
E00163,RA231100300050,RA261102800488,2,Lab Collaboration
E00164,RA231100300057,RA231100300099,1,Project Team
E00165,RA231100300057,RA231102700009,2,Technical Club
E00166,RA231100300057,RA231102700051,2,Lab Collaboration
E00167,RA231100300057,RA231102700093,3,Peer Study
E00168,RA231100300057,RA231102700100,6,Technical Club
E00169,RA231100300057,RA231102800003,2,Peer Study
E00170,RA231100300057,RA231105600063,2,Lab Collaboration
E00171,RA231100300057,RA241102900154,8,Technical Club
E00172,RA231100300057,RA241102900168,1,Project Team
E00173,RA231100300057,RA241102900231,3,Project Team
E00174,RA231100300057,RA241105600213,5,Technical Club
E00175,RA231100300057,RA251102700309,4,Project Team
E00176,RA231100300057,RA251103000333,1,Technical Club
E00177,RA231100300057,RA251103000375,1,Lab Collaboration
E00178,RA231100300057,RA251105600321,3,Project Team
E00179,RA231100300057,RA261105400435,4,Lab Collaboration
E00180,RA231100300057,RA261105400477,2,Peer Study
E00181,RA231100300057,RA261105400484,1,Peer Study
E00182,RA231100300064,RA231102700058,6,Lab Collaboration
E00183,RA231100300064,RA231103000040,2,Project Team
E00184,RA231100300064,RA231105600070,3,Technical Club
E00185,RA231100300064,RA241100300151,2,Technical Club
E00186,RA231100300064,RA241102700208,1,Peer Study
E00187,RA231100300064,RA241102700250,1,Peer Study
E00188,RA231100300064,RA241102800223,3,Project Team
E00189,RA231100300064,RA251102800310,1,Project Team
E00190,RA231100300064,RA251103000298,2,Technical Club
E00191,RA231100300064,RA251105400292,4,Peer Study
E00192,RA231100300064,RA261100300437,5,Project Team
E00193,RA231100300064,RA261102800446,6,Peer Study
E00194,RA231100300064,RA261102800460,2,Peer Study
E00195,RA231100300064,RA261102900496,3,Hackathon Team
E00196,RA231100300064,RA261105400400,9,Hackathon Team
E00197,RA231100300071,RA231102700065,2,Peer Study
E00198,RA231100300071,RA231105400006,1,Project Team
E00199,RA231100300071,RA231105400041,1,Lab Collaboration
E00200,RA231100300071,RA231105400083,1,Peer Study
E00201,RA231100300071,RA231105400125,3,Lab Collaboration
E00202,RA231100300071,RA231105600077,4,Project Team
E00203,RA231100300071,RA241100300221,1,Technical Club
E00204,RA231100300071,RA241103000155,2,Lab Collaboration
E00205,RA231100300071,RA241105400128,1,Project Team
E00206,RA231100300071,RA241105400149,3,Peer Study
E00207,RA231100300071,RA251102700295,3,Lab Collaboration
E00208,RA231100300071,RA251102800324,2,Technical Club
E00209,RA231100300071,RA251105400341,4,Peer Study
E00210,RA231100300071,RA261102800425,3,Technical Club
E00211,RA231100300071,RA261105400400,6,Technical Club
E00212,RA231100300078,RA231102700072,5,Project Team
E00213,RA231100300078,RA231102800024,7,Technical Club
E00214,RA231100300078,RA231102800080,8,Peer Study
E00215,RA231100300078,RA231102900046,6,Lab Collaboration
E00216,RA231100300078,RA231103000033,6,Lab Collaboration
E00217,RA231100300078,RA231103000096,5,Hackathon Team
E00218,RA231100300078,RA231103000103,8,Peer Study
E00219,RA231100300078,RA231105400034,8,Project Team
E00220,RA231100300078,RA231105600084,12,Lab Collaboration
E00221,RA231100300078,RA231105600105,6,Peer Study
E00222,RA231100300078,RA241100300144,9,Project Team
E00223,RA231100300078,RA241102700138,5,Hackathon Team
E00224,RA231100300078,RA241102700145,4,Lab Collaboration
E00225,RA231100300078,RA241102700166,6,Project Team
E00226,RA231100300078,RA241105400163,5,Peer Study
E00227,RA231100300078,RA241105400191,8,Lab Collaboration
E00228,RA231100300078,RA241105600220,7,Project Team
E00229,RA231100300078,RA241105600234,5,Project Team
E00230,RA231100300078,RA251100300252,6,Peer Study
E00231,RA231100300078,RA251100300308,8,Project Team
E00232,RA231100300078,RA251100300336,6,Hackathon Team
E00233,RA231100300078,RA251102800254,6,Technical Club
E00234,RA231100300078,RA251102800289,6,Peer Study
E00235,RA231100300078,RA251102800310,8,Peer Study
E00236,RA231100300078,RA251102800352,7,Project Team
E00237,RA231100300078,RA251102800366,7,Project Team
E00238,RA231100300078,RA251103000277,8,Peer Study
E00239,RA231100300078,RA251103000298,5,Peer Study
E00240,RA231100300078,RA251105400278,9,Peer Study
E00241,RA231100300078,RA251105400362,6,Hackathon Team
E00242,RA231100300078,RA261100300423,6,Lab Collaboration
E00243,RA231100300078,RA261100300444,8,Technical Club
E00244,RA231100300078,RA261100300472,9,Project Team
E00245,RA231100300078,RA261103000378,6,Hackathon Team
E00246,RA231100300078,RA261103000420,6,Technical Club
E00247,RA231100300078,RA261103000434,5,Hackathon Team
E00248,RA231100300078,RA261103000448,9,Hackathon Team
E00249,RA231100300078,RA261103000490,7,Project Team
E00250,RA231100300078,RA261105400407,6,Technical Club
E00251,RA231100300078,RA261105400470,7,Project Team
E00252,RA231100300078,RA261105600457,6,Peer Study
E00253,RA231100300085,RA231102700079,1,Hackathon Team
E00254,RA231100300085,RA231102700107,1,Lab Collaboration
E00255,RA231100300085,RA231102900025,3,Lab Collaboration
E00256,RA231100300085,RA231103000061,1,Hackathon Team
E00257,RA231100300085,RA231103000103,5,Technical Club
E00258,RA231100300085,RA231105600007,3,Hackathon Team
E00259,RA231100300085,RA231105600091,4,Hackathon Team
E00260,RA231100300085,RA241102900133,1,Hackathon Team
E00261,RA231100300085,RA241102900175,2,Lab Collaboration
E00262,RA231100300085,RA261100300409,1,Hackathon Team
E00263,RA231100300085,RA261102700403,5,Peer Study
E00264,RA231100300085,RA261105600415,2,Hackathon Team
E00265,RA231100300085,RA261105600499,3,Lab Collaboration
E00266,RA231100300092,RA231102700086,6,Hackathon Team
E00267,RA231100300092,RA231102900074,6,Technical Club
E00268,RA231100300092,RA231103000068,3,Lab Collaboration
E00269,RA231100300092,RA231105600098,1,Technical Club
E00270,RA231100300092,RA241102700194,3,Lab Collaboration
E00271,RA231100300092,RA241102700236,5,Peer Study
E00272,RA231100300092,RA241105400226,5,Peer Study
E00273,RA231100300092,RA251102700260,3,Hackathon Team
E00274,RA231100300092,RA251102700302,4,Peer Study
E00275,RA231100300092,RA251102800254,4,Technical Club
E00276,RA231100300092,RA261102800404,3,Project Team
E00277,RA231100300092,RA261105400400,8,Lab Collaboration
E00278,RA231100300092,RA261105600492,3,Lab Collaboration
E00279,RA231100300099,RA231102700093,1,Project Team
E00280,RA231100300099,RA231102800045,3,Lab Collaboration
E00281,RA231100300099,RA231102800087,2,Lab Collaboration
E00282,RA231100300099,RA231102900074,5,Peer Study
E00283,RA231100300099,RA231105600105,4,Project Team
E00284,RA231100300099,RA241100300249,3,Project Team
E00285,RA231100300099,RA241102800195,1,Technical Club
E00286,RA231100300099,RA241102900147,5,Peer Study
E00287,RA231100300099,RA241105400177,5,Technical Club
E00288,RA231100300099,RA241105600129,1,Peer Study
E00289,RA231100300099,RA241105600171,2,Lab Collaboration
E00290,RA231100300099,RA241105600213,3,Peer Study
E00291,RA231100300099,RA251100300315,2,Peer Study
E00292,RA231100300099,RA251103000333,3,Technical Club
E00293,RA231100300099,RA261102900489,4,Peer Study
E00294,RA231100300099,RA261105400400,5,Project Team
E00295,RA231100300099,RA261105600429,1,Peer Study
E00296,RA231100300106,RA231102700100,8,Project Team
E00297,RA231100300106,RA231102900046,1,Hackathon Team
E00298,RA231100300106,RA231105600112,5,Project Team
E00299,RA231100300106,RA241100300130,3,Peer Study
E00300,RA231100300106,RA241100300172,2,Project Team
E00301,RA231100300106,RA241100300214,3,Lab Collaboration
E00302,RA231100300106,RA241102900154,5,Hackathon Team
E00303,RA231100300106,RA241102900161,3,Hackathon Team
E00304,RA231100300106,RA241103000148,2,Lab Collaboration
E00305,RA231100300106,RA241103000232,5,Project Team
E00306,RA231100300106,RA251100300280,3,Peer Study
E00307,RA231100300106,RA251102900325,5,Lab Collaboration
E00308,RA231100300106,RA251105400334,7,Lab Collaboration
E00309,RA231100300106,RA251105600356,9,Lab Collaboration
E00310,RA231100300106,RA261100300472,4,Project Team
E00311,RA231100300106,RA261102700424,1,Technical Club
E00312,RA231100300113,RA231102700107,2,Project Team
E00313,RA231100300113,RA231102900095,5,Lab Collaboration
E00314,RA231100300113,RA231103000047,3,Technical Club
E00315,RA231100300113,RA231103000089,3,Lab Collaboration
E00316,RA231100300113,RA231105600119,8,Technical Club
E00317,RA231100300113,RA241102700222,3,Peer Study
E00318,RA231100300113,RA241102900245,5,Lab Collaboration
E00319,RA231100300113,RA241105400205,8,Lab Collaboration
E00320,RA231100300113,RA251100300287,2,Lab Collaboration
E00321,RA231100300113,RA251100300371,2,Hackathon Team
E00322,RA231100300113,RA251102900269,1,Hackathon Team
E00323,RA231100300113,RA251103000263,3,Technical Club
E00324,RA231100300113,RA251105400299,2,Lab Collaboration
E00325,RA231100300113,RA251105600251,2,Project Team
E00326,RA231100300113,RA261100300388,4,Technical Club
E00327,RA231100300113,RA261102800446,6,Peer Study
E00328,RA231100300113,RA261103000497,4,Project Team
E00329,RA231100300120,RA231102700114,2,Lab Collaboration
E00330,RA231100300120,RA231102900060,4,Technical Club
E00331,RA231100300120,RA231105400090,3,Peer Study
E00332,RA231100300120,RA241100300186,4,Lab Collaboration
E00333,RA231100300120,RA241102700138,4,Peer Study
E00334,RA231100300120,RA241102900126,2,Peer Study
E00335,RA231100300120,RA241102900168,1,Peer Study
E00336,RA231100300120,RA241103000162,1,Project Team
E00337,RA231100300120,RA251100300294,7,Hackathon Team
E00338,RA231100300120,RA251102900360,4,Lab Collaboration
E00339,RA231100300120,RA261100300388,4,Hackathon Team
E00340,RA231100300120,RA261102800453,2,Lab Collaboration
E00341,RA231100300120,RA261102900440,8,Peer Study
E00342,RA231100300120,RA261102900468,1,Lab Collaboration
E00343,RA231100300120,RA261103000462,1,Peer Study
E00344,RA231102700002,RA241102700194,4,Peer Study
E00345,RA231102700002,RA241102700236,7,Peer Study
E00346,RA231102700002,RA241102800188,3,Lab Collaboration
E00347,RA231102700002,RA241102800230,6,Lab Collaboration
E00348,RA231102700002,RA241103000218,4,Project Team
E00349,RA231102700002,RA251100300259,3,Hackathon Team
E00350,RA231102700002,RA251100300308,2,Project Team
E00351,RA231102700002,RA251102900290,4,Technical Club
E00352,RA231102700002,RA261102900482,2,Lab Collaboration
E00353,RA231102700002,RA261105400470,4,Hackathon Team
E00354,RA231102700009,RA231102800003,3,Hackathon Team
E00355,RA231102700009,RA231102900081,5,Technical Club
E00356,RA231102700009,RA241102800237,4,Hackathon Team
E00357,RA231102700009,RA241105400135,3,Hackathon Team
E00358,RA231102700009,RA241105400198,1,Peer Study
E00359,RA231102700009,RA241105600213,4,Technical Club
E00360,RA231102700009,RA251100300322,2,Lab Collaboration
E00361,RA231102700009,RA251105400285,1,Lab Collaboration
E00362,RA231102700009,RA251105600363,3,Technical Club
E00363,RA231102700009,RA261102800453,2,Technical Club
E00364,RA231102700009,RA261103000441,8,Peer Study
E00365,RA231102700009,RA261105400393,1,Technical Club
E00366,RA231102700016,RA231102700100,9,Hackathon Team
E00367,RA231102700016,RA231102800010,4,Peer Study
E00368,RA231102700016,RA231103000040,2,Lab Collaboration
E00369,RA231102700016,RA231103000124,1,Project Team
E00370,RA231102700016,RA241105400205,8,Hackathon Team
E00371,RA231102700016,RA251102700316,9,Technical Club
E00372,RA231102700016,RA251102700358,2,Hackathon Team
E00373,RA231102700016,RA251105600328,2,Technical Club
E00374,RA231102700016,RA261100300430,4,Technical Club
E00375,RA231102700023,RA231102700100,7,Hackathon Team
E00376,RA231102700023,RA231102800017,2,Project Team
E00377,RA231102700023,RA231102900011,2,Peer Study
E00378,RA231102700023,RA231102900053,3,Lab Collaboration
E00379,RA231102700023,RA231105600035,1,Project Team
E00380,RA231102700023,RA241102700215,1,Peer Study
E00381,RA231102700023,RA241105400191,3,Technical Club
E00382,RA231102700023,RA241105600227,2,Hackathon Team
E00383,RA231102700023,RA251100300329,5,Technical Club
E00384,RA231102700023,RA251103000347,4,Project Team
E00385,RA231102700023,RA251105600356,9,Peer Study
E00386,RA231102700023,RA261102900447,1,Project Team
E00387,RA231102700023,RA261105400407,2,Project Team
E00388,RA231102700023,RA261105600443,5,Technical Club
E00389,RA231102700023,RA261105600485,1,Peer Study
E00390,RA231102700030,RA231102800024,1,Hackathon Team
E00391,RA231102700030,RA231103000096,2,Technical Club
E00392,RA231102700030,RA241102700152,5,Technical Club
E00393,RA231102700030,RA241102800216,2,Lab Collaboration
E00394,RA231102700030,RA241102900126,6,Peer Study
E00395,RA231102700030,RA241103000246,5,Technical Club
E00396,RA231102700030,RA241105400240,3,Technical Club
E00397,RA231102700030,RA251102700372,4,Lab Collaboration
E00398,RA231102700030,RA251102900325,18,Lab Collaboration
E00399,RA231102700030,RA261100300486,1,Peer Study
E00400,RA231102700030,RA261102900468,2,Technical Club
E00401,RA231102700030,RA261103000378,4,Hackathon Team
E00402,RA231102700037,RA231102800031,3,Technical Club
E00403,RA231102700037,RA241102700145,3,Lab Collaboration
E00404,RA231102700037,RA241102800139,5,Project Team
E00405,RA231102700037,RA241105400247,1,Lab Collaboration
E00406,RA231102700037,RA251102900325,4,Lab Collaboration
E00407,RA231102700037,RA251105400292,9,Technical Club
E00408,RA231102700037,RA251105400313,1,Hackathon Team
E00409,RA231102700037,RA261100300409,1,Hackathon Team
E00410,RA231102700037,RA261102900433,3,Hackathon Team
E00411,RA231102700037,RA261105600457,5,Technical Club
E00412,RA231102700044,RA231102800038,1,Lab Collaboration
E00413,RA231102700044,RA231105600056,2,Hackathon Team
E00414,RA231102700044,RA251102700344,2,Peer Study
E00415,RA231102700044,RA251103000326,2,Peer Study
E00416,RA231102700044,RA261105400470,2,Hackathon Team
E00417,RA231102700051,RA231102800003,6,Peer Study
E00418,RA231102700051,RA231102800045,1,Project Team
E00419,RA231102700051,RA231102800059,2,Technical Club
E00420,RA231102700051,RA231102900025,3,Project Team
E00421,RA231102700051,RA231102900039,5,Technical Club
E00422,RA231102700051,RA241102700159,1,Peer Study
E00423,RA231102700051,RA241102800153,6,Project Team
E00424,RA231102700051,RA251102700267,2,Technical Club
E00425,RA231102700051,RA251102900297,2,Peer Study
E00426,RA231102700051,RA251103000333,1,Lab Collaboration
E00427,RA231102700051,RA251105400285,4,Lab Collaboration
E00428,RA231102700051,RA251105400369,1,Hackathon Team
E00429,RA231102700051,RA251105600321,3,Project Team
E00430,RA231102700051,RA261100300423,9,Project Team
E00431,RA231102700051,RA261102700382,5,Project Team
E00432,RA231102700051,RA261105400435,3,Project Team
E00433,RA231102700058,RA231102800010,1,Peer Study
E00434,RA231102700058,RA231102800052,3,Project Team
E00435,RA231102700058,RA231102900074,7,Project Team
E00436,RA231102700058,RA231105400118,7,Peer Study
E00437,RA231102700058,RA241100300130,2,Technical Club
E00438,RA231102700058,RA241102700208,5,Technical Club
E00439,RA231102700058,RA241102700250,7,Lab Collaboration
E00440,RA231102700058,RA241102900238,2,Hackathon Team
E00441,RA231102700058,RA241103000190,2,Project Team
E00442,RA231102700058,RA241103000232,3,Lab Collaboration
E00443,RA231102700058,RA241105400149,2,Peer Study
E00444,RA231102700058,RA251100300364,1,Lab Collaboration
E00445,RA231102700058,RA251105600328,5,Project Team
E00446,RA231102700058,RA251105600370,2,Project Team
E00447,RA231102700058,RA261102900412,4,Technical Club
E00448,RA231102700058,RA261105400400,5,Project Team
E00449,RA231102700065,RA231102700107,3,Technical Club
E00450,RA231102700065,RA231102800059,2,Technical Club
E00451,RA231102700065,RA231105400083,4,Peer Study
E00452,RA231102700065,RA231105400125,1,Project Team
E00453,RA231102700065,RA231105600077,1,Technical Club
E00454,RA231102700065,RA241105400233,1,Hackathon Team
E00455,RA231102700065,RA251102800317,1,Lab Collaboration
E00456,RA231102700065,RA251102900311,1,Lab Collaboration
E00457,RA231102700065,RA251105600251,3,Lab Collaboration
E00458,RA231102700065,RA261100300388,8,Hackathon Team
E00459,RA231102700065,RA261102800383,3,Hackathon Team
E00460,RA231102700065,RA261102900419,6,Peer Study
E00461,RA231102700065,RA261105400449,3,Peer Study
E00462,RA231102700065,RA261105600457,12,Peer Study
E00463,RA231102700072,RA231102900060,2,Peer Study
E00464,RA231102700072,RA231103000096,1,Peer Study
E00465,RA231102700072,RA241100300144,4,Peer Study
E00466,RA231102700072,RA241102700138,3,Project Team
E00467,RA231102700072,RA241102700180,3,Peer Study
E00468,RA231102700072,RA241103000246,4,Technical Club
E00469,RA231102700072,RA241105400156,1,Project Team
E00470,RA231102700072,RA251102700358,1,Lab Collaboration
E00471,RA231102700072,RA251102800324,3,Technical Club
E00472,RA231102700072,RA251102800366,1,Lab Collaboration
E00473,RA231102700072,RA251105600258,1,Peer Study
E00474,RA231102700072,RA261100300486,7,Technical Club
E00475,RA231102700072,RA261102700396,1,Peer Study
E00476,RA231102700072,RA261102700438,5,Lab Collaboration
E00477,RA231102700072,RA261102800390,6,Peer Study
E00478,RA231102700072,RA261102800411,1,Project Team
E00479,RA231102700072,RA261105600408,4,Peer Study
E00480,RA231102700072,RA261105600450,2,Technical Club
E00481,RA231102700079,RA231102700121,4,Project Team
E00482,RA231102700079,RA231102800073,1,Project Team
E00483,RA231102700079,RA231102900109,6,Hackathon Team
E00484,RA231102700079,RA231105400097,2,Technical Club
E00485,RA231102700079,RA231105600049,2,Project Team
E00486,RA231102700079,RA241102700187,3,Hackathon Team
E00487,RA231102700079,RA241102700229,1,Technical Club
E00488,RA231102700079,RA241102800202,10,Hackathon Team
E00489,RA231102700079,RA241102800230,6,Project Team
E00490,RA231102700079,RA241102900217,3,Lab Collaboration
E00491,RA231102700079,RA241103000169,4,Peer Study
E00492,RA231102700079,RA241105400205,4,Peer Study
E00493,RA231102700079,RA251100300343,3,Peer Study
E00494,RA231102700079,RA251102700295,6,Peer Study
E00495,RA231102700079,RA251102900367,3,Peer Study
E00496,RA231102700079,RA261102800397,2,Peer Study
E00497,RA231102700079,RA261102800446,6,Peer Study
E00498,RA231102700086,RA231102800080,3,Technical Club
E00499,RA231102700086,RA231105400104,2,Hackathon Team
E00500,RA231102700086,RA231105600007,3,Project Team
E00501,RA231102700086,RA241102700152,2,Peer Study
E00502,RA231102700086,RA241102800146,1,Hackathon Team
E00503,RA231102700086,RA241102800230,5,Project Team
E00504,RA231102700086,RA241103000134,4,Peer Study
E00505,RA231102700086,RA241103000176,1,Technical Club
E00506,RA231102700086,RA241105600164,3,Hackathon Team
E00507,RA231102700086,RA251100300308,1,Peer Study
E00508,RA231102700086,RA251102800254,4,Hackathon Team
E00509,RA231102700086,RA251102900290,2,Technical Club
E00510,RA231102700086,RA251103000368,1,Peer Study
E00511,RA231102700086,RA261100300416,1,Lab Collaboration
E00512,RA231102700086,RA261105400428,3,Peer Study
E00513,RA231102700086,RA261105600457,9,Peer Study
E00514,RA231102700086,RA261105600464,2,Peer Study
E00515,RA231102700093,RA231102800031,3,Project Team
E00516,RA231102700093,RA231102800087,1,Technical Club
E00517,RA231102700093,RA231105400027,1,Peer Study
E00518,RA231102700093,RA231105400069,2,Technical Club
E00519,RA231102700093,RA231105600063,3,Peer Study
E00520,RA231102700093,RA241100300207,1,Peer Study
E00521,RA231102700093,RA241100300249,1,Peer Study
E00522,RA231102700093,RA241105400135,2,Peer Study
E00523,RA231102700093,RA241105400219,2,Peer Study
E00524,RA231102700093,RA251102900297,5,Peer Study
E00525,RA231102700093,RA251105400285,2,Hackathon Team
E00526,RA231102700093,RA251105400369,4,Technical Club
E00527,RA231102700093,RA251105600279,1,Project Team
E00528,RA231102700093,RA251105600321,1,Peer Study
E00529,RA231102700093,RA251105600363,2,Peer Study
E00530,RA231102700093,RA261103000441,5,Project Team
E00531,RA231102700093,RA261105600429,1,Technical Club
E00532,RA231102700100,RA231102700121,9,Hackathon Team
E00533,RA231102700100,RA231102800038,5,Peer Study
E00534,RA231102700100,RA231102800094,7,Technical Club
E00535,RA231102700100,RA231102900004,7,Project Team
E00536,RA231102700100,RA231105400090,5,Technical Club
E00537,RA231102700100,RA231105600028,6,Peer Study
E00538,RA231102700100,RA231105600042,6,Technical Club
E00539,RA231102700100,RA231105600070,10,Project Team
E00540,RA231102700100,RA231105600112,8,Project Team
E00541,RA231102700100,RA241100300151,5,Project Team
E00542,RA231102700100,RA241100300172,4,Technical Club
E00543,RA231102700100,RA241100300186,5,Hackathon Team
E00544,RA231102700100,RA241102700187,7,Peer Study
E00545,RA231102700100,RA241102900189,4,Lab Collaboration
E00546,RA231102700100,RA241103000148,18,Hackathon Team
E00547,RA231102700100,RA241103000190,9,Project Team
E00548,RA231102700100,RA241105600136,4,Lab Collaboration
E00549,RA231102700100,RA241105600199,9,Hackathon Team
E00550,RA231102700100,RA251102700365,4,Lab Collaboration
E00551,RA231102700100,RA251102800296,5,Peer Study
E00552,RA231102700100,RA251102900262,6,Peer Study
E00553,RA231102700100,RA251102900269,5,Technical Club
E00554,RA231102700100,RA251102900360,5,Peer Study
E00555,RA231102700100,RA251105400257,6,Project Team
E00556,RA231102700100,RA251105400285,7,Project Team
E00557,RA231102700100,RA251105400334,4,Technical Club
E00558,RA231102700100,RA261102700382,4,Lab Collaboration
E00559,RA231102700100,RA261105400393,8,Peer Study
E00560,RA231102700100,RA261105400414,5,Project Team
E00561,RA231102700100,RA261105600485,5,Hackathon Team
E00562,RA231102700107,RA231102800101,3,Peer Study
E00563,RA231102700107,RA231102900011,6,Technical Club
E00564,RA231102700107,RA241100300221,2,Lab Collaboration
E00565,RA231102700107,RA241102700131,1,Technical Club
E00566,RA231102700107,RA241102900154,6,Peer Study
E00567,RA231102700107,RA241102900245,1,Project Team
E00568,RA231102700107,RA241103000155,1,Project Team
E00569,RA231102700107,RA241105400149,4,Project Team
E00570,RA231102700107,RA241105400191,4,Project Team
E00571,RA231102700107,RA251100300371,5,Lab Collaboration
E00572,RA231102700107,RA251102800254,7,Project Team
E00573,RA231102700107,RA251102800275,3,Hackathon Team
E00574,RA231102700107,RA251102900262,2,Lab Collaboration
E00575,RA231102700107,RA251105600293,3,Hackathon Team
E00576,RA231102700107,RA261102800425,2,Hackathon Team
E00577,RA231102700107,RA261103000413,2,Hackathon Team
E00578,RA231102700114,RA231102800108,2,Project Team
E00579,RA231102700114,RA231105600119,18,Project Team
E00580,RA231102700114,RA241102900154,5,Project Team
E00581,RA231102700114,RA241105400184,7,Technical Club
E00582,RA231102700114,RA241105400226,1,Lab Collaboration
E00583,RA231102700114,RA251102700330,6,Lab Collaboration
E00584,RA231102700114,RA251102800366,1,Technical Club
E00585,RA231102700114,RA251105600265,2,Project Team
E00586,RA231102700114,RA261100300402,5,Project Team
E00587,RA231102700114,RA261100300486,5,Project Team
E00588,RA231102700114,RA261102700438,1,Peer Study
E00589,RA231102700114,RA261102800390,5,Lab Collaboration
E00590,RA231102700114,RA261103000441,6,Technical Club
E00591,RA231102700121,RA231102800031,2,Hackathon Team
E00592,RA231102700121,RA231102800115,2,Project Team
E00593,RA231102700121,RA231105600112,3,Lab Collaboration
E00594,RA231102700121,RA241100300151,1,Peer Study
E00595,RA231102700121,RA241102700145,2,Technical Club
E00596,RA231102700121,RA241102900133,3,Peer Study
E00597,RA231102700121,RA241103000127,5,Technical Club
E00598,RA231102700121,RA241103000169,2,Project Team
E00599,RA231102700121,RA241105400247,1,Peer Study
E00600,RA231102700121,RA241105600192,2,Technical Club
E00601,RA231102700121,RA251102900325,7,Lab Collaboration
E00602,RA231102700121,RA251105400292,4,Hackathon Team
E00603,RA231102700121,RA251105400299,3,Technical Club
E00604,RA231102700121,RA261100300409,2,Peer Study
E00605,RA231102700121,RA261102900475,3,Lab Collaboration
E00606,RA231102700121,RA261103000399,1,Peer Study
E00607,RA231102700121,RA261105600415,3,Technical Club
E00608,RA231102800003,RA231102800087,1,Technical Club
E00609,RA231102800003,RA231105600063,7,Hackathon Team
E00610,RA231102800003,RA241100300165,1,Peer Study
E00611,RA231102800003,RA241102700243,4,Technical Club
E00612,RA231102800003,RA241105400205,6,Technical Club
E00613,RA231102800003,RA251100300273,1,Project Team
E00614,RA231102800003,RA251102700309,6,Lab Collaboration
E00615,RA231102800003,RA251102900297,3,Project Team
E00616,RA231102800003,RA261102800495,1,Technical Club
E00617,RA231102800003,RA261103000441,12,Peer Study
E00618,RA231102800010,RA231102900004,2,Technical Club
E00619,RA231102800010,RA231102900018,2,Project Team
E00620,RA231102800010,RA231105400097,4,Hackathon Team
E00621,RA231102800010,RA231105600112,5,Technical Club
E00622,RA231102800010,RA241102700166,4,Project Team
E00623,RA231102800010,RA241102900238,2,Peer Study
E00624,RA231102800010,RA241103000232,2,Project Team
E00625,RA231102800010,RA241105400226,3,Technical Club
E00626,RA231102800010,RA251102700316,10,Peer Study
E00627,RA231102800010,RA251103000256,1,Peer Study
E00628,RA231102800010,RA251105600328,1,Technical Club
E00629,RA231102800010,RA261102700424,2,Hackathon Team
E00630,RA231102800010,RA261105600436,1,Peer Study
E00631,RA231102800010,RA261105600457,8,Technical Club
E00632,RA231102800010,RA261105600478,3,Peer Study
E00633,RA231102800017,RA231102800059,1,Lab Collaboration
E00634,RA231102800017,RA231102900011,2,Lab Collaboration
E00635,RA231102800017,RA231105600077,2,Lab Collaboration
E00636,RA231102800017,RA241102900147,3,Hackathon Team
E00637,RA231102800017,RA251102700281,2,Hackathon Team
E00638,RA231102800017,RA251102900269,1,Technical Club
E00639,RA231102800017,RA251103000305,3,Technical Club
E00640,RA231102800017,RA251105400257,1,Hackathon Team
E00641,RA231102800017,RA261102800383,1,Peer Study
E00642,RA231102800017,RA261102800467,5,Project Team
E00643,RA231102800017,RA261102900377,2,Peer Study
E00644,RA231102800024,RA231102900018,3,Technical Club
E00645,RA231102800024,RA231103000054,5,Lab Collaboration
E00646,RA231102800024,RA241100300228,2,Lab Collaboration
E00647,RA231102800024,RA241102700138,1,Project Team
E00648,RA231102800024,RA241102700180,2,Hackathon Team
E00649,RA231102800024,RA241102900126,2,Hackathon Team
E00650,RA231102800024,RA241102900210,6,Peer Study
E00651,RA231102800024,RA241105400184,9,Technical Club
E00652,RA231102800024,RA251100300280,4,Project Team
E00653,RA231102800024,RA251102700302,1,Peer Study
E00654,RA231102800024,RA261100300402,6,Lab Collaboration
E00655,RA231102800024,RA261103000420,1,Lab Collaboration
E00656,RA231102800024,RA261103000441,5,Project Team
E00657,RA231102800024,RA261103000462,1,Peer Study
E00658,RA231102800031,RA231102900025,1,Project Team
E00659,RA231102800031,RA231105400097,1,Peer Study
E00660,RA231102800031,RA231105600049,3,Hackathon Team
E00661,RA231102800031,RA241102900175,2,Peer Study
E00662,RA231102800031,RA241105600157,2,Technical Club
E00663,RA231102800031,RA241105600199,5,Technical Club
E00664,RA231102800031,RA251102700316,9,Project Team
E00665,RA231102800031,RA251102900325,5,Technical Club
E00666,RA231102800031,RA251103000277,3,Hackathon Team
E00667,RA231102800031,RA251103000319,2,Peer Study
E00668,RA231102800031,RA261102700445,1,Peer Study
E00669,RA231102800031,RA261102800439,2,Technical Club
E00670,RA231102800038,RA231102900032,4,Project Team
E00671,RA231102800038,RA231102900074,6,Lab Collaboration
E00672,RA231102800038,RA241100300200,2,Hackathon Team
E00673,RA231102800038,RA241102900224,1,Peer Study
E00674,RA231102800038,RA251102700316,12,Hackathon Team
E00675,RA231102800038,RA251105400278,1,Hackathon Team
E00676,RA231102800038,RA251105400320,3,Project Team
E00677,RA231102800038,RA261100300416,1,Technical Club
E00678,RA231102800038,RA261102700410,2,Peer Study
E00679,RA231102800038,RA261103000476,1,Peer Study
E00680,RA231102800038,RA261105400428,2,Project Team
E00681,RA231102800038,RA261105600380,4,Peer Study
E00682,RA231102800045,RA231102800087,3,Lab Collaboration
E00683,RA231102800045,RA231102900039,4,Lab Collaboration
E00684,RA231102800045,RA231103000124,3,Technical Club
E00685,RA231102800045,RA251102800303,4,Hackathon Team
E00686,RA231102800045,RA251102900339,1,Technical Club
E00687,RA231102800045,RA251105600321,1,Peer Study
E00688,RA231102800045,RA261102800411,5,Lab Collaboration
E00689,RA231102800045,RA261105600387,3,Technical Club
E00690,RA231102800045,RA261105600429,1,Peer Study
E00691,RA231102800052,RA231102900046,8,Hackathon Team
E00692,RA231102800052,RA231105600119,8,Lab Collaboration
E00693,RA231102800052,RA241103000148,1,Peer Study
E00694,RA231102800052,RA241105600178,2,Lab Collaboration
E00695,RA231102800052,RA251102900346,4,Lab Collaboration
E00696,RA231102800052,RA251105600286,2,Project Team
E00697,RA231102800052,RA261100300423,4,Peer Study
E00698,RA231102800052,RA261102800376,1,Project Team
E00699,RA231102800059,RA231102900053,1,Peer Study
E00700,RA231102800059,RA231102900095,1,Technical Club
E00701,RA231102800059,RA231103000061,6,Hackathon Team
E00702,RA231102800059,RA231105600035,2,Technical Club
E00703,RA231102800059,RA241102700131,1,Lab Collaboration
E00704,RA231102800059,RA241102800209,2,Technical Club
E00705,RA231102800059,RA241102900161,2,Peer Study
E00706,RA231102800059,RA241105400184,6,Project Team
E00707,RA231102800059,RA241105600143,1,Peer Study
E00708,RA231102800059,RA241105600185,5,Peer Study
E00709,RA231102800059,RA251102800296,1,Project Team
E00710,RA231102800059,RA251103000256,2,Technical Club
E00711,RA231102800073,RA231102900067,3,Project Team
E00712,RA231102800073,RA231105600007,1,Hackathon Team
E00713,RA231102800073,RA241102800139,2,Project Team
E00714,RA231102800073,RA251102700337,2,Project Team
E00715,RA231102800073,RA251102800373,2,Hackathon Team
E00716,RA231102800073,RA251102900367,3,Hackathon Team
E00717,RA231102800073,RA251105400271,1,Technical Club
E00718,RA231102800073,RA261102700487,1,Hackathon Team
E00719,RA231102800073,RA261102800397,3,Peer Study
E00720,RA231102800080,RA231102900074,4,Hackathon Team
E00721,RA231102800080,RA231103000110,1,Technical Club
E00722,RA231102800080,RA231105400020,2,Hackathon Team
E00723,RA231102800080,RA241100300158,2,Technical Club
E00724,RA231102800080,RA241102800146,3,Peer Study
E00725,RA231102800080,RA241105400170,1,Technical Club
E00726,RA231102800080,RA251100300266,7,Technical Club
E00727,RA231102800080,RA251100300350,2,Peer Study
E00728,RA231102800080,RA251102800296,4,Technical Club
E00729,RA231102800080,RA251102900290,1,Project Team
E00730,RA231102800080,RA251105400320,1,Project Team
E00731,RA231102800080,RA261102700494,2,Lab Collaboration
E00732,RA231102800080,RA261103000441,6,Peer Study
E00733,RA231102800080,RA261105400470,4,Hackathon Team
E00734,RA231102800087,RA231102900081,3,Technical Club
E00735,RA231102800087,RA231105400097,1,Project Team
E00736,RA231102800087,RA241100300165,1,Hackathon Team
E00737,RA231102800087,RA241102700201,2,Peer Study
E00738,RA231102800087,RA241102800139,3,Project Team
E00739,RA231102800087,RA241103000225,1,Technical Club
E00740,RA231102800087,RA251102900311,4,Peer Study
E00741,RA231102800087,RA261105600429,8,Hackathon Team
E00742,RA231102800087,RA261105600457,5,Lab Collaboration
E00743,RA231102800094,RA231102900088,1,Peer Study
E00744,RA231102800094,RA231105400034,2,Hackathon Team
E00745,RA231102800094,RA231105600070,3,Technical Club
E00746,RA231102800094,RA241102700250,2,Peer Study
E00747,RA231102800094,RA241102800244,1,Peer Study
E00748,RA231102800094,RA241103000232,2,Technical Club
E00749,RA231102800094,RA251102800310,1,Peer Study
E00750,RA231102800094,RA251102800366,2,Lab Collaboration
E00751,RA231102800094,RA251102900304,4,Technical Club
E00752,RA231102800094,RA261102900496,3,Hackathon Team
E00753,RA231102800094,RA261103000448,4,Technical Club
E00754,RA231102800101,RA231102900095,8,Technical Club
E00755,RA231102800101,RA231103000089,1,Peer Study
E00756,RA231102800101,RA241102700131,3,Project Team
E00757,RA231102800101,RA241102700173,3,Project Team
E00758,RA231102800101,RA241105400163,2,Hackathon Team
E00759,RA231102800101,RA241105600185,1,Technical Club
E00760,RA231102800101,RA251100300329,2,Hackathon Team
E00761,RA231102800101,RA251102700281,2,Hackathon Team
E00762,RA231102800101,RA251102800254,6,Peer Study
E00763,RA231102800101,RA251102800359,1,Peer Study
E00764,RA231102800101,RA251102900353,3,Lab Collaboration
E00765,RA231102800101,RA251105400257,1,Hackathon Team
E00766,RA231102800101,RA261105600443,4,Hackathon Team
E00767,RA231102800108,RA231102900102,2,Technical Club
E00768,RA231102800108,RA241100300179,3,Technical Club
E00769,RA231102800108,RA241102800132,3,Technical Club
E00770,RA231102800108,RA241102900210,3,Project Team
E00771,RA231102800108,RA241105600192,1,Technical Club
E00772,RA231102800108,RA251102900276,6,Peer Study
E00773,RA231102800108,RA261102700396,2,Technical Club
E00774,RA231102800108,RA261102800446,4,Technical Club
E00775,RA231102800115,RA231102900067,1,Hackathon Team
E00776,RA231102800115,RA231102900109,4,Peer Study
E00777,RA231102800115,RA231103000096,2,Hackathon Team
E00778,RA231102800115,RA241102800181,5,Hackathon Team
E00779,RA231102800115,RA241103000127,3,Hackathon Team
E00780,RA231102800115,RA241105400135,2,Lab Collaboration
E00781,RA231102800115,RA241105400205,5,Lab Collaboration
E00782,RA231102800115,RA251100300259,5,Lab Collaboration
E00783,RA231102800115,RA251102900367,3,Peer Study
E00784,RA231102800115,RA251105400355,3,Project Team
E00785,RA231102800115,RA251105600265,1,Hackathon Team
E00786,RA231102800115,RA261105400379,7,Project Team
E00787,RA231102800115,RA261105400463,4,Hackathon Team
E00788,RA231102800122,RA231102900102,3,Lab Collaboration
E00789,RA231102800122,RA231102900116,1,Project Team
E00790,RA231102800122,RA241105400128,2,Peer Study
E00791,RA231102800122,RA241105400184,5,Project Team
E00792,RA231102800122,RA241105600248,2,Project Team
E00793,RA231102800122,RA251102700316,7,Technical Club
E00794,RA231102800122,RA251105400362,3,Technical Club
E00795,RA231102800122,RA251105600272,2,Project Team
E00796,RA231102800122,RA261102900489,3,Peer Study
E00797,RA231102800122,RA261103000476,1,Lab Collaboration
E00798,RA231102900004,RA241102800160,5,Hackathon Team
E00799,RA231102900004,RA241102800244,8,Technical Club
E00800,RA231102900004,RA251105600328,2,Lab Collaboration
E00801,RA231102900004,RA261102700382,8,Project Team
E00802,RA231102900004,RA261103000406,2,Lab Collaboration
E00803,RA231102900004,RA261103000490,2,Project Team
E00804,RA231102900011,RA231103000005,2,Hackathon Team
E00805,RA231102900011,RA231103000089,4,Lab Collaboration
E00806,RA231102900011,RA231105400083,3,Peer Study
E00807,RA231102900011,RA231105600077,3,Project Team
E00808,RA231102900011,RA231105600119,6,Project Team
E00809,RA231102900011,RA241100300221,1,Peer Study
E00810,RA231102900011,RA241103000239,2,Hackathon Team
E00811,RA231102900011,RA241105400247,3,Technical Club
E00812,RA231102900011,RA251102900353,5,Peer Study
E00813,RA231102900011,RA251105600251,2,Project Team
E00814,RA231102900011,RA261102700389,2,Hackathon Team
E00815,RA231102900011,RA261102700431,5,Lab Collaboration
E00816,RA231102900011,RA261105600485,4,Hackathon Team
E00817,RA231102900018,RA231103000012,4,Project Team
E00818,RA231102900018,RA241102700222,4,Project Team
E00819,RA231102900018,RA241102800216,1,Lab Collaboration
E00820,RA231102900018,RA241103000204,2,Hackathon Team
E00821,RA231102900018,RA241105400142,4,Lab Collaboration
E00822,RA231102900018,RA251102800282,6,Technical Club
E00823,RA231102900018,RA251103000284,3,Project Team
E00824,RA231102900018,RA251105600258,4,Project Team
E00825,RA231102900018,RA261100300423,4,Project Team
E00826,RA231102900018,RA261102800390,1,Peer Study
E00827,RA231102900025,RA231103000019,2,Project Team
E00828,RA231102900025,RA231105600091,1,Project Team
E00829,RA231102900025,RA241102800139,3,Peer Study
E00830,RA231102900025,RA241103000127,2,Technical Club
E00831,RA231102900025,RA241105600241,4,Peer Study
E00832,RA231102900025,RA251100300343,3,Lab Collaboration
E00833,RA231102900025,RA251102700295,1,Lab Collaboration
E00834,RA231102900025,RA251102800373,4,Hackathon Team
E00835,RA231102900025,RA251102900283,2,Project Team
E00836,RA231102900025,RA261100300409,2,Peer Study
E00837,RA231102900025,RA261102900433,6,Project Team
E00838,RA231102900025,RA261103000441,7,Hackathon Team
E00839,RA231102900025,RA261105400477,5,Technical Club
E00840,RA231102900025,RA261105600401,1,Peer Study
E00841,RA231102900025,RA261105600415,2,Lab Collaboration
E00842,RA231102900032,RA231103000026,1,Hackathon Team
E00843,RA231102900032,RA231105600056,1,Hackathon Team
E00844,RA231102900032,RA241102700208,3,Hackathon Team
E00845,RA231102900032,RA241102800202,6,Project Team
E00846,RA231102900032,RA241105400170,4,Technical Club
E00847,RA231102900032,RA241105400184,8,Project Team
E00848,RA231102900032,RA251102900332,3,Project Team
E00849,RA231102900032,RA251102900367,3,Peer Study
E00850,RA231102900032,RA251102900374,4,Hackathon Team
E00851,RA231102900032,RA251105400362,1,Technical Club
E00852,RA231102900032,RA261102700452,3,Technical Club
E00853,RA231102900032,RA261105600464,2,Technical Club
E00854,RA231102900039,RA231103000033,2,Peer Study
E00855,RA231102900039,RA241102700243,4,Hackathon Team
E00856,RA231102900039,RA241105400184,7,Peer Study
E00857,RA231102900039,RA251100300315,1,Technical Club
E00858,RA231102900039,RA251102700351,6,Lab Collaboration
E00859,RA231102900039,RA251102800303,2,Project Team
E00860,RA231102900039,RA251102800345,3,Lab Collaboration
E00861,RA231102900039,RA251105400327,3,Peer Study
E00862,RA231102900039,RA261100300423,6,Technical Club
E00863,RA231102900039,RA261105400463,1,Hackathon Team
E00864,RA231102900039,RA261105600471,1,Technical Club
E00865,RA231102900046,RA231103000040,2,Lab Collaboration
E00866,RA231102900046,RA241105600136,4,Project Team
E00867,RA231102900046,RA241105600220,3,Technical Club
E00868,RA231102900046,RA251105400334,1,Hackathon Team
E00869,RA231102900046,RA261100300423,10,Technical Club
E00870,RA231102900046,RA261102800376,5,Hackathon Team
E00871,RA231102900046,RA261105600394,1,Hackathon Team
E00872,RA231102900053,RA231103000047,2,Hackathon Team
E00873,RA231102900053,RA231103000124,2,Technical Club
E00874,RA231102900053,RA231105600077,5,Technical Club
E00875,RA231102900053,RA241102800202,7,Hackathon Team
E00876,RA231102900053,RA241103000155,2,Technical Club
E00877,RA231102900053,RA241105400184,5,Peer Study
E00878,RA231102900053,RA251102700323,1,Hackathon Team
E00879,RA231102900053,RA261103000497,4,Peer Study
E00880,RA231102900053,RA261105400407,2,Peer Study
E00881,RA231102900053,RA261105600485,2,Peer Study
E00882,RA231102900060,RA231103000026,3,Peer Study
E00883,RA231102900060,RA231103000054,3,Lab Collaboration
E00884,RA231102900060,RA231105400048,7,Hackathon Team
E00885,RA231102900060,RA231105600098,2,Lab Collaboration
E00886,RA231102900060,RA241100300228,7,Lab Collaboration
E00887,RA231102900060,RA241102800202,8,Project Team
E00888,RA231102900060,RA241103000246,2,Technical Club
E00889,RA231102900060,RA241105400184,7,Technical Club
E00890,RA231102900060,RA241105400198,2,Peer Study
E00891,RA231102900060,RA241105400240,7,Peer Study
E00892,RA231102900060,RA251105600300,3,Hackathon Team
E00893,RA231102900060,RA261102800390,3,Lab Collaboration
E00894,RA231102900060,RA261102800432,5,Lab Collaboration
E00895,RA231102900067,RA231103000061,1,Peer Study
E00896,RA231102900067,RA231105400055,4,Project Team
E00897,RA231102900067,RA231105600091,4,Hackathon Team
E00898,RA231102900067,RA241100300235,6,Project Team
E00899,RA231102900067,RA241102800139,3,Lab Collaboration
E00900,RA231102900067,RA241105400205,4,Peer Study
E00901,RA231102900067,RA241105400247,1,Lab Collaboration
E00902,RA231102900067,RA251100300329,1,Project Team
E00903,RA231102900067,RA251102700295,3,Hackathon Team
E00904,RA231102900067,RA251105600307,4,Lab Collaboration
E00905,RA231102900067,RA261102700487,1,Hackathon Team
E00906,RA231102900067,RA261105400400,5,Hackathon Team
E00907,RA231102900074,RA231103000068,6,Hackathon Team
E00908,RA231102900074,RA231103000096,5,Peer Study
E00909,RA231102900074,RA231105400062,5,Peer Study
E00910,RA231102900074,RA231105600084,5,Hackathon Team
E00911,RA231102900074,RA231105600098,9,Technical Club
E00912,RA231102900074,RA241100300165,7,Lab Collaboration
E00913,RA231102900074,RA241102700194,8,Lab Collaboration
E00914,RA231102900074,RA241102800188,6,Technical Club
E00915,RA231102900074,RA241102800237,5,Technical Club
E00916,RA231102900074,RA241103000148,4,Peer Study
E00917,RA231102900074,RA241103000162,4,Peer Study
E00918,RA231102900074,RA241105400128,12,Hackathon Team
E00919,RA231102900074,RA241105400184,5,Lab Collaboration
E00920,RA231102900074,RA241105600157,7,Lab Collaboration
E00921,RA231102900074,RA251102800268,4,Lab Collaboration
E00922,RA231102900074,RA251103000263,5,Peer Study
E00923,RA231102900074,RA251103000298,6,Peer Study
E00924,RA231102900074,RA251105400320,4,Hackathon Team
E00925,RA231102900074,RA251105400355,5,Peer Study
E00926,RA231102900074,RA251105600314,6,Hackathon Team
E00927,RA231102900074,RA251105600356,4,Lab Collaboration
E00928,RA231102900074,RA261100300416,6,Lab Collaboration
E00929,RA231102900074,RA261100300437,4,Project Team
E00930,RA231102900074,RA261102700396,5,Lab Collaboration
E00931,RA231102900074,RA261102700417,5,Project Team
E00932,RA231102900074,RA261102800404,5,Project Team
E00933,RA231102900074,RA261102800488,18,Lab Collaboration
E00934,RA231102900074,RA261102900440,4,Lab Collaboration
E00935,RA231102900074,RA261103000385,9,Hackathon Team
E00936,RA231102900074,RA261105400407,4,Lab Collaboration
E00937,RA231102900074,RA261105600387,6,Technical Club
E00938,RA231102900081,RA231102900123,3,Lab Collaboration
E00939,RA231102900081,RA231103000075,1,Project Team
E00940,RA231102900081,RA241102700243,1,Lab Collaboration
E00941,RA231102900081,RA241103000183,3,Hackathon Team
E00942,RA231102900081,RA241105400135,1,Lab Collaboration
E00943,RA231102900081,RA241105400184,5,Lab Collaboration
E00944,RA231102900081,RA241105600171,2,Project Team
E00945,RA231102900081,RA251105600279,8,Hackathon Team
E00946,RA231102900081,RA261100300465,1,Hackathon Team
E00947,RA231102900081,RA261105600471,7,Technical Club
E00948,RA231102900088,RA231103000082,1,Peer Study
E00949,RA231102900088,RA241100300172,6,Peer Study
E00950,RA231102900088,RA241102700250,6,Peer Study
E00951,RA231102900088,RA241105400142,2,Technical Club
E00952,RA231102900088,RA251102800268,1,Peer Study
E00953,RA231102900088,RA251102800310,3,Hackathon Team
E00954,RA231102900088,RA251102900332,3,Hackathon Team
E00955,RA231102900088,RA251102900346,1,Hackathon Team
E00956,RA231102900088,RA251103000298,2,Project Team
E00957,RA231102900088,RA251105600286,2,Lab Collaboration
E00958,RA231102900088,RA261100300472,1,Lab Collaboration
E00959,RA231102900088,RA261102900412,2,Project Team
E00960,RA231102900095,RA231103000089,7,Hackathon Team
E00961,RA231102900095,RA241102700215,3,Peer Study
E00962,RA231102900095,RA241102800209,1,Technical Club
E00963,RA231102900095,RA241102900203,2,Project Team
E00964,RA231102900095,RA241103000239,1,Hackathon Team
E00965,RA231102900095,RA241105400191,1,Technical Club
E00966,RA231102900095,RA241105400233,4,Project Team
E00967,RA231102900095,RA251102700281,1,Lab Collaboration
E00968,RA231102900095,RA251102800268,2,Lab Collaboration
E00969,RA231102900095,RA251102800359,2,Lab Collaboration
E00970,RA231102900095,RA251103000305,1,Lab Collaboration
E00971,RA231102900095,RA261100300395,4,Peer Study
E00972,RA231102900095,RA261102700473,4,Hackathon Team
E00973,RA231102900095,RA261102900419,1,Hackathon Team
E00974,RA231102900095,RA261105400407,3,Lab Collaboration
E00975,RA231102900102,RA231102900116,2,Technical Club
E00976,RA231102900102,RA231103000096,2,Peer Study
E00977,RA231102900102,RA241102900210,4,Lab Collaboration
E00978,RA231102900102,RA241103000162,8,Project Team
E00979,RA231102900102,RA241103000246,3,Lab Collaboration
E00980,RA231102900102,RA251100300329,3,Technical Club
E00981,RA231102900102,RA251102700372,2,Hackathon Team
E00982,RA231102900102,RA251103000270,1,Lab Collaboration
E00983,RA231102900102,RA251105400264,3,Hackathon Team
E00984,RA231102900102,RA261100300444,1,Hackathon Team
E00985,RA231102900102,RA261102800446,9,Hackathon Team
E00986,RA231102900102,RA261105400400,12,Peer Study
E00987,RA231102900102,RA261105400456,3,Peer Study
E00988,RA231102900109,RA231103000103,3,Peer Study
E00989,RA231102900109,RA241102800139,1,Project Team
E00990,RA231102900109,RA241103000127,5,Project Team
E00991,RA231102900109,RA251102700253,4,Peer Study
E00992,RA231102900109,RA251105600307,7,Project Team
E00993,RA231102900109,RA261102700431,2,Peer Study
E00994,RA231102900109,RA261102700445,1,Peer Study
E00995,RA231102900109,RA261102700494,1,Hackathon Team
E00996,RA231102900109,RA261102900391,6,Lab Collaboration
E00997,RA231102900109,RA261102900433,2,Hackathon Team
E00998,RA231102900109,RA261103000469,5,Peer Study
E00999,RA231102900109,RA261105600457,7,Hackathon Team
E01000,RA231102900116,RA231103000110,1,Lab Collaboration
E01001,RA231102900116,RA231105600014,3,Technical Club
E01002,RA231102900116,RA241100300158,8,Hackathon Team
E01003,RA231102900116,RA241102700208,2,Lab Collaboration
E01004,RA231102900116,RA241102700236,5,Hackathon Team
E01005,RA231102900116,RA241102900224,1,Peer Study
E01006,RA231102900116,RA241105400128,3,Peer Study
E01007,RA231102900116,RA241105600206,3,Technical Club
E01008,RA231102900116,RA251102700260,7,Lab Collaboration
E01009,RA231102900116,RA251102800338,2,Project Team
E01010,RA231102900116,RA251105400362,2,Lab Collaboration
E01011,RA231102900123,RA231103000117,2,Technical Club
E01012,RA231102900123,RA241105600129,1,Project Team
E01013,RA231102900123,RA251102800254,10,Technical Club
E01014,RA231102900123,RA251102800303,3,Project Team
E01015,RA231102900123,RA251105600279,1,Project Team
E01016,RA231102900123,RA261100300437,12,Hackathon Team
E01017,RA231102900123,RA261100300465,2,Lab Collaboration
E01018,RA231102900123,RA261102800411,5,Hackathon Team
E01019,RA231102900123,RA261103000483,3,Technical Club
E01020,RA231102900123,RA261105600457,4,Hackathon Team
E01021,RA231102900123,RA261105600471,2,Hackathon Team
E01022,RA231103000005,RA231105600119,8,Hackathon Team
E01023,RA231103000005,RA241100300179,3,Peer Study
E01024,RA231103000005,RA241103000155,3,Project Team
E01025,RA231103000005,RA251102700316,6,Hackathon Team
E01026,RA231103000005,RA251103000263,2,Project Team
E01027,RA231103000005,RA251105600265,1,Project Team
E01028,RA231103000005,RA261102900377,1,Hackathon Team
E01029,RA231103000012,RA231105400006,6,Technical Club
E01030,RA231103000012,RA241100300186,1,Lab Collaboration
E01031,RA231103000012,RA241102700138,2,Project Team
E01032,RA231103000012,RA241102700180,2,Project Team
E01033,RA231103000012,RA241102700229,2,Lab Collaboration
E01034,RA231103000012,RA241102800132,2,Project Team
E01035,RA231103000012,RA241102900133,1,Hackathon Team
E01036,RA231103000012,RA241105400156,1,Lab Collaboration
E01037,RA231103000012,RA251102700288,2,Project Team
E01038,RA231103000012,RA251102800324,4,Technical Club
E01039,RA231103000012,RA251105400348,2,Lab Collaboration
E01040,RA231103000012,RA251105600300,1,Hackathon Team
E01041,RA231103000012,RA261100300472,2,Hackathon Team
E01042,RA231103000012,RA261105400456,1,Project Team
E01043,RA231103000019,RA231105600007,2,Project Team
E01044,RA231103000019,RA241102800223,3,Technical Club
E01045,RA231103000019,RA241105400184,6,Lab Collaboration
E01046,RA231103000019,RA241105400247,3,Project Team
E01047,RA231103000019,RA251100300259,8,Technical Club
E01048,RA231103000019,RA251103000319,1,Peer Study
E01049,RA231103000019,RA251105400369,4,Peer Study
E01050,RA231103000019,RA261102900433,4,Project Team
E01051,RA231103000019,RA261103000385,3,Hackathon Team
E01052,RA231103000019,RA261103000427,1,Project Team
E01053,RA231103000019,RA261103000483,2,Lab Collaboration
E01054,RA231103000019,RA261105600457,7,Hackathon Team
E01055,RA231103000019,RA261105600499,4,Project Team
E01056,RA231103000026,RA231105400020,3,Lab Collaboration
E01057,RA231103000026,RA231105400062,3,Project Team
E01058,RA231103000026,RA241102700236,2,Technical Club
E01059,RA231103000026,RA241105400128,1,Peer Study
E01060,RA231103000026,RA251102800296,8,Technical Club
E01061,RA231103000026,RA251105600272,3,Lab Collaboration
E01062,RA231103000026,RA261102800404,3,Project Team
E01063,RA231103000026,RA261102800467,3,Peer Study
E01064,RA231103000026,RA261102900482,2,Technical Club
E01065,RA231103000026,RA261103000441,6,Lab Collaboration
E01066,RA231103000026,RA261103000476,2,Project Team
E01067,RA231103000026,RA261105400428,2,Hackathon Team
E01068,RA231103000026,RA261105400456,3,Technical Club
E01069,RA231103000026,RA261105600457,8,Technical Club
E01070,RA231103000033,RA231105400027,2,Hackathon Team
E01071,RA231103000033,RA231105600070,2,Lab Collaboration
E01072,RA231103000033,RA241102700243,1,Lab Collaboration
E01073,RA231103000033,RA241102800153,1,Hackathon Team
E01074,RA231103000033,RA241102800195,1,Hackathon Team
E01075,RA231103000033,RA241102900231,2,Technical Club
E01076,RA231103000033,RA241103000176,4,Hackathon Team
E01077,RA231103000033,RA241105400219,1,Hackathon Team
E01078,RA231103000033,RA251102800261,3,Project Team
E01079,RA231103000033,RA251102900339,1,Peer Study
E01080,RA231103000033,RA251103000375,2,Lab Collaboration
E01081,RA231103000033,RA251105400285,5,Hackathon Team
E01082,RA231103000033,RA251105600321,1,Project Team
E01083,RA231103000033,RA251105600363,1,Peer Study
E01084,RA231103000033,RA261102800495,1,Project Team
E01085,RA231103000033,RA261102900405,7,Project Team
E01086,RA231103000040,RA231105400034,1,Hackathon Team
E01087,RA231103000040,RA241100300130,2,Lab Collaboration
E01088,RA231103000040,RA241102800160,6,Project Team
E01089,RA231103000040,RA241105400142,2,Project Team
E01090,RA231103000040,RA251100300280,1,Peer Study
E01091,RA231103000040,RA251102700316,5,Technical Club
E01092,RA231103000040,RA251103000298,1,Hackathon Team
E01093,RA231103000040,RA261102900412,4,Project Team
E01094,RA231103000040,RA261103000406,3,Project Team
E01095,RA231103000047,RA231103000089,2,Hackathon Team
E01096,RA231103000047,RA231105400041,1,Peer Study
E01097,RA231103000047,RA231105600035,6,Technical Club
E01098,RA231103000047,RA241102700215,1,Project Team
E01099,RA231103000047,RA241105600185,3,Technical Club
E01100,RA231103000047,RA251102900290,1,Peer Study
E01101,RA231103000047,RA251105600335,4,Lab Collaboration
E01102,RA231103000054,RA231103000103,2,Lab Collaboration
E01103,RA231103000054,RA231105400048,4,Technical Club
E01104,RA231103000054,RA231105400090,1,Technical Club
E01105,RA231103000054,RA241105400198,1,Technical Club
E01106,RA231103000054,RA241105400240,2,Peer Study
E01107,RA231103000054,RA251102700288,4,Hackathon Team
E01108,RA231103000054,RA251102800366,1,Technical Club
E01109,RA231103000054,RA261100300444,5,Project Team
E01110,RA231103000054,RA261102800397,4,Peer Study
E01111,RA231103000054,RA261102900468,3,Peer Study
E01112,RA231103000054,RA261103000420,1,Peer Study
E01113,RA231103000054,RA261105400414,3,Technical Club
E01114,RA231103000061,RA231105400055,1,Lab Collaboration
E01115,RA231103000061,RA241102700145,1,Project Team
E01116,RA231103000061,RA251102800345,8,Technical Club
E01117,RA231103000061,RA251105600307,2,Project Team
E01118,RA231103000061,RA261100300409,2,Hackathon Team
E01119,RA231103000061,RA261100300444,2,Project Team
E01120,RA231103000061,RA261102700494,5,Hackathon Team
E01121,RA231103000061,RA261105400407,3,Project Team
E01122,RA231103000068,RA231105400062,1,Project Team
E01123,RA231103000068,RA231105600014,3,Project Team
E01124,RA231103000068,RA231105600063,4,Project Team
E01125,RA231103000068,RA231105600098,6,Peer Study
E01126,RA231103000068,RA241102700152,2,Project Team
E01127,RA231103000068,RA241102800188,4,Peer Study
E01128,RA231103000068,RA241102800202,5,Lab Collaboration
E01129,RA231103000068,RA241102800230,5,Lab Collaboration
E01130,RA231103000068,RA241105400128,1,Technical Club
E01131,RA231103000068,RA241105600164,6,Project Team
E01132,RA231103000068,RA251102700302,4,Project Team
E01133,RA231103000068,RA261102900440,4,Peer Study
E01134,RA231103000068,RA261105400428,1,Peer Study
E01135,RA231103000068,RA261105600380,7,Lab Collaboration
E01136,RA231103000075,RA231105400069,1,Peer Study
E01137,RA231103000075,RA241102800153,4,Project Team
E01138,RA231103000075,RA251102800261,7,Peer Study
E01139,RA231103000075,RA251103000333,3,Lab Collaboration
E01140,RA231103000075,RA261100300465,3,Lab Collaboration
E01141,RA231103000075,RA261102700403,2,Technical Club
E01142,RA231103000075,RA261105400393,1,Project Team
E01143,RA231103000075,RA261105600387,1,Project Team
E01144,RA231103000075,RA261105600429,3,Technical Club
E01145,RA231103000075,RA261105600485,1,Technical Club
E01146,RA231103000082,RA231105400076,4,Project Team
E01147,RA231103000082,RA241102700208,1,Hackathon Team
E01148,RA231103000082,RA241102700250,5,Technical Club
E01149,RA231103000082,RA241105400226,2,Technical Club
E01150,RA231103000082,RA251100300322,2,Project Team
E01151,RA231103000082,RA251102900304,3,Hackathon Team
E01152,RA231103000089,RA231105400083,5,Peer Study
E01153,RA231103000089,RA231105600077,1,Project Team
E01154,RA231103000089,RA241102900161,4,Peer Study
E01155,RA231103000089,RA251100300329,3,Peer Study
E01156,RA231103000089,RA251102800317,6,Lab Collaboration
E01157,RA231103000089,RA251102900311,2,Lab Collaboration
E01158,RA231103000089,RA261102700396,1,Lab Collaboration
E01159,RA231103000089,RA261103000378,4,Technical Club
E01160,RA231103000089,RA261105600401,2,Project Team
E01161,RA231103000096,RA231105400048,3,Lab Collaboration
E01162,RA231103000096,RA231105400090,2,Project Team
E01163,RA231103000096,RA241102800216,7,Technical Club
E01164,RA231103000096,RA241102800230,4,Lab Collaboration
E01165,RA231103000096,RA241102900168,4,Peer Study
E01166,RA231103000096,RA241105400240,3,Technical Club
E01167,RA231103000096,RA251102700372,2,Peer Study
E01168,RA231103000096,RA251103000354,1,Technical Club
E01169,RA231103000096,RA251105400264,1,Lab Collaboration
E01170,RA231103000096,RA261102700438,3,Peer Study
E01171,RA231103000096,RA261105400400,7,Project Team
E01172,RA231103000096,RA261105400456,2,Peer Study
E01173,RA231103000103,RA231105400097,6,Lab Collaboration
E01174,RA231103000103,RA241102700145,1,Hackathon Team
E01175,RA231103000103,RA241102800139,4,Lab Collaboration
E01176,RA231103000103,RA241102900238,1,Lab Collaboration
E01177,RA231103000103,RA241105600199,1,Lab Collaboration
E01178,RA231103000103,RA251100300343,1,Project Team
E01179,RA231103000103,RA251102900283,3,Lab Collaboration
E01180,RA231103000103,RA251105600335,2,Technical Club
E01181,RA231103000103,RA261102700445,3,Hackathon Team
E01182,RA231103000103,RA261103000469,2,Project Team
E01183,RA231103000103,RA261105400421,2,Project Team
E01184,RA231103000103,RA261105600415,3,Peer Study
E01185,RA231103000103,RA261105600457,4,Peer Study
E01186,RA231103000110,RA231105400104,3,Technical Club
E01187,RA231103000110,RA241102800174,1,Hackathon Team
E01188,RA231103000110,RA251105400292,8,Lab Collaboration
E01189,RA231103000110,RA251105600314,1,Project Team
E01190,RA231103000110,RA261102800488,5,Lab Collaboration
E01191,RA231103000110,RA261102900384,2,Technical Club
E01192,RA231103000110,RA261103000385,3,Project Team
E01193,RA231103000110,RA261105400400,7,Lab Collaboration
E01194,RA231103000110,RA261105600422,1,Technical Club
E01195,RA231103000110,RA261105600464,1,Peer Study
E01196,RA231103000117,RA231105400069,5,Lab Collaboration
E01197,RA231103000117,RA231105400111,1,Lab Collaboration
E01198,RA231103000117,RA241102700243,1,Lab Collaboration
E01199,RA231103000117,RA241103000225,5,Hackathon Team
E01200,RA231103000117,RA241105400219,2,Peer Study
E01201,RA231103000117,RA241105600192,3,Project Team
E01202,RA231103000117,RA251102800345,1,Project Team
E01203,RA231103000117,RA251102900297,1,Project Team
E01204,RA231103000117,RA261102800411,1,Project Team
E01205,RA231103000117,RA261102800495,4,Technical Club
E01206,RA231103000117,RA261105400393,3,Hackathon Team
E01207,RA231103000117,RA261105600464,4,Peer Study
E01208,RA231103000124,RA231105400118,2,Hackathon Team
E01209,RA231103000124,RA241100300130,2,Technical Club
E01210,RA231103000124,RA241100300172,2,Lab Collaboration
E01211,RA231103000124,RA251100300322,1,Peer Study
E01212,RA231103000124,RA251103000298,2,Hackathon Team
E01213,RA231103000124,RA251105400292,6,Hackathon Team
E01214,RA231103000124,RA251105600286,6,Hackathon Team
E01215,RA231103000124,RA261102700382,6,Peer Study
E01216,RA231103000124,RA261102700424,4,Technical Club
E01217,RA231103000124,RA261102800376,2,Peer Study
E01218,RA231103000124,RA261105400400,4,Lab Collaboration
E01219,RA231105400006,RA241100300144,1,Peer Study
E01220,RA231105400006,RA241102900126,1,Peer Study
E01221,RA231105400006,RA241103000162,2,Technical Club
E01222,RA231105400006,RA241105600150,1,Technical Club
E01223,RA231105400006,RA251100300252,1,Technical Club
E01224,RA231105400006,RA251105400264,1,Lab Collaboration
E01225,RA231105400006,RA261100300486,5,Project Team
E01226,RA231105400006,RA261102800390,1,Hackathon Team
E01227,RA231105400006,RA261105600492,3,Lab Collaboration
E01228,RA231105400020,RA231105600014,8,Technical Club
E01229,RA231105400020,RA241100300193,1,Lab Collaboration
E01230,RA231105400020,RA241100300242,1,Project Team
E01231,RA231105400020,RA241102700152,3,Technical Club
E01232,RA231105400020,RA241102800160,3,Project Team
E01233,RA231105400020,RA241102900182,1,Technical Club
E01234,RA231105400020,RA241102900224,2,Peer Study
E01235,RA231105400020,RA241102900245,3,Technical Club
E01236,RA231105400020,RA251100300252,6,Technical Club
E01237,RA231105400020,RA251102700316,5,Project Team
E01238,RA231105400020,RA251103000326,2,Hackathon Team
E01239,RA231105400020,RA261100300416,3,Lab Collaboration
E01240,RA231105400020,RA261100300423,7,Lab Collaboration
E01241,RA231105400020,RA261102800446,5,Project Team
E01242,RA231105400020,RA261103000441,7,Project Team
E01243,RA231105400020,RA261105400428,2,Project Team
E01244,RA231105400020,RA261105600422,1,Peer Study
E01245,RA231105400027,RA231105600021,2,Project Team
E01246,RA231105400027,RA241100300165,3,Project Team
E01247,RA231105400027,RA241102700159,1,Project Team
E01248,RA231105400027,RA241102900189,1,Peer Study
E01249,RA231105400027,RA241105400184,4,Lab Collaboration
E01250,RA231105400027,RA251100300315,1,Technical Club
E01251,RA231105400027,RA251100300329,3,Project Team
E01252,RA231105400027,RA251100300357,3,Lab Collaboration
E01253,RA231105400027,RA251102900255,3,Hackathon Team
E01254,RA231105400027,RA251102900297,4,Lab Collaboration
E01255,RA231105400027,RA251102900339,3,Project Team
E01256,RA231105400027,RA251105400285,4,Lab Collaboration
E01257,RA231105400027,RA251105600335,2,Peer Study
E01258,RA231105400027,RA261100300458,3,Peer Study
E01259,RA231105400027,RA261102700459,4,Project Team
E01260,RA231105400027,RA261102800453,1,Technical Club
E01261,RA231105400027,RA261102800495,1,Lab Collaboration
E01262,RA231105400027,RA261103000441,10,Peer Study
E01263,RA231105400034,RA231105600028,1,Technical Club
E01264,RA231105400034,RA241100300172,2,Peer Study
E01265,RA231105400034,RA241100300214,7,Technical Club
E01266,RA231105400034,RA241102900196,4,Peer Study
E01267,RA231105400034,RA241103000148,4,Lab Collaboration
E01268,RA231105400034,RA241105400205,4,Technical Club
E01269,RA231105400034,RA251100300322,2,Peer Study
E01270,RA231105400034,RA251100300364,1,Lab Collaboration
E01271,RA231105400034,RA251102700316,4,Peer Study
E01272,RA231105400034,RA251105400292,8,Technical Club
E01273,RA231105400034,RA251105600356,4,Technical Club
E01274,RA231105400034,RA251105600370,4,Lab Collaboration
E01275,RA231105400034,RA261102700466,1,Project Team
E01276,RA231105400034,RA261102800460,5,Technical Club
E01277,RA231105400034,RA261102900377,3,Peer Study
E01278,RA231105400041,RA231105400083,1,Peer Study
E01279,RA231105400041,RA231105600035,2,Hackathon Team
E01280,RA231105400041,RA241102700173,2,Hackathon Team
E01281,RA231105400041,RA241102800195,3,Hackathon Team
E01282,RA231105400041,RA251100300287,4,Lab Collaboration
E01283,RA231105400041,RA251100300329,4,Project Team
E01284,RA231105400041,RA251105600251,1,Project Team
E01285,RA231105400041,RA251105600293,2,Technical Club
E01286,RA231105400041,RA261102800432,2,Project Team
E01287,RA231105400041,RA261102800446,6,Peer Study
E01288,RA231105400041,RA261102900377,5,Technical Club
E01289,RA231105400041,RA261102900461,4,Peer Study
E01290,RA231105400041,RA261105600408,3,Technical Club
E01291,RA231105400048,RA231105600042,1,Peer Study
E01292,RA231105400048,RA251100300336,3,Peer Study
E01293,RA231105400048,RA251105600258,1,Lab Collaboration
E01294,RA231105400048,RA261102800390,5,Hackathon Team
E01295,RA231105400048,RA261102800432,4,Project Team
E01296,RA231105400048,RA261105400414,5,Project Team
E01297,RA231105400055,RA231105600049,1,Hackathon Team
E01298,RA231105400055,RA241102800181,3,Hackathon Team
E01299,RA231105400055,RA241102800202,4,Peer Study
E01300,RA231105400055,RA241102800230,6,Technical Club
E01301,RA231105400055,RA241105600199,3,Peer Study
E01302,RA231105400055,RA251102700295,3,Peer Study
E01303,RA231105400055,RA251102900325,6,Hackathon Team
E01304,RA231105400055,RA251105400348,2,Peer Study
E01305,RA231105400055,RA261103000385,4,Technical Club
E01306,RA231105400055,RA261103000469,2,Hackathon Team
E01307,RA231105400062,RA231105600056,1,Lab Collaboration
E01308,RA231105400062,RA241102700194,1,Project Team
E01309,RA231105400062,RA241103000218,3,Technical Club
E01310,RA231105400062,RA251105600272,1,Project Team
E01311,RA231105400062,RA251105600356,5,Hackathon Team
E01312,RA231105400062,RA261102700452,2,Lab Collaboration
E01313,RA231105400062,RA261102900440,7,Lab Collaboration
E01314,RA231105400069,RA231105600063,3,Project Team
E01315,RA231105400069,RA241102800181,7,Hackathon Team
E01316,RA231105400069,RA241102900231,2,Technical Club
E01317,RA231105400069,RA241105400177,3,Project Team
E01318,RA231105400069,RA251100300315,4,Peer Study
E01319,RA231105400069,RA251102700316,6,Technical Club
E01320,RA231105400069,RA251102800345,3,Technical Club
E01321,RA231105400069,RA251102900297,4,Lab Collaboration
E01322,RA231105400069,RA261105400393,1,Technical Club
E01323,RA231105400069,RA261105400435,1,Lab Collaboration
E01324,RA231105400069,RA261105600387,4,Project Team
E01325,RA231105400076,RA231105600070,2,Hackathon Team
E01326,RA231105400076,RA241100300130,1,Lab Collaboration
E01327,RA231105400076,RA241100300193,3,Technical Club
E01328,RA231105400076,RA241100300214,3,Hackathon Team
E01329,RA231105400076,RA241102700166,2,Lab Collaboration
E01330,RA231105400076,RA241102800244,2,Lab Collaboration
E01331,RA231105400076,RA261100300430,6,Lab Collaboration
E01332,RA231105400076,RA261102700466,6,Peer Study
E01333,RA231105400076,RA261103000490,3,Technical Club
E01334,RA231105400076,RA261105600436,1,Lab Collaboration
E01335,RA231105400076,RA261105600464,1,Lab Collaboration
E01336,RA231105400083,RA231105600077,5,Project Team
E01337,RA231105400083,RA241102800230,8,Hackathon Team
E01338,RA231105400083,RA241105600143,6,Hackathon Team
E01339,RA231105400083,RA251100300329,1,Project Team
E01340,RA231105400083,RA251100300371,2,Project Team
E01341,RA231105400083,RA251103000263,3,Project Team
E01342,RA231105400083,RA251103000375,1,Project Team
E01343,RA231105400083,RA251105400257,2,Hackathon Team
E01344,RA231105400083,RA251105600251,2,Technical Club
E01345,RA231105400083,RA261100300437,6,Hackathon Team
E01346,RA231105400083,RA261102800383,1,Hackathon Team
E01347,RA231105400083,RA261103000455,3,Peer Study
E01348,RA231105400083,RA261103000497,3,Hackathon Team
E01349,RA231105400083,RA261105600401,3,Hackathon Team
E01350,RA231105400090,RA231105600084,4,Project Team
E01351,RA231105400090,RA241102700138,7,Peer Study
E01352,RA231105400090,RA251100300252,2,Peer Study
E01353,RA231105400090,RA251103000270,6,Project Team
E01354,RA231105400090,RA251105400306,5,Hackathon Team
E01355,RA231105400090,RA261102700431,1,Hackathon Team
E01356,RA231105400090,RA261102900384,4,Lab Collaboration
E01357,RA231105400090,RA261105600408,3,Hackathon Team
E01358,RA231105400090,RA261105600450,4,Technical Club
E01359,RA231105400097,RA231105600091,1,Hackathon Team
E01360,RA231105400097,RA241100300235,4,Project Team
E01361,RA231105400097,RA241102900217,7,Project Team
E01362,RA231105400097,RA251100300259,2,Peer Study
E01363,RA231105400097,RA251102700253,2,Project Team
E01364,RA231105400097,RA251102700295,2,Hackathon Team
E01365,RA231105400097,RA251103000277,1,Hackathon Team
E01366,RA231105400097,RA251105600349,5,Technical Club
E01367,RA231105400097,RA261100300493,2,Lab Collaboration
E01368,RA231105400097,RA261102700445,1,Hackathon Team
E01369,RA231105400097,RA261105600499,1,Hackathon Team
E01370,RA231105400104,RA231105600098,2,Technical Club
E01371,RA231105400104,RA241100300242,1,Lab Collaboration
E01372,RA231105400104,RA241105400142,4,Project Team
E01373,RA231105400104,RA251100300266,3,Peer Study
E01374,RA231105400104,RA251102800338,1,Peer Study
E01375,RA231105400104,RA251102900374,1,Hackathon Team
E01376,RA231105400104,RA251105600356,9,Lab Collaboration
E01377,RA231105400104,RA261100300395,12,Hackathon Team
E01378,RA231105400104,RA261100300423,4,Peer Study
E01379,RA231105400104,RA261100300458,1,Project Team
E01380,RA231105400111,RA231105600105,5,Project Team
E01381,RA231105400111,RA241100300249,1,Hackathon Team
E01382,RA231105400111,RA241102700187,2,Hackathon Team
E01383,RA231105400111,RA241105400135,5,Hackathon Team
E01384,RA231105400111,RA251102700267,1,Peer Study
E01385,RA231105400111,RA251102900367,3,Lab Collaboration
E01386,RA231105400111,RA251103000375,2,Peer Study
E01387,RA231105400111,RA261100300437,7,Technical Club
E01388,RA231105400111,RA261102800411,2,Project Team
E01389,RA231105400111,RA261103000483,1,Technical Club
E01390,RA231105400118,RA231105600063,2,Project Team
E01391,RA231105400118,RA231105600112,4,Peer Study
E01392,RA231105400118,RA241102900189,1,Technical Club
E01393,RA231105400118,RA251102700274,1,Technical Club
E01394,RA231105400118,RA251102800268,3,Lab Collaboration
E01395,RA231105400118,RA251102800310,3,Project Team
E01396,RA231105400118,RA261100300423,6,Peer Study
E01397,RA231105400125,RA231105600119,4,Peer Study
E01398,RA231105400125,RA241100300186,1,Technical Club
E01399,RA231105400125,RA241102700131,1,Peer Study
E01400,RA231105400125,RA241102800167,3,Hackathon Team
E01401,RA231105400125,RA241105400233,4,Peer Study
E01402,RA231105400125,RA261102800446,4,Peer Study
E01403,RA231105400125,RA261103000413,2,Project Team
E01404,RA231105600007,RA231105600049,1,Lab Collaboration
E01405,RA231105600007,RA241102800139,4,Project Team
E01406,RA231105600007,RA241102900217,3,Hackathon Team
E01407,RA231105600007,RA241105400142,7,Lab Collaboration
E01408,RA231105600007,RA251102900325,7,Hackathon Team
E01409,RA231105600007,RA251105400271,4,Hackathon Team
E01410,RA231105600007,RA251105400320,1,Project Team
E01411,RA231105600007,RA251105400355,4,Technical Club
E01412,RA231105600007,RA261102700382,7,Lab Collaboration
E01413,RA231105600007,RA261102800481,4,Technical Club
E01414,RA231105600007,RA261103000427,2,Hackathon Team
E01415,RA231105600007,RA261105600499,1,Lab Collaboration
E01416,RA231105600014,RA241102700194,1,Project Team
E01417,RA231105600014,RA241102900224,1,Lab Collaboration
E01418,RA231105600014,RA251105600356,7,Project Team
E01419,RA231105600014,RA261100300500,1,Lab Collaboration
E01420,RA231105600014,RA261102800467,3,Project Team
E01421,RA231105600014,RA261105600380,1,Hackathon Team
E01422,RA231105600021,RA241100300207,5,Project Team
E01423,RA231105600021,RA241102900147,3,Peer Study
E01424,RA231105600021,RA241102900231,1,Peer Study
E01425,RA231105600021,RA241105400135,3,Project Team
E01426,RA231105600021,RA251102900297,5,Technical Club
E01427,RA231105600021,RA251102900325,6,Lab Collaboration
E01428,RA231105600021,RA251105400292,10,Project Team
E01429,RA231105600021,RA251105600363,5,Hackathon Team
E01430,RA231105600021,RA261100300437,4,Hackathon Team
E01431,RA231105600021,RA261102800495,8,Technical Club
E01432,RA231105600021,RA261102900447,3,Technical Club
E01433,RA231105600021,RA261103000483,2,Hackathon Team
E01434,RA231105600021,RA261105600471,1,Project Team
E01435,RA231105600028,RA241103000232,1,Project Team
E01436,RA231105600028,RA251100300364,3,Peer Study
E01437,RA231105600028,RA251102800352,2,Peer Study
E01438,RA231105600028,RA251102900262,2,Technical Club
E01439,RA231105600028,RA251103000326,1,Project Team
E01440,RA231105600028,RA261100300472,1,Project Team
E01441,RA231105600028,RA261105400484,1,Project Team
E01442,RA231105600035,RA231105600077,2,Peer Study
E01443,RA231105600035,RA241102800202,9,Project Team
E01444,RA231105600035,RA241102800209,2,Peer Study
E01445,RA231105600035,RA241102900161,2,Peer Study
E01446,RA231105600035,RA241105400184,6,Technical Club
E01447,RA231105600035,RA241105600143,2,Hackathon Team
E01448,RA231105600035,RA251100300329,1,Hackathon Team
E01449,RA231105600035,RA251102800324,4,Technical Club
E01450,RA231105600035,RA261102800383,2,Peer Study
E01451,RA231105600035,RA261102900377,4,Hackathon Team
E01452,RA231105600035,RA261102900461,1,Project Team
E01453,RA231105600042,RA241102900210,3,Technical Club
E01454,RA231105600042,RA241105400198,1,Project Team
E01455,RA231105600042,RA241105600234,6,Lab Collaboration
E01456,RA231105600042,RA251100300294,2,Technical Club
E01457,RA231105600042,RA251102800282,1,Technical Club
E01458,RA231105600042,RA251102800324,2,Technical Club
E01459,RA231105600042,RA251105600342,2,Lab Collaboration
E01460,RA231105600042,RA261102700382,5,Technical Club
E01461,RA231105600042,RA261102700438,4,Technical Club
E01462,RA231105600042,RA261103000378,4,Peer Study
E01463,RA231105600042,RA261103000385,3,Peer Study
E01464,RA231105600049,RA241102900175,2,Hackathon Team
E01465,RA231105600049,RA251100300322,5,Lab Collaboration
E01466,RA231105600049,RA251102700253,1,Peer Study
E01467,RA231105600049,RA251102800352,1,Project Team
E01468,RA231105600049,RA251102900283,1,Hackathon Team
E01469,RA231105600049,RA251103000319,1,Peer Study
E01470,RA231105600049,RA261102700445,1,Project Team
E01471,RA231105600049,RA261103000441,8,Technical Club
E01472,RA231105600056,RA241100300200,1,Hackathon Team
E01473,RA231105600056,RA241102900126,1,Technical Club
E01474,RA231105600056,RA241105400170,1,Hackathon Team
E01475,RA231105600056,RA251100300266,1,Technical Club
E01476,RA231105600056,RA251102700302,1,Lab Collaboration
E01477,RA231105600056,RA251102700316,9,Peer Study
E01478,RA231105600056,RA251103000368,1,Technical Club
E01479,RA231105600056,RA251105400278,3,Peer Study
E01480,RA231105600056,RA261102700452,5,Lab Collaboration
E01481,RA231105600056,RA261105600422,2,Hackathon Team
E01482,RA231105600063,RA231105600105,2,Lab Collaboration
E01483,RA231105600063,RA241102900147,6,Project Team
E01484,RA231105600063,RA241103000225,4,Lab Collaboration
E01485,RA231105600063,RA251100300343,3,Peer Study
E01486,RA231105600063,RA251102700365,6,Hackathon Team
E01487,RA231105600063,RA251105600279,3,Hackathon Team
E01488,RA231105600063,RA261105400393,1,Peer Study
E01489,RA231105600063,RA261105400400,7,Technical Club
E01490,RA231105600070,RA231105600119,7,Hackathon Team
E01491,RA231105600070,RA241100300130,1,Project Team
E01492,RA231105600070,RA241100300172,1,Hackathon Team
E01493,RA231105600070,RA241102900161,1,Project Team
E01494,RA231105600070,RA241105400184,8,Peer Study
E01495,RA231105600070,RA251102700316,10,Lab Collaboration
E01496,RA231105600070,RA251102700358,2,Peer Study
E01497,RA231105600070,RA251102800268,2,Project Team
E01498,RA231105600070,RA251102800310,1,Project Team
E01499,RA231105600070,RA251102900346,1,Technical Club
E01500,RA231105600070,RA261103000406,3,Hackathon Team
E01501,RA231105600070,RA261105400484,1,Project Team
E01502,RA231105600070,RA261105600394,8,Lab Collaboration
E01503,RA231105600070,RA261105600436,2,Hackathon Team
E01504,RA231105600077,RA241100300221,2,Peer Study
E01505,RA231105600077,RA241102700131,2,Lab Collaboration
E01506,RA231105600077,RA241102700250,2,Hackathon Team
E01507,RA231105600077,RA241102900154,7,Peer Study
E01508,RA231105600077,RA241102900203,4,Hackathon Team
E01509,RA231105600077,RA241102900231,7,Lab Collaboration
E01510,RA231105600077,RA241105400191,2,Peer Study
E01511,RA231105600077,RA251102700323,4,Lab Collaboration
E01512,RA231105600077,RA251102700365,4,Technical Club
E01513,RA231105600077,RA251103000347,8,Peer Study
E01514,RA231105600077,RA251105400299,2,Project Team
E01515,RA231105600077,RA261100300395,4,Technical Club
E01516,RA231105600077,RA261102800425,7,Technical Club
E01517,RA231105600077,RA261105400400,6,Project Team
E01518,RA231105600077,RA261105600485,3,Technical Club
E01519,RA231105600084,RA231105600119,8,Peer Study
E01520,RA231105600084,RA241102800174,3,Project Team
E01521,RA231105600084,RA241102900168,1,Technical Club
E01522,RA231105600084,RA241103000246,1,Project Team
E01523,RA231105600084,RA241105400198,3,Peer Study
E01524,RA231105600084,RA251102700372,6,Hackathon Team
E01525,RA231105600084,RA251103000270,2,Hackathon Team
E01526,RA231105600084,RA251105400348,1,Hackathon Team
E01527,RA231105600084,RA261102900384,3,Hackathon Team
E01528,RA231105600084,RA261102900454,2,Technical Club
E01529,RA231105600091,RA241102800223,5,Hackathon Team
E01530,RA231105600091,RA241103000127,7,Peer Study
E01531,RA231105600091,RA251102700337,2,Peer Study
E01532,RA231105600091,RA251105400292,7,Lab Collaboration
E01533,RA231105600091,RA261100300437,5,Lab Collaboration
E01534,RA231105600091,RA261100300493,6,Project Team
E01535,RA231105600098,RA241102800230,5,Technical Club
E01536,RA231105600098,RA241102800237,8,Project Team
E01537,RA231105600098,RA241102900224,1,Project Team
E01538,RA231105600098,RA241105400233,1,Lab Collaboration
E01539,RA231105600098,RA261100300458,5,Peer Study
E01540,RA231105600098,RA261102800446,12,Lab Collaboration
E01541,RA231105600098,RA261103000434,2,Project Team
E01542,RA231105600098,RA261105400428,3,Hackathon Team
E01543,RA231105600105,RA241102700201,3,Peer Study
E01544,RA231105600105,RA241105600213,3,Peer Study
E01545,RA231105600105,RA251102700351,3,Lab Collaboration
E01546,RA231105600105,RA251105400369,4,Project Team
E01547,RA231105600105,RA251105600321,2,Peer Study
E01548,RA231105600105,RA261102700417,6,Lab Collaboration
E01549,RA231105600105,RA261102700459,4,Technical Club
E01550,RA231105600105,RA261102800495,3,Lab Collaboration
E01551,RA231105600105,RA261102900405,4,Peer Study
E01552,RA231105600105,RA261105600471,1,Hackathon Team
E01553,RA231105600112,RA241102700208,1,Lab Collaboration
E01554,RA231105600112,RA241102900175,3,Technical Club
E01555,RA231105600112,RA251100300280,3,Project Team
E01556,RA231105600112,RA251102900262,3,Technical Club
E01557,RA231105600112,RA251102900304,1,Project Team
E01558,RA231105600112,RA261102700382,5,Peer Study
E01559,RA231105600112,RA261102800418,3,Peer Study
E01560,RA231105600119,RA241100300193,7,Hackathon Team
E01561,RA231105600119,RA241102700201,7,Hackathon Team
E01562,RA231105600119,RA241102700215,8,Lab Collaboration
E01563,RA231105600119,RA241103000155,6,Lab Collaboration
E01564,RA231105600119,RA241103000183,5,Technical Club
E01565,RA231105600119,RA241103000197,9,Peer Study
E01566,RA231105600119,RA251100300252,5,Hackathon Team
E01567,RA231105600119,RA251100300329,5,Lab Collaboration
E01568,RA231105600119,RA251102700323,4,Hackathon Team
E01569,RA231105600119,RA251102700365,4,Project Team
E01570,RA231105600119,RA251102800317,8,Project Team
E01571,RA231105600119,RA251103000263,10,Lab Collaboration
E01572,RA231105600119,RA251105400341,9,Peer Study
E01573,RA231105600119,RA261100300479,5,Project Team
E01574,RA231105600119,RA261102700382,7,Lab Collaboration
E01575,RA231105600119,RA261102700389,8,Lab Collaboration
E01576,RA231105600119,RA261102700438,5,Project Team
E01577,RA231105600119,RA261102700452,8,Project Team
E01578,RA231105600119,RA261102800425,5,Technical Club
E01579,RA231105600119,RA261102900377,4,Hackathon Team
E01580,RA231105600119,RA261102900391,5,Peer Study
E01581,RA231105600119,RA261102900461,5,Project Team
E01582,RA231105600119,RA261105400428,4,Lab Collaboration
E01583,RA231105600119,RA261105400442,8,Hackathon Team
E01584,RA231105600119,RA261105600380,7,Project Team
E01585,RA241100300130,RA241102800244,1,Peer Study
E01586,RA241100300130,RA241103000225,1,Hackathon Team
E01587,RA241100300130,RA241105600136,3,Peer Study
E01588,RA241100300130,RA251102700316,15,Project Team
E01589,RA241100300130,RA251102900304,5,Project Team
E01590,RA241100300130,RA251103000256,1,Peer Study
E01591,RA241100300130,RA251103000340,1,Project Team
E01592,RA241100300130,RA261102700466,1,Project Team
E01593,RA241100300130,RA261105400400,7,Lab Collaboration
E01594,RA241100300137,RA241102700131,3,Lab Collaboration
E01595,RA241100300137,RA241102800167,1,Lab Collaboration
E01596,RA241100300137,RA241102800237,1,Peer Study
E01597,RA241100300137,RA241105600143,4,Lab Collaboration
E01598,RA241100300137,RA241105600157,2,Peer Study
E01599,RA241100300137,RA251105400299,3,Lab Collaboration
E01600,RA241100300137,RA251105600335,4,Peer Study
E01601,RA241100300137,RA261100300437,4,Project Team
E01602,RA241100300137,RA261102800446,9,Technical Club
E01603,RA241100300137,RA261102900377,3,Lab Collaboration
E01604,RA241100300144,RA241100300186,2,Lab Collaboration
E01605,RA241100300144,RA241102700138,1,Peer Study
E01606,RA241100300144,RA241102800132,3,Lab Collaboration
E01607,RA241100300144,RA241102800174,2,Project Team
E01608,RA241100300144,RA241102800202,6,Peer Study
E01609,RA241100300144,RA241102800230,6,Technical Club
E01610,RA241100300144,RA241103000162,1,Technical Club
E01611,RA241100300144,RA241105600150,1,Project Team
E01612,RA241100300144,RA241105600192,1,Lab Collaboration
E01613,RA241100300144,RA251100300336,1,Project Team
E01614,RA241100300144,RA251102900318,5,Peer Study
E01615,RA241100300144,RA261102700396,1,Project Team
E01616,RA241100300144,RA261102900468,4,Project Team
E01617,RA241100300144,RA261105600450,2,Peer Study
E01618,RA241100300151,RA241102700145,1,Project Team
E01619,RA241100300151,RA241102900217,4,Peer Study
E01620,RA241100300151,RA241105400247,2,Technical Club
E01621,RA241100300151,RA241105600157,1,Technical Club
E01622,RA241100300151,RA251102900325,6,Technical Club
E01623,RA241100300151,RA251105400355,1,Lab Collaboration
E01624,RA241100300151,RA261102700403,6,Project Team
E01625,RA241100300151,RA261102700445,3,Project Team
E01626,RA241100300151,RA261103000469,4,Technical Club
E01627,RA241100300151,RA261105600499,1,Lab Collaboration
E01628,RA241100300158,RA241100300200,7,Project Team
E01629,RA241100300158,RA241102700138,1,Project Team
E01630,RA241100300158,RA241102700152,5,Lab Collaboration
E01631,RA241100300158,RA241102900154,7,Peer Study
E01632,RA241100300158,RA241105400212,1,Project Team
E01633,RA241100300158,RA241105600164,4,Lab Collaboration
E01634,RA241100300158,RA261102700494,2,Peer Study
E01635,RA241100300158,RA261103000441,6,Technical Club
E01636,RA241100300158,RA261105400470,5,Technical Club
E01637,RA241100300165,RA241100300207,1,Project Team
E01638,RA241100300165,RA241102700159,3,Peer Study
E01639,RA241100300165,RA241102900189,3,Project Team
E01640,RA241100300165,RA241102900231,4,Technical Club
E01641,RA241100300165,RA241103000183,3,Hackathon Team
E01642,RA241100300165,RA241105400177,2,Technical Club
E01643,RA241100300165,RA241105600129,2,Hackathon Team
E01644,RA241100300165,RA241105600171,4,Peer Study
E01645,RA241100300165,RA241105600213,1,Peer Study
E01646,RA241100300165,RA261105600387,2,Technical Club
E01647,RA241100300172,RA241102700166,2,Lab Collaboration
E01648,RA241100300172,RA241102900154,7,Project Team
E01649,RA241100300172,RA241105400184,8,Lab Collaboration
E01650,RA241100300172,RA241105400226,3,Technical Club
E01651,RA241100300172,RA241105600136,2,Project Team
E01652,RA241100300172,RA241105600178,3,Peer Study
E01653,RA241100300172,RA251102800254,5,Peer Study
E01654,RA241100300172,RA261100300388,7,Hackathon Team
E01655,RA241100300172,RA261102700431,2,Peer Study
E01656,RA241100300172,RA261105600394,1,Hackathon Team
E01657,RA241100300179,RA241102700173,2,Hackathon Team
E01658,RA241100300179,RA241102700215,3,Hackathon Team
E01659,RA241100300179,RA241102800230,7,Lab Collaboration
E01660,RA241100300179,RA241102900154,9,Peer Study
E01661,RA241100300179,RA241102900175,6,Hackathon Team
E01662,RA241100300179,RA241102900245,3,Technical Club
E01663,RA241100300179,RA241103000197,1,Lab Collaboration
E01664,RA241100300179,RA241105600185,1,Hackathon Team
E01665,RA241100300179,RA251102900311,4,Lab Collaboration
E01666,RA241100300179,RA251103000263,4,Lab Collaboration
E01667,RA241100300179,RA251105400299,1,Peer Study
E01668,RA241100300179,RA261103000441,7,Lab Collaboration
E01669,RA241100300179,RA261103000497,5,Technical Club
E01670,RA241100300186,RA241102700180,4,Lab Collaboration
E01671,RA241100300186,RA241102700222,4,Technical Club
E01672,RA241100300186,RA241102800132,4,Peer Study
E01673,RA241100300186,RA241102900210,4,Peer Study
E01674,RA241100300186,RA241105400184,12,Peer Study
E01675,RA241100300186,RA241105400198,4,Project Team
E01676,RA241100300186,RA241105600192,1,Hackathon Team
E01677,RA241100300186,RA251102700330,4,Peer Study
E01678,RA241100300186,RA251102900255,1,Project Team
E01679,RA241100300186,RA261100300423,7,Technical Club
E01680,RA241100300186,RA261102700396,1,Peer Study
E01681,RA241100300186,RA261105400414,6,Project Team
E01682,RA241100300186,RA261105600492,3,Project Team
E01683,RA241100300193,RA241102700187,7,Technical Club
E01684,RA241100300193,RA241102900154,5,Project Team
E01685,RA241100300193,RA241105600129,5,Peer Study
E01686,RA241100300193,RA241105600157,2,Technical Club
E01687,RA241100300193,RA241105600199,1,Peer Study
E01688,RA241100300193,RA251102700372,4,Technical Club
E01689,RA241100300193,RA261102700424,4,Hackathon Team
E01690,RA241100300193,RA261102700487,5,Project Team
E01691,RA241100300193,RA261105400379,2,Hackathon Team
E01692,RA241100300193,RA261105600415,1,Technical Club
E01693,RA241100300200,RA241102700194,8,Technical Club
E01694,RA241100300200,RA241102700236,1,Peer Study
E01695,RA241100300200,RA241102800230,8,Technical Club
E01696,RA241100300200,RA241105600206,3,Peer Study
E01697,RA241100300200,RA251102900290,2,Hackathon Team
E01698,RA241100300200,RA251102900332,4,Project Team
E01699,RA241100300200,RA251105400320,1,Technical Club
E01700,RA241100300200,RA261100300388,12,Hackathon Team
E01701,RA241100300200,RA261100300500,5,Technical Club
E01702,RA241100300200,RA261103000476,1,Lab Collaboration
E01703,RA241100300200,RA261105400400,5,Project Team
E01704,RA241100300207,RA241100300249,4,Peer Study
E01705,RA241100300207,RA241102700201,5,Peer Study
E01706,RA241100300207,RA241102700243,7,Peer Study
E01707,RA241100300207,RA241102800230,5,Project Team
E01708,RA241100300207,RA241103000225,1,Hackathon Team
E01709,RA241100300207,RA241105400177,1,Project Team
E01710,RA241100300207,RA241105600213,3,Peer Study
E01711,RA241100300207,RA251102700316,4,Project Team
E01712,RA241100300207,RA261103000483,3,Peer Study
E01713,RA241100300214,RA241102700166,4,Lab Collaboration
E01714,RA241100300214,RA241102700208,3,Project Team
E01715,RA241100300214,RA241102700250,2,Peer Study
E01716,RA241100300214,RA241102900154,5,Project Team
E01717,RA241100300214,RA241105600136,1,Hackathon Team
E01718,RA241100300214,RA241105600220,2,Technical Club
E01719,RA241100300214,RA251100300280,1,Hackathon Team
E01720,RA241100300214,RA251100300322,4,Project Team
E01721,RA241100300214,RA251102800310,3,Lab Collaboration
E01722,RA241100300214,RA251103000298,3,Lab Collaboration
E01723,RA241100300214,RA251105600370,2,Hackathon Team
E01724,RA241100300214,RA261102800376,3,Project Team
E01725,RA241100300221,RA241102700131,1,Hackathon Team
E01726,RA241100300221,RA241102700215,7,Hackathon Team
E01727,RA241100300221,RA241102900161,3,Project Team
E01728,RA241100300221,RA241102900203,1,Peer Study
E01729,RA241100300221,RA241105600143,6,Hackathon Team
E01730,RA241100300221,RA241105600227,2,Lab Collaboration
E01731,RA241100300221,RA251100300287,2,Project Team
E01732,RA241100300221,RA261100300395,5,Technical Club
E01733,RA241100300221,RA261100300437,6,Hackathon Team
E01734,RA241100300221,RA261102900377,1,Technical Club
E01735,RA241100300221,RA261103000455,4,Hackathon Team
E01736,RA241100300228,RA241102700222,2,Technical Club
E01737,RA241100300228,RA241102800202,8,Project Team
E01738,RA241100300228,RA241105600234,4,Project Team
E01739,RA241100300228,RA251100300336,6,Technical Club
E01740,RA241100300228,RA251105400292,5,Project Team
E01741,RA241100300228,RA251105600300,3,Hackathon Team
E01742,RA241100300228,RA261102900468,3,Project Team
E01743,RA241100300235,RA241102700229,1,Hackathon Team
E01744,RA241100300235,RA241102900217,3,Lab Collaboration
E01745,RA241100300235,RA241103000127,3,Peer Study
E01746,RA241100300235,RA241105600157,2,Lab Collaboration
E01747,RA241100300235,RA241105600241,1,Project Team
E01748,RA241100300235,RA251102700253,2,Hackathon Team
E01749,RA241100300235,RA251102700316,9,Lab Collaboration
E01750,RA241100300235,RA251105600307,2,Peer Study
E01751,RA241100300235,RA261100300451,2,Technical Club
E01752,RA241100300235,RA261102900433,3,Hackathon Team
E01753,RA241100300235,RA261105600401,3,Hackathon Team
E01754,RA241100300242,RA241102700236,1,Lab Collaboration
E01755,RA241100300242,RA241102800132,3,Peer Study
E01756,RA241100300242,RA241103000218,1,Project Team
E01757,RA241100300242,RA241105400128,3,Lab Collaboration
E01758,RA241100300242,RA241105400184,7,Technical Club
E01759,RA241100300242,RA241105600248,5,Project Team
E01760,RA241100300242,RA251100300329,4,Project Team
E01761,RA241100300242,RA251102900360,2,Technical Club
E01762,RA241100300242,RA251103000326,1,Lab Collaboration
E01763,RA241100300242,RA251105400320,5,Lab Collaboration
E01764,RA241100300242,RA261102800488,2,Peer Study
E01765,RA241100300242,RA261102900398,1,Peer Study
E01766,RA241100300242,RA261102900482,3,Project Team
E01767,RA241100300249,RA241102700243,2,Technical Club
E01768,RA241100300249,RA241105400177,2,Peer Study
E01769,RA241100300249,RA241105600248,3,Peer Study
E01770,RA241100300249,RA251100300315,4,Hackathon Team
E01771,RA241100300249,RA251102900255,4,Hackathon Team
E01772,RA241100300249,RA251102900325,7,Hackathon Team
E01773,RA241100300249,RA251103000333,2,Peer Study
E01774,RA241100300249,RA251105400292,6,Hackathon Team
E01775,RA241100300249,RA261103000441,7,Hackathon Team
E01776,RA241100300249,RA261105600429,3,Hackathon Team
E01777,RA241100300249,RA261105600457,5,Technical Club
E01778,RA241102700131,RA241102800230,6,Technical Club
E01779,RA241102700131,RA241102900203,4,Peer Study
E01780,RA241102700131,RA251103000263,3,Lab Collaboration
E01781,RA241102700131,RA251105400292,5,Technical Club
E01782,RA241102700131,RA251105400362,4,Peer Study
E01783,RA241102700131,RA261100300437,6,Lab Collaboration
E01784,RA241102700131,RA261102800446,8,Technical Club
E01785,RA241102700138,RA241102700222,1,Hackathon Team
E01786,RA241102700138,RA241102800132,3,Hackathon Team
E01787,RA241102700138,RA241102900168,4,Lab Collaboration
E01788,RA241102700138,RA241105600150,2,Peer Study
E01789,RA241102700138,RA251102900318,6,Peer Study
E01790,RA241102700138,RA251103000340,1,Hackathon Team
E01791,RA241102700138,RA261100300486,3,Lab Collaboration
E01792,RA241102700138,RA261102700396,5,Peer Study
E01793,RA241102700138,RA261102700438,1,Lab Collaboration
E01794,RA241102700138,RA261102900384,3,Peer Study
E01795,RA241102700138,RA261105600492,5,Peer Study
E01796,RA241102700145,RA241102800139,5,Project Team
E01797,RA241102700145,RA241102800202,5,Hackathon Team
E01798,RA241102700145,RA241105400247,1,Hackathon Team
E01799,RA241102700145,RA251102700337,1,Project Team
E01800,RA241102700145,RA251105600307,1,Project Team
E01801,RA241102700145,RA261102900433,2,Project Team
E01802,RA241102700145,RA261105600499,3,Lab Collaboration
E01803,RA241102700152,RA241102800146,4,Project Team
E01804,RA241102700152,RA241102800188,1,Peer Study
E01805,RA241102700152,RA241102800230,5,Peer Study
E01806,RA241102700152,RA251103000347,1,Lab Collaboration
E01807,RA241102700152,RA251105400292,5,Peer Study
E01808,RA241102700152,RA261100300458,5,Peer Study
E01809,RA241102700152,RA261100300500,4,Project Team
E01810,RA241102700152,RA261105400428,6,Peer Study
E01811,RA241102700159,RA241102700201,3,Technical Club
E01812,RA241102700159,RA241102800153,4,Hackathon Team
E01813,RA241102700159,RA241102800174,4,Hackathon Team
E01814,RA241102700159,RA241105400177,1,Peer Study
E01815,RA241102700159,RA251102700351,2,Peer Study
E01816,RA241102700159,RA251102800345,4,Technical Club
E01817,RA241102700159,RA251103000375,1,Peer Study
E01818,RA241102700159,RA261102800446,5,Peer Study
E01819,RA241102700159,RA261102900405,2,Peer Study
E01820,RA241102700159,RA261105400435,2,Lab Collaboration
E01821,RA241102700159,RA261105400477,1,Technical Club
E01822,RA241102700159,RA261105600387,3,Peer Study
E01823,RA241102700159,RA261105600429,3,Lab Collaboration
E01824,RA241102700159,RA261105600471,3,Project Team
E01825,RA241102700166,RA241102800160,3,Technical Club
E01826,RA241102700166,RA241102800244,5,Technical Club
E01827,RA241102700166,RA241102900154,6,Technical Club
E01828,RA241102700166,RA241103000148,1,Lab Collaboration
E01829,RA241102700166,RA241105400142,3,Technical Club
E01830,RA241102700166,RA241105600178,1,Project Team
E01831,RA241102700166,RA251100300322,3,Peer Study
E01832,RA241102700166,RA251100300364,2,Lab Collaboration
E01833,RA241102700166,RA251102700316,4,Peer Study
E01834,RA241102700166,RA251102900325,4,Project Team
E01835,RA241102700166,RA251103000354,2,Hackathon Team
E01836,RA241102700166,RA251105600286,2,Lab Collaboration
E01837,RA241102700166,RA261102800460,3,Lab Collaboration
E01838,RA241102700166,RA261103000406,2,Technical Club
E01839,RA241102700173,RA241102800167,5,Peer Study
E01840,RA241102700173,RA241105400233,2,Hackathon Team
E01841,RA241102700173,RA251105400257,1,Peer Study
E01842,RA241102700173,RA251105600251,1,Technical Club
E01843,RA241102700173,RA251105600356,5,Hackathon Team
E01844,RA241102700173,RA261100300388,4,Project Team
E01845,RA241102700173,RA261100300395,10,Lab Collaboration
E01846,RA241102700173,RA261102800446,9,Lab Collaboration
E01847,RA241102700173,RA261103000455,1,Project Team
E01848,RA241102700180,RA241102800132,2,Peer Study
E01849,RA241102700180,RA241102800174,7,Hackathon Team
E01850,RA241102700180,RA241102900210,2,Hackathon Team
E01851,RA241102700180,RA251100300252,2,Project Team
E01852,RA241102700180,RA251102800282,1,Peer Study
E01853,RA241102700180,RA251102900276,3,Project Team
E01854,RA241102700180,RA251103000312,3,Lab Collaboration
E01855,RA241102700180,RA251105400306,2,Project Team
E01856,RA241102700180,RA251105600342,4,Technical Club
E01857,RA241102700180,RA261100300402,5,Project Team
E01858,RA241102700180,RA261100300423,7,Hackathon Team
E01859,RA241102700180,RA261102800474,1,Lab Collaboration
E01860,RA241102700187,RA241102800181,3,Lab Collaboration
E01861,RA241102700187,RA241102900133,1,Hackathon Team
E01862,RA241102700187,RA241105400163,1,Technical Club
E01863,RA241102700187,RA251100300301,7,Hackathon Team
E01864,RA241102700187,RA251102700274,2,Hackathon Team
E01865,RA241102700187,RA251105600349,2,Lab Collaboration
E01866,RA241102700187,RA261100300388,5,Technical Club
E01867,RA241102700187,RA261100300423,6,Peer Study
E01868,RA241102700187,RA261105600450,1,Lab Collaboration
E01869,RA241102700194,RA241102800188,4,Peer Study
E01870,RA241102700194,RA241102800230,5,Project Team
E01871,RA241102700194,RA241102900182,5,Peer Study
E01872,RA241102700194,RA241105600248,3,Hackathon Team
E01873,RA241102700194,RA251102700260,2,Project Team
E01874,RA241102700194,RA251102700344,2,Peer Study
E01875,RA241102700194,RA251102800296,3,Peer Study
E01876,RA241102700194,RA251103000368,2,Technical Club
E01877,RA241102700194,RA251105400320,1,Project Team
E01878,RA241102700194,RA261100300423,9,Peer Study
E01879,RA241102700194,RA261105400470,4,Hackathon Team
E01880,RA241102700201,RA241102700243,4,Lab Collaboration
E01881,RA241102700201,RA241102800188,1,Peer Study
E01882,RA241102700201,RA241102800195,1,Hackathon Team
E01883,RA241102700201,RA241103000225,2,Hackathon Team
E01884,RA241102700201,RA241105400198,1,Hackathon Team
E01885,RA241102700201,RA251102900255,7,Project Team
E01886,RA241102700201,RA261102700403,3,Hackathon Team
E01887,RA241102700201,RA261103000441,9,Lab Collaboration
E01888,RA241102700208,RA241102800160,2,Technical Club
E01889,RA241102700208,RA241102800202,7,Project Team
E01890,RA241102700208,RA241102800230,6,Technical Club
E01891,RA241102700208,RA241102900196,4,Hackathon Team
E01892,RA241102700208,RA241103000232,5,Peer Study
E01893,RA241102700208,RA251102800352,3,Project Team
E01894,RA241102700208,RA251105600286,4,Project Team
E01895,RA241102700208,RA261100300388,4,Project Team
E01896,RA241102700208,RA261102700382,8,Peer Study
E01897,RA241102700208,RA261102700424,4,Project Team
E01898,RA241102700208,RA261102700494,3,Peer Study
E01899,RA241102700208,RA261102800418,3,Peer Study
E01900,RA241102700208,RA261102900412,1,Technical Club
E01901,RA241102700208,RA261103000448,3,Hackathon Team
E01902,RA241102700208,RA261103000462,5,Hackathon Team
E01903,RA241102700215,RA241102800209,3,Project Team
E01904,RA241102700215,RA251100300329,1,Peer Study
E01905,RA241102700215,RA251102700281,1,Peer Study
E01906,RA241102700215,RA251105400257,3,Lab Collaboration
E01907,RA241102700215,RA251105600251,1,Hackathon Team
E01908,RA241102700215,RA261102900468,1,Peer Study
E01909,RA241102700215,RA261105400386,3,Hackathon Team
E01910,RA241102700215,RA261105600471,1,Technical Club
E01911,RA241102700222,RA241102800216,2,Technical Club
E01912,RA241102700222,RA241103000204,4,Lab Collaboration
E01913,RA241102700222,RA251100300252,1,Hackathon Team
E01914,RA241102700222,RA251100300294,4,Project Team
E01915,RA241102700222,RA251102800324,1,Project Team
E01916,RA241102700222,RA251102800366,2,Hackathon Team
E01917,RA241102700222,RA251102900276,3,Peer Study
E01918,RA241102700222,RA251103000326,1,Project Team
E01919,RA241102700229,RA241102800223,1,Technical Club
E01920,RA241102700229,RA251102800373,1,Hackathon Team
E01921,RA241102700229,RA251102900283,4,Hackathon Team
E01922,RA241102700229,RA251105600265,1,Peer Study
E01923,RA241102700229,RA261102900391,3,Peer Study
E01924,RA241102700236,RA241102800230,5,Project Team
E01925,RA241102700236,RA241103000176,4,Technical Club
E01926,RA241102700236,RA251102900255,3,Technical Club
E01927,RA241102700236,RA261102700410,7,Technical Club
E01928,RA241102700236,RA261102800404,1,Peer Study
E01929,RA241102700236,RA261102900398,2,Hackathon Team
E01930,RA241102700236,RA261103000476,2,Peer Study
E01931,RA241102700236,RA261105400400,10,Technical Club
E01932,RA241102700236,RA261105600457,4,Project Team
E01933,RA241102700236,RA261105600464,2,Technical Club
E01934,RA241102700243,RA241102800237,3,Peer Study
E01935,RA241102700243,RA241105400177,4,Project Team
E01936,RA241102700243,RA241105600129,1,Lab Collaboration
E01937,RA241102700243,RA251102800254,5,Project Team
E01938,RA241102700243,RA251102800303,2,Technical Club
E01939,RA241102700243,RA251102800345,4,Technical Club
E01940,RA241102700243,RA251102900311,2,Peer Study
E01941,RA241102700243,RA261102700417,3,Project Team
E01942,RA241102700250,RA241102800244,2,Peer Study
E01943,RA241102700250,RA241105400142,1,Project Team
E01944,RA241102700250,RA241105400184,4,Technical Club
E01945,RA241102700250,RA241105600178,2,Technical Club
E01946,RA241102700250,RA241105600220,1,Technical Club
E01947,RA241102700250,RA251100300280,3,Project Team
E01948,RA241102700250,RA251102800268,1,Project Team
E01949,RA241102700250,RA251102800310,3,Lab Collaboration
E01950,RA241102700250,RA251102800352,6,Hackathon Team
E01951,RA241102700250,RA251103000256,5,Peer Study
E01952,RA241102700250,RA251105400334,5,Peer Study
E01953,RA241102700250,RA251105600328,2,Lab Collaboration
E01954,RA241102800132,RA241102800174,2,Project Team
E01955,RA241102800132,RA241102900126,1,Project Team
E01956,RA241102800132,RA241103000246,2,Technical Club
E01957,RA241102800132,RA251100300294,4,Hackathon Team
E01958,RA241102800132,RA251102700372,7,Hackathon Team
E01959,RA241102800132,RA261100300437,12,Lab Collaboration
E01960,RA241102800132,RA261105400498,2,Technical Club
E01961,RA241102800139,RA241102900133,3,Peer Study
E01962,RA241102800139,RA251100300259,3,Lab Collaboration
E01963,RA241102800139,RA251102700253,1,Peer Study
E01964,RA241102800139,RA251103000277,1,Hackathon Team
E01965,RA241102800139,RA251105400292,6,Lab Collaboration
E01966,RA241102800139,RA261102700445,5,Lab Collaboration
E01967,RA241102800139,RA261105600401,4,Lab Collaboration
E01968,RA241102800146,RA241102900140,1,Lab Collaboration
E01969,RA241102800146,RA241103000134,3,Project Team
E01970,RA241102800146,RA241105400170,3,Peer Study
E01971,RA241102800146,RA251102800338,1,Peer Study
E01972,RA241102800146,RA251102900332,2,Peer Study
E01973,RA241102800146,RA251103000284,1,Technical Club
E01974,RA241102800146,RA261100300500,5,Lab Collaboration
E01975,RA241102800146,RA261105600422,1,Project Team
E01976,RA241102800153,RA241102900147,1,Lab Collaboration
E01977,RA241102800153,RA241105600213,2,Technical Club
E01978,RA241102800153,RA251102800345,3,Project Team
E01979,RA241102800153,RA251103000375,1,Hackathon Team
E01980,RA241102800153,RA261102700417,3,Technical Club
E01981,RA241102800153,RA261105600387,1,Project Team
E01982,RA241102800160,RA241102900154,4,Technical Club
E01983,RA241102800160,RA241102900238,3,Hackathon Team
E01984,RA241102800160,RA251100300364,1,Lab Collaboration
E01985,RA241102800160,RA251102700358,6,Peer Study
E01986,RA241102800160,RA251105600356,4,Lab Collaboration
E01987,RA241102800160,RA261105400442,1,Lab Collaboration
E01988,RA241102800160,RA261105600394,1,Technical Club
E01989,RA241102800167,RA241102900161,3,Peer Study
E01990,RA241102800167,RA251102900269,2,Project Team
E01991,RA241102800167,RA261100300395,4,Hackathon Team
E01992,RA241102800167,RA261100300479,6,Lab Collaboration
E01993,RA241102800167,RA261102700473,6,Peer Study
E01994,RA241102800167,RA261102900419,5,Project Team
E01995,RA241102800167,RA261105600457,7,Technical Club
E01996,RA241102800174,RA241102900168,3,Technical Club
E01997,RA241102800174,RA241105400205,5,Lab Collaboration
E01998,RA241102800174,RA241105600150,2,Hackathon Team
E01999,RA241102800174,RA251102700330,4,Project Team
E02000,RA241102800174,RA251102900360,1,Project Team
E02001,RA241102800174,RA251105400264,3,Hackathon Team
E02002,RA241102800174,RA251105400306,3,Lab Collaboration
E02003,RA241102800174,RA251105600258,3,Project Team
E02004,RA241102800174,RA261103000420,3,Technical Club
E02005,RA241102800181,RA241102900175,2,Peer Study
E02006,RA241102800181,RA241102900217,1,Project Team
E02007,RA241102800181,RA251102800303,2,Lab Collaboration
E02008,RA241102800181,RA251102900367,6,Hackathon Team
E02009,RA241102800181,RA261102700445,3,Hackathon Team
E02010,RA241102800181,RA261103000385,2,Hackathon Team
E02011,RA241102800181,RA261105400379,3,Lab Collaboration
E02012,RA241102800181,RA261105600492,1,Peer Study
E02013,RA241102800188,RA241102800230,8,Project Team
E02014,RA241102800188,RA241102900182,3,Project Team
E02015,RA241102800188,RA241103000134,3,Technical Club
E02016,RA241102800188,RA241105600192,1,Peer Study
E02017,RA241102800188,RA251100300308,2,Peer Study
E02018,RA241102800188,RA251102700316,4,Hackathon Team
E02019,RA241102800188,RA251103000326,2,Project Team
E02020,RA241102800188,RA251105400278,1,Hackathon Team
E02021,RA241102800188,RA261100300458,1,Peer Study
E02022,RA241102800188,RA261102900398,1,Project Team
E02023,RA241102800195,RA241102900189,1,Hackathon Team
E02024,RA241102800195,RA251102900339,2,Lab Collaboration
E02025,RA241102800195,RA251105600363,6,Hackathon Team
E02026,RA241102800195,RA261100300395,6,Project Team
E02027,RA241102800195,RA261102900405,6,Lab Collaboration
E02028,RA241102800195,RA261102900489,7,Project Team
E02029,RA241102800195,RA261103000483,2,Technical Club
E02030,RA241102800195,RA261105600429,1,Peer Study
E02031,RA241102800195,RA261105600457,4,Technical Club
E02032,RA241102800202,RA241102800237,7,Peer Study
E02033,RA241102800202,RA241102900140,5,Hackathon Team
E02034,RA241102800202,RA241102900154,6,Project Team
E02035,RA241102800202,RA241102900196,7,Peer Study
E02036,RA241102800202,RA241102900231,7,Hackathon Team
E02037,RA241102800202,RA241103000155,9,Hackathon Team
E02038,RA241102800202,RA241103000190,9,Project Team
E02039,RA241102800202,RA241103000232,8,Technical Club
E02040,RA241102800202,RA241105400212,6,Hackathon Team
E02041,RA241102800202,RA241105400226,5,Peer Study
E02042,RA241102800202,RA241105600129,4,Peer Study
E02043,RA241102800202,RA241105600185,6,Hackathon Team
E02044,RA241102800202,RA241105600220,8,Technical Club
E02045,RA241102800202,RA251100300273,5,Hackathon Team
E02046,RA241102800202,RA251102800275,6,Peer Study
E02047,RA241102800202,RA251102800324,5,Peer Study
E02048,RA241102800202,RA251102900255,7,Peer Study
E02049,RA241102800202,RA251102900346,4,Hackathon Team
E02050,RA241102800202,RA251102900353,7,Technical Club
E02051,RA241102800202,RA251105400306,5,Technical Club
E02052,RA241102800202,RA261100300381,5,Technical Club
E02053,RA241102800202,RA261100300437,6,Technical Club
E02054,RA241102800202,RA261102700396,7,Lab Collaboration
E02055,RA241102800202,RA261102700403,5,Project Team
E02056,RA241102800202,RA261102800446,5,Project Team
E02057,RA241102800202,RA261102900391,5,Hackathon Team
E02058,RA241102800202,RA261102900482,7,Lab Collaboration
E02059,RA241102800202,RA261103000441,7,Technical Club
E02060,RA241102800202,RA261105600394,18,Technical Club
E02061,RA241102800202,RA261105600436,9,Hackathon Team
E02062,RA241102800209,RA241102900203,2,Peer Study
E02063,RA241102800209,RA241103000155,1,Peer Study
E02064,RA241102800209,RA251100300287,8,Peer Study
E02065,RA241102800209,RA251100300329,4,Peer Study
E02066,RA241102800209,RA251102700323,7,Technical Club
E02067,RA241102800209,RA251105400299,2,Project Team
E02068,RA241102800209,RA251105600251,5,Project Team
E02069,RA241102800209,RA261100300395,5,Peer Study
E02070,RA241102800209,RA261100300437,4,Project Team
E02071,RA241102800209,RA261102800467,2,Hackathon Team
E02072,RA241102800209,RA261105600443,2,Peer Study
E02073,RA241102800216,RA241102900210,3,Lab Collaboration
E02074,RA241102800216,RA241105600150,3,Technical Club
E02075,RA241102800216,RA251100300252,4,Project Team
E02076,RA241102800216,RA251100300336,2,Peer Study
E02077,RA241102800216,RA251102800366,4,Project Team
E02078,RA241102800216,RA251102900360,3,Technical Club
E02079,RA241102800216,RA251105600258,3,Peer Study
E02080,RA241102800216,RA261102900468,6,Technical Club
E02081,RA241102800216,RA261103000462,2,Technical Club
E02082,RA241102800223,RA241102900217,2,Peer Study
E02083,RA241102800223,RA241105600241,4,Hackathon Team
E02084,RA241102800223,RA251102700253,1,Lab Collaboration
E02085,RA241102800223,RA251102700295,1,Hackathon Team
E02086,RA241102800223,RA251102800254,6,Lab Collaboration
E02087,RA241102800223,RA251105400271,2,Hackathon Team
E02088,RA241102800223,RA261100300409,1,Technical Club
E02089,RA241102800223,RA261102700445,1,Technical Club
E02090,RA241102800223,RA261105400421,2,Lab Collaboration
E02091,RA241102800230,RA241102900224,5,Lab Collaboration
E02092,RA241102800230,RA241103000155,5,Technical Club
E02093,RA241102800230,RA241103000197,7,Project Team
E02094,RA241102800230,RA241105400135,4,Lab Collaboration
E02095,RA241102800230,RA251100300329,5,Peer Study
E02096,RA241102800230,RA251102700372,7,Project Team
E02097,RA241102800230,RA251102800254,5,Lab Collaboration
E02098,RA241102800230,RA251102800296,7,Peer Study
E02099,RA241102800230,RA251102800338,12,Lab Collaboration
E02100,RA241102800230,RA251102900353,7,Lab Collaboration
E02101,RA241102800230,RA251105600265,7,Project Team
E02102,RA241102800230,RA251105600314,6,Technical Club
E02103,RA241102800230,RA251105600349,7,Peer Study
E02104,RA241102800230,RA251105600370,7,Peer Study
E02105,RA241102800230,RA261100300437,9,Technical Club
E02106,RA241102800230,RA261102900377,6,Technical Club
E02107,RA241102800230,RA261103000392,8,Technical Club
E02108,RA241102800230,RA261103000406,4,Hackathon Team
E02109,RA241102800230,RA261105600422,7,Technical Club
E02110,RA241102800230,RA261105600464,8,Project Team
E02111,RA241102800230,RA261105600471,6,Lab Collaboration
E02112,RA241102800230,RA261105600492,6,Peer Study
E02113,RA241102800237,RA241102900231,3,Technical Club
E02114,RA241102800237,RA241105400135,1,Hackathon Team
E02115,RA241102800237,RA241105600248,5,Lab Collaboration
E02116,RA241102800237,RA251102700351,3,Lab Collaboration
E02117,RA241102800237,RA251105400327,4,Project Team
E02118,RA241102800237,RA261105400449,1,Lab Collaboration
E02119,RA241102800244,RA241102900238,2,Hackathon Team
E02120,RA241102800244,RA251102700337,2,Project Team
E02121,RA241102800244,RA251103000298,1,Hackathon Team
E02122,RA241102800244,RA261102800376,2,Lab Collaboration
E02123,RA241102800244,RA261102800446,7,Hackathon Team
E02124,RA241102800244,RA261103000406,1,Hackathon Team
E02125,RA241102800244,RA261103000490,3,Lab Collaboration
E02126,RA241102800244,RA261105600436,1,Lab Collaboration
E02127,RA241102900126,RA241105400198,2,Project Team
E02128,RA241102900126,RA241105600192,2,Project Team
E02129,RA241102900126,RA251102900276,4,Lab Collaboration
E02130,RA241102900126,RA251105600258,1,Lab Collaboration
E02131,RA241102900133,RA241102900175,2,Technical Club
E02132,RA241102900133,RA241103000127,1,Project Team
E02133,RA241102900133,RA251102900367,1,Peer Study
E02134,RA241102900133,RA261100300388,6,Technical Club
E02135,RA241102900133,RA261102800481,2,Project Team
E02136,RA241102900133,RA261105600415,3,Lab Collaboration
E02137,RA241102900140,RA241103000134,1,Project Team
E02138,RA241102900140,RA251102800338,1,Peer Study
E02139,RA241102900140,RA251105600314,2,Technical Club
E02140,RA241102900140,RA261100300458,7,Peer Study
E02141,RA241102900140,RA261102800404,2,Technical Club
E02142,RA241102900140,RA261102800446,5,Project Team
E02143,RA241102900140,RA261105400400,6,Hackathon Team
E02144,RA241102900140,RA261105400456,3,Technical Club
E02145,RA241102900147,RA241105400135,5,Peer Study
E02146,RA241102900147,RA241105600129,3,Project Team
E02147,RA241102900147,RA261102800411,1,Technical Club
E02148,RA241102900147,RA261103000483,6,Lab Collaboration
E02149,RA241102900147,RA261105400393,1,Hackathon Team
E02150,RA241102900154,RA241102900217,6,Project Team
E02151,RA241102900154,RA241103000148,9,Project Team
E02152,RA241102900154,RA241105400191,4,Technical Club
E02153,RA241102900154,RA251102700316,6,Hackathon Team
E02154,RA241102900154,RA251102700358,5,Technical Club
E02155,RA241102900154,RA251102800296,4,Hackathon Team
E02156,RA241102900154,RA251102800310,4,Peer Study
E02157,RA241102900154,RA251102900353,4,Project Team
E02158,RA241102900154,RA251103000270,5,Technical Club
E02159,RA241102900154,RA251103000347,5,Technical Club
E02160,RA241102900154,RA251105400334,5,Peer Study
E02161,RA241102900154,RA251105400355,5,Hackathon Team
E02162,RA241102900154,RA251105600370,10,Technical Club
E02163,RA241102900154,RA261100300381,8,Technical Club
E02164,RA241102900154,RA261102800404,5,Technical Club
E02165,RA241102900154,RA261102800495,4,Peer Study
E02166,RA241102900154,RA261102900391,8,Peer Study
E02167,RA241102900154,RA261103000399,6,Lab Collaboration
E02168,RA241102900154,RA261103000441,8,Peer Study
E02169,RA241102900154,RA261105400400,6,Peer Study
E02170,RA241102900154,RA261105400435,7,Lab Collaboration
E02171,RA241102900154,RA261105600415,5,Lab Collaboration
E02172,RA241102900154,RA261105600436,10,Hackathon Team
E02173,RA241102900161,RA241103000155,3,Peer Study
E02174,RA241102900161,RA251102700365,3,Project Team
E02175,RA241102900161,RA251103000305,1,Project Team
E02176,RA241102900161,RA261100300437,5,Project Team
E02177,RA241102900161,RA261102700473,1,Project Team
E02178,RA241102900161,RA261105400449,2,Lab Collaboration
E02179,RA241102900168,RA241103000162,1,Lab Collaboration
E02180,RA241102900168,RA241103000204,4,Peer Study
E02181,RA241102900168,RA251102700330,1,Lab Collaboration
E02182,RA241102900168,RA251102800366,5,Lab Collaboration
E02183,RA241102900168,RA251103000354,3,Hackathon Team
E02184,RA241102900168,RA261105600450,6,Peer Study
E02185,RA241102900175,RA241103000169,2,Technical Club
E02186,RA241102900175,RA251102800331,2,Peer Study
E02187,RA241102900175,RA251103000277,2,Lab Collaboration
E02188,RA241102900175,RA251105600265,2,Peer Study
E02189,RA241102900175,RA261100300409,6,Technical Club
E02190,RA241102900175,RA261102800397,2,Technical Club
E02191,RA241102900175,RA261103000455,2,Project Team
E02192,RA241102900175,RA261105400379,2,Hackathon Team
E02193,RA241102900175,RA261105600457,5,Project Team
E02194,RA241102900182,RA241102900224,4,Project Team
E02195,RA241102900182,RA241103000176,4,Lab Collaboration
E02196,RA241102900182,RA241105400128,3,Project Team
E02197,RA241102900182,RA241105600164,5,Lab Collaboration
E02198,RA241102900182,RA241105600248,2,Technical Club
E02199,RA241102900182,RA251100300266,1,Technical Club
E02200,RA241102900182,RA251105400362,3,Hackathon Team
E02201,RA241102900182,RA261100300416,2,Lab Collaboration
E02202,RA241102900182,RA261103000392,2,Hackathon Team
E02203,RA241102900189,RA241103000183,5,Technical Club
E02204,RA241102900189,RA241105400177,3,Project Team
E02205,RA241102900189,RA241105400205,8,Peer Study
E02206,RA241102900189,RA251102800261,1,Technical Club
E02207,RA241102900189,RA251105600321,3,Technical Club
E02208,RA241102900189,RA261102800446,8,Project Team
E02209,RA241102900189,RA261105600457,5,Hackathon Team
E02210,RA241102900196,RA241103000190,2,Project Team
E02211,RA241102900196,RA251100300294,3,Hackathon Team
E02212,RA241102900196,RA251102900262,3,Project Team
E02213,RA241102900196,RA251102900304,1,Hackathon Team
E02214,RA241102900196,RA261102700382,6,Project Team
E02215,RA241102900196,RA261105600394,3,Peer Study
E02216,RA241102900203,RA241103000197,4,Hackathon Team
E02217,RA241102900203,RA241105600143,5,Hackathon Team
E02218,RA241102900203,RA251100300371,2,Project Team
E02219,RA241102900203,RA251103000263,1,Project Team
E02220,RA241102900203,RA251105600251,4,Peer Study
E02221,RA241102900203,RA251105600356,6,Project Team
E02222,RA241102900203,RA261102700389,2,Hackathon Team
E02223,RA241102900203,RA261102900419,2,Project Team
E02224,RA241102900210,RA241103000204,1,Hackathon Team
E02225,RA241102900210,RA241103000246,1,Hackathon Team
E02226,RA241102900210,RA241105600234,5,Peer Study
E02227,RA241102900210,RA251102800282,3,Project Team
E02228,RA241102900210,RA251102900276,4,Project Team
E02229,RA241102900210,RA251105600258,2,Hackathon Team
E02230,RA241102900210,RA261100300402,3,Technical Club
E02231,RA241102900210,RA261102700396,3,Hackathon Team
E02232,RA241102900210,RA261102700438,3,Lab Collaboration
E02233,RA241102900210,RA261102800432,1,Peer Study
E02234,RA241102900210,RA261102900384,1,Peer Study
E02235,RA241102900210,RA261102900468,3,Project Team
E02236,RA241102900210,RA261103000420,1,Technical Club
E02237,RA241102900210,RA261105400456,2,Technical Club
E02238,RA241102900210,RA261105600492,1,Lab Collaboration
E02239,RA241102900217,RA241105400205,7,Hackathon Team
E02240,RA241102900217,RA251102700337,1,Lab Collaboration
E02241,RA241102900217,RA251102800254,5,Project Team
E02242,RA241102900217,RA251102800331,2,Project Team
E02243,RA241102900217,RA251102900283,1,Project Team
E02244,RA241102900217,RA251103000298,3,Project Team
E02245,RA241102900217,RA251105400313,2,Hackathon Team
E02246,RA241102900217,RA251105600265,1,Lab Collaboration
E02247,RA241102900217,RA251105600349,2,Project Team
E02248,RA241102900217,RA261100300451,8,Hackathon Team
E02249,RA241102900217,RA261102700445,5,Technical Club
E02250,RA241102900217,RA261102800397,3,Technical Club
E02251,RA241102900217,RA261102900391,2,Project Team
E02252,RA241102900217,RA261102900433,3,Technical Club
E02253,RA241102900224,RA241103000183,3,Peer Study
E02254,RA241102900224,RA241103000218,3,Technical Club
E02255,RA241102900224,RA241105400212,2,Peer Study
E02256,RA241102900224,RA251100300308,2,Lab Collaboration
E02257,RA241102900224,RA251102900332,2,Peer Study
E02258,RA241102900224,RA251105400362,6,Technical Club
E02259,RA241102900224,RA251105600314,2,Peer Study
E02260,RA241102900231,RA241103000225,3,Peer Study
E02261,RA241102900231,RA241105600129,2,Project Team
E02262,RA241102900231,RA241105600171,1,Lab Collaboration
E02263,RA241102900231,RA251102800254,5,Project Team
E02264,RA241102900231,RA251102900255,2,Project Team
E02265,RA241102900231,RA261102800453,3,Hackathon Team
E02266,RA241102900231,RA261103000441,4,Project Team
E02267,RA241102900231,RA261105600387,1,Lab Collaboration
E02268,RA241102900238,RA241103000232,2,Hackathon Team
E02269,RA241102900238,RA241105400184,8,Project Team
E02270,RA241102900238,RA251102800268,4,Lab Collaboration
E02271,RA241102900238,RA251103000256,1,Peer Study
E02272,RA241102900238,RA251103000298,3,Project Team
E02273,RA241102900238,RA251103000340,6,Lab Collaboration
E02274,RA241102900238,RA251105600370,5,Peer Study
E02275,RA241102900238,RA261102700424,1,Technical Club
E02276,RA241102900238,RA261103000434,3,Technical Club
E02277,RA241102900238,RA261103000448,1,Project Team
E02278,RA241102900238,RA261105400442,2,Peer Study
E02279,RA241102900245,RA241103000239,3,Project Team
E02280,RA241102900245,RA241105400233,2,Technical Club
E02281,RA241102900245,RA251100300273,2,Project Team
E02282,RA241102900245,RA251100300287,4,Lab Collaboration
E02283,RA241102900245,RA251105600251,2,Hackathon Team
E02284,RA241102900245,RA261100300479,2,Lab Collaboration
E02285,RA241102900245,RA261102900377,4,Peer Study
E02286,RA241102900245,RA261103000413,1,Lab Collaboration
E02287,RA241102900245,RA261103000455,1,Lab Collaboration
E02288,RA241103000127,RA241105400205,8,Lab Collaboration
E02289,RA241103000127,RA241105400247,2,Hackathon Team
E02290,RA241103000127,RA251102800331,2,Lab Collaboration
E02291,RA241103000127,RA251102900283,5,Project Team
E02292,RA241103000127,RA251105600258,2,Technical Club
E02293,RA241103000127,RA261103000427,2,Peer Study
E02294,RA241103000127,RA261105600415,2,Lab Collaboration
E02295,RA241103000127,RA261105600499,6,Peer Study
E02296,RA241103000134,RA241103000176,3,Project Team
E02297,RA241103000134,RA241105400128,2,Project Team
E02298,RA241103000134,RA241105600248,3,Hackathon Team
E02299,RA241103000134,RA251100300315,2,Lab Collaboration
E02300,RA241103000134,RA251102700260,1,Hackathon Team
E02301,RA241103000134,RA251102900374,1,Lab Collaboration
E02302,RA241103000134,RA251105400292,6,Peer Study
E02303,RA241103000134,RA261103000434,3,Technical Club
E02304,RA241103000134,RA261105400400,4,Peer Study
E02305,RA241103000148,RA241105400142,3,Technical Club
E02306,RA241103000148,RA241105400226,3,Project Team
E02307,RA241103000148,RA241105600164,3,Peer Study
E02308,RA241103000148,RA251100300364,5,Lab Collaboration
E02309,RA241103000148,RA251102800310,1,Technical Club
E02310,RA241103000148,RA251103000298,1,Hackathon Team
E02311,RA241103000148,RA261100300430,4,Project Team
E02312,RA241103000148,RA261102800446,10,Technical Club
E02313,RA241103000148,RA261103000406,1,Technical Club
E02314,RA241103000148,RA261103000448,5,Project Team
E02315,RA241103000148,RA261103000490,3,Hackathon Team
E02316,RA241103000148,RA261105400400,6,Hackathon Team
E02317,RA241103000148,RA261105400484,8,Technical Club
E02318,RA241103000155,RA241103000239,5,Technical Club
E02319,RA241103000155,RA241105400149,2,Lab Collaboration
E02320,RA241103000155,RA241105600143,2,Lab Collaboration
E02321,RA241103000155,RA261100300381,3,Peer Study
E02322,RA241103000155,RA261100300388,6,Project Team
E02323,RA241103000155,RA261103000455,4,Hackathon Team
E02324,RA241103000162,RA241103000204,1,Technical Club
E02325,RA241103000162,RA241105400156,1,Peer Study
E02326,RA241103000162,RA241105600150,1,Technical Club
E02327,RA241103000162,RA251102800324,1,Project Team
E02328,RA241103000162,RA251103000270,4,Peer Study
E02329,RA241103000162,RA251105400348,2,Technical Club
E02330,RA241103000162,RA251105600258,5,Peer Study
E02331,RA241103000162,RA261102800432,1,Technical Club
E02332,RA241103000169,RA241105400163,2,Lab Collaboration
E02333,RA241103000169,RA241105600241,2,Technical Club
E02334,RA241103000169,RA251102700295,1,Project Team
E02335,RA241103000169,RA251102700316,18,Hackathon Team
E02336,RA241103000169,RA251105600356,4,Hackathon Team
E02337,RA241103000169,RA261100300409,5,Lab Collaboration
E02338,RA241103000169,RA261100300451,2,Lab Collaboration
E02339,RA241103000169,RA261102800390,2,Peer Study
E02340,RA241103000169,RA261102800481,2,Hackathon Team
E02341,RA241103000169,RA261102900475,2,Technical Club
E02342,RA241103000169,RA261103000427,3,Hackathon Team
E02343,RA241103000169,RA261105400463,2,Technical Club
E02344,RA241103000169,RA261105600415,4,Hackathon Team
E02345,RA241103000176,RA241105400170,1,Lab Collaboration
E02346,RA241103000176,RA241105600248,1,Hackathon Team
E02347,RA241103000176,RA251102800296,4,Technical Club
E02348,RA241103000176,RA261100300395,7,Peer Study
E02349,RA241103000176,RA261102700410,1,Project Team
E02350,RA241103000176,RA261102800446,7,Peer Study
E02351,RA241103000183,RA241105400177,3,Peer Study
E02352,RA241103000183,RA241105400184,6,Lab Collaboration
E02353,RA241103000183,RA251100300315,2,Peer Study
E02354,RA241103000183,RA251102900297,1,Technical Club
E02355,RA241103000183,RA251103000333,3,Peer Study
E02356,RA241103000183,RA261102800495,1,Project Team
E02357,RA241103000183,RA261103000483,1,Lab Collaboration
E02358,RA241103000183,RA261105400463,7,Peer Study
E02359,RA241103000190,RA241105400184,9,Lab Collaboration
E02360,RA241103000190,RA251102900346,1,Peer Study
E02361,RA241103000190,RA251103000256,1,Technical Club
E02362,RA241103000190,RA251105400334,8,Project Team
E02363,RA241103000190,RA261100300388,7,Technical Club
E02364,RA241103000190,RA261100300423,9,Lab Collaboration
E02365,RA241103000190,RA261102700424,1,Hackathon Team
E02366,RA241103000197,RA241105400163,1,Lab Collaboration
E02367,RA241103000197,RA241105400191,2,Lab Collaboration
E02368,RA241103000197,RA241105400205,7,Project Team
E02369,RA241103000197,RA251102800317,3,Peer Study
E02370,RA241103000197,RA251103000263,2,Peer Study
E02371,RA241103000197,RA261100300479,2,Technical Club
E02372,RA241103000197,RA261103000455,8,Lab Collaboration
E02373,RA241103000197,RA261105600443,2,Project Team
E02374,RA241103000197,RA261105600457,6,Project Team
E02375,RA241103000197,RA261105600485,1,Peer Study
E02376,RA241103000204,RA241105400198,3,Technical Club
E02377,RA241103000204,RA241105400226,3,Technical Club
E02378,RA241103000204,RA241105600192,3,Peer Study
E02379,RA241103000204,RA251100300252,2,Technical Club
E02380,RA241103000204,RA251103000312,1,Lab Collaboration
E02381,RA241103000204,RA251105400306,7,Lab Collaboration
E02382,RA241103000204,RA251105600300,2,Technical Club
E02383,RA241103000204,RA251105600356,6,Lab Collaboration
E02384,RA241103000204,RA261100300486,4,Hackathon Team
E02385,RA241103000204,RA261102800432,4,Technical Club
E02386,RA241103000204,RA261102800439,3,Hackathon Team
E02387,RA241103000204,RA261103000420,4,Hackathon Team
E02388,RA241103000218,RA241105400212,3,Lab Collaboration
E02389,RA241103000218,RA241105600206,3,Project Team
E02390,RA241103000218,RA251105600314,1,Hackathon Team
E02391,RA241103000218,RA261100300388,5,Lab Collaboration
E02392,RA241103000218,RA261103000476,3,Project Team
E02393,RA241103000218,RA261105400470,5,Hackathon Team
E02394,RA241103000218,RA261105600387,4,Hackathon Team
E02395,RA241103000225,RA241103000239,2,Lab Collaboration
E02396,RA241103000225,RA241105400219,2,Project Team
E02397,RA241103000225,RA241105600129,4,Lab Collaboration
E02398,RA241103000225,RA251102700309,4,Lab Collaboration
E02399,RA241103000225,RA251102900339,3,Technical Club
E02400,RA241103000225,RA251105400327,6,Project Team
E02401,RA241103000225,RA251105600321,3,Lab Collaboration
E02402,RA241103000225,RA261100300423,4,Technical Club
E02403,RA241103000225,RA261100300472,1,Project Team
E02404,RA241103000232,RA241105400226,2,Project Team
E02405,RA241103000232,RA251102700274,3,Technical Club
E02406,RA241103000232,RA251102700358,2,Project Team
E02407,RA241103000232,RA251102800303,3,Project Team
E02408,RA241103000232,RA251105600356,7,Hackathon Team
E02409,RA241103000232,RA261100300423,6,Technical Club
E02410,RA241103000232,RA261103000490,1,Peer Study
E02411,RA241103000239,RA241105400233,2,Lab Collaboration
E02412,RA241103000239,RA251105600335,2,Peer Study
E02413,RA241103000239,RA261100300388,9,Peer Study
E02414,RA241103000239,RA261100300437,8,Peer Study
E02415,RA241103000239,RA261100300479,3,Lab Collaboration
E02416,RA241103000239,RA261102700389,6,Peer Study
E02417,RA241103000239,RA261102800425,1,Hackathon Team
E02418,RA241103000246,RA241105400240,1,Hackathon Team
E02419,RA241103000246,RA251100300252,3,Project Team
E02420,RA241103000246,RA251102700372,1,Lab Collaboration
E02421,RA241103000246,RA251102800282,6,Hackathon Team
E02422,RA241103000246,RA251103000312,1,Lab Collaboration
E02423,RA241103000246,RA251105600300,1,Peer Study
E02424,RA241103000246,RA251105600342,3,Project Team
E02425,RA241103000246,RA261102900468,2,Peer Study
E02426,RA241103000246,RA261103000441,5,Hackathon Team
E02427,RA241103000246,RA261105600450,2,Lab Collaboration
E02428,RA241105400128,RA251100300350,4,Peer Study
E02429,RA241105400128,RA251102900332,5,Lab Collaboration
E02430,RA241105400128,RA251105600356,8,Peer Study
E02431,RA241105400128,RA261100300416,1,Lab Collaboration
E02432,RA241105400128,RA261102700410,2,Lab Collaboration
E02433,RA241105400128,RA261102800404,2,Project Team
E02434,RA241105400128,RA261102900398,1,Project Team
E02435,RA241105400135,RA241105600129,2,Project Team
E02436,RA241105400135,RA241105600136,1,Hackathon Team
E02437,RA241105400135,RA241105600171,3,Technical Club
E02438,RA241105400135,RA251100300273,2,Peer Study
E02439,RA241105400135,RA251102700309,6,Technical Club
E02440,RA241105400135,RA251105600363,3,Project Team
E02441,RA241105400135,RA261100300465,3,Peer Study
E02442,RA241105400135,RA261102700417,2,Technical Club
E02443,RA241105400135,RA261102800446,7,Technical Club
E02444,RA241105400135,RA261102900405,7,Project Team
E02445,RA241105400135,RA261105400477,1,Hackathon Team
E02446,RA241105400142,RA241105600136,5,Hackathon Team
E02447,RA241105400142,RA251100300364,4,Peer Study
E02448,RA241105400142,RA251102900304,2,Lab Collaboration
E02449,RA241105400142,RA251103000298,1,Hackathon Team
E02450,RA241105400142,RA251105400334,6,Peer Study
E02451,RA241105400142,RA261100300388,5,Project Team
E02452,RA241105400142,RA261100300430,3,Peer Study
E02453,RA241105400142,RA261102700382,6,Hackathon Team
E02454,RA241105400142,RA261105600457,6,Lab Collaboration
E02455,RA241105400149,RA241105600143,3,Hackathon Team
E02456,RA241105400149,RA251102800275,3,Lab Collaboration
E02457,RA241105400149,RA251105400313,5,Lab Collaboration
E02458,RA241105400149,RA251105400341,5,Project Team
E02459,RA241105400149,RA251105600251,2,Technical Club
E02460,RA241105400149,RA251105600293,1,Project Team
E02461,RA241105400149,RA261102800467,1,Peer Study
E02462,RA241105400149,RA261102900419,4,Lab Collaboration
E02463,RA241105400149,RA261105600401,2,Peer Study
E02464,RA241105400156,RA241105600150,1,Technical Club
E02465,RA241105400156,RA251102700288,2,Hackathon Team
E02466,RA241105400156,RA251102800282,3,Lab Collaboration
E02467,RA241105400156,RA251102900318,2,Lab Collaboration
E02468,RA241105400156,RA251103000270,5,Hackathon Team
E02469,RA241105400156,RA261100300444,1,Peer Study
E02470,RA241105400156,RA261102800390,3,Project Team
E02471,RA241105400156,RA261105400414,1,Peer Study
E02472,RA241105400163,RA241105600157,2,Project Team
E02473,RA241105400163,RA251100300343,1,Project Team
E02474,RA241105400163,RA251102700337,3,Peer Study
E02475,RA241105400163,RA251102800289,2,Peer Study
E02476,RA241105400163,RA251102800373,2,Hackathon Team
E02477,RA241105400163,RA251102900367,5,Lab Collaboration
E02478,RA241105400163,RA251105400313,2,Project Team
E02479,RA241105400163,RA261100300395,6,Technical Club
E02480,RA241105400163,RA261100300493,2,Hackathon Team
E02481,RA241105400170,RA241105400184,5,Peer Study
E02482,RA241105400170,RA241105400212,3,Lab Collaboration
E02483,RA241105400170,RA241105600164,3,Technical Club
E02484,RA241105400170,RA241105600248,2,Technical Club
E02485,RA241105400170,RA261102700473,1,Project Team
E02486,RA241105400170,RA261102800404,7,Peer Study
E02487,RA241105400170,RA261102900482,3,Technical Club
E02488,RA241105400170,RA261105400428,1,Lab Collaboration
E02489,RA241105400177,RA241105600129,2,Peer Study
E02490,RA241105400177,RA241105600171,3,Peer Study
E02491,RA241105400177,RA251105400369,3,Peer Study
E02492,RA241105400177,RA261103000441,5,Hackathon Team
E02493,RA241105400184,RA241105400198,5,Hackathon Team
E02494,RA241105400184,RA241105600178,10,Project Team
E02495,RA241105400184,RA251100300259,6,Lab Collaboration
E02496,RA241105400184,RA251102700330,5,Project Team
E02497,RA241105400184,RA251102700344,4,Project Team
E02498,RA241105400184,RA251102800303,4,Technical Club
E02499,RA241105400184,RA251102900346,15,Project Team
E02500,RA241105400184,RA251102900374,7,Project Team
E02501,RA241105400184,RA251103000326,7,Peer Study
E02502,RA241105400184,RA261100300388,10,Project Team
E02503,RA241105400184,RA261100300430,5,Peer Study
E02504,RA241105400184,RA261100300437,7,Project Team
E02505,RA241105400184,RA261102700382,5,Project Team
E02506,RA241105400184,RA261102700466,7,Peer Study
E02507,RA241105400184,RA261102700487,9,Peer Study
E02508,RA241105400184,RA261102800418,7,Project Team
E02509,RA241105400184,RA261102800446,5,Hackathon Team
E02510,RA241105400184,RA261103000448,4,Project Team
E02511,RA241105400184,RA261105400379,8,Hackathon Team
E02512,RA241105400184,RA261105400456,6,Lab Collaboration
E02513,RA241105400191,RA241105600185,5,Peer Study
E02514,RA241105400191,RA241105600227,7,Technical Club
E02515,RA241105400191,RA251102800310,1,Technical Club
E02516,RA241105400191,RA251102900269,3,Hackathon Team
E02517,RA241105400191,RA251105400299,2,Peer Study
E02518,RA241105400191,RA261100300437,10,Project Team
E02519,RA241105400191,RA261102800425,2,Lab Collaboration
E02520,RA241105400198,RA241105600192,2,Hackathon Team
E02521,RA241105400198,RA251102700372,4,Lab Collaboration
E02522,RA241105400198,RA251105400306,3,Technical Club
E02523,RA241105400198,RA261102800390,2,Lab Collaboration
E02524,RA241105400198,RA261105600408,4,Technical Club
E02525,RA241105400205,RA241105400240,10,Peer Study
E02526,RA241105400205,RA241105400247,4,Peer Study
E02527,RA241105400205,RA241105600199,7,Project Team
E02528,RA241105400205,RA251100300301,7,Project Team
E02529,RA241105400205,RA251102700267,6,Technical Club
E02530,RA241105400205,RA251102800331,9,Peer Study
E02531,RA241105400205,RA251102800373,4,Project Team
E02532,RA241105400205,RA251103000305,5,Lab Collaboration
E02533,RA241105400205,RA251103000354,5,Technical Club
E02534,RA241105400205,RA251103000368,6,Lab Collaboration
E02535,RA241105400205,RA251103000375,6,Peer Study
E02536,RA241105400205,RA251105400348,5,Project Team
E02537,RA241105400205,RA251105400355,9,Project Team
E02538,RA241105400205,RA261100300388,5,Project Team
E02539,RA241105400205,RA261100300409,4,Peer Study
E02540,RA241105400205,RA261100300430,9,Lab Collaboration
E02541,RA241105400205,RA261102700431,7,Technical Club
E02542,RA241105400205,RA261102800439,9,Project Team
E02543,RA241105400205,RA261102900391,5,Peer Study
E02544,RA241105400205,RA261102900433,5,Project Team
E02545,RA241105400205,RA261103000448,5,Peer Study
E02546,RA241105400205,RA261103000483,7,Peer Study
E02547,RA241105400205,RA261103000497,8,Lab Collaboration
E02548,RA241105400205,RA261105400393,6,Peer Study
E02549,RA241105400205,RA261105400421,6,Peer Study
E02550,RA241105400205,RA261105400442,6,Project Team
E02551,RA241105400205,RA261105400456,7,Technical Club
E02552,RA241105400212,RA241105600206,6,Lab Collaboration
E02553,RA241105400212,RA251100300308,2,Technical Club
E02554,RA241105400212,RA251102800296,3,Technical Club
E02555,RA241105400212,RA261105600422,2,Project Team
E02556,RA241105400219,RA241105600171,7,Hackathon Team
E02557,RA241105400219,RA241105600213,1,Technical Club
E02558,RA241105400219,RA251103000312,2,Hackathon Team
E02559,RA241105400219,RA251105400369,3,Technical Club
E02560,RA241105400219,RA261100300381,3,Lab Collaboration
E02561,RA241105400219,RA261102900447,5,Hackathon Team
E02562,RA241105400226,RA241105600220,1,Technical Club
E02563,RA241105400226,RA251100300364,5,Lab Collaboration
E02564,RA241105400226,RA251102800310,1,Hackathon Team
E02565,RA241105400226,RA261100300395,8,Technical Club
E02566,RA241105400226,RA261100300472,2,Lab Collaboration
E02567,RA241105400226,RA261102900496,3,Project Team
E02568,RA241105400233,RA241105600227,2,Peer Study
E02569,RA241105400233,RA251105600293,2,Peer Study
E02570,RA241105400233,RA261100300395,7,Lab Collaboration
E02571,RA241105400233,RA261102800383,1,Technical Club
E02572,RA241105400233,RA261105400449,5,Project Team
E02573,RA241105400240,RA241105600234,2,Lab Collaboration
E02574,RA241105400240,RA251100300294,3,Project Team
E02575,RA241105400240,RA251102700372,1,Project Team
E02576,RA241105400240,RA251102800324,2,Hackathon Team
E02577,RA241105400240,RA251103000312,1,Peer Study
E02578,RA241105400240,RA251105600258,5,Lab Collaboration
E02579,RA241105400240,RA261102700396,8,Peer Study
E02580,RA241105400240,RA261103000378,1,Peer Study
E02581,RA241105400240,RA261105600492,6,Project Team
E02582,RA241105400247,RA241105600241,4,Project Team
E02583,RA241105400247,RA251102700253,1,Project Team
E02584,RA241105400247,RA251105400362,4,Lab Collaboration
E02585,RA241105400247,RA261102700403,2,Lab Collaboration
E02586,RA241105400247,RA261102800439,3,Peer Study
E02587,RA241105400247,RA261103000497,2,Hackathon Team
E02588,RA241105400247,RA261105600457,6,Technical Club
E02589,RA241105400247,RA261105600499,1,Hackathon Team
E02590,RA241105600129,RA241105600171,3,Hackathon Team
E02591,RA241105600129,RA241105600213,3,Peer Study
E02592,RA241105600129,RA251100300273,3,Lab Collaboration
E02593,RA241105600129,RA251102700309,3,Peer Study
E02594,RA241105600129,RA251105400369,1,Project Team
E02595,RA241105600129,RA261102800453,1,Lab Collaboration
E02596,RA241105600129,RA261102800495,2,Technical Club
E02597,RA241105600129,RA261103000483,3,Project Team
E02598,RA241105600129,RA261105400477,4,Lab Collaboration
E02599,RA241105600136,RA251102700316,7,Hackathon Team
E02600,RA241105600136,RA251102900346,3,Lab Collaboration
E02601,RA241105600136,RA251103000298,3,Lab Collaboration
E02602,RA241105600136,RA261100300472,3,Technical Club
E02603,RA241105600136,RA261102800446,6,Technical Club
E02604,RA241105600143,RA251102700295,7,Project Team
E02605,RA241105600143,RA251102800317,1,Lab Collaboration
E02606,RA241105600143,RA251102800324,1,Technical Club
E02607,RA241105600143,RA261100300381,3,Peer Study
E02608,RA241105600143,RA261102700382,6,Peer Study
E02609,RA241105600143,RA261102800453,2,Peer Study
E02610,RA241105600143,RA261105600457,4,Project Team
E02611,RA241105600143,RA261105600485,4,Project Team
E02612,RA241105600150,RA251102700316,9,Peer Study
E02613,RA241105600150,RA251102800254,12,Hackathon Team
E02614,RA241105600150,RA251105600342,1,Hackathon Team
E02615,RA241105600150,RA261100300486,3,Lab Collaboration
E02616,RA241105600150,RA261103000462,1,Peer Study
E02617,RA241105600157,RA241105600227,2,Hackathon Team
E02618,RA241105600157,RA251100300301,1,Lab Collaboration
E02619,RA241105600157,RA251100300343,3,Lab Collaboration
E02620,RA241105600157,RA251102700295,3,Hackathon Team
E02621,RA241105600157,RA251102700365,2,Lab Collaboration
E02622,RA241105600157,RA251102800289,2,Technical Club
E02623,RA241105600157,RA251102800373,1,Lab Collaboration
E02624,RA241105600157,RA251105400271,2,Peer Study
E02625,RA241105600157,RA261105600436,2,Project Team
E02626,RA241105600164,RA251102800296,1,Lab Collaboration
E02627,RA241105600164,RA251102900325,5,Hackathon Team
E02628,RA241105600164,RA261102700382,5,Technical Club
E02629,RA241105600164,RA261102700452,5,Project Team
E02630,RA241105600164,RA261102900482,4,Hackathon Team
E02631,RA241105600171,RA241105600213,7,Lab Collaboration
E02632,RA241105600171,RA251105400362,4,Peer Study
E02633,RA241105600171,RA251105600321,1,Hackathon Team
E02634,RA241105600171,RA261102900405,2,Lab Collaboration
E02635,RA241105600171,RA261105400477,1,Technical Club
E02636,RA241105600178,RA241105600234,4,Hackathon Team
E02637,RA241105600178,RA251102800352,6,Hackathon Team
E02638,RA241105600178,RA251105600328,3,Project Team
E02639,RA241105600178,RA261100300437,7,Peer Study
E02640,RA241105600178,RA261105400400,5,Hackathon Team
E02641,RA241105600185,RA251102700281,3,Project Team
E02642,RA241105600185,RA251102800254,5,Peer Study
E02643,RA241105600185,RA251102800359,3,Lab Collaboration
E02644,RA241105600185,RA251105400285,1,Project Team
E02645,RA241105600185,RA251105600251,2,Peer Study
E02646,RA241105600185,RA251105600293,2,Peer Study
E02647,RA241105600185,RA261100300437,7,Lab Collaboration
E02648,RA241105600185,RA261103000497,3,Technical Club
E02649,RA241105600192,RA251102700330,4,Hackathon Team
E02650,RA241105600192,RA251102900276,2,Project Team
E02651,RA241105600192,RA251102900318,1,Technical Club
E02652,RA241105600192,RA251102900360,4,Peer Study
E02653,RA241105600192,RA251105400306,4,Peer Study
E02654,RA241105600192,RA261102700445,3,Hackathon Team
E02655,RA241105600192,RA261102900384,4,Technical Club
E02656,RA241105600192,RA261103000441,5,Lab Collaboration
E02657,RA241105600192,RA261105400498,3,Lab Collaboration
E02658,RA241105600192,RA261105600492,1,Peer Study
E02659,RA241105600199,RA251102800289,3,Lab Collaboration
E02660,RA241105600199,RA251102800331,2,Hackathon Team
E02661,RA241105600199,RA251103000277,1,Peer Study
E02662,RA241105600199,RA251105400313,1,Lab Collaboration
E02663,RA241105600199,RA251105600265,3,Project Team
E02664,RA241105600199,RA261102700403,3,Hackathon Team
E02665,RA241105600199,RA261102900433,3,Peer Study
E02666,RA241105600199,RA261103000385,6,Lab Collaboration
E02667,RA241105600199,RA261105400421,8,Hackathon Team
E02668,RA241105600206,RA251102900332,6,Lab Collaboration
E02669,RA241105600206,RA251103000284,2,Lab Collaboration
E02670,RA241105600206,RA251105600272,2,Project Team
E02671,RA241105600206,RA251105600356,10,Technical Club
E02672,RA241105600206,RA261102800488,3,Lab Collaboration
E02673,RA241105600213,RA251100300315,3,Technical Club
E02674,RA241105600213,RA251102700351,3,Project Team
E02675,RA241105600213,RA251105400320,1,Peer Study
E02676,RA241105600213,RA261100300423,5,Lab Collaboration
E02677,RA241105600213,RA261102800495,1,Lab Collaboration
E02678,RA241105600213,RA261102900447,3,Lab Collaboration
E02679,RA241105600220,RA251102800352,5,Peer Study
E02680,RA241105600220,RA251103000256,2,Lab Collaboration
E02681,RA241105600220,RA261100300388,8,Lab Collaboration
E02682,RA241105600220,RA261103000448,1,Technical Club
E02683,RA241105600220,RA261105400400,5,Hackathon Team
E02684,RA241105600220,RA261105600436,2,Peer Study
E02685,RA241105600220,RA261105600499,2,Hackathon Team
E02686,RA241105600227,RA251100300287,1,Hackathon Team
E02687,RA241105600227,RA251100300315,1,Technical Club
E02688,RA241105600227,RA251105400292,5,Hackathon Team
E02689,RA241105600227,RA251105600335,2,Peer Study
E02690,RA241105600227,RA261102700473,2,Lab Collaboration
E02691,RA241105600234,RA251100300252,2,Technical Club
E02692,RA241105600234,RA251102700267,1,Hackathon Team
E02693,RA241105600234,RA251105600342,1,Peer Study
E02694,RA241105600234,RA261100300437,5,Project Team
E02695,RA241105600234,RA261102800390,3,Hackathon Team
E02696,RA241105600234,RA261102800432,3,Hackathon Team
E02697,RA241105600234,RA261103000420,5,Peer Study
E02698,RA241105600234,RA261103000462,2,Hackathon Team
E02699,RA241105600234,RA261105400400,12,Project Team
E02700,RA241105600241,RA251102700295,2,Lab Collaboration
E02701,RA241105600241,RA251102800254,10,Peer Study
E02702,RA241105600241,RA251102800331,1,Lab Collaboration
E02703,RA241105600241,RA251105400355,4,Lab Collaboration
E02704,RA241105600241,RA261102700487,6,Peer Study
E02705,RA241105600241,RA261103000385,1,Hackathon Team
E02706,RA241105600248,RA251102800254,8,Lab Collaboration
E02707,RA241105600248,RA251105600356,8,Technical Club
E02708,RA241105600248,RA261103000434,1,Project Team
E02709,RA241105600248,RA261105600457,7,Peer Study
E02710,RA251100300252,RA251102700316,7,Hackathon Team
E02711,RA251100300252,RA251102900276,5,Project Team
E02712,RA251100300252,RA251105600258,5,Lab Collaboration
E02713,RA251100300252,RA261105400456,1,Lab Collaboration
E02714,RA251100300259,RA251100300343,2,Lab Collaboration
E02715,RA251100300259,RA251102700253,1,Peer Study
E02716,RA251100300259,RA251102700316,5,Project Team
E02717,RA251100300259,RA251102800289,3,Peer Study
E02718,RA251100300259,RA251105400306,2,Peer Study
E02719,RA251100300259,RA251105600265,4,Peer Study
E02720,RA251100300259,RA261102900391,3,Technical Club
E02721,RA251100300259,RA261102900475,2,Project Team
E02722,RA251100300259,RA261105400379,4,Project Team
E02723,RA251100300266,RA251102700260,4,Technical Club
E02724,RA251100300266,RA251102700344,3,Peer Study
E02725,RA251100300266,RA251102800296,1,Peer Study
E02726,RA251100300266,RA251105400362,1,Project Team
E02727,RA251100300266,RA251105600272,1,Lab Collaboration
E02728,RA251100300266,RA251105600356,7,Peer Study
E02729,RA251100300266,RA261102800488,1,Project Team
E02730,RA251100300266,RA261103000441,4,Lab Collaboration
E02731,RA251100300266,RA261105400386,1,Peer Study
E02732,RA251100300266,RA261105400428,2,Hackathon Team
E02733,RA251100300273,RA251102700267,3,Project Team
E02734,RA251100300273,RA251105600279,4,Lab Collaboration
E02735,RA251100300273,RA261102700417,1,Hackathon Team
E02736,RA251100300273,RA261105600387,8,Project Team
E02737,RA251100300280,RA251102700274,5,Lab Collaboration
E02738,RA251100300280,RA251102800296,3,Project Team
E02739,RA251100300280,RA251105600286,2,Project Team
E02740,RA251100300280,RA261100300416,5,Lab Collaboration
E02741,RA251100300280,RA261100300430,1,Technical Club
E02742,RA251100300280,RA261102700382,5,Hackathon Team
E02743,RA251100300280,RA261102800446,7,Project Team
E02744,RA251100300280,RA261105600478,3,Hackathon Team
E02745,RA251100300287,RA251102700281,2,Project Team
E02746,RA251100300287,RA251102700316,6,Peer Study
E02747,RA251100300287,RA251103000263,3,Hackathon Team
E02748,RA251100300287,RA251103000347,3,Technical Club
E02749,RA251100300287,RA251105600293,2,Technical Club
E02750,RA251100300294,RA251100300336,1,Peer Study
E02751,RA251100300294,RA251102700288,3,Technical Club
E02752,RA251100300294,RA251102700330,2,Lab Collaboration
E02753,RA251100300294,RA251105600300,2,Project Team
E02754,RA251100300294,RA261102700417,2,Technical Club
E02755,RA251100300294,RA261105400414,2,Technical Club
E02756,RA251100300294,RA261105600408,2,Project Team
E02757,RA251100300301,RA251102700295,7,Lab Collaboration
E02758,RA251100300301,RA251102900283,3,Lab Collaboration
E02759,RA251100300301,RA251105600307,6,Technical Club
E02760,RA251100300301,RA261103000427,5,Peer Study
E02761,RA251100300301,RA261103000469,3,Project Team
E02762,RA251100300308,RA251102700302,3,Technical Club
E02763,RA251100300308,RA251105600314,4,Hackathon Team
E02764,RA251100300308,RA261102700494,7,Hackathon Team
E02765,RA251100300315,RA251102700309,2,Peer Study
E02766,RA251100300315,RA251102800345,3,Hackathon Team
E02767,RA251100300315,RA251105400292,6,Project Team
E02768,RA251100300315,RA251105400327,1,Technical Club
E02769,RA251100300315,RA251105600321,2,Hackathon Team
E02770,RA251100300315,RA261102700459,4,Hackathon Team
E02771,RA251100300315,RA261102800446,7,Hackathon Team
E02772,RA251100300315,RA261102800453,2,Peer Study
E02773,RA251100300315,RA261105400393,1,Project Team
E02774,RA251100300315,RA261105400477,1,Lab Collaboration
E02775,RA251100300315,RA261105600387,4,Project Team
E02776,RA251100300315,RA261105600436,3,Peer Study
E02777,RA251100300322,RA251102700316,12,Peer Study
E02778,RA251100300322,RA251102900346,7,Hackathon Team
E02779,RA251100300322,RA251105600328,5,Technical Club
E02780,RA251100300322,RA251105600370,2,Technical Club
E02781,RA251100300322,RA261100300395,4,Project Team
E02782,RA251100300322,RA261103000406,3,Lab Collaboration
E02783,RA251100300322,RA261103000490,1,Peer Study
E02784,RA251100300322,RA261105400442,1,Peer Study
E02785,RA251100300322,RA261105400484,2,Peer Study
E02786,RA251100300322,RA261105600499,2,Hackathon Team
E02787,RA251100300329,RA251102700323,1,Project Team
E02788,RA251100300329,RA251102700365,3,Technical Club
E02789,RA251100300329,RA251102800345,2,Lab Collaboration
E02790,RA251100300329,RA251105400299,2,Technical Club
E02791,RA251100300329,RA251105600335,3,Hackathon Team
E02792,RA251100300329,RA261102800383,1,Project Team
E02793,RA251100300329,RA261102800467,1,Lab Collaboration
E02794,RA251100300329,RA261105600443,3,Hackathon Team
E02795,RA251100300336,RA251102700330,2,Lab Collaboration
E02796,RA251100300336,RA251105400292,4,Lab Collaboration
E02797,RA251100300336,RA251105600342,2,Project Team
E02798,RA251100300336,RA261100300402,1,Technical Club
E02799,RA251100300336,RA261102700480,1,Technical Club
E02800,RA251100300336,RA261105400414,4,Technical Club
E02801,RA251100300343,RA251102700337,1,Lab Collaboration
E02802,RA251100300343,RA251103000319,3,Project Team
E02803,RA251100300343,RA251105600349,8,Lab Collaboration
E02804,RA251100300343,RA261100300423,12,Technical Club
E02805,RA251100300343,RA261102800397,1,Project Team
E02806,RA251100300343,RA261102900496,3,Project Team
E02807,RA251100300350,RA251102700302,1,Hackathon Team
E02808,RA251100300350,RA251102700344,2,Lab Collaboration
E02809,RA251100300350,RA251103000312,1,Peer Study
E02810,RA251100300350,RA251105600272,6,Project Team
E02811,RA251100300350,RA251105600356,5,Technical Club
E02812,RA251100300350,RA261100300458,3,Lab Collaboration
E02813,RA251100300350,RA261102700382,8,Lab Collaboration
E02814,RA251100300350,RA261102700452,7,Peer Study
E02815,RA251100300350,RA261102800404,2,Lab Collaboration
E02816,RA251100300350,RA261102900398,3,Lab Collaboration
E02817,RA251100300350,RA261102900440,2,Technical Club
E02818,RA251100300350,RA261102900482,1,Technical Club
E02819,RA251100300350,RA261105400393,1,Technical Club
E02820,RA251100300350,RA261105400470,1,Hackathon Team
E02821,RA251100300350,RA261105400484,2,Peer Study
E02822,RA251100300357,RA251102700351,3,Project Team
E02823,RA251100300357,RA251102800345,1,Project Team
E02824,RA251100300357,RA251105600363,2,Project Team
E02825,RA251100300357,RA261100300423,5,Peer Study
E02826,RA251100300357,RA261102700417,2,Peer Study
E02827,RA251100300357,RA261103000441,7,Technical Club
E02828,RA251100300357,RA261105400477,2,Lab Collaboration
E02829,RA251100300364,RA251102700358,2,Lab Collaboration
E02830,RA251100300364,RA251102900262,5,Technical Club
E02831,RA251100300364,RA251103000256,1,Project Team
E02832,RA251100300364,RA251105600370,5,Lab Collaboration
E02833,RA251100300364,RA261102700382,8,Hackathon Team
E02834,RA251100300364,RA261102900412,3,Project Team
E02835,RA251100300364,RA261102900454,3,Technical Club
E02836,RA251100300371,RA251102700365,1,Hackathon Team
E02837,RA251100300371,RA261100300395,8,Hackathon Team
E02838,RA251100300371,RA261102700382,8,Peer Study
E02839,RA251100300371,RA261102700473,1,Lab Collaboration
E02840,RA251100300371,RA261102900377,1,Lab Collaboration
E02841,RA251100300371,RA261103000413,1,Project Team
E02842,RA251100300371,RA261105600387,3,Lab Collaboration
E02843,RA251102700253,RA251103000277,2,Technical Club
E02844,RA251102700253,RA251105600356,6,Hackathon Team
E02845,RA251102700253,RA261102800481,3,Project Team
E02846,RA251102700253,RA261102900391,1,Hackathon Team
E02847,RA251102700253,RA261102900433,3,Project Team
E02848,RA251102700253,RA261105400442,1,Project Team
E02849,RA251102700253,RA261105400463,3,Technical Club
E02850,RA251102700260,RA251102800254,8,Lab Collaboration
E02851,RA251102700260,RA251102900374,2,Hackathon Team
E02852,RA251102700260,RA251105400292,5,Technical Club
E02853,RA251102700260,RA251105600356,7,Hackathon Team
E02854,RA251102700260,RA261100300458,3,Hackathon Team
E02855,RA251102700260,RA261103000434,6,Project Team
E02856,RA251102700260,RA261105400386,2,Project Team
E02857,RA251102700260,RA261105400428,1,Project Team
E02858,RA251102700267,RA251102700309,7,Technical Club
E02859,RA251102700267,RA251102800261,4,Hackathon Team
E02860,RA251102700267,RA251102900339,1,Lab Collaboration
E02861,RA251102700267,RA251103000375,3,Technical Club
E02862,RA251102700267,RA251105400285,3,Technical Club
E02863,RA251102700267,RA261100300381,2,Project Team
E02864,RA251102700267,RA261102800453,1,Peer Study
E02865,RA251102700267,RA261105400393,1,Peer Study
E02866,RA251102700267,RA261105400435,2,Peer Study
E02867,RA251102700274,RA251102800254,5,Hackathon Team
E02868,RA251102700274,RA251102800268,2,Lab Collaboration
E02869,RA251102700274,RA251102900304,3,Peer Study
E02870,RA251102700274,RA261100300472,1,Peer Study
E02871,RA251102700274,RA261102700382,4,Lab Collaboration
E02872,RA251102700274,RA261102900412,1,Hackathon Team
E02873,RA251102700274,RA261102900496,5,Project Team
E02874,RA251102700274,RA261103000441,7,Hackathon Team
E02875,RA251102700274,RA261105400400,4,Technical Club
E02876,RA251102700281,RA251102800275,3,Lab Collaboration
E02877,RA251102700281,RA251103000263,2,Technical Club
E02878,RA251102700281,RA251103000305,2,Technical Club
E02879,RA251102700281,RA251103000347,3,Project Team
E02880,RA251102700281,RA251105600251,2,Peer Study
E02881,RA251102700281,RA261100300444,1,Lab Collaboration
E02882,RA251102700281,RA261105400400,5,Lab Collaboration
E02883,RA251102700281,RA261105400449,2,Hackathon Team
E02884,RA251102700288,RA251102800282,4,Technical Club
E02885,RA251102700288,RA261102900384,1,Project Team
E02886,RA251102700288,RA261102900433,4,Technical Club
E02887,RA251102700288,RA261102900468,7,Project Team
E02888,RA251102700288,RA261105400442,5,Project Team
E02889,RA251102700295,RA251102800289,4,Peer Study
E02890,RA251102700302,RA251102800296,2,Lab Collaboration
E02891,RA251102700302,RA251105400278,1,Technical Club
E02892,RA251102700302,RA251105600356,9,Peer Study
E02893,RA251102700302,RA261102700410,3,Peer Study
E02894,RA251102700302,RA261103000476,1,Hackathon Team
E02895,RA251102700302,RA261105600464,5,Hackathon Team
E02896,RA251102700309,RA251102800303,2,Project Team
E02897,RA251102700309,RA251102900339,1,Project Team
E02898,RA251102700309,RA261102700382,5,Peer Study
E02899,RA251102700309,RA261102700417,1,Project Team
E02900,RA251102700309,RA261103000399,2,Lab Collaboration
E02901,RA251102700309,RA261105600429,2,Hackathon Team
E02902,RA251102700316,RA251102800289,4,Project Team
E02903,RA251102700316,RA251102800310,10,Lab Collaboration
E02904,RA251102700316,RA251102900262,10,Lab Collaboration
E02905,RA251102700316,RA251102900346,4,Hackathon Team
E02906,RA251102700316,RA251105400278,4,Lab Collaboration
E02907,RA251102700316,RA251105400299,4,Lab Collaboration
E02908,RA251102700316,RA251105600370,5,Project Team
E02909,RA251102700316,RA261100300388,7,Project Team
E02910,RA251102700316,RA261102700438,8,Hackathon Team
E02911,RA251102700316,RA261102700445,5,Lab Collaboration
E02912,RA251102700316,RA261102700466,6,Lab Collaboration
E02913,RA251102700316,RA261102900412,6,Lab Collaboration
E02914,RA251102700316,RA261103000406,7,Hackathon Team
E02915,RA251102700316,RA261103000490,6,Hackathon Team
E02916,RA251102700316,RA261105400400,8,Technical Club
E02917,RA251102700316,RA261105600394,5,Technical Club
E02918,RA251102700316,RA261105600450,6,Lab Collaboration
E02919,RA251102700316,RA261105600471,4,Peer Study
E02920,RA251102700323,RA251102800275,2,Hackathon Team
E02921,RA251102700323,RA251102800317,1,Peer Study
E02922,RA251102700323,RA251105400292,6,Peer Study
E02923,RA251102700323,RA261102800404,3,Lab Collaboration
E02924,RA251102700323,RA261103000413,2,Technical Club
E02925,RA251102700330,RA251102800324,1,Project Team
E02926,RA251102700330,RA251105600258,1,Peer Study
E02927,RA251102700330,RA261100300444,1,Hackathon Team
E02928,RA251102700330,RA261102700438,1,Project Team
E02929,RA251102700330,RA261102700480,1,Project Team
E02930,RA251102700330,RA261102800432,1,Peer Study
E02931,RA251102700330,RA261102900496,5,Peer Study
E02932,RA251102700330,RA261105400414,1,Lab Collaboration
E02933,RA251102700330,RA261105400456,8,Lab Collaboration
E02934,RA251102700337,RA251102800331,3,Technical Club
E02935,RA251102700337,RA251102800373,3,Lab Collaboration
E02936,RA251102700337,RA251102900367,2,Project Team
E02937,RA251102700337,RA261100300409,1,Lab Collaboration
E02938,RA251102700337,RA261100300493,1,Technical Club
E02939,RA251102700337,RA261103000385,7,Technical Club
E02940,RA251102700337,RA261105400463,3,Peer Study
E02941,RA251102700344,RA251102800338,2,Hackathon Team
E02942,RA251102700344,RA261100300388,7,Project Team
E02943,RA251102700344,RA261102800446,5,Project Team
E02944,RA251102700344,RA261102900412,3,Hackathon Team
E02945,RA251102700344,RA261103000434,3,Project Team
E02946,RA251102700344,RA261105600422,1,Peer Study
E02947,RA251102700351,RA251102800345,5,Hackathon Team
E02948,RA251102700351,RA251103000333,2,Project Team
E02949,RA251102700351,RA251105400327,1,Lab Collaboration
E02950,RA251102700351,RA261100300423,9,Hackathon Team
E02951,RA251102700351,RA261102800425,2,Lab Collaboration
E02952,RA251102700351,RA261102800495,2,Lab Collaboration
E02953,RA251102700351,RA261105600457,18,Lab Collaboration
E02954,RA251102700358,RA251102800352,6,Hackathon Team
E02955,RA251102700358,RA251102900346,3,Lab Collaboration
E02956,RA251102700358,RA261100300472,5,Hackathon Team
E02957,RA251102700358,RA261102800376,4,Technical Club
E02958,RA251102700358,RA261105600436,3,Technical Club
E02959,RA251102700365,RA251102800359,1,Project Team
E02960,RA251102700365,RA251102900353,3,Peer Study
E02961,RA251102700365,RA251105400257,3,Peer Study
E02962,RA251102700365,RA261100300437,6,Hackathon Team
E02963,RA251102700365,RA261103000497,1,Technical Club
E02964,RA251102700372,RA251102800366,1,Lab Collaboration
E02965,RA251102700372,RA251102900318,3,Lab Collaboration
E02966,RA251102700372,RA251105400292,9,Hackathon Team
E02967,RA251102700372,RA251105600328,4,Lab Collaboration
E02968,RA251102700372,RA261102900384,4,Lab Collaboration
E02969,RA251102700372,RA261103000378,1,Project Team
E02970,RA251102700372,RA261103000441,7,Hackathon Team
E02971,RA251102700372,RA261105600408,1,Technical Club
E02972,RA251102800254,RA251102800268,6,Peer Study
E02973,RA251102800254,RA251102800331,6,Lab Collaboration
E02974,RA251102800254,RA251102900332,9,Peer Study
E02975,RA251102800254,RA251105400292,4,Peer Study
E02976,RA251102800254,RA251105600314,5,Project Team
E02977,RA251102800254,RA261100300416,5,Technical Club
E02978,RA251102800254,RA261102700494,18,Lab Collaboration
E02979,RA251102800254,RA261102800446,5,Project Team
E02980,RA251102800254,RA261102900489,8,Peer Study
E02981,RA251102800254,RA261105400407,5,Project Team
E02982,RA251102800261,RA251102900255,5,Technical Club
E02983,RA251102800261,RA261102800446,4,Peer Study
E02984,RA251102800261,RA261102800453,4,Technical Club
E02985,RA251102800261,RA261102900489,1,Hackathon Team
E02986,RA251102800261,RA261105600471,1,Hackathon Team
E02987,RA251102800268,RA251102900262,1,Peer Study
E02988,RA251102800268,RA251102900346,5,Technical Club
E02989,RA251102800268,RA261102800495,3,Peer Study
E02990,RA251102800268,RA261102900496,3,Hackathon Team
E02991,RA251102800268,RA261105400484,1,Technical Club
E02992,RA251102800268,RA261105600394,3,Lab Collaboration
E02993,RA251102800275,RA251102900269,1,Technical Club
E02994,RA251102800275,RA261100300395,6,Technical Club
E02995,RA251102800275,RA261100300437,4,Peer Study
E02996,RA251102800275,RA261103000483,8,Hackathon Team
E02997,RA251102800282,RA251102900276,2,Project Team
E02998,RA251102800282,RA251105400348,2,Peer Study
E02999,RA251102800282,RA261100300388,9,Technical Club
E03000,RA251102800282,RA261102900384,5,Hackathon Team
E03001,RA251102800289,RA251102800373,1,Project Team
E03002,RA251102800289,RA251102900283,2,Peer Study
E03003,RA251102800289,RA251103000319,1,Peer Study
E03004,RA251102800289,RA251105400271,3,Technical Club
E03005,RA251102800289,RA261102900433,3,Peer Study
E03006,RA251102800296,RA251102900290,2,Hackathon Team
E03007,RA251102800296,RA251105600314,4,Technical Club
E03008,RA251102800296,RA251105600356,6,Lab Collaboration
E03009,RA251102800296,RA261103000427,1,Peer Study
E03010,RA251102800296,RA261103000476,1,Hackathon Team
E03011,RA251102800303,RA251102900297,2,Peer Study
E03012,RA251102800303,RA251102900325,6,Lab Collaboration
E03013,RA251102800303,RA261100300465,5,Project Team
E03014,RA251102800303,RA261102800411,2,Project Team
E03015,RA251102800303,RA261105400414,2,Technical Club
E03016,RA251102800303,RA261105400442,2,Hackathon Team
E03017,RA251102800310,RA251102900304,8,Hackathon Team
E03018,RA251102800310,RA251102900346,5,Project Team
E03019,RA251102800310,RA251105400292,5,Technical Club
E03020,RA251102800310,RA251105600370,3,Peer Study
E03021,RA251102800310,RA261105600436,4,Hackathon Team
E03022,RA251102800317,RA251102800359,1,Technical Club
E03023,RA251102800317,RA251102900311,2,Technical Club
E03024,RA251102800317,RA251102900325,6,Project Team
E03025,RA251102800317,RA251105400257,1,Lab Collaboration
E03026,RA251102800317,RA261100300423,7,Project Team
E03027,RA251102800317,RA261100300437,4,Technical Club
E03028,RA251102800324,RA251102900318,2,Hackathon Team
E03029,RA251102800324,RA261105600408,6,Technical Club
E03030,RA251102800324,RA261105600450,1,Project Team
E03031,RA251102800324,RA261105600492,3,Lab Collaboration
E03032,RA251102800331,RA251102900325,6,Hackathon Team
E03033,RA251102800331,RA251105600258,2,Peer Study
E03034,RA251102800331,RA251105600307,4,Project Team
E03035,RA251102800331,RA261100300388,10,Hackathon Team
E03036,RA251102800331,RA261100300451,2,Hackathon Team
E03037,RA251102800331,RA261102700445,2,Technical Club
E03038,RA251102800331,RA261102700487,1,Technical Club
E03039,RA251102800331,RA261102800397,4,Peer Study
E03040,RA251102800331,RA261103000427,6,Hackathon Team
E03041,RA251102800338,RA251102900290,2,Technical Club
E03042,RA251102800338,RA251102900332,2,Peer Study
E03043,RA251102800338,RA261102700452,6,Hackathon Team
E03044,RA251102800338,RA261102800446,15,Lab Collaboration
E03045,RA251102800338,RA261102800488,2,Project Team
E03046,RA251102800338,RA261103000476,1,Peer Study
E03047,RA251102800338,RA261105600380,1,Peer Study
E03048,RA251102800338,RA261105600464,2,Hackathon Team
E03049,RA251102800345,RA251102900339,2,Project Team
E03050,RA251102800345,RA251103000305,4,Peer Study
E03051,RA251102800345,RA251103000354,1,Technical Club
E03052,RA251102800345,RA251103000375,2,Technical Club
E03053,RA251102800345,RA251105400285,1,Technical Club
E03054,RA251102800345,RA251105400369,7,Peer Study
E03055,RA251102800345,RA261102800453,1,Peer Study
E03056,RA251102800345,RA261102900405,6,Project Team
E03057,RA251102800345,RA261103000441,10,Technical Club
E03058,RA251102800345,RA261105400442,5,Hackathon Team
E03059,RA251102800352,RA251102900346,2,Peer Study
E03060,RA251102800352,RA261102800418,4,Technical Club
E03061,RA251102800352,RA261105400400,5,Peer Study
E03062,RA251102800359,RA251102900353,4,Lab Collaboration
E03063,RA251102800359,RA251105400341,1,Technical Club
E03064,RA251102800359,RA251105600251,5,Technical Club
E03065,RA251102800366,RA251102900360,3,Lab Collaboration
E03066,RA251102800366,RA261102700396,1,Lab Collaboration
E03067,RA251102800366,RA261105600408,3,Lab Collaboration
E03068,RA251102800366,RA261105600471,3,Hackathon Team
E03069,RA251102800366,RA261105600492,1,Lab Collaboration
E03070,RA251102800373,RA251102900367,4,Technical Club
E03071,RA251102800373,RA261100300409,2,Technical Club
E03072,RA251102800373,RA261102800397,3,Peer Study
E03073,RA251102800373,RA261105400379,3,Technical Club
E03074,RA251102900255,RA261102800411,3,Peer Study
E03075,RA251102900255,RA261102800446,9,Peer Study
E03076,RA251102900255,RA261102800453,1,Project Team
E03077,RA251102900255,RA261105400393,7,Lab Collaboration
E03078,RA251102900262,RA251102900346,6,Hackathon Team
E03079,RA251102900262,RA251103000256,7,Lab Collaboration
E03080,RA251102900262,RA251105600370,2,Hackathon Team
E03081,RA251102900262,RA261100300388,4,Peer Study
E03082,RA251102900262,RA261102900454,1,Peer Study
E03083,RA251102900262,RA261105400442,1,Hackathon Team
E03084,RA251102900262,RA261105600408,4,Technical Club
E03085,RA251102900262,RA261105600457,5,Hackathon Team
E03086,RA251102900262,RA261105600478,3,Hackathon Team
E03087,RA251102900269,RA251103000263,1,Lab Collaboration
E03088,RA251102900269,RA261102800425,3,Technical Club
E03089,RA251102900276,RA251103000270,6,Hackathon Team
E03090,RA251102900276,RA251105600300,4,Project Team
E03091,RA251102900276,RA261102700438,1,Peer Study
E03092,RA251102900276,RA261102800390,3,Hackathon Team
E03093,RA251102900276,RA261105400456,3,Project Team
E03094,RA251102900276,RA261105600471,8,Peer Study
E03095,RA251102900283,RA251102900367,3,Project Team
E03096,RA251102900283,RA251103000277,8,Hackathon Team
E03097,RA251102900283,RA251105600265,2,Lab Collaboration
E03098,RA251102900283,RA261100300423,5,Peer Study
E03099,RA251102900283,RA261102900475,3,Lab Collaboration
E03100,RA251102900283,RA261103000427,2,Project Team
E03101,RA251102900283,RA261103000469,1,Project Team
E03102,RA251102900283,RA261105600415,1,Technical Club
E03103,RA251102900290,RA251103000284,4,Lab Collaboration
E03104,RA251102900290,RA251105600272,5,Peer Study
E03105,RA251102900290,RA261102700452,2,Technical Club
E03106,RA251102900290,RA261102800488,2,Lab Collaboration
E03107,RA251102900290,RA261105600464,5,Project Team
E03108,RA251102900297,RA251103000340,2,Project Team
E03109,RA251102900297,RA251105400285,1,Peer Study
E03110,RA251102900297,RA261102700389,2,Technical Club
E03111,RA251102900297,RA261102700487,4,Technical Club
E03112,RA251102900297,RA261102900489,1,Hackathon Team
E03113,RA251102900297,RA261103000483,3,Project Team
E03114,RA251102900297,RA261105400435,1,Technical Club
E03115,RA251102900304,RA251103000298,3,Project Team
E03116,RA251102900304,RA251105600328,1,Technical Club
E03117,RA251102900304,RA261102700389,1,Technical Club
E03118,RA251102900304,RA261102900496,4,Lab Collaboration
E03119,RA251102900304,RA261103000441,5,Hackathon Team
E03120,RA251102900311,RA251103000305,2,Lab Collaboration
E03121,RA251102900311,RA261102900419,2,Lab Collaboration
E03122,RA251102900311,RA261105400407,1,Technical Club
E03123,RA251102900311,RA261105600443,4,Hackathon Team
E03124,RA251102900318,RA251103000312,8,Peer Study
E03125,RA251102900318,RA261102700438,1,Technical Club
E03126,RA251102900318,RA261105400400,8,Peer Study
E03127,RA251102900318,RA261105600492,2,Technical Club
E03128,RA251102900325,RA251103000277,5,Project Team
E03129,RA251102900325,RA251103000319,4,Technical Club
E03130,RA251102900325,RA251105400271,9,Project Team
E03131,RA251102900325,RA251105400362,7,Peer Study
E03132,RA251102900325,RA251105600251,12,Hackathon Team
E03133,RA251102900325,RA251105600265,4,Lab Collaboration
E03134,RA251102900325,RA251105600307,10,Project Team
E03135,RA251102900325,RA251105600314,6,Lab Collaboration
E03136,RA251102900325,RA261100300493,9,Project Team
E03137,RA251102900325,RA261100300500,6,Lab Collaboration
E03138,RA251102900325,RA261102700382,5,Hackathon Team
E03139,RA251102900325,RA261102700487,8,Peer Study
E03140,RA251102900325,RA261102800411,4,Technical Club
E03141,RA251102900325,RA261103000469,10,Project Team
E03142,RA251102900325,RA261105400463,6,Project Team
E03143,RA251102900325,RA261105600415,8,Project Team
E03144,RA251102900325,RA261105600422,7,Technical Club
E03145,RA251102900325,RA261105600443,6,Technical Club
E03146,RA251102900332,RA251103000284,1,Hackathon Team
E03147,RA251102900332,RA251103000326,3,Lab Collaboration
E03148,RA251102900332,RA261103000392,5,Project Team
E03149,RA251102900339,RA251103000333,2,Peer Study
E03150,RA251102900339,RA261102800495,3,Hackathon Team
E03151,RA251102900346,RA251103000256,3,Project Team
E03152,RA251102900346,RA251103000340,3,Project Team
E03153,RA251102900346,RA261100300395,10,Lab Collaboration
E03154,RA251102900346,RA261102800460,1,Lab Collaboration
E03155,RA251102900346,RA261102900496,1,Hackathon Team
E03156,RA251102900346,RA261105600394,3,Technical Club
E03157,RA251102900353,RA251103000305,1,Technical Club
E03158,RA251102900353,RA251103000347,1,Peer Study
E03159,RA251102900353,RA251105600258,1,Peer Study
E03160,RA251102900353,RA251105600293,2,Project Team
E03161,RA251102900353,RA261100300388,5,Project Team
E03162,RA251102900353,RA261100300437,6,Hackathon Team
E03163,RA251102900353,RA261102900377,3,Project Team
E03164,RA251102900353,RA261102900419,6,Technical Club
E03165,RA251102900353,RA261102900482,1,Project Team
E03166,RA251102900353,RA261105600485,2,Peer Study
E03167,RA251102900360,RA251103000354,1,Project Team
E03168,RA251102900360,RA261100300444,3,Hackathon Team
E03169,RA251102900367,RA251105400355,5,Project Team
E03170,RA251102900367,RA261102800439,2,Peer Study
E03171,RA251102900367,RA261102800446,4,Lab Collaboration
E03172,RA251102900367,RA261102800481,2,Hackathon Team
E03173,RA251102900367,RA261102900475,5,Technical Club
E03174,RA251102900367,RA261105400379,2,Technical Club
E03175,RA251102900367,RA261105600457,5,Technical Club
E03176,RA251102900374,RA251103000368,2,Technical Club
E03177,RA251102900374,RA261105600380,2,Technical Club
E03178,RA251103000256,RA251103000340,1,Project Team
E03179,RA251103000256,RA261102700424,3,Project Team
E03180,RA251103000256,RA261102800495,2,Project Team
E03181,RA251103000263,RA251103000347,3,Technical Club
E03182,RA251103000263,RA251105400257,2,Lab Collaboration
E03183,RA251103000263,RA251105400299,1,Hackathon Team
E03184,RA251103000263,RA251105600335,2,Lab Collaboration
E03185,RA251103000263,RA261102700389,1,Lab Collaboration
E03186,RA251103000263,RA261102700473,1,Technical Club
E03187,RA251103000263,RA261102800383,3,Peer Study
E03188,RA251103000270,RA251103000312,3,Lab Collaboration
E03189,RA251103000270,RA251105400257,3,Peer Study
E03190,RA251103000270,RA251105400264,2,Hackathon Team
E03191,RA251103000270,RA261100300486,2,Lab Collaboration
E03192,RA251103000270,RA261102700438,1,Lab Collaboration
E03193,RA251103000270,RA261102800432,1,Lab Collaboration
E03194,RA251103000270,RA261103000420,2,Lab Collaboration
E03195,RA251103000270,RA261103000462,4,Peer Study
E03196,RA251103000277,RA251105400271,1,Technical Club
E03197,RA251103000277,RA261105400463,8,Peer Study
E03198,RA251103000284,RA251105400278,2,Peer Study
E03199,RA251103000284,RA261103000434,2,Technical Club
E03200,RA251103000284,RA261105400428,4,Project Team
E03201,RA251103000298,RA251103000340,1,Lab Collaboration
E03202,RA251103000298,RA251105400292,10,Lab Collaboration
E03203,RA251103000298,RA251105600370,3,Peer Study
E03204,RA251103000298,RA261102900496,3,Technical Club
E03205,RA251103000298,RA261103000441,6,Project Team
E03206,RA251103000305,RA251105400299,3,Technical Club
E03207,RA251103000305,RA261102800425,2,Project Team
E03208,RA251103000305,RA261102900461,5,Project Team
E03209,RA251103000305,RA261102900475,3,Lab Collaboration
E03210,RA251103000305,RA261103000455,1,Technical Club
E03211,RA251103000305,RA261105600401,4,Peer Study
E03212,RA251103000312,RA251105400306,1,Technical Club
E03213,RA251103000312,RA261100300423,9,Peer Study
E03214,RA251103000312,RA261102700438,3,Technical Club
E03215,RA251103000312,RA261103000378,5,Peer Study
E03216,RA251103000312,RA261105400498,4,Project Team
E03217,RA251103000319,RA251105400313,1,Technical Club
E03218,RA251103000319,RA261100300409,3,Project Team
E03219,RA251103000319,RA261102700445,2,Project Team
E03220,RA251103000319,RA261102800397,1,Peer Study
E03221,RA251103000319,RA261102800439,2,Project Team
E03222,RA251103000319,RA261105400463,3,Technical Club
E03223,RA251103000326,RA251105400320,1,Technical Club
E03224,RA251103000326,RA261102800404,2,Lab Collaboration
E03225,RA251103000326,RA261102800488,2,Peer Study
E03226,RA251103000326,RA261105400470,5,Lab Collaboration
E03227,RA251103000326,RA261105600422,2,Hackathon Team
E03228,RA251103000333,RA251105400320,4,Peer Study
E03229,RA251103000333,RA251105400327,2,Project Team
E03230,RA251103000333,RA261102700382,7,Project Team
E03231,RA251103000333,RA261102800411,2,Lab Collaboration
E03232,RA251103000333,RA261102800446,10,Lab Collaboration
E03233,RA251103000333,RA261102900405,3,Lab Collaboration
E03234,RA251103000340,RA251105400292,4,Hackathon Team
E03235,RA251103000340,RA251105400334,1,Peer Study
E03236,RA251103000340,RA251105600286,2,Hackathon Team
E03237,RA251103000340,RA261100300388,5,Technical Club
E03238,RA251103000340,RA261100300430,5,Hackathon Team
E03239,RA251103000340,RA261102800460,4,Peer Study
E03240,RA251103000340,RA261102900412,1,Lab Collaboration
E03241,RA251103000340,RA261105600436,2,Project Team
E03242,RA251103000347,RA251105400257,4,Hackathon Team
E03243,RA251103000347,RA251105400341,1,Project Team
E03244,RA251103000347,RA261100300486,1,Technical Club
E03245,RA251103000354,RA251105400348,5,Project Team
E03246,RA251103000354,RA261100300388,7,Technical Club
E03247,RA251103000354,RA261103000378,1,Lab Collaboration
E03248,RA251103000354,RA261103000441,5,Technical Club
E03249,RA251103000354,RA261105400414,2,Peer Study
E03250,RA251103000368,RA251105400362,7,Technical Club
E03251,RA251103000368,RA251105600314,1,Lab Collaboration
E03252,RA251103000368,RA261100300416,4,Hackathon Team
E03253,RA251103000368,RA261100300500,1,Project Team
E03254,RA251103000368,RA261102800404,1,Project Team
E03255,RA251103000368,RA261102800460,2,Peer Study
E03256,RA251103000368,RA261105600464,3,Peer Study
E03257,RA251103000375,RA251105400369,2,Hackathon Team
E03258,RA251103000375,RA261100300381,7,Lab Collaboration
E03259,RA251103000375,RA261102700417,1,Hackathon Team
E03260,RA251103000375,RA261102800453,2,Hackathon Team
E03261,RA251103000375,RA261105600457,5,Peer Study
E03262,RA251105400257,RA251105600251,3,Technical Club
E03263,RA251105400257,RA251105600293,4,Peer Study
E03264,RA251105400257,RA261100300437,5,Hackathon Team
E03265,RA251105400257,RA261100300479,1,Hackathon Team
E03266,RA251105400257,RA261105400407,3,Hackathon Team
E03267,RA251105400257,RA261105400449,2,Peer Study
E03268,RA251105400257,RA261105600401,1,Peer Study
E03269,RA251105400257,RA261105600485,2,Lab Collaboration
E03270,RA251105400264,RA251105600258,4,Peer Study
E03271,RA251105400264,RA251105600356,10,Hackathon Team
E03272,RA251105400264,RA261102700396,1,Peer Study
E03273,RA251105400264,RA261102800432,2,Hackathon Team
E03274,RA251105400264,RA261105400498,1,Hackathon Team
E03275,RA251105400264,RA261105600408,1,Hackathon Team
E03276,RA251105400271,RA251105600265,2,Project Team
E03277,RA251105400271,RA261100300493,1,Project Team
E03278,RA251105400271,RA261105600415,3,Peer Study
E03279,RA251105400278,RA251105400292,6,Technical Club
E03280,RA251105400278,RA251105400362,2,Peer Study
E03281,RA251105400278,RA251105600272,1,Project Team
E03282,RA251105400285,RA251105600279,5,Peer Study
E03283,RA251105400285,RA251105600363,1,Lab Collaboration
E03284,RA251105400285,RA261100300465,2,Lab Collaboration
E03285,RA251105400285,RA261102800495,2,Lab Collaboration
E03286,RA251105400292,RA251105600272,12,Lab Collaboration
E03287,RA251105400292,RA251105600286,4,Project Team
E03288,RA251105400292,RA261102800383,4,Lab Collaboration
E03289,RA251105400292,RA261102800460,6,Peer Study
E03290,RA251105400292,RA261102900391,6,Project Team
E03291,RA251105400292,RA261102900412,6,Peer Study
E03292,RA251105400292,RA261102900454,7,Project Team
E03293,RA251105400292,RA261102900496,7,Lab Collaboration
E03294,RA251105400292,RA261103000448,7,Peer Study
E03295,RA251105400292,RA261105400400,6,Project Team
E03296,RA251105400292,RA261105400428,8,Project Team
E03297,RA251105400299,RA251105600293,3,Peer Study
E03298,RA251105400299,RA261102800467,2,Lab Collaboration
E03299,RA251105400299,RA261103000399,1,Peer Study
E03300,RA251105400299,RA261105400407,2,Lab Collaboration
E03301,RA251105400299,RA261105400449,1,Lab Collaboration
E03302,RA251105400306,RA251105600300,8,Peer Study
E03303,RA251105400306,RA261103000420,1,Project Team
E03304,RA251105400313,RA251105600307,1,Project Team
E03305,RA251105400313,RA261102900391,2,Project Team
E03306,RA251105400313,RA261103000427,3,Peer Study
E03307,RA251105400320,RA251105600314,4,Lab Collaboration
E03308,RA251105400320,RA261102900482,4,Peer Study
E03309,RA251105400327,RA251105600321,1,Technical Club
E03310,RA251105400327,RA261102700438,1,Hackathon Team
E03311,RA251105400327,RA261102900489,4,Project Team
E03312,RA251105400327,RA261105400393,7,Peer Study
E03313,RA251105400327,RA261105600429,2,Peer Study
E03314,RA251105400334,RA251105600328,5,Lab Collaboration
E03315,RA251105400334,RA261100300388,9,Lab Collaboration
E03316,RA251105400334,RA261102800446,4,Lab Collaboration
E03317,RA251105400334,RA261105400400,6,Peer Study
E03318,RA251105400341,RA251105600335,1,Peer Study
E03319,RA251105400341,RA261102800425,1,Hackathon Team
E03320,RA251105400341,RA261105400449,2,Peer Study
E03321,RA251105400341,RA261105600443,5,Lab Collaboration
E03322,RA251105400348,RA251105600300,1,Project Team
E03323,RA251105400348,RA251105600342,4,Project Team
E03324,RA251105400348,RA261102700494,1,Technical Club
E03325,RA251105400348,RA261102900468,2,Peer Study
E03326,RA251105400348,RA261105400456,3,Project Team
E03327,RA251105400355,RA251105600349,1,Technical Club
E03328,RA251105400355,RA261105400400,8,Lab Collaboration
E03329,RA251105400362,RA251105600356,9,Technical Club
E03330,RA251105400362,RA261102700452,3,Technical Club
E03331,RA251105400362,RA261102800488,3,Lab Collaboration
E03332,RA251105400362,RA261105600457,7,Peer Study
E03333,RA251105400369,RA251105600363,3,Project Team
E03334,RA251105400369,RA261100300381,6,Hackathon Team
E03335,RA251105400369,RA261100300409,1,Peer Study
E03336,RA251105400369,RA261100300423,8,Lab Collaboration
E03337,RA251105400369,RA261102700459,3,Technical Club
E03338,RA251105400369,RA261102900405,2,Lab Collaboration
E03339,RA251105600251,RA261102700389,2,Peer Study
E03340,RA251105600251,RA261103000476,4,Lab Collaboration
E03341,RA251105600251,RA261103000497,6,Technical Club
E03342,RA251105600258,RA251105600342,1,Project Team
E03343,RA251105600258,RA261100300395,6,Project Team
E03344,RA251105600258,RA261102800390,3,Hackathon Team
E03345,RA251105600258,RA261102800474,2,Project Team
E03346,RA251105600258,RA261105400456,7,Hackathon Team
E03347,RA251105600258,RA261105600499,4,Hackathon Team
E03348,RA251105600265,RA251105600307,2,Project Team
E03349,RA251105600265,RA261102800439,1,Hackathon Team
E03350,RA251105600265,RA261105400463,1,Peer Study
E03351,RA251105600272,RA261100300416,1,Lab Collaboration
E03352,RA251105600272,RA261102800390,2,Peer Study
E03353,RA251105600272,RA261102900440,2,Technical Club
E03354,RA251105600272,RA261103000392,2,Technical Club
E03355,RA251105600272,RA261105600457,6,Peer Study
E03356,RA251105600272,RA261105600464,2,Project Team
E03357,RA251105600286,RA261100300472,2,Technical Club
E03358,RA251105600286,RA261102700382,5,Project Team
E03359,RA251105600286,RA261105400484,1,Project Team
E03360,RA251105600293,RA261102900398,7,Lab Collaboration
E03361,RA251105600293,RA261105600443,1,Lab Collaboration
E03362,RA251105600293,RA261105600485,2,Technical Club
E03363,RA251105600300,RA261102700396,3,Project Team
E03364,RA251105600300,RA261105400498,2,Lab Collaboration
E03365,RA251105600307,RA261100300388,6,Technical Club
E03366,RA251105600307,RA261100300437,5,Lab Collaboration
E03367,RA251105600307,RA261105600415,3,Project Team
E03368,RA251105600314,RA251105600356,6,Project Team
E03369,RA251105600314,RA261100300423,8,Lab Collaboration
E03370,RA251105600314,RA261102800488,1,Project Team
E03371,RA251105600314,RA261103000476,1,Hackathon Team
E03372,RA251105600321,RA261100300423,9,Project Team
E03373,RA251105600321,RA261102800495,1,Peer Study
E03374,RA251105600321,RA261103000441,7,Peer Study
E03375,RA251105600321,RA261105600429,1,Technical Club
E03376,RA251105600321,RA261105600471,5,Lab Collaboration
E03377,RA251105600328,RA261100300472,4,Lab Collaboration
E03378,RA251105600328,RA261102900412,2,Technical Club
E03379,RA251105600328,RA261105600436,1,Hackathon Team
E03380,RA251105600335,RA261102700382,8,Lab Collaboration
E03381,RA251105600342,RA261102800390,3,Technical Club
E03382,RA251105600349,RA261100300409,2,Project Team
E03383,RA251105600349,RA261100300451,3,Hackathon Team
E03384,RA251105600349,RA261102700445,1,Project Team
E03385,RA251105600356,RA261100300395,8,Peer Study
E03386,RA251105600356,RA261100300409,6,Lab Collaboration
E03387,RA251105600356,RA261100300416,4,Peer Study
E03388,RA251105600356,RA261102700494,4,Lab Collaboration
E03389,RA251105600356,RA261102800467,7,Lab Collaboration
E03390,RA251105600356,RA261102900377,8,Peer Study
E03391,RA251105600356,RA261103000392,8,Technical Club
E03392,RA251105600356,RA261103000441,9,Lab Collaboration
E03393,RA251105600356,RA261105400428,10,Project Team
E03394,RA251105600356,RA261105600464,8,Peer Study
E03395,RA251105600363,RA261102800411,4,Technical Club
E03396,RA251105600363,RA261105400400,12,Hackathon Team
E03397,RA251105600370,RA261100300388,9,Hackathon Team
E03398,RA251105600370,RA261102800376,4,Lab Collaboration
E03399,RA261100300381,RA261103000399,2,Peer Study
E03400,RA261100300381,RA261105600387,1,Project Team
E03401,RA261100300388,RA261100300444,5,Technical Club
E03402,RA261100300388,RA261102700382,7,Peer Study
E03403,RA261100300388,RA261102700466,5,Hackathon Team
E03404,RA261100300388,RA261102700487,9,Hackathon Team
E03405,RA261100300388,RA261102900454,18,Peer Study
E03406,RA261100300388,RA261105400393,12,Project Team
E03407,RA261100300388,RA261105600394,10,Technical Club
E03408,RA261100300388,RA261105600492,7,Lab Collaboration
E03409,RA261100300395,RA261100300479,6,Technical Club
E03410,RA261100300395,RA261102700389,7,Hackathon Team
E03411,RA261100300395,RA261102900377,7,Technical Club
E03412,RA261100300395,RA261102900440,6,Lab Collaboration
E03413,RA261100300395,RA261105600401,6,Hackathon Team
E03414,RA261100300395,RA261105600492,5,Project Team
E03415,RA261100300402,RA261102700396,1,Project Team
E03416,RA261100300402,RA261102700480,1,Hackathon Team
E03417,RA261100300402,RA261102900398,6,Lab Collaboration
E03418,RA261100300402,RA261102900468,1,Peer Study
E03419,RA261100300402,RA261103000441,5,Peer Study
E03420,RA261100300402,RA261105400400,9,Peer Study
E03421,RA261100300402,RA261105600408,1,Hackathon Team
E03422,RA261100300402,RA261105600492,1,Peer Study
E03423,RA261100300409,RA261102700403,4,Hackathon Team
E03424,RA261100300409,RA261102800439,1,Peer Study
E03425,RA261100300409,RA261103000385,5,Hackathon Team
E03426,RA261100300409,RA261103000427,1,Lab Collaboration
E03427,RA261100300409,RA261105600415,4,Peer Study
E03428,RA261100300416,RA261102700410,3,Hackathon Team
E03429,RA261100300416,RA261102800404,2,Peer Study
E03430,RA261100300416,RA261103000476,1,Technical Club
E03431,RA261100300416,RA261105400470,4,Hackathon Team
E03432,RA261100300416,RA261105600422,7,Technical Club
E03433,RA261100300423,RA261100300444,6,Project Team
E03434,RA261100300423,RA261102700417,7,Peer Study
E03435,RA261100300423,RA261102700452,6,Technical Club
E03436,RA261100300423,RA261102800376,7,Hackathon Team
E03437,RA261100300423,RA261102800495,7,Project Team
E03438,RA261100300423,RA261103000406,10,Hackathon Team
E03439,RA261100300423,RA261105600429,6,Lab Collaboration
E03440,RA261100300423,RA261105600457,4,Hackathon Team
E03441,RA261100300430,RA261102700424,3,Technical Club
E03442,RA261100300430,RA261105600436,2,Technical Club
E03443,RA261100300437,RA261102700431,5,Peer Study
E03444,RA261100300437,RA261102800376,5,Peer Study
E03445,RA261100300437,RA261102800439,5,Lab Collaboration
E03446,RA261100300437,RA261102900398,8,Peer Study
E03447,RA261100300437,RA261105600394,6,Project Team
E03448,RA261100300437,RA261105600443,9,Lab Collaboration
E03449,RA261100300437,RA261105600471,10,Peer Study
E03450,RA261100300437,RA261105600499,6,Peer Study
E03451,RA261100300444,RA261102700438,5,Hackathon Team
E03452,RA261100300444,RA261103000378,5,Technical Club
E03453,RA261100300444,RA261105600450,1,Technical Club
E03454,RA261100300451,RA261102700445,1,Peer Study
E03455,RA261100300451,RA261105600457,5,Project Team
E03456,RA261100300458,RA261102700452,1,Peer Study
E03457,RA261100300458,RA261102900440,1,Hackathon Team
E03458,RA261100300458,RA261103000392,2,Peer Study
E03459,RA261100300458,RA261105400400,6,Project Team
E03460,RA261100300458,RA261105600464,2,Project Team
E03461,RA261100300465,RA261102700459,1,Technical Club
E03462,RA261100300465,RA261102800411,1,Lab Collaboration
E03463,RA261100300465,RA261102800453,2,Project Team
E03464,RA261100300465,RA261105600471,1,Project Team
E03465,RA261100300472,RA261102700382,5,Technical Club
E03466,RA261100300472,RA261102700466,1,Technical Club
E03467,RA261100300472,RA261102800446,6,Technical Club
E03468,RA261100300472,RA261105600478,1,Lab Collaboration
E03469,RA261100300479,RA261102700473,3,Peer Study
E03470,RA261100300479,RA261102900461,2,Hackathon Team
E03471,RA261100300479,RA261103000413,1,Hackathon Team
E03472,RA261100300479,RA261105600457,4,Project Team
E03473,RA261100300479,RA261105600485,1,Technical Club
E03474,RA261100300486,RA261102700403,3,Lab Collaboration
E03475,RA261100300486,RA261102700480,3,Lab Collaboration
E03476,RA261100300486,RA261105600436,3,Peer Study
E03477,RA261100300486,RA261105600457,7,Hackathon Team
E03478,RA261100300486,RA261105600492,3,Hackathon Team
E03479,RA261100300493,RA261102700487,1,Technical Club
E03480,RA261100300493,RA261102900475,3,Lab Collaboration
E03481,RA261100300493,RA261105600457,6,Technical Club
E03482,RA261100300493,RA261105600499,1,Lab Collaboration
E03483,RA261100300500,RA261102700494,5,Lab Collaboration
E03484,RA261100300500,RA261102900482,2,Peer Study
E03485,RA261100300500,RA261105400421,1,Hackathon Team
E03486,RA261102700382,RA261102700466,5,Lab Collaboration
E03487,RA261102700382,RA261102800376,10,Project Team
E03488,RA261102700382,RA261102800404,5,Hackathon Team
E03489,RA261102700382,RA261102800418,5,Technical Club
E03490,RA261102700382,RA261102900489,9,Lab Collaboration
E03491,RA261102700382,RA261103000420,5,Project Team
E03492,RA261102700382,RA261103000469,8,Technical Club
E03493,RA261102700382,RA261103000490,7,Hackathon Team
E03494,RA261102700382,RA261105400400,4,Technical Club
E03495,RA261102700382,RA261105400456,9,Project Team
E03496,RA261102700382,RA261105400463,7,Lab Collaboration
E03497,RA261102700382,RA261105600387,5,Hackathon Team
E03498,RA261102700382,RA261105600394,5,Project Team
E03499,RA261102700389,RA261102800383,2,Hackathon Team
E03500,RA261102700389,RA261102800425,1,Project Team
E03501,RA261102700389,RA261102900419,4,Peer Study
E03502,RA261102700396,RA261102800390,3,Technical Club
E03503,RA261102700396,RA261103000441,5,Peer Study
E03504,RA261102700396,RA261105400456,2,Technical Club
E03505,RA261102700403,RA261102700445,3,Lab Collaboration
E03506,RA261102700403,RA261102800397,7,Lab Collaboration
E03507,RA261102700403,RA261102900475,1,Hackathon Team
E03508,RA261102700403,RA261103000385,3,Technical Club
E03509,RA261102700410,RA261102800404,3,Lab Collaboration
E03510,RA261102700410,RA261102800495,4,Lab Collaboration
E03511,RA261102700410,RA261102900447,1,Project Team
E03512,RA261102700410,RA261103000392,5,Project Team
E03513,RA261102700410,RA261105400428,2,Project Team
E03514,RA261102700410,RA261105400470,1,Technical Club
E03515,RA261102700417,RA261102800411,2,Technical Club
E03516,RA261102700417,RA261103000413,3,Project Team
E03517,RA261102700424,RA261102800418,1,Lab Collaboration
E03518,RA261102700424,RA261102900496,2,Project Team
E03519,RA261102700431,RA261102800425,3,Hackathon Team
E03520,RA261102700431,RA261103000497,3,Peer Study
E03521,RA261102700431,RA261105600485,3,Lab Collaboration
E03522,RA261102700438,RA261102800432,2,Lab Collaboration
E03523,RA261102700438,RA261105400400,7,Project Team
E03524,RA261102700445,RA261102800439,5,Technical Club
E03525,RA261102700445,RA261102800446,5,Peer Study
E03526,RA261102700445,RA261102900433,2,Technical Club
E03527,RA261102700445,RA261103000427,2,Peer Study
E03528,RA261102700445,RA261105600457,4,Technical Club
E03529,RA261102700452,RA261102700494,3,Lab Collaboration
E03530,RA261102700452,RA261102800446,6,Peer Study
E03531,RA261102700452,RA261102800488,3,Lab Collaboration
E03532,RA261102700452,RA261105400456,4,Peer Study
E03533,RA261102700459,RA261102800453,3,Project Team
E03534,RA261102700459,RA261102900489,1,Hackathon Team
E03535,RA261102700466,RA261102800460,5,Project Team
E03536,RA261102700466,RA261103000413,2,Hackathon Team
E03537,RA261102700466,RA261103000441,6,Hackathon Team
E03538,RA261102700466,RA261103000448,5,Technical Club
E03539,RA261102700466,RA261105600387,1,Peer Study
E03540,RA261102700473,RA261102800467,2,Lab Collaboration
E03541,RA261102700473,RA261102900377,2,Lab Collaboration
E03542,RA261102700480,RA261102800474,5,Lab Collaboration
E03543,RA261102700487,RA261102800481,2,Peer Study
E03544,RA261102700487,RA261102900412,3,Technical Club
E03545,RA261102700487,RA261102900433,8,Project Team
E03546,RA261102700487,RA261105600443,3,Technical Club
E03547,RA261102700487,RA261105600499,1,Project Team
E03548,RA261102700494,RA261102800488,3,Lab Collaboration
E03549,RA261102700494,RA261102900440,1,Peer Study
E03550,RA261102700494,RA261103000476,4,Peer Study
E03551,RA261102800376,RA261102800439,2,Peer Study
E03552,RA261102800376,RA261102800460,1,Peer Study
E03553,RA261102800376,RA261102900454,1,Project Team
E03554,RA261102800376,RA261105400386,4,Project Team
E03555,RA261102800376,RA261105400428,3,Lab Collaboration
E03556,RA261102800376,RA261105400484,1,Peer Study
E03557,RA261102800383,RA261102800467,3,Lab Collaboration
E03558,RA261102800383,RA261102900377,2,Hackathon Team
E03559,RA261102800390,RA261102900384,1,Lab Collaboration
E03560,RA261102800397,RA261102800439,2,Technical Club
E03561,RA261102800397,RA261102900391,4,Technical Club
E03562,RA261102800397,RA261105400379,1,Technical Club
E03563,RA261102800404,RA261102900398,3,Project Team
E03564,RA261102800404,RA261103000476,5,Technical Club
E03565,RA261102800404,RA261105600464,2,Technical Club
E03566,RA261102800411,RA261102900405,1,Project Team
E03567,RA261102800411,RA261102900489,2,Peer Study
E03568,RA261102800411,RA261105600471,4,Hackathon Team
E03569,RA261102800418,RA261102800460,1,Project Team
E03570,RA261102800418,RA261102900412,2,Lab Collaboration
E03571,RA261102800418,RA261105400442,8,Hackathon Team
E03572,RA261102800418,RA261105600478,3,Lab Collaboration
E03573,RA261102800425,RA261102900419,1,Lab Collaboration
E03574,RA261102800425,RA261103000455,1,Hackathon Team
E03575,RA261102800425,RA261105400407,2,Technical Club
E03576,RA261102800425,RA261105600485,1,Hackathon Team
E03577,RA261102800432,RA261103000420,2,Technical Club
E03578,RA261102800432,RA261103000441,4,Technical Club
E03579,RA261102800432,RA261105400414,7,Lab Collaboration
E03580,RA261102800432,RA261105600450,2,Hackathon Team
E03581,RA261102800439,RA261102800481,5,Peer Study
E03582,RA261102800439,RA261102900433,2,Project Team
E03583,RA261102800439,RA261105400386,1,Project Team
E03584,RA261102800439,RA261105400400,8,Hackathon Team
E03585,RA261102800439,RA261105600457,5,Peer Study
E03586,RA261102800446,RA261102900398,5,Hackathon Team
E03587,RA261102800446,RA261102900440,7,Peer Study
E03588,RA261102800446,RA261102900489,4,Technical Club
E03589,RA261102800446,RA261105400428,8,Hackathon Team
E03590,RA261102800446,RA261105400470,10,Peer Study
E03591,RA261102800446,RA261105400484,4,Lab Collaboration
E03592,RA261102800446,RA261105600380,4,Peer Study
E03593,RA261102800453,RA261102900447,3,Technical Club
E03594,RA261102800453,RA261105600387,6,Peer Study
E03595,RA261102800453,RA261105600422,1,Technical Club
E03596,RA261102800460,RA261102900454,3,Project Team
E03597,RA261102800460,RA261105400442,5,Technical Club
E03598,RA261102800460,RA261105600478,2,Lab Collaboration
E03599,RA261102800467,RA261102800495,1,Peer Study
E03600,RA261102800467,RA261102900461,1,Technical Club
E03601,RA261102800467,RA261105600415,3,Project Team
E03602,RA261102800474,RA261102900384,2,Peer Study
E03603,RA261102800474,RA261102900468,5,Lab Collaboration
E03604,RA261102800474,RA261103000462,5,Technical Club
E03605,RA261102800474,RA261105400456,3,Technical Club
E03606,RA261102800481,RA261102900475,6,Technical Club
E03607,RA261102800488,RA261102900398,5,Hackathon Team
E03608,RA261102800488,RA261102900482,2,Peer Study
E03609,RA261102800488,RA261103000455,1,Technical Club
E03610,RA261102800488,RA261105600380,2,Lab Collaboration
E03611,RA261102800488,RA261105600422,1,Hackathon Team
E03612,RA261102800488,RA261105600429,1,Peer Study
E03613,RA261102800495,RA261102900489,3,Technical Club
E03614,RA261102800495,RA261105600387,2,Technical Club
E03615,RA261102900377,RA261102900461,6,Technical Club
E03616,RA261102900377,RA261103000497,2,Project Team
E03617,RA261102900377,RA261105400407,1,Hackathon Team
E03618,RA261102900377,RA261105400498,2,Hackathon Team
E03619,RA261102900377,RA261105600401,1,Hackathon Team
E03620,RA261102900377,RA261105600443,6,Hackathon Team
E03621,RA261102900384,RA261103000378,2,Peer Study
E03622,RA261102900384,RA261105600492,1,Peer Study
E03623,RA261102900391,RA261102900433,7,Technical Club
E03624,RA261102900391,RA261103000385,2,Peer Study
E03625,RA261102900391,RA261103000469,2,Peer Study
E03626,RA261102900391,RA261105600415,1,Hackathon Team
E03627,RA261102900391,RA261105600457,4,Peer Study
E03628,RA261102900398,RA261102900482,2,Project Team
E03629,RA261102900398,RA261103000392,7,Project Team
E03630,RA261102900398,RA261105400456,6,Peer Study
E03631,RA261102900398,RA261105600380,3,Project Team
E03632,RA261102900398,RA261105600464,2,Lab Collaboration
E03633,RA261102900405,RA261103000399,1,Hackathon Team
E03634,RA261102900405,RA261105600471,1,Lab Collaboration
E03635,RA261102900412,RA261103000406,5,Lab Collaboration
E03636,RA261102900412,RA261105400400,5,Project Team
E03637,RA261102900419,RA261103000413,3,Hackathon Team
E03638,RA261102900419,RA261105400463,2,Hackathon Team
E03639,RA261102900433,RA261103000385,4,Project Team
E03640,RA261102900433,RA261103000427,8,Hackathon Team
E03641,RA261102900433,RA261105400463,4,Technical Club
E03642,RA261102900433,RA261105600415,2,Technical Club
E03643,RA261102900433,RA261105600499,3,Project Team
E03644,RA261102900440,RA261103000434,1,Hackathon Team
E03645,RA261102900447,RA261103000399,3,Peer Study
E03646,RA261102900447,RA261103000441,6,Peer Study
E03647,RA261102900447,RA261105400400,4,Peer Study
E03648,RA261102900454,RA261103000448,5,Hackathon Team
E03649,RA261102900454,RA261105400400,6,Lab Collaboration
E03650,RA261102900454,RA261105400442,6,Project Team
E03651,RA261102900454,RA261105600464,3,Technical Club
E03652,RA261102900461,RA261103000455,4,Peer Study
E03653,RA261102900468,RA261103000462,3,Lab Collaboration
E03654,RA261102900475,RA261103000469,1,Project Team
E03655,RA261102900475,RA261105400421,4,Peer Study
E03656,RA261102900475,RA261105600457,6,Technical Club
E03657,RA261102900482,RA261103000476,1,Hackathon Team
E03658,RA261102900482,RA261105600457,4,Lab Collaboration
E03659,RA261102900489,RA261103000399,2,Hackathon Team
E03660,RA261102900489,RA261103000483,3,Peer Study
E03661,RA261102900489,RA261105600471,2,Lab Collaboration
E03662,RA261102900496,RA261103000490,3,Technical Club
E03663,RA261102900496,RA261105400400,12,Technical Club
E03664,RA261102900496,RA261105400407,1,Technical Club
E03665,RA261102900496,RA261105600436,3,Peer Study
E03666,RA261103000378,RA261103000420,2,Technical Club
E03667,RA261103000378,RA261105600485,6,Lab Collaboration
E03668,RA261103000385,RA261105400379,2,Lab Collaboration
E03669,RA261103000385,RA261105600415,1,Lab Collaboration
E03670,RA261103000392,RA261105400386,5,Hackathon Team
E03671,RA261103000399,RA261105400393,2,Lab Collaboration
E03672,RA261103000406,RA261105400400,7,Lab Collaboration
E03673,RA261103000406,RA261105400414,4,Project Team
E03674,RA261103000406,RA261105400428,4,Technical Club
E03675,RA261103000406,RA261105600457,4,Technical Club
E03676,RA261103000413,RA261105400407,6,Hackathon Team
E03677,RA261103000413,RA261105400449,2,Lab Collaboration
E03678,RA261103000420,RA261105400414,6,Peer Study
E03679,RA261103000420,RA261105600408,2,Technical Club
E03680,RA261103000427,RA261105400421,4,Technical Club
E03681,RA261103000434,RA261105400428,7,Peer Study
E03682,RA261103000441,RA261103000490,8,Hackathon Team
E03683,RA261103000441,RA261105400393,4,Project Team
E03684,RA261103000441,RA261105400435,7,Project Team
E03685,RA261103000441,RA261105600464,5,Peer Study
E03686,RA261103000441,RA261105600471,6,Peer Study
E03687,RA261103000441,RA261105600478,6,Lab Collaboration
E03688,RA261103000448,RA261105400442,2,Peer Study
E03689,RA261103000455,RA261103000497,1,Technical Club
E03690,RA261103000455,RA261105400449,4,Peer Study
E03691,RA261103000462,RA261105400456,1,Project Team
E03692,RA261103000469,RA261105400463,2,Peer Study
E03693,RA261103000469,RA261105600415,1,Peer Study
E03694,RA261103000469,RA261105600499,3,Technical Club
E03695,RA261103000476,RA261105400470,4,Technical Club
E03696,RA261103000483,RA261105400477,2,Project Team
E03697,RA261103000490,RA261105400484,1,Peer Study
E03698,RA261103000497,RA261105600485,2,Lab Collaboration
E03699,RA261105400379,RA261105400463,3,Lab Collaboration
E03700,RA261105400386,RA261105600380,3,Hackathon Team
E03701,RA261105400386,RA261105600464,3,Lab Collaboration
E03702,RA261105400393,RA261105400400,6,Peer Study
E03703,RA261105400393,RA261105600387,6,Hackathon Team
E03704,RA261105400393,RA261105600408,1,Hackathon Team
E03705,RA261105400400,RA261105600394,5,Hackathon Team
E03706,RA261105400407,RA261105600401,2,Hackathon Team
E03707,RA261105400414,RA261105600408,3,Lab Collaboration
E03708,RA261105400421,RA261105600415,2,Technical Club
E03709,RA261105400428,RA261105600422,1,Technical Club
E03710,RA261105400435,RA261105600429,2,Lab Collaboration
E03711,RA261105400442,RA261105600436,2,Technical Club
E03712,RA261105400449,RA261105600443,1,Lab Collaboration
E03713,RA261105400456,RA261105600450,6,Peer Study
E03714,RA261105400463,RA261105600457,6,Peer Study
E03715,RA261105400470,RA261105600464,2,Technical Club
E03716,RA261105400477,RA261105600471,3,Project Team
E03717,RA261105400484,RA261105600457,9,Hackathon Team
E03718,RA261105400484,RA261105600478,4,Hackathon Team
E03719,RA261105400498,RA261105600492,3,Lab Collaboration
E03720,RA261105600380,RA261105600422,1,Technical Club
E03721,RA261105600387,RA261105600457,7,Peer Study
E03722,RA261105600394,RA261105600436,3,Technical Club
E03723,RA261105600408,RA261105600492,5,Hackathon Team
E03724,RA261105600429,RA261105600471,1,Project Team
E03725,RA261105600457,RA261105600485,7,Technical Club
E03726,RA261105600464,RA261105600492,4,Hackathon Team
