event_id,registration_number_1,registration_number_2,interaction_type,interaction_count,period
EV000001,RA23110030000001,RA23110030000002,Club,1,2026-Sem1
EV000002,RA23110030000001,RA23110030000002,Club,1,2026-Sem2
EV000003,RA23110030000001,RA23110030000002,Club,1,2025-Sem1
EV000004,RA23110030000001,RA23110030000002,Club,2,2026-Sem2
EV000005,RA23110030000001,RA23110030000003,Event,3,2026-Sem1
EV000006,RA23110030000001,RA23110030000007,Club,2,2025-Sem1
EV000007,RA23110030000001,RA23110030000008,Club,4,2025-Sem1
EV000008,RA23110030000001,RA23110030000008,Club,1,2026-Sem1
EV000009,RA23110030000001,RA23110030000017,Club,1,2026-Sem2
EV000010,RA23110030000001,RA23110030000018,Event,3,2025-Sem1
EV000011,RA23110030000001,RA23110030000018,Event,1,2026-Sem1
EV000012,RA23110030000001,RA23110030000019,Club,2,2025-Sem1
EV000013,RA23110030000001,RA23110030000019,Club,1,2025-Sem1
EV000014,RA23110030000001,RA23110030000019,Club,1,2025-Sem1
EV000015,RA23110030000001,RA23110030000019,Club,1,2026-Sem1
EV000016,RA23110030000001,RA23110030000022,Project,3,2026-Sem1
EV000017,RA23110030000001,RA23110290000003,Cross-Department,2,2026-Sem2
EV000018,RA23110030000001,RA23110300000002,Cross-Department,4,2025-Sem1
EV000019,RA23110030000001,RA23110300000002,Cross-Department,1,2026-Sem2
EV000020,RA23110030000001,RA23110300000022,Cross-Department,1,2026-Sem1
EV000021,RA23110030000001,RA23110300000022,Cross-Department,3,2026-Sem1
EV000022,RA23110030000001,RA24110030000023,Event,1,2026-Sem1
EV000023,RA23110030000001,RA24110030000023,Event,3,2025-Sem1
EV000024,RA23110030000001,RA24110030000023,Event,2,2026-Sem2
EV000025,RA23110030000001,RA24110030000023,Event,1,2026-Sem1
EV000026,RA23110030000001,RA24110290000028,Cross-Department,2,2025-Sem1
EV000027,RA23110030000001,RA24110290000028,Cross-Department,1,2025-Sem1
EV000028,RA23110030000001,RA25110030000055,Event,4,2025-Sem1
EV000029,RA23110030000001,RA25110030000055,Event,2,2025-Sem1
EV000030,RA23110030000001,RA25110030000058,Academic,2,2026-Sem1
EV000031,RA23110030000001,RA25110030000058,Academic,1,2026-Sem1
EV000032,RA23110030000001,RA25110030000060,Academic,1,2026-Sem1
EV000033,RA23110030000001,RA25110030000060,Academic,2,2026-Sem2
EV000034,RA23110030000001,RA25110030000060,Academic,2,2025-Sem1
EV000035,RA23110030000001,RA25110290000053,Cross-Department,1,2026-Sem1
EV000036,RA23110030000001,RA25110290000053,Cross-Department,2,2026-Sem2
EV000037,RA23110030000001,RA26110300000087,Cross-Department,1,2026-Sem2
EV000038,RA23110030000001,RA26110300000087,Cross-Department,2,2026-Sem1
EV000039,RA23110030000001,RA26110300000087,Cross-Department,2,2025-Sem1
EV000040,RA23110030000001,RA26110540000088,Cross-Department,1,2026-Sem2
EV000041,RA23110030000001,RA26110540000088,Cross-Department,1,2026-Sem1
EV000042,RA23110030000002,RA23110030000003,Academic,1,2025-Sem1
EV000043,RA23110030000002,RA23110030000003,Academic,1,2025-Sem1
EV000044,RA23110030000002,RA23110030000003,Academic,1,2026-Sem2
EV000045,RA23110030000002,RA23110030000006,Club,1,2026-Sem2
EV000046,RA23110030000002,RA23110030000007,Project,2,2025-Sem1
EV000047,RA23110030000002,RA23110030000007,Project,1,2026-Sem2
EV000048,RA23110030000002,RA23110030000013,Event,1,2026-Sem1
EV000049,RA23110030000002,RA23110030000014,Project,2,2026-Sem1
EV000050,RA23110030000002,RA23110030000014,Project,4,2026-Sem1
EV000051,RA23110030000002,RA23110030000016,Project,1,2025-Sem1
EV000052,RA23110030000002,RA23110030000016,Project,1,2026-Sem2
EV000053,RA23110030000002,RA23110030000021,Event,3,2026-Sem2
EV000054,RA23110030000002,RA23110280000021,Cross-Department,1,2025-Sem1
EV000055,RA23110030000002,RA23110280000021,Cross-Department,1,2026-Sem2
EV000056,RA23110030000002,RA24110030000043,Project,1,2025-Sem1
EV000057,RA23110030000002,RA24110280000031,Cross-Department,2,2025-Sem1
EV000058,RA23110030000002,RA24110300000025,Cross-Department,1,2026-Sem2
EV000059,RA23110030000002,RA24110300000025,Cross-Department,2,2026-Sem2
EV000060,RA23110030000002,RA24110300000025,Cross-Department,1,2026-Sem1
EV000061,RA23110030000002,RA25110030000052,Project,5,2025-Sem1
EV000062,RA23110030000002,RA26110290000078,Cross-Department,2,2025-Sem1
EV000063,RA23110030000002,RA26110300000076,Cross-Department,3,2026-Sem2
EV000064,RA23110030000002,RA26110300000076,Cross-Department,1,2026-Sem2
EV000065,RA23110030000002,RA26110300000076,Cross-Department,1,2025-Sem1
EV000066,RA23110030000002,RA26110300000076,Cross-Department,1,2026-Sem1
EV000067,RA23110030000002,RA26110560000077,Cross-Department,1,2025-Sem1
EV000068,RA23110030000002,RA26110560000077,Cross-Department,2,2025-Sem1
EV000069,RA23110030000002,RA26110560000077,Cross-Department,1,2025-Sem1
EV000070,RA23110030000003,RA23110030000004,Club,1,2025-Sem1
EV000071,RA23110030000003,RA23110030000005,Project,2,2026-Sem2
EV000072,RA23110030000003,RA23110030000010,Social,2,2025-Sem1
EV000073,RA23110030000003,RA23110030000016,Club,2,2025-Sem1
EV000074,RA23110030000003,RA23110030000021,Project,1,2025-Sem1
EV000075,RA23110030000003,RA23110030000021,Project,3,2026-Sem1
EV000076,RA23110030000003,RA23110030000022,Academic,2,2026-Sem2
EV000077,RA23110030000003,RA23110300000005,Cross-Department,1,2026-Sem1
EV000078,RA23110030000003,RA23110300000005,Cross-Department,2,2026-Sem1
EV000079,RA23110030000003,RA23110560000017,Cross-Department,3,2025-Sem1
EV000080,RA23110030000003,RA23110560000017,Cross-Department,1,2026-Sem1
EV000081,RA23110030000003,RA23110560000017,Cross-Department,2,2025-Sem1
EV000082,RA23110030000003,RA24110030000038,Social,1,2026-Sem1
EV000083,RA23110030000003,RA24110030000038,Social,1,2026-Sem1
EV000084,RA23110030000003,RA24110030000038,Social,1,2026-Sem1
EV000085,RA23110030000003,RA24110290000023,Cross-Department,4,2025-Sem1
EV000086,RA23110030000003,RA24110290000026,Cross-Department,2,2026-Sem1
EV000087,RA23110030000003,RA24110290000026,Cross-Department,3,2025-Sem1
EV000088,RA23110030000003,RA24110290000026,Cross-Department,3,2026-Sem2
EV000089,RA23110030000003,RA24110290000034,Cross-Department,1,2026-Sem1
EV000090,RA23110030000003,RA24110290000034,Cross-Department,2,2025-Sem1
EV000091,RA23110030000003,RA24110290000034,Cross-Department,1,2026-Sem1
EV000092,RA23110030000003,RA24110300000041,Cross-Department,3,2026-Sem1
EV000093,RA23110030000003,RA24110300000041,Cross-Department,3,2026-Sem2
EV000094,RA23110030000003,RA24110300000041,Cross-Department,1,2025-Sem1
EV000095,RA23110030000003,RA24110560000026,Cross-Department,1,2025-Sem1
EV000096,RA23110030000003,RA24110560000026,Cross-Department,1,2025-Sem1
EV000097,RA23110030000003,RA24110560000026,Cross-Department,1,2026-Sem1
EV000098,RA23110030000003,RA25110290000054,Cross-Department,2,2025-Sem1
EV000099,RA23110030000003,RA25110290000054,Cross-Department,1,2026-Sem2
EV000100,RA23110030000003,RA25110300000054,Cross-Department,1,2026-Sem1
EV000101,RA23110030000003,RA25110300000054,Cross-Department,2,2026-Sem1
EV000102,RA23110030000003,RA26110280000074,Cross-Department,3,2026-Sem2
EV000103,RA23110030000003,RA26110280000074,Cross-Department,2,2025-Sem1
EV000104,RA23110030000003,RA26110300000077,Cross-Department,2,2026-Sem2
EV000105,RA23110030000003,RA26110300000077,Cross-Department,2,2025-Sem1
EV000106,RA23110030000003,RA26110300000077,Cross-Department,2,2025-Sem1
EV000107,RA23110030000003,RA26110560000075,Cross-Department,1,2026-Sem2
EV000108,RA23110030000003,RA26110560000075,Cross-Department,1,2026-Sem1
EV000109,RA23110030000003,RA26110560000075,Cross-Department,2,2026-Sem1
EV000110,RA23110030000004,RA23110030000005,Social,3,2026-Sem2
EV000111,RA23110030000004,RA23110030000006,Project,1,2026-Sem1
EV000112,RA23110030000004,RA23110030000007,Club,2,2025-Sem1
EV000113,RA23110030000004,RA23110030000007,Club,1,2026-Sem1
EV000114,RA23110030000004,RA23110030000007,Club,3,2025-Sem1
EV000115,RA23110030000004,RA23110030000007,Club,2,2026-Sem2
EV000116,RA23110030000004,RA23110030000007,Club,1,2026-Sem2
EV000117,RA23110030000004,RA23110030000010,Academic,1,2026-Sem2
EV000118,RA23110030000004,RA23110030000014,Event,2,2026-Sem1
EV000119,RA23110030000004,RA23110030000014,Event,1,2026-Sem2
EV000120,RA23110030000004,RA23110030000019,Project,4,2025-Sem1
EV000121,RA23110030000004,RA23110030000019,Project,1,2026-Sem2
EV000122,RA23110030000004,RA23110030000019,Project,1,2026-Sem2
EV000123,RA23110030000004,RA23110300000003,Cross-Department,2,2026-Sem1
EV000124,RA23110030000004,RA23110300000003,Cross-Department,1,2026-Sem2
EV000125,RA23110030000004,RA23110300000018,Cross-Department,3,2025-Sem1
EV000126,RA23110030000004,RA23110300000018,Cross-Department,1,2025-Sem1
EV000127,RA23110030000004,RA23110300000018,Cross-Department,1,2026-Sem1
EV000128,RA23110030000004,RA23110300000018,Cross-Department,3,2025-Sem1
EV000129,RA23110030000004,RA23110560000022,Cross-Department,4,2025-Sem1
EV000130,RA23110030000004,RA24110030000041,Event,1,2025-Sem1
EV000131,RA23110030000004,RA24110030000041,Event,1,2026-Sem1
EV000132,RA23110030000004,RA24110030000043,Club,1,2025-Sem1
EV000133,RA23110030000004,RA24110290000043,Cross-Department,1,2026-Sem1
EV000134,RA23110030000004,RA24110290000043,Cross-Department,1,2025-Sem1
EV000135,RA23110030000004,RA24110290000043,Cross-Department,2,2025-Sem1
EV000136,RA23110030000004,RA24110290000043,Cross-Department,2,2025-Sem1
EV000137,RA23110030000004,RA24110290000043,Cross-Department,2,2026-Sem1
EV000138,RA23110030000004,RA24110300000033,Cross-Department,1,2025-Sem1
EV000139,RA23110030000004,RA24110300000033,Cross-Department,2,2026-Sem1
EV000140,RA23110030000004,RA24110540000039,Cross-Department,5,2026-Sem2
EV000141,RA23110030000004,RA24110540000039,Cross-Department,2,2025-Sem1
EV000142,RA23110030000004,RA25110030000066,Academic,1,2026-Sem1
EV000143,RA23110030000004,RA25110030000066,Academic,1,2026-Sem2
EV000144,RA23110030000004,RA25110540000061,Cross-Department,2,2026-Sem1
EV000145,RA23110030000004,RA25110540000061,Cross-Department,1,2026-Sem1
EV000146,RA23110030000004,RA25110560000047,Cross-Department,1,2026-Sem2
EV000147,RA23110030000004,RA25110560000047,Cross-Department,4,2026-Sem1
EV000148,RA23110030000004,RA25110560000047,Cross-Department,1,2026-Sem1
EV000149,RA23110030000004,RA25110560000050,Cross-Department,2,2025-Sem1
EV000150,RA23110030000004,RA25110560000050,Cross-Department,2,2026-Sem1
EV000151,RA23110030000004,RA25110560000059,Cross-Department,1,2026-Sem2
EV000152,RA23110030000004,RA25110560000059,Cross-Department,1,2025-Sem1
EV000153,RA23110030000004,RA25110560000059,Cross-Department,2,2026-Sem1
EV000154,RA23110030000004,RA26110280000084,Cross-Department,2,2026-Sem2
EV000155,RA23110030000004,RA26110280000084,Cross-Department,4,2026-Sem1
EV000156,RA23110030000005,RA23110030000006,Club,2,2026-Sem2
EV000157,RA23110030000005,RA23110030000006,Club,1,2025-Sem1
EV000158,RA23110030000005,RA23110030000008,Social,2,2026-Sem2
EV000159,RA23110030000005,RA23110030000009,Event,2,2025-Sem1
EV000160,RA23110030000005,RA23110030000014,Project,2,2025-Sem1
EV000161,RA23110030000005,RA23110030000015,Event,1,2026-Sem1
EV000162,RA23110030000005,RA23110030000015,Event,1,2026-Sem2
EV000163,RA23110030000005,RA23110030000015,Event,2,2025-Sem1
EV000164,RA23110030000005,RA23110030000016,Academic,1,2025-Sem1
EV000165,RA23110030000005,RA23110030000016,Academic,1,2026-Sem1
EV000166,RA23110030000005,RA23110030000016,Academic,1,2025-Sem1
EV000167,RA23110030000005,RA23110030000016,Academic,1,2025-Sem1
EV000168,RA23110030000005,RA23110030000016,Academic,1,2026-Sem1
EV000169,RA23110030000005,RA23110030000019,Social,3,2026-Sem1
EV000170,RA23110030000005,RA23110280000005,Cross-Department,1,2025-Sem1
EV000171,RA23110030000005,RA23110280000005,Cross-Department,1,2026-Sem2
EV000172,RA23110030000005,RA23110280000005,Cross-Department,1,2026-Sem1
EV000173,RA23110030000005,RA23110540000018,Cross-Department,6,2026-Sem1
EV000174,RA23110030000005,RA24110290000027,Cross-Department,2,2026-Sem1
EV000175,RA23110030000005,RA24110290000027,Cross-Department,3,2025-Sem1
EV000176,RA23110030000005,RA24110290000031,Cross-Department,2,2026-Sem1
EV000177,RA23110030000005,RA24110290000031,Cross-Department,2,2026-Sem1
EV000178,RA23110030000005,RA24110290000031,Cross-Department,2,2026-Sem2
EV000179,RA23110030000005,RA25110030000063,Social,4,2026-Sem2
EV000180,RA23110030000005,RA25110290000057,Cross-Department,2,2026-Sem1
EV000181,RA23110030000005,RA25110290000057,Cross-Department,1,2025-Sem1
EV000182,RA23110030000005,RA25110540000065,Cross-Department,2,2026-Sem1
EV000183,RA23110030000005,RA26110030000070,Event,3,2026-Sem1
EV000184,RA23110030000005,RA26110540000088,Cross-Department,2,2026-Sem2
EV000185,RA23110030000005,RA26110540000088,Cross-Department,1,2025-Sem1
EV000186,RA23110030000006,RA23110030000007,Social,1,2026-Sem1
EV000187,RA23110030000006,RA23110030000007,Social,1,2025-Sem1
EV000188,RA23110030000006,RA23110030000007,Social,2,2026-Sem2
EV000189,RA23110030000006,RA23110030000008,Project,1,2026-Sem1
EV000190,RA23110030000006,RA23110030000016,Project,1,2026-Sem1
EV000191,RA23110030000006,RA23110030000016,Project,1,2025-Sem1
EV000192,RA23110030000006,RA23110030000018,Project,1,2025-Sem1
EV000193,RA23110030000006,RA23110280000002,Cross-Department,1,2025-Sem1
EV000194,RA23110030000006,RA23110280000002,Cross-Department,2,2025-Sem1
EV000195,RA23110030000006,RA23110280000002,Cross-Department,1,2026-Sem2
EV000196,RA23110030000006,RA23110300000002,Cross-Department,1,2026-Sem2
EV000197,RA23110030000006,RA23110300000002,Cross-Department,2,2026-Sem2
EV000198,RA23110030000006,RA23110300000002,Cross-Department,1,2026-Sem2
EV000199,RA23110030000006,RA24110300000039,Cross-Department,1,2026-Sem2
EV000200,RA23110030000006,RA24110300000039,Cross-Department,2,2025-Sem1
EV000201,RA23110030000006,RA24110540000033,Cross-Department,2,2026-Sem2
EV000202,RA23110030000006,RA24110560000035,Cross-Department,3,2026-Sem1
EV000203,RA23110030000006,RA25110030000050,Academic,2,2025-Sem1
EV000204,RA23110030000006,RA25110030000050,Academic,1,2026-Sem1
EV000205,RA23110030000006,RA25110030000050,Academic,2,2026-Sem1
EV000206,RA23110030000006,RA25110030000050,Academic,1,2025-Sem1
EV000207,RA23110030000006,RA25110030000050,Academic,1,2026-Sem1
EV000208,RA23110030000006,RA25110280000063,Cross-Department,2,2026-Sem2
EV000209,RA23110030000006,RA25110280000063,Cross-Department,1,2026-Sem1
EV000210,RA23110030000006,RA25110280000063,Cross-Department,2,2026-Sem2
EV000211,RA23110030000006,RA25110280000063,Cross-Department,2,2026-Sem1
EV000212,RA23110030000006,RA25110300000059,Cross-Department,2,2025-Sem1
EV000213,RA23110030000006,RA25110300000060,Cross-Department,2,2025-Sem1
EV000214,RA23110030000006,RA25110300000060,Cross-Department,2,2025-Sem1
EV000215,RA23110030000006,RA25110300000060,Cross-Department,1,2026-Sem1
EV000216,RA23110030000006,RA25110560000056,Cross-Department,1,2026-Sem1
EV000217,RA23110030000006,RA25110560000056,Cross-Department,1,2026-Sem1
EV000218,RA23110030000006,RA25110560000056,Cross-Department,4,2026-Sem1
EV000219,RA23110030000006,RA25110560000056,Cross-Department,1,2026-Sem1
EV000220,RA23110030000006,RA25110560000056,Cross-Department,1,2026-Sem2
EV000221,RA23110030000006,RA26110030000081,Social,2,2025-Sem1
EV000222,RA23110030000006,RA26110280000077,Cross-Department,2,2026-Sem1
EV000223,RA23110030000006,RA26110280000077,Cross-Department,1,2026-Sem1
EV000224,RA23110030000006,RA26110280000077,Cross-Department,1,2025-Sem1
EV000225,RA23110030000006,RA26110290000079,Cross-Department,2,2026-Sem1
EV000226,RA23110030000006,RA26110290000079,Cross-Department,1,2025-Sem1
EV000227,RA23110030000007,RA23110030000008,Social,1,2026-Sem2
EV000228,RA23110030000007,RA23110030000008,Social,1,2025-Sem1
EV000229,RA23110030000007,RA23110030000013,Academic,2,2026-Sem2
EV000230,RA23110030000007,RA23110030000014,Social,5,2025-Sem1
EV000231,RA23110030000007,RA23110030000014,Social,2,2026-Sem2
EV000232,RA23110030000007,RA23110030000014,Social,2,2026-Sem2
EV000233,RA23110030000007,RA23110030000016,Club,1,2026-Sem2
EV000234,RA23110030000007,RA23110030000016,Club,1,2025-Sem1
EV000235,RA23110030000007,RA23110030000020,Club,1,2026-Sem1
EV000236,RA23110030000007,RA23110030000020,Club,2,2026-Sem2
EV000237,RA23110030000007,RA23110030000021,Project,3,2025-Sem1
EV000238,RA23110030000007,RA23110290000019,Cross-Department,2,2026-Sem2
EV000239,RA23110030000007,RA23110290000019,Cross-Department,2,2026-Sem2
EV000240,RA23110030000007,RA23110290000019,Cross-Department,1,2025-Sem1
EV000241,RA23110030000007,RA23110300000007,Cross-Department,3,2025-Sem1
EV000242,RA23110030000007,RA23110300000007,Cross-Department,1,2026-Sem2
EV000243,RA23110030000007,RA23110300000007,Cross-Department,2,2026-Sem1
EV000244,RA23110030000007,RA23110540000012,Cross-Department,3,2026-Sem2
EV000245,RA23110030000007,RA24110290000035,Cross-Department,2,2026-Sem2
EV000246,RA23110030000007,RA24110290000035,Cross-Department,1,2025-Sem1
EV000247,RA23110030000007,RA24110560000038,Cross-Department,1,2026-Sem1
EV000248,RA23110030000007,RA24110560000038,Cross-Department,1,2025-Sem1
EV000249,RA23110030000007,RA24110560000038,Cross-Department,1,2026-Sem2
EV000250,RA23110030000007,RA25110290000056,Cross-Department,4,2026-Sem1
EV000251,RA23110030000007,RA25110290000056,Cross-Department,1,2025-Sem1
EV000252,RA23110030000007,RA25110290000056,Cross-Department,1,2026-Sem2
EV000253,RA23110030000007,RA25110540000045,Cross-Department,4,2026-Sem1
EV000254,RA23110030000007,RA25110540000045,Cross-Department,2,2025-Sem1
EV000255,RA23110030000007,RA25110560000050,Cross-Department,4,2026-Sem2
EV000256,RA23110030000007,RA25110560000050,Cross-Department,1,2025-Sem1
EV000257,RA23110030000007,RA26110030000077,Project,3,2026-Sem2
EV000258,RA23110030000007,RA26110030000077,Project,3,2026-Sem2
EV000259,RA23110030000007,RA26110290000074,Cross-Department,1,2026-Sem2
EV000260,RA23110030000007,RA26110290000074,Cross-Department,1,2026-Sem2
EV000261,RA23110030000007,RA26110290000074,Cross-Department,1,2025-Sem1
EV000262,RA23110030000007,RA26110300000081,Cross-Department,1,2026-Sem2
EV000263,RA23110030000007,RA26110300000081,Cross-Department,1,2025-Sem1
EV000264,RA23110030000008,RA23110030000009,Project,1,2026-Sem1
EV000265,RA23110030000008,RA23110030000009,Project,1,2026-Sem1
EV000266,RA23110030000008,RA23110030000010,Club,3,2025-Sem1
EV000267,RA23110030000008,RA23110030000010,Club,1,2025-Sem1
EV000268,RA23110030000008,RA23110030000011,Event,1,2026-Sem1
EV000269,RA23110030000008,RA23110030000011,Event,1,2026-Sem2
EV000270,RA23110030000008,RA23110030000011,Event,1,2026-Sem1
EV000271,RA23110030000008,RA23110030000013,Academic,1,2025-Sem1
EV000272,RA23110030000008,RA23110030000013,Academic,1,2026-Sem1
EV000273,RA23110030000008,RA23110030000019,Event,1,2026-Sem1
EV000274,RA23110030000008,RA23110030000019,Event,5,2026-Sem1
EV000275,RA23110030000008,RA23110030000020,Club,2,2025-Sem1
EV000276,RA23110030000008,RA23110030000020,Club,2,2026-Sem1
EV000277,RA23110030000008,RA23110290000010,Cross-Department,1,2025-Sem1
EV000278,RA23110030000008,RA23110290000010,Cross-Department,1,2026-Sem2
EV000279,RA23110030000008,RA23110290000010,Cross-Department,1,2025-Sem1
EV000280,RA23110030000008,RA23110560000005,Cross-Department,3,2026-Sem1
EV000281,RA23110030000008,RA23110560000005,Cross-Department,2,2025-Sem1
EV000282,RA23110030000008,RA23110560000005,Cross-Department,2,2025-Sem1
EV000283,RA23110030000008,RA23110560000015,Cross-Department,1,2025-Sem1
EV000284,RA23110030000008,RA23110560000015,Cross-Department,1,2026-Sem1
EV000285,RA23110030000008,RA23110560000015,Cross-Department,3,2026-Sem2
EV000286,RA23110030000008,RA24110280000024,Cross-Department,1,2025-Sem1
EV000287,RA23110030000008,RA24110280000024,Cross-Department,1,2026-Sem1
EV000288,RA23110030000008,RA24110290000028,Cross-Department,4,2026-Sem2
EV000289,RA23110030000008,RA24110540000023,Cross-Department,1,2025-Sem1
EV000290,RA23110030000008,RA24110540000023,Cross-Department,3,2025-Sem1
EV000291,RA23110030000008,RA24110540000038,Cross-Department,2,2026-Sem2
EV000292,RA23110030000008,RA24110540000038,Cross-Department,1,2026-Sem1
EV000293,RA23110030000008,RA24110540000038,Cross-Department,1,2026-Sem1
EV000294,RA23110030000008,RA25110030000064,Academic,2,2026-Sem1
EV000295,RA23110030000008,RA25110030000064,Academic,2,2025-Sem1
EV000296,RA23110030000008,RA25110280000064,Cross-Department,2,2025-Sem1
EV000297,RA23110030000008,RA25110280000064,Cross-Department,1,2025-Sem1
EV000298,RA23110030000008,RA25110300000063,Cross-Department,1,2026-Sem2
EV000299,RA23110030000008,RA25110300000063,Cross-Department,1,2026-Sem2
EV000300,RA23110030000008,RA25110300000063,Cross-Department,3,2025-Sem1
EV000301,RA23110030000008,RA26110030000084,Project,3,2026-Sem1
EV000302,RA23110030000008,RA26110030000084,Project,1,2026-Sem2
EV000303,RA23110030000008,RA26110300000084,Cross-Department,3,2025-Sem1
EV000304,RA23110030000008,RA26110300000084,Cross-Department,1,2026-Sem2
EV000305,RA23110030000008,RA26110300000084,Cross-Department,1,2025-Sem1
EV000306,RA23110030000009,RA23110030000010,Project,2,2026-Sem2
EV000307,RA23110030000009,RA23110030000014,Event,2,2025-Sem1
EV000308,RA23110030000009,RA23110030000015,Project,1,2025-Sem1
EV000309,RA23110030000009,RA23110030000015,Project,2,2025-Sem1
EV000310,RA23110030000009,RA23110030000015,Project,1,2025-Sem1
EV000311,RA23110030000009,RA23110030000017,Social,4,2025-Sem1
EV000312,RA23110030000009,RA23110030000017,Social,1,2026-Sem1
EV000313,RA23110030000009,RA23110030000017,Social,1,2026-Sem1
EV000314,RA23110030000009,RA23110030000020,Event,1,2026-Sem1
EV000315,RA23110030000009,RA23110030000020,Event,2,2026-Sem1
EV000316,RA23110030000009,RA23110030000020,Event,2,2025-Sem1
EV000317,RA23110030000009,RA23110030000020,Event,2,2026-Sem2
EV000318,RA23110030000009,RA23110300000021,Cross-Department,4,2026-Sem2
EV000319,RA23110030000009,RA23110300000021,Cross-Department,1,2026-Sem2
EV000320,RA23110030000009,RA23110300000021,Cross-Department,1,2025-Sem1
EV000321,RA23110030000009,RA23110300000021,Cross-Department,1,2026-Sem1
EV000322,RA23110030000009,RA23110560000003,Cross-Department,4,2026-Sem2
EV000323,RA23110030000009,RA23110560000008,Cross-Department,1,2026-Sem1
EV000324,RA23110030000009,RA23110560000008,Cross-Department,2,2026-Sem2
EV000325,RA23110030000009,RA24110300000023,Cross-Department,3,2025-Sem1
EV000326,RA23110030000009,RA25110540000062,Cross-Department,1,2026-Sem2
EV000327,RA23110030000009,RA25110540000062,Cross-Department,1,2026-Sem2
EV000328,RA23110030000009,RA25110540000062,Cross-Department,1,2026-Sem2
EV000329,RA23110030000009,RA25110540000062,Cross-Department,3,2025-Sem1
EV000330,RA23110030000009,RA26110290000075,Cross-Department,1,2026-Sem2
EV000331,RA23110030000009,RA26110290000075,Cross-Department,2,2025-Sem1
EV000332,RA23110030000009,RA26110290000075,Cross-Department,1,2025-Sem1
EV000333,RA23110030000009,RA26110560000077,Cross-Department,2,2026-Sem1
EV000334,RA23110030000010,RA23110030000011,Club,2,2025-Sem1
EV000335,RA23110030000010,RA23110030000011,Club,2,2026-Sem2
EV000336,RA23110030000010,RA23110030000014,Club,3,2026-Sem2
EV000337,RA23110030000010,RA23110030000018,Academic,1,2026-Sem2
EV000338,RA23110030000010,RA23110030000018,Academic,1,2026-Sem1
EV000339,RA23110030000010,RA23110030000018,Academic,3,2026-Sem1
EV000340,RA23110030000010,RA23110030000019,Academic,1,2026-Sem2
EV000341,RA23110030000010,RA23110030000019,Academic,1,2026-Sem1
EV000342,RA23110030000010,RA23110030000020,Social,1,2026-Sem2
EV000343,RA23110030000010,RA23110030000020,Social,2,2026-Sem1
EV000344,RA23110030000010,RA23110030000022,Project,2,2026-Sem2
EV000345,RA23110030000010,RA23110030000022,Project,1,2026-Sem2
EV000346,RA23110030000010,RA23110030000022,Project,1,2026-Sem2
EV000347,RA23110030000010,RA23110030000022,Project,1,2026-Sem2
EV000348,RA23110030000010,RA23110540000002,Cross-Department,5,2025-Sem1
EV000349,RA23110030000010,RA23110540000002,Cross-Department,2,2025-Sem1
EV000350,RA23110030000010,RA23110540000009,Cross-Department,1,2026-Sem2
EV000351,RA23110030000010,RA23110540000009,Cross-Department,1,2026-Sem1
EV000352,RA23110030000010,RA23110540000009,Cross-Department,2,2025-Sem1
EV000353,RA23110030000010,RA24110280000035,Cross-Department,1,2026-Sem2
EV000354,RA23110030000010,RA24110280000035,Cross-Department,1,2026-Sem1
EV000355,RA23110030000010,RA24110280000035,Cross-Department,1,2026-Sem2
EV000356,RA23110030000010,RA24110280000035,Cross-Department,1,2025-Sem1
EV000357,RA23110030000010,RA24110280000035,Cross-Department,2,2026-Sem1
EV000358,RA23110030000010,RA24110280000035,Cross-Department,1,2026-Sem2
EV000359,RA23110030000010,RA24110290000036,Cross-Department,2,2026-Sem2
EV000360,RA23110030000010,RA24110290000036,Cross-Department,3,2026-Sem1
EV000361,RA23110030000010,RA25110540000066,Cross-Department,3,2025-Sem1
EV000362,RA23110030000010,RA25110540000066,Cross-Department,1,2026-Sem1
EV000363,RA23110030000010,RA26110290000087,Cross-Department,1,2026-Sem2
EV000364,RA23110030000010,RA26110290000087,Cross-Department,2,2026-Sem1
EV000365,RA23110030000010,RA26110290000087,Cross-Department,2,2025-Sem1
EV000366,RA23110030000010,RA26110290000087,Cross-Department,2,2025-Sem1
EV000367,RA23110030000010,RA26110290000087,Cross-Department,2,2026-Sem2
EV000368,RA23110030000011,RA23110030000012,Club,1,2026-Sem1
EV000369,RA23110030000011,RA23110030000013,Academic,1,2026-Sem2
EV000370,RA23110030000011,RA23110030000013,Academic,2,2026-Sem2
EV000371,RA23110030000011,RA23110030000014,Social,2,2025-Sem1
EV000372,RA23110030000011,RA23110030000014,Social,1,2025-Sem1
EV000373,RA23110030000011,RA23110030000014,Social,1,2025-Sem1
EV000374,RA23110030000011,RA23110030000016,Project,1,2026-Sem2
EV000375,RA23110030000011,RA23110030000018,Club,2,2025-Sem1
EV000376,RA23110030000011,RA23110030000018,Club,1,2025-Sem1
EV000377,RA23110030000011,RA23110030000019,Club,1,2025-Sem1
EV000378,RA23110030000011,RA23110030000020,Academic,3,2026-Sem2
EV000379,RA23110030000011,RA23110030000020,Academic,1,2026-Sem1
EV000380,RA23110030000011,RA23110030000021,Event,1,2026-Sem1
EV000381,RA23110030000011,RA23110030000021,Event,1,2026-Sem2
EV000382,RA23110030000011,RA23110290000003,Cross-Department,1,2026-Sem1
EV000383,RA23110030000011,RA23110290000003,Cross-Department,1,2026-Sem1
EV000384,RA23110030000011,RA23110560000010,Cross-Department,2,2026-Sem2
EV000385,RA23110030000011,RA23110560000010,Cross-Department,2,2025-Sem1
EV000386,RA23110030000011,RA24110280000034,Cross-Department,1,2025-Sem1
EV000387,RA23110030000011,RA24110280000034,Cross-Department,2,2026-Sem1
EV000388,RA23110030000011,RA25110540000063,Cross-Department,1,2026-Sem2
EV000389,RA23110030000011,RA25110540000063,Cross-Department,1,2025-Sem1
EV000390,RA23110030000011,RA25110540000063,Cross-Department,2,2026-Sem2
EV000391,RA23110030000011,RA25110540000063,Cross-Department,4,2026-Sem2
EV000392,RA23110030000011,RA26110030000073,Club,2,2026-Sem2
EV000393,RA23110030000011,RA26110280000071,Cross-Department,2,2026-Sem2
EV000394,RA23110030000011,RA26110280000071,Cross-Department,2,2025-Sem1
EV000395,RA23110030000011,RA26110280000071,Cross-Department,2,2025-Sem1
EV000396,RA23110030000011,RA26110280000081,Cross-Department,1,2026-Sem1
EV000397,RA23110030000011,RA26110280000081,Cross-Department,1,2026-Sem1
EV000398,RA23110030000011,RA26110280000081,Cross-Department,2,2026-Sem2
EV000399,RA23110030000011,RA26110280000081,Cross-Department,2,2026-Sem1
EV000400,RA23110030000011,RA26110560000069,Cross-Department,3,2026-Sem2
EV000401,RA23110030000011,RA26110560000069,Cross-Department,1,2026-Sem2
EV000402,RA23110030000012,RA23110030000013,Event,1,2026-Sem1
EV000403,RA23110030000012,RA23110030000013,Event,1,2026-Sem2
EV000404,RA23110030000012,RA23110030000016,Academic,2,2026-Sem1
EV000405,RA23110030000012,RA23110030000016,Academic,1,2025-Sem1
EV000406,RA23110030000012,RA23110030000018,Project,2,2026-Sem2
EV000407,RA23110030000012,RA23110030000018,Project,5,2025-Sem1
EV000408,RA23110030000012,RA23110030000018,Project,1,2026-Sem2
EV000409,RA23110030000012,RA23110030000018,Project,3,2026-Sem2
EV000410,RA23110030000012,RA23110030000018,Project,3,2026-Sem2
EV000411,RA23110030000012,RA23110030000019,Event,2,2025-Sem1
EV000412,RA23110030000012,RA23110030000019,Event,2,2025-Sem1
EV000413,RA23110030000012,RA23110030000019,Event,2,2026-Sem2
EV000414,RA23110030000012,RA23110030000021,Club,1,2025-Sem1
EV000415,RA23110030000012,RA23110030000021,Club,1,2026-Sem1
EV000416,RA23110030000012,RA23110030000021,Club,1,2026-Sem2
EV000417,RA23110030000012,RA23110030000022,Club,2,2026-Sem2
EV000418,RA23110030000012,RA23110280000006,Cross-Department,3,2026-Sem2
EV000419,RA23110030000012,RA23110300000007,Cross-Department,1,2026-Sem1
EV000420,RA23110030000012,RA23110300000007,Cross-Department,2,2026-Sem2
EV000421,RA23110030000012,RA23110300000007,Cross-Department,1,2025-Sem1
EV000422,RA23110030000012,RA23110560000001,Cross-Department,5,2026-Sem2
EV000423,RA23110030000012,RA23110560000001,Cross-Department,1,2025-Sem1
EV000424,RA23110030000012,RA23110560000001,Cross-Department,1,2026-Sem1
EV000425,RA23110030000012,RA24110290000037,Cross-Department,3,2025-Sem1
EV000426,RA23110030000012,RA24110290000037,Cross-Department,1,2026-Sem2
EV000427,RA23110030000012,RA24110290000037,Cross-Department,1,2026-Sem2
EV000428,RA23110030000012,RA24110290000037,Cross-Department,1,2026-Sem2
EV000429,RA23110030000012,RA24110560000044,Cross-Department,2,2026-Sem1
EV000430,RA23110030000012,RA24110560000044,Cross-Department,3,2025-Sem1
EV000431,RA23110030000012,RA25110030000050,Social,2,2025-Sem1
EV000432,RA23110030000012,RA25110030000050,Social,1,2026-Sem2
EV000433,RA23110030000012,RA25110030000050,Social,1,2026-Sem1
EV000434,RA23110030000012,RA25110280000056,Cross-Department,2,2026-Sem1
EV000435,RA23110030000012,RA25110280000056,Cross-Department,2,2025-Sem1
EV000436,RA23110030000012,RA25110290000055,Cross-Department,1,2025-Sem1
EV000437,RA23110030000012,RA25110290000055,Cross-Department,2,2026-Sem2
EV000438,RA23110030000012,RA25110290000055,Cross-Department,1,2026-Sem1
EV000439,RA23110030000012,RA26110030000070,Club,1,2026-Sem1
EV000440,RA23110030000013,RA23110030000014,Academic,2,2025-Sem1
EV000441,RA23110030000013,RA23110030000014,Academic,1,2025-Sem1
EV000442,RA23110030000013,RA23110030000016,Social,1,2026-Sem2
EV000443,RA23110030000013,RA23110030000016,Social,1,2026-Sem2
EV000444,RA23110030000013,RA23110030000016,Social,6,2026-Sem1
EV000445,RA23110030000013,RA23110030000018,Club,1,2025-Sem1
EV000446,RA23110030000013,RA23110030000018,Club,2,2026-Sem1
EV000447,RA23110030000013,RA23110560000014,Cross-Department,3,2026-Sem1
EV000448,RA23110030000013,RA23110560000014,Cross-Department,1,2026-Sem1
EV000449,RA23110030000013,RA23110560000014,Cross-Department,1,2026-Sem2
EV000450,RA23110030000013,RA24110030000040,Social,3,2026-Sem2
EV000451,RA23110030000013,RA25110030000061,Project,1,2025-Sem1
EV000452,RA23110030000013,RA25110300000050,Cross-Department,3,2026-Sem1
EV000453,RA23110030000013,RA25110560000045,Cross-Department,2,2025-Sem1
EV000454,RA23110030000013,RA25110560000045,Cross-Department,2,2026-Sem1
EV000455,RA23110030000014,RA23110030000015,Social,3,2026-Sem2
EV000456,RA23110030000014,RA23110030000016,Academic,1,2025-Sem1
EV000457,RA23110030000014,RA23110030000016,Academic,2,2025-Sem1
EV000458,RA23110030000014,RA23110030000016,Academic,1,2025-Sem1
EV000459,RA23110030000014,RA23110030000019,Event,1,2026-Sem1
EV000460,RA23110030000014,RA23110290000012,Cross-Department,1,2026-Sem1
EV000461,RA23110030000014,RA23110290000012,Cross-Department,1,2026-Sem1
EV000462,RA23110030000014,RA23110290000012,Cross-Department,3,2025-Sem1
EV000463,RA23110030000014,RA23110290000012,Cross-Department,1,2025-Sem1
EV000464,RA23110030000014,RA23110300000021,Cross-Department,2,2025-Sem1
EV000465,RA23110030000014,RA23110300000021,Cross-Department,2,2026-Sem1
EV000466,RA23110030000014,RA23110300000022,Cross-Department,1,2025-Sem1
EV000467,RA23110030000014,RA23110300000022,Cross-Department,1,2025-Sem1
EV000468,RA23110030000014,RA23110300000022,Cross-Department,1,2026-Sem2
EV000469,RA23110030000014,RA24110030000023,Club,1,2026-Sem2
EV000470,RA23110030000014,RA24110030000023,Club,3,2026-Sem2
EV000471,RA23110030000014,RA24110030000027,Academic,1,2025-Sem1
EV000472,RA23110030000014,RA24110030000032,Project,1,2026-Sem1
EV000473,RA23110030000014,RA24110280000041,Cross-Department,1,2026-Sem2
EV000474,RA23110030000014,RA24110280000041,Cross-Department,2,2026-Sem2
EV000475,RA23110030000014,RA24110280000041,Cross-Department,1,2026-Sem2
EV000476,RA23110030000014,RA24110280000041,Cross-Department,1,2026-Sem1
EV000477,RA23110030000014,RA24110290000034,Cross-Department,1,2026-Sem1
EV000478,RA23110030000014,RA24110290000034,Cross-Department,1,2026-Sem2
EV000479,RA23110030000014,RA24110290000034,Cross-Department,3,2025-Sem1
EV000480,RA23110030000014,RA24110290000034,Cross-Department,1,2025-Sem1
EV000481,RA23110030000014,RA25110280000066,Cross-Department,4,2025-Sem1
EV000482,RA23110030000014,RA25110280000066,Cross-Department,1,2026-Sem1
EV000483,RA23110030000014,RA25110280000066,Cross-Department,2,2026-Sem1
EV000484,RA23110030000014,RA25110280000066,Cross-Department,2,2025-Sem1
EV000485,RA23110030000014,RA25110280000066,Cross-Department,4,2026-Sem1
EV000486,RA23110030000014,RA25110280000066,Cross-Department,1,2026-Sem1
EV000487,RA23110030000014,RA25110290000046,Cross-Department,2,2026-Sem2
EV000488,RA23110030000014,RA25110290000046,Cross-Department,1,2025-Sem1
EV000489,RA23110030000014,RA25110290000051,Cross-Department,5,2026-Sem2
EV000490,RA23110030000014,RA25110300000048,Cross-Department,2,2026-Sem2
EV000491,RA23110030000014,RA25110300000048,Cross-Department,2,2026-Sem1
EV000492,RA23110030000014,RA25110300000048,Cross-Department,2,2025-Sem1
EV000493,RA23110030000014,RA25110300000048,Cross-Department,1,2026-Sem2
EV000494,RA23110030000014,RA25110540000055,Cross-Department,2,2026-Sem1
EV000495,RA23110030000014,RA25110540000055,Cross-Department,1,2025-Sem1
EV000496,RA23110030000014,RA25110540000055,Cross-Department,2,2026-Sem2
EV000497,RA23110030000014,RA25110560000054,Cross-Department,2,2026-Sem2
EV000498,RA23110030000014,RA26110030000083,Event,1,2025-Sem1
EV000499,RA23110030000014,RA26110030000083,Event,2,2025-Sem1
EV000500,RA23110030000014,RA26110030000083,Event,1,2026-Sem2
EV000501,RA23110030000014,RA26110290000075,Cross-Department,1,2025-Sem1
EV000502,RA23110030000014,RA26110290000075,Cross-Department,1,2026-Sem1
EV000503,RA23110030000014,RA26110540000069,Cross-Department,1,2025-Sem1
EV000504,RA23110030000014,RA26110540000069,Cross-Department,2,2026-Sem2
EV000505,RA23110030000014,RA26110540000069,Cross-Department,3,2026-Sem1
EV000506,RA23110030000014,RA26110540000069,Cross-Department,1,2025-Sem1
EV000507,RA23110030000014,RA26110540000069,Cross-Department,1,2026-Sem1
EV000508,RA23110030000014,RA26110540000069,Cross-Department,1,2026-Sem1
EV000509,RA23110030000014,RA26110540000069,Cross-Department,1,2025-Sem1
EV000510,RA23110030000014,RA26110540000069,Cross-Department,1,2026-Sem2
EV000511,RA23110030000014,RA26110540000069,Cross-Department,3,2026-Sem2
EV000512,RA23110030000014,RA26110540000085,Cross-Department,3,2026-Sem2
EV000513,RA23110030000014,RA26110560000081,Cross-Department,1,2026-Sem2
EV000514,RA23110030000014,RA26110560000081,Cross-Department,2,2026-Sem2
EV000515,RA23110030000014,RA26110560000081,Cross-Department,1,2026-Sem1
EV000516,RA23110030000014,RA26110560000081,Cross-Department,1,2026-Sem1
EV000517,RA23110030000014,RA26110560000081,Cross-Department,1,2025-Sem1
EV000518,RA23110030000014,RA26110560000081,Cross-Department,1,2025-Sem1
EV000519,RA23110030000014,RA26110560000087,Cross-Department,1,2025-Sem1
EV000520,RA23110030000014,RA26110560000087,Cross-Department,4,2025-Sem1
EV000521,RA23110030000015,RA23110030000016,Project,1,2026-Sem1
EV000522,RA23110030000015,RA23110030000016,Project,2,2026-Sem2
EV000523,RA23110030000015,RA23110030000018,Club,2,2026-Sem1
EV000524,RA23110030000015,RA23110030000018,Club,1,2026-Sem1
EV000525,RA23110030000015,RA23110290000022,Cross-Department,1,2026-Sem1
EV000526,RA23110030000015,RA23110290000022,Cross-Department,2,2026-Sem2
EV000527,RA23110030000015,RA24110300000024,Cross-Department,2,2026-Sem2
EV000528,RA23110030000015,RA24110300000024,Cross-Department,1,2026-Sem1
EV000529,RA23110030000015,RA24110300000025,Cross-Department,3,2025-Sem1
EV000530,RA23110030000015,RA24110540000028,Cross-Department,5,2026-Sem1
EV000531,RA23110030000015,RA24110540000028,Cross-Department,2,2025-Sem1
EV000532,RA23110030000015,RA25110290000060,Cross-Department,1,2025-Sem1
EV000533,RA23110030000015,RA25110290000060,Cross-Department,2,2026-Sem2
EV000534,RA23110030000015,RA25110290000060,Cross-Department,1,2025-Sem1
EV000535,RA23110030000015,RA25110300000063,Cross-Department,3,2025-Sem1
EV000536,RA23110030000015,RA26110290000068,Cross-Department,1,2025-Sem1
EV000537,RA23110030000015,RA26110290000068,Cross-Department,1,2026-Sem1
EV000538,RA23110030000015,RA26110290000068,Cross-Department,2,2026-Sem2
EV000539,RA23110030000015,RA26110300000075,Cross-Department,1,2025-Sem1
EV000540,RA23110030000015,RA26110300000075,Cross-Department,1,2025-Sem1
EV000541,RA23110030000015,RA26110300000075,Cross-Department,2,2026-Sem2
EV000542,RA23110030000015,RA26110300000075,Cross-Department,2,2026-Sem2
EV000543,RA23110030000015,RA26110300000075,Cross-Department,1,2026-Sem2
EV000544,RA23110030000015,RA26110300000075,Cross-Department,1,2026-Sem1
EV000545,RA23110030000015,RA26110540000081,Cross-Department,1,2026-Sem1
EV000546,RA23110030000015,RA26110540000081,Cross-Department,3,2026-Sem1
EV000547,RA23110030000015,RA26110560000073,Cross-Department,1,2026-Sem1
EV000548,RA23110030000015,RA26110560000073,Cross-Department,3,2025-Sem1
EV000549,RA23110030000015,RA26110560000088,Cross-Department,1,2026-Sem2
EV000550,RA23110030000015,RA26110560000088,Cross-Department,1,2026-Sem2
EV000551,RA23110030000016,RA23110030000017,Academic,2,2025-Sem1
EV000552,RA23110030000016,RA23110030000017,Academic,1,2026-Sem2
EV000553,RA23110030000016,RA23110030000017,Academic,2,2025-Sem1
EV000554,RA23110030000016,RA23110030000018,Academic,1,2026-Sem2
EV000555,RA23110030000016,RA23110030000018,Academic,1,2026-Sem2
EV000556,RA23110030000016,RA23110030000018,Academic,1,2026-Sem1
EV000557,RA23110030000016,RA23110030000019,Event,1,2026-Sem1
EV000558,RA23110030000016,RA23110030000019,Event,1,2026-Sem2
EV000559,RA23110030000016,RA23110030000020,Academic,2,2026-Sem2
EV000560,RA23110030000016,RA23110030000020,Academic,2,2025-Sem1
EV000561,RA23110030000016,RA23110030000020,Academic,2,2026-Sem1
EV000562,RA23110030000016,RA23110030000021,Project,1,2026-Sem2
EV000563,RA23110030000016,RA23110030000021,Project,2,2026-Sem1
EV000564,RA23110030000016,RA23110280000020,Cross-Department,3,2025-Sem1
EV000565,RA23110030000016,RA23110280000020,Cross-Department,3,2025-Sem1
EV000566,RA23110030000016,RA23110280000020,Cross-Department,2,2025-Sem1
EV000567,RA23110030000016,RA23110290000008,Cross-Department,2,2025-Sem1
EV000568,RA23110030000016,RA23110290000008,Cross-Department,2,2026-Sem2
EV000569,RA23110030000016,RA23110540000014,Cross-Department,2,2026-Sem2
EV000570,RA23110030000016,RA24110540000031,Cross-Department,2,2026-Sem2
EV000571,RA23110030000016,RA24110540000031,Cross-Department,1,2026-Sem2
EV000572,RA23110030000016,RA24110540000031,Cross-Department,1,2026-Sem2
EV000573,RA23110030000016,RA24110540000032,Cross-Department,2,2026-Sem1
EV000574,RA23110030000016,RA24110540000032,Cross-Department,1,2025-Sem1
EV000575,RA23110030000016,RA24110540000032,Cross-Department,2,2026-Sem2
EV000576,RA23110030000016,RA24110540000032,Cross-Department,2,2026-Sem2
EV000577,RA23110030000016,RA24110540000032,Cross-Department,2,2025-Sem1
EV000578,RA23110030000016,RA24110540000043,Cross-Department,2,2025-Sem1
EV000579,RA23110030000016,RA25110030000051,Social,1,2026-Sem2
EV000580,RA23110030000016,RA25110030000051,Social,2,2025-Sem1
EV000581,RA23110030000016,RA25110300000045,Cross-Department,2,2025-Sem1
EV000582,RA23110030000016,RA25110300000051,Cross-Department,3,2025-Sem1
EV000583,RA23110030000016,RA25110560000058,Cross-Department,1,2026-Sem1
EV000584,RA23110030000016,RA25110560000058,Cross-Department,2,2026-Sem2
EV000585,RA23110030000016,RA26110030000088,Event,3,2026-Sem2
EV000586,RA23110030000016,RA26110030000088,Event,2,2026-Sem2
EV000587,RA23110030000016,RA26110280000083,Cross-Department,4,2026-Sem2
EV000588,RA23110030000016,RA26110280000083,Cross-Department,1,2025-Sem1
EV000589,RA23110030000016,RA26110290000075,Cross-Department,4,2025-Sem1
EV000590,RA23110030000016,RA26110300000086,Cross-Department,2,2026-Sem2
EV000591,RA23110030000016,RA26110300000086,Cross-Department,1,2026-Sem1
EV000592,RA23110030000016,RA26110300000087,Cross-Department,2,2026-Sem2
EV000593,RA23110030000016,RA26110300000087,Cross-Department,4,2025-Sem1
EV000594,RA23110030000016,RA26110560000078,Cross-Department,2,2025-Sem1
EV000595,RA23110030000016,RA26110560000078,Cross-Department,1,2026-Sem1
EV000596,RA23110030000017,RA23110030000018,Academic,2,2025-Sem1
EV000597,RA23110030000017,RA23110030000022,Social,2,2025-Sem1
EV000598,RA23110030000017,RA23110030000022,Social,1,2025-Sem1
EV000599,RA23110030000017,RA23110030000022,Social,1,2026-Sem1
EV000600,RA23110030000017,RA24110030000027,Club,1,2026-Sem2
EV000601,RA23110030000017,RA24110280000042,Cross-Department,1,2026-Sem1
EV000602,RA23110030000017,RA24110280000042,Cross-Department,1,2025-Sem1
EV000603,RA23110030000017,RA24110280000042,Cross-Department,1,2026-Sem1
EV000604,RA23110030000017,RA24110280000042,Cross-Department,2,2026-Sem1
EV000605,RA23110030000017,RA24110560000031,Cross-Department,2,2026-Sem1
EV000606,RA23110030000017,RA24110560000031,Cross-Department,1,2026-Sem1
EV000607,RA23110030000017,RA24110560000031,Cross-Department,1,2025-Sem1
EV000608,RA23110030000017,RA24110560000031,Cross-Department,4,2026-Sem1
EV000609,RA23110030000017,RA24110560000031,Cross-Department,2,2026-Sem2
EV000610,RA23110030000017,RA24110560000031,Cross-Department,2,2026-Sem2
EV000611,RA23110030000017,RA25110300000058,Cross-Department,1,2025-Sem1
EV000612,RA23110030000017,RA25110300000058,Cross-Department,3,2026-Sem2
EV000613,RA23110030000017,RA25110300000058,Cross-Department,1,2026-Sem1
EV000614,RA23110030000017,RA25110300000058,Cross-Department,2,2026-Sem2
EV000615,RA23110030000017,RA25110540000060,Cross-Department,2,2026-Sem1
EV000616,RA23110030000017,RA25110540000060,Cross-Department,2,2025-Sem1
EV000617,RA23110030000017,RA25110540000060,Cross-Department,1,2026-Sem2
EV000618,RA23110030000017,RA25110560000060,Cross-Department,1,2026-Sem2
EV000619,RA23110030000017,RA25110560000060,Cross-Department,1,2025-Sem1
EV000620,RA23110030000017,RA25110560000060,Cross-Department,1,2026-Sem2
EV000621,RA23110030000017,RA26110280000075,Cross-Department,2,2025-Sem1
EV000622,RA23110030000017,RA26110540000071,Cross-Department,2,2026-Sem2
EV000623,RA23110030000017,RA26110540000071,Cross-Department,2,2026-Sem2
EV000624,RA23110030000017,RA26110540000071,Cross-Department,2,2026-Sem1
EV000625,RA23110030000017,RA26110540000071,Cross-Department,1,2026-Sem2
EV000626,RA23110030000018,RA23110030000019,Academic,2,2026-Sem2
EV000627,RA23110030000018,RA23110030000021,Club,1,2026-Sem2
EV000628,RA23110030000018,RA23110280000022,Cross-Department,2,2025-Sem1
EV000629,RA23110030000018,RA23110280000022,Cross-Department,3,2025-Sem1
EV000630,RA23110030000018,RA23110290000017,Cross-Department,1,2026-Sem2
EV000631,RA23110030000018,RA23110290000017,Cross-Department,3,2025-Sem1
EV000632,RA23110030000018,RA23110290000017,Cross-Department,1,2026-Sem1
EV000633,RA23110030000018,RA23110300000004,Cross-Department,1,2026-Sem1
EV000634,RA23110030000018,RA23110300000004,Cross-Department,2,2025-Sem1
EV000635,RA23110030000018,RA23110300000004,Cross-Department,1,2025-Sem1
EV000636,RA23110030000018,RA23110300000004,Cross-Department,2,2025-Sem1
EV000637,RA23110030000018,RA24110030000035,Project,2,2026-Sem1
EV000638,RA23110030000018,RA24110030000035,Project,1,2025-Sem1
EV000639,RA23110030000018,RA24110030000035,Project,2,2026-Sem1
EV000640,RA23110030000018,RA24110030000035,Project,1,2025-Sem1
EV000641,RA23110030000018,RA24110030000035,Project,1,2025-Sem1
EV000642,RA23110030000018,RA24110030000035,Project,1,2026-Sem2
EV000643,RA23110030000018,RA24110280000031,Cross-Department,3,2026-Sem2
EV000644,RA23110030000018,RA24110280000031,Cross-Department,1,2025-Sem1
EV000645,RA23110030000018,RA24110290000027,Cross-Department,1,2025-Sem1
EV000646,RA23110030000018,RA24110290000027,Cross-Department,1,2026-Sem2
EV000647,RA23110030000018,RA24110290000027,Cross-Department,1,2026-Sem1
EV000648,RA23110030000018,RA24110290000027,Cross-Department,2,2025-Sem1
EV000649,RA23110030000018,RA24110560000029,Cross-Department,1,2025-Sem1
EV000650,RA23110030000018,RA24110560000029,Cross-Department,2,2026-Sem1
EV000651,RA23110030000018,RA24110560000029,Cross-Department,1,2026-Sem2
EV000652,RA23110030000018,RA24110560000029,Cross-Department,1,2026-Sem1
EV000653,RA23110030000018,RA24110560000029,Cross-Department,2,2025-Sem1
EV000654,RA23110030000018,RA24110560000029,Cross-Department,1,2026-Sem2
EV000655,RA23110030000018,RA25110030000051,Project,1,2025-Sem1
EV000656,RA23110030000018,RA25110030000051,Project,1,2026-Sem2
EV000657,RA23110030000018,RA25110030000051,Project,1,2026-Sem1
EV000658,RA23110030000018,RA25110030000051,Project,1,2026-Sem1
EV000659,RA23110030000018,RA25110280000061,Cross-Department,5,2025-Sem1
EV000660,RA23110030000018,RA25110290000054,Cross-Department,2,2026-Sem2
EV000661,RA23110030000018,RA25110290000054,Cross-Department,1,2026-Sem2
EV000662,RA23110030000018,RA26110030000069,Club,1,2025-Sem1
EV000663,RA23110030000018,RA26110030000069,Club,1,2025-Sem1
EV000664,RA23110030000018,RA26110030000083,Event,1,2026-Sem2
EV000665,RA23110030000018,RA26110030000083,Event,1,2025-Sem1
EV000666,RA23110030000018,RA26110280000085,Cross-Department,2,2025-Sem1
EV000667,RA23110030000018,RA26110280000085,Cross-Department,3,2025-Sem1
EV000668,RA23110030000018,RA26110280000085,Cross-Department,3,2025-Sem1
EV000669,RA23110030000018,RA26110290000068,Cross-Department,1,2026-Sem2
EV000670,RA23110030000018,RA26110290000068,Cross-Department,3,2025-Sem1
EV000671,RA23110030000018,RA26110290000068,Cross-Department,1,2025-Sem1
EV000672,RA23110030000018,RA26110540000070,Cross-Department,6,2026-Sem2
EV000673,RA23110030000018,RA26110540000070,Cross-Department,2,2026-Sem2
EV000674,RA23110030000018,RA26110540000070,Cross-Department,1,2026-Sem2
EV000675,RA23110030000018,RA26110540000070,Cross-Department,1,2025-Sem1
EV000676,RA23110030000019,RA23110030000020,Academic,3,2026-Sem2
EV000677,RA23110030000019,RA23110030000020,Academic,1,2025-Sem1
EV000678,RA23110030000019,RA23110540000022,Cross-Department,5,2026-Sem1
EV000679,RA23110030000019,RA24110030000034,Academic,1,2026-Sem1
EV000680,RA23110030000019,RA24110030000034,Academic,1,2026-Sem2
EV000681,RA23110030000019,RA24110030000040,Event,2,2026-Sem1
EV000682,RA23110030000019,RA24110280000035,Cross-Department,1,2026-Sem1
EV000683,RA23110030000019,RA24110280000035,Cross-Department,1,2026-Sem2
EV000684,RA23110030000019,RA24110280000035,Cross-Department,2,2026-Sem1
EV000685,RA23110030000019,RA24110280000035,Cross-Department,1,2026-Sem1
EV000686,RA23110030000019,RA24110280000035,Cross-Department,2,2026-Sem1
EV000687,RA23110030000019,RA24110300000023,Cross-Department,3,2026-Sem1
EV000688,RA23110030000019,RA24110300000023,Cross-Department,3,2026-Sem1
EV000689,RA23110030000019,RA25110030000047,Academic,1,2026-Sem1
EV000690,RA23110030000019,RA25110030000047,Academic,1,2025-Sem1
EV000691,RA23110030000019,RA25110030000053,Social,1,2026-Sem1
EV000692,RA23110030000019,RA25110300000064,Cross-Department,2,2026-Sem1
EV000693,RA23110030000019,RA25110300000064,Cross-Department,1,2026-Sem1
EV000694,RA23110030000019,RA25110300000064,Cross-Department,1,2026-Sem2
EV000695,RA23110030000019,RA26110280000076,Cross-Department,2,2026-Sem1
EV000696,RA23110030000019,RA26110280000076,Cross-Department,2,2025-Sem1
EV000697,RA23110030000020,RA23110030000021,Social,3,2026-Sem1
EV000698,RA23110030000020,RA23110290000014,Cross-Department,3,2026-Sem1
EV000699,RA23110030000020,RA23110290000014,Cross-Department,1,2025-Sem1
EV000700,RA23110030000020,RA23110300000014,Cross-Department,2,2026-Sem1
EV000701,RA23110030000020,RA23110300000014,Cross-Department,1,2026-Sem2
EV000702,RA23110030000020,RA23110300000014,Cross-Department,1,2026-Sem2
EV000703,RA23110030000020,RA23110300000014,Cross-Department,1,2025-Sem1
EV000704,RA23110030000020,RA24110030000042,Academic,1,2026-Sem2
EV000705,RA23110030000020,RA24110030000042,Academic,1,2026-Sem1
EV000706,RA23110030000020,RA24110030000042,Academic,2,2025-Sem1
EV000707,RA23110030000020,RA24110030000042,Academic,1,2025-Sem1
EV000708,RA23110030000020,RA24110290000035,Cross-Department,3,2025-Sem1
EV000709,RA23110030000020,RA24110290000035,Cross-Department,2,2025-Sem1
EV000710,RA23110030000020,RA24110290000035,Cross-Department,1,2025-Sem1
EV000711,RA23110030000020,RA24110290000036,Cross-Department,1,2025-Sem1
EV000712,RA23110030000020,RA24110290000036,Cross-Department,1,2026-Sem1
EV000713,RA23110030000020,RA24110290000036,Cross-Department,2,2026-Sem2
EV000714,RA23110030000020,RA25110030000048,Academic,2,2026-Sem2
EV000715,RA23110030000020,RA25110290000057,Cross-Department,1,2026-Sem2
EV000716,RA23110030000020,RA25110290000057,Cross-Department,2,2026-Sem1
EV000717,RA23110030000020,RA25110290000057,Cross-Department,1,2026-Sem1
EV000718,RA23110030000020,RA25110300000047,Cross-Department,4,2025-Sem1
EV000719,RA23110030000020,RA25110300000047,Cross-Department,1,2025-Sem1
EV000720,RA23110030000020,RA25110300000047,Cross-Department,2,2025-Sem1
EV000721,RA23110030000020,RA25110300000049,Cross-Department,2,2025-Sem1
EV000722,RA23110030000020,RA25110300000049,Cross-Department,1,2026-Sem1
EV000723,RA23110030000020,RA25110300000049,Cross-Department,3,2026-Sem1
EV000724,RA23110030000020,RA25110300000049,Cross-Department,2,2025-Sem1
EV000725,RA23110030000020,RA25110300000049,Cross-Department,4,2025-Sem1
EV000726,RA23110030000020,RA25110300000049,Cross-Department,2,2026-Sem2
EV000727,RA23110030000020,RA25110540000066,Cross-Department,1,2026-Sem1
EV000728,RA23110030000020,RA25110540000066,Cross-Department,1,2026-Sem1
EV000729,RA23110030000020,RA25110540000066,Cross-Department,1,2026-Sem2
EV000730,RA23110030000020,RA25110540000066,Cross-Department,2,2025-Sem1
EV000731,RA23110030000020,RA26110280000069,Cross-Department,3,2025-Sem1
EV000732,RA23110030000020,RA26110280000069,Cross-Department,2,2025-Sem1
EV000733,RA23110030000020,RA26110300000081,Cross-Department,5,2026-Sem2
EV000734,RA23110030000020,RA26110300000081,Cross-Department,3,2025-Sem1
EV000735,RA23110030000021,RA23110030000022,Academic,3,2025-Sem1
EV000736,RA23110030000021,RA23110560000020,Cross-Department,1,2026-Sem2
EV000737,RA23110030000021,RA23110560000020,Cross-Department,1,2026-Sem1
EV000738,RA23110030000021,RA23110560000020,Cross-Department,2,2026-Sem1
EV000739,RA23110030000021,RA23110560000020,Cross-Department,2,2026-Sem1
EV000740,RA23110030000021,RA24110030000027,Academic,2,2025-Sem1
EV000741,RA23110030000021,RA24110560000042,Cross-Department,1,2025-Sem1
EV000742,RA23110030000021,RA24110560000042,Cross-Department,1,2026-Sem1
EV000743,RA23110030000021,RA24110560000042,Cross-Department,2,2025-Sem1
EV000744,RA23110030000021,RA25110030000051,Academic,3,2025-Sem1
EV000745,RA23110030000021,RA25110540000054,Cross-Department,2,2026-Sem2
EV000746,RA23110030000021,RA25110540000054,Cross-Department,2,2026-Sem1
EV000747,RA23110030000021,RA25110540000054,Cross-Department,1,2025-Sem1
EV000748,RA23110030000021,RA25110540000054,Cross-Department,1,2026-Sem2
EV000749,RA23110030000021,RA26110030000071,Event,2,2025-Sem1
EV000750,RA23110030000021,RA26110030000071,Event,2,2026-Sem2
EV000751,RA23110030000021,RA26110030000071,Event,1,2026-Sem1
EV000752,RA23110030000021,RA26110030000085,Event,2,2025-Sem1
EV000753,RA23110030000021,RA26110540000082,Cross-Department,2,2025-Sem1
EV000754,RA23110030000021,RA26110540000082,Cross-Department,2,2026-Sem2
EV000755,RA23110030000022,RA23110290000003,Cross-Department,2,2026-Sem2
EV000756,RA23110030000022,RA23110290000003,Cross-Department,1,2026-Sem1
EV000757,RA23110030000022,RA23110300000019,Cross-Department,4,2025-Sem1
EV000758,RA23110030000022,RA23110300000019,Cross-Department,2,2026-Sem2
EV000759,RA23110030000022,RA23110300000019,Cross-Department,1,2026-Sem2
EV000760,RA23110030000022,RA23110540000007,Cross-Department,1,2026-Sem1
EV000761,RA23110030000022,RA23110540000007,Cross-Department,1,2026-Sem2
EV000762,RA23110030000022,RA23110540000007,Cross-Department,1,2026-Sem2
EV000763,RA23110030000022,RA23110540000007,Cross-Department,2,2025-Sem1
EV000764,RA23110030000022,RA23110560000015,Cross-Department,3,2025-Sem1
EV000765,RA23110030000022,RA24110030000026,Project,1,2026-Sem2
EV000766,RA23110030000022,RA24110030000040,Project,2,2025-Sem1
EV000767,RA23110030000022,RA24110300000035,Cross-Department,2,2025-Sem1
EV000768,RA23110030000022,RA24110300000035,Cross-Department,3,2026-Sem1
EV000769,RA23110030000022,RA24110300000044,Cross-Department,2,2025-Sem1
EV000770,RA23110030000022,RA24110540000033,Cross-Department,1,2025-Sem1
EV000771,RA23110030000022,RA24110540000033,Cross-Department,2,2026-Sem1
EV000772,RA23110030000022,RA25110030000052,Club,2,2026-Sem2
EV000773,RA23110030000022,RA25110030000052,Club,1,2026-Sem1
EV000774,RA23110030000022,RA25110280000062,Cross-Department,4,2026-Sem1
EV000775,RA23110030000022,RA25110280000062,Cross-Department,3,2026-Sem1
EV000776,RA23110030000022,RA25110290000047,Cross-Department,2,2026-Sem2
EV000777,RA23110030000022,RA25110290000047,Cross-Department,1,2026-Sem2
EV000778,RA23110030000022,RA25110290000047,Cross-Department,1,2025-Sem1
EV000779,RA23110030000022,RA25110290000047,Cross-Department,1,2026-Sem2
EV000780,RA23110030000022,RA25110290000058,Cross-Department,1,2026-Sem2
EV000781,RA23110030000022,RA25110290000058,Cross-Department,2,2026-Sem2
EV000782,RA23110030000022,RA25110290000058,Cross-Department,1,2025-Sem1
EV000783,RA23110030000022,RA26110030000077,Academic,1,2025-Sem1
EV000784,RA23110030000022,RA26110030000077,Academic,1,2025-Sem1
EV000785,RA23110030000022,RA26110030000077,Academic,1,2025-Sem1
EV000786,RA23110030000022,RA26110540000069,Cross-Department,2,2025-Sem1
EV000787,RA23110030000022,RA26110540000069,Cross-Department,2,2026-Sem2
EV000788,RA23110030000022,RA26110540000069,Cross-Department,1,2026-Sem1
EV000789,RA23110030000022,RA26110540000077,Cross-Department,1,2025-Sem1
EV000790,RA23110030000022,RA26110540000077,Cross-Department,3,2025-Sem1
EV000791,RA23110030000022,RA26110540000077,Cross-Department,2,2025-Sem1
EV000792,RA23110270000001,RA23110270000002,Event,3,2026-Sem2
EV000793,RA23110270000001,RA23110270000002,Event,1,2025-Sem1
EV000794,RA23110270000001,RA23110270000003,Academic,2,2026-Sem1
EV000795,RA23110270000001,RA23110270000003,Academic,2,2026-Sem2
EV000796,RA23110270000001,RA23110270000003,Academic,2,2026-Sem1
EV000797,RA23110270000001,RA23110270000003,Academic,1,2026-Sem1
EV000798,RA23110270000001,RA23110270000003,Academic,1,2025-Sem1
EV000799,RA23110270000001,RA23110270000003,Academic,4,2025-Sem1
EV000800,RA23110270000001,RA23110270000009,Project,1,2026-Sem2
EV000801,RA23110270000001,RA23110270000013,Academic,3,2026-Sem1
EV000802,RA23110270000001,RA23110270000013,Academic,3,2026-Sem2
EV000803,RA23110270000001,RA23110270000013,Academic,1,2025-Sem1
EV000804,RA23110270000001,RA23110270000013,Academic,2,2025-Sem1
EV000805,RA23110270000001,RA23110270000014,Social,1,2025-Sem1
EV000806,RA23110270000001,RA23110270000014,Social,3,2026-Sem2
EV000807,RA23110270000001,RA23110270000014,Social,1,2026-Sem2
EV000808,RA23110270000001,RA23110270000014,Social,1,2025-Sem1
EV000809,RA23110270000001,RA23110270000015,Academic,2,2026-Sem2
EV000810,RA23110270000001,RA23110270000016,Social,1,2025-Sem1
EV000811,RA23110270000001,RA23110270000016,Social,1,2026-Sem1
EV000812,RA23110270000001,RA23110270000020,Club,3,2026-Sem2
EV000813,RA23110270000001,RA23110270000020,Club,1,2026-Sem1
EV000814,RA23110270000001,RA23110270000020,Club,2,2026-Sem1
EV000815,RA23110270000001,RA23110270000020,Club,1,2026-Sem1
EV000816,RA23110270000001,RA23110270000020,Club,2,2025-Sem1
EV000817,RA23110270000001,RA23110270000020,Club,1,2026-Sem2
EV000818,RA23110270000001,RA23110270000020,Club,3,2025-Sem1
EV000819,RA23110270000001,RA23110270000020,Club,1,2026-Sem1
EV000820,RA23110270000001,RA23110270000022,Project,1,2025-Sem1
EV000821,RA23110270000001,RA23110270000022,Project,1,2026-Sem1
EV000822,RA23110270000001,RA23110270000022,Project,1,2026-Sem1
EV000823,RA23110270000001,RA23110270000022,Project,1,2026-Sem1
EV000824,RA23110270000001,RA23110540000017,Cross-Department,1,2025-Sem1
EV000825,RA23110270000001,RA23110540000017,Cross-Department,3,2026-Sem2
EV000826,RA23110270000001,RA24110270000023,Academic,1,2026-Sem1
EV000827,RA23110270000001,RA24110270000024,Event,1,2025-Sem1
EV000828,RA23110270000001,RA24110270000031,Academic,3,2026-Sem1
EV000829,RA23110270000001,RA24110560000030,Cross-Department,1,2026-Sem1
EV000830,RA23110270000001,RA24110560000030,Cross-Department,2,2025-Sem1
EV000831,RA23110270000001,RA25110540000059,Cross-Department,3,2026-Sem1
EV000832,RA23110270000001,RA25110540000059,Cross-Department,1,2026-Sem2
EV000833,RA23110270000001,RA25110540000066,Cross-Department,2,2025-Sem1
EV000834,RA23110270000001,RA25110540000066,Cross-Department,1,2025-Sem1
EV000835,RA23110270000001,RA26110270000084,Social,2,2026-Sem1
EV000836,RA23110270000001,RA26110540000085,Cross-Department,2,2026-Sem1
EV000837,RA23110270000001,RA26110540000085,Cross-Department,1,2026-Sem1
EV000838,RA23110270000001,RA26110540000085,Cross-Department,1,2026-Sem2
EV000839,RA23110270000002,RA23110270000003,Project,4,2025-Sem1
EV000840,RA23110270000002,RA23110270000003,Project,6,2026-Sem1
EV000841,RA23110270000002,RA23110270000003,Project,1,2026-Sem2
EV000842,RA23110270000002,RA23110270000003,Project,1,2026-Sem1
EV000843,RA23110270000002,RA23110270000004,Project,1,2025-Sem1
EV000844,RA23110270000002,RA23110270000008,Project,1,2025-Sem1
EV000845,RA23110270000002,RA23110270000008,Project,1,2025-Sem1
EV000846,RA23110270000002,RA23110270000008,Project,1,2026-Sem2
EV000847,RA23110270000002,RA23110270000014,Project,1,2026-Sem2
EV000848,RA23110270000002,RA23110270000015,Social,4,2026-Sem2
EV000849,RA23110270000002,RA23110270000017,Club,4,2026-Sem2
EV000850,RA23110270000002,RA23110270000019,Club,1,2026-Sem2
EV000851,RA23110270000002,RA23110270000019,Club,3,2026-Sem1
EV000852,RA23110270000002,RA23110270000021,Social,2,2026-Sem1
EV000853,RA23110270000002,RA23110270000022,Club,1,2026-Sem1
EV000854,RA23110270000002,RA24110560000025,Cross-Department,2,2025-Sem1
EV000855,RA23110270000002,RA24110560000025,Cross-Department,1,2026-Sem2
EV000856,RA23110270000002,RA26110270000077,Academic,2,2026-Sem1
EV000857,RA23110270000002,RA26110560000079,Cross-Department,3,2026-Sem1
EV000858,RA23110270000002,RA26110560000079,Cross-Department,1,2026-Sem1
EV000859,RA23110270000003,RA23110270000004,Academic,5,2026-Sem2
EV000860,RA23110270000003,RA23110270000006,Event,3,2026-Sem1
EV000861,RA23110270000003,RA23110270000006,Event,1,2026-Sem2
EV000862,RA23110270000003,RA23110270000006,Event,1,2025-Sem1
EV000863,RA23110270000003,RA23110270000008,Club,3,2026-Sem1
EV000864,RA23110270000003,RA23110270000008,Club,1,2026-Sem2
EV000865,RA23110270000003,RA23110270000011,Event,4,2025-Sem1
EV000866,RA23110270000003,RA23110270000011,Event,1,2026-Sem2
EV000867,RA23110270000003,RA23110270000011,Event,1,2026-Sem1
EV000868,RA23110270000003,RA23110270000013,Event,1,2026-Sem1
EV000869,RA23110270000003,RA23110270000013,Event,2,2025-Sem1
EV000870,RA23110270000003,RA23110270000017,Academic,1,2025-Sem1
EV000871,RA23110270000003,RA23110270000017,Academic,2,2025-Sem1
EV000872,RA23110270000003,RA23110270000017,Academic,1,2026-Sem2
EV000873,RA23110270000003,RA23110270000020,Project,1,2025-Sem1
EV000874,RA23110270000003,RA23110270000021,Event,1,2026-Sem1
EV000875,RA23110270000003,RA23110270000022,Academic,1,2026-Sem2
EV000876,RA23110270000003,RA23110270000022,Academic,1,2026-Sem1
EV000877,RA23110270000003,RA23110270000022,Academic,1,2026-Sem1
EV000878,RA23110270000003,RA23110270000022,Academic,2,2026-Sem1
EV000879,RA23110270000003,RA25110540000061,Cross-Department,3,2026-Sem2
EV000880,RA23110270000003,RA25110540000063,Cross-Department,2,2025-Sem1
EV000881,RA23110270000003,RA25110540000063,Cross-Department,2,2026-Sem1
EV000882,RA23110270000003,RA26110300000079,Cross-Department,1,2026-Sem1
EV000883,RA23110270000003,RA26110300000079,Cross-Department,2,2026-Sem1
EV000884,RA23110270000003,RA26110300000079,Cross-Department,1,2026-Sem2
EV000885,RA23110270000003,RA26110300000079,Cross-Department,1,2025-Sem1
EV000886,RA23110270000003,RA26110300000079,Cross-Department,2,2025-Sem1
EV000887,RA23110270000004,RA23110270000005,Event,1,2025-Sem1
EV000888,RA23110270000004,RA23110270000005,Event,1,2026-Sem2
EV000889,RA23110270000004,RA23110270000007,Academic,1,2026-Sem1
EV000890,RA23110270000004,RA23110270000007,Academic,1,2026-Sem1
EV000891,RA23110270000004,RA23110270000008,Project,2,2026-Sem2
EV000892,RA23110270000004,RA23110270000008,Project,3,2025-Sem1
EV000893,RA23110270000004,RA23110270000015,Academic,1,2026-Sem2
EV000894,RA23110270000004,RA23110270000015,Academic,2,2025-Sem1
EV000895,RA23110270000004,RA23110270000015,Academic,1,2026-Sem1
EV000896,RA23110270000004,RA23110270000015,Academic,1,2026-Sem2
EV000897,RA23110270000004,RA23110270000016,Academic,3,2025-Sem1
EV000898,RA23110270000004,RA23110270000016,Academic,1,2025-Sem1
EV000899,RA23110270000004,RA23110270000022,Club,4,2026-Sem1
EV000900,RA23110270000004,RA23110270000022,Club,1,2025-Sem1
EV000901,RA23110270000004,RA23110270000022,Club,2,2026-Sem2
EV000902,RA23110270000004,RA23110270000022,Club,1,2025-Sem1
EV000903,RA23110270000004,RA24110540000026,Cross-Department,1,2025-Sem1
EV000904,RA23110270000004,RA24110540000026,Cross-Department,2,2026-Sem2
EV000905,RA23110270000004,RA24110540000026,Cross-Department,3,2026-Sem1
EV000906,RA23110270000004,RA25110540000060,Cross-Department,1,2025-Sem1
EV000907,RA23110270000004,RA25110540000060,Cross-Department,1,2026-Sem2
EV000908,RA23110270000004,RA25110540000060,Cross-Department,2,2026-Sem1
EV000909,RA23110270000004,RA25110540000060,Cross-Department,1,2026-Sem1
EV000910,RA23110270000004,RA25110560000058,Cross-Department,2,2025-Sem1
EV000911,RA23110270000005,RA23110270000006,Project,2,2025-Sem1
EV000912,RA23110270000005,RA23110270000010,Project,1,2026-Sem1
EV000913,RA23110270000005,RA23110270000010,Project,1,2025-Sem1
EV000914,RA23110270000005,RA23110270000012,Project,1,2026-Sem2
EV000915,RA23110270000005,RA23110270000012,Project,1,2026-Sem2
EV000916,RA23110270000005,RA23110270000012,Project,1,2025-Sem1
EV000917,RA23110270000005,RA23110270000014,Club,1,2025-Sem1
EV000918,RA23110270000005,RA23110270000014,Club,1,2026-Sem1
EV000919,RA23110270000005,RA23110270000016,Project,4,2025-Sem1
EV000920,RA23110270000005,RA23110270000017,Project,4,2025-Sem1
EV000921,RA23110270000005,RA23110270000021,Event,2,2025-Sem1
EV000922,RA23110270000005,RA23110270000021,Event,1,2026-Sem1
EV000923,RA23110270000005,RA23110560000013,Cross-Department,2,2025-Sem1
EV000924,RA23110270000005,RA23110560000013,Cross-Department,2,2026-Sem1
EV000925,RA23110270000005,RA24110270000044,Project,1,2026-Sem2
EV000926,RA23110270000005,RA24110270000044,Project,1,2025-Sem1
EV000927,RA23110270000005,RA24110270000044,Project,1,2025-Sem1
EV000928,RA23110270000005,RA24110540000039,Cross-Department,2,2026-Sem1
EV000929,RA23110270000005,RA24110540000039,Cross-Department,4,2026-Sem2
EV000930,RA23110270000005,RA25110270000047,Social,1,2026-Sem2
EV000931,RA23110270000005,RA25110270000047,Social,1,2026-Sem2
EV000932,RA23110270000005,RA25110270000047,Social,2,2026-Sem1
EV000933,RA23110270000005,RA25110270000058,Social,2,2025-Sem1
EV000934,RA23110270000005,RA25110270000058,Social,4,2026-Sem2
EV000935,RA23110270000005,RA25110540000049,Cross-Department,1,2026-Sem2
EV000936,RA23110270000005,RA25110540000049,Cross-Department,2,2026-Sem2
EV000937,RA23110270000005,RA25110540000049,Cross-Department,3,2025-Sem1
EV000938,RA23110270000005,RA26110560000083,Cross-Department,2,2026-Sem1
EV000939,RA23110270000005,RA26110560000083,Cross-Department,1,2026-Sem1
EV000940,RA23110270000005,RA26110560000083,Cross-Department,3,2026-Sem2
EV000941,RA23110270000006,RA23110270000007,Social,4,2026-Sem1
EV000942,RA23110270000006,RA23110270000008,Academic,2,2026-Sem1
EV000943,RA23110270000006,RA23110270000008,Academic,2,2025-Sem1
EV000944,RA23110270000006,RA23110270000008,Academic,4,2026-Sem2
EV000945,RA23110270000006,RA23110270000008,Academic,1,2025-Sem1
EV000946,RA23110270000006,RA23110270000009,Social,1,2026-Sem1
EV000947,RA23110270000006,RA23110270000009,Social,1,2025-Sem1
EV000948,RA23110270000006,RA23110270000010,Event,2,2026-Sem1
EV000949,RA23110270000006,RA23110270000012,Event,2,2026-Sem2
EV000950,RA23110270000006,RA23110270000012,Event,2,2025-Sem1
EV000951,RA23110270000006,RA23110270000012,Event,1,2026-Sem2
EV000952,RA23110270000006,RA23110270000013,Project,2,2026-Sem1
EV000953,RA23110270000006,RA23110270000020,Academic,1,2026-Sem1
EV000954,RA23110270000006,RA23110270000020,Academic,2,2025-Sem1
EV000955,RA23110270000006,RA23110270000020,Academic,3,2025-Sem1
EV000956,RA23110270000006,RA23110270000020,Academic,2,2025-Sem1
EV000957,RA23110270000006,RA23110270000022,Event,1,2026-Sem1
EV000958,RA23110270000006,RA24110270000030,Academic,2,2026-Sem2
EV000959,RA23110270000006,RA24110270000032,Social,1,2026-Sem2
EV000960,RA23110270000006,RA24110270000032,Social,2,2025-Sem1
EV000961,RA23110270000006,RA24110270000032,Social,1,2026-Sem1
EV000962,RA23110270000006,RA24110270000041,Project,2,2026-Sem2
EV000963,RA23110270000006,RA24110270000041,Project,1,2026-Sem2
EV000964,RA23110270000006,RA25110270000046,Social,2,2025-Sem1
EV000965,RA23110270000006,RA25110270000053,Event,3,2026-Sem2
EV000966,RA23110270000006,RA26110540000080,Cross-Department,2,2026-Sem1
EV000967,RA23110270000006,RA26110560000070,Cross-Department,2,2025-Sem1
EV000968,RA23110270000006,RA26110560000070,Cross-Department,2,2026-Sem1
EV000969,RA23110270000007,RA23110270000008,Social,5,2026-Sem2
EV000970,RA23110270000007,RA23110270000008,Social,1,2026-Sem1
EV000971,RA23110270000007,RA23110270000011,Academic,2,2026-Sem1
EV000972,RA23110270000007,RA23110270000011,Academic,1,2026-Sem2
EV000973,RA23110270000007,RA23110270000011,Academic,2,2025-Sem1
EV000974,RA23110270000007,RA23110270000013,Social,2,2026-Sem1
EV000975,RA23110270000007,RA23110270000021,Academic,1,2025-Sem1
EV000976,RA23110270000007,RA23110270000021,Academic,1,2026-Sem2
EV000977,RA23110270000007,RA24110270000043,Academic,1,2025-Sem1
EV000978,RA23110270000007,RA24110270000043,Academic,2,2026-Sem1
EV000979,RA23110270000007,RA24110540000029,Cross-Department,2,2026-Sem1
EV000980,RA23110270000007,RA24110540000029,Cross-Department,3,2026-Sem2
EV000981,RA23110270000007,RA24110540000029,Cross-Department,1,2026-Sem1
EV000982,RA23110270000007,RA24110540000029,Cross-Department,1,2026-Sem2
EV000983,RA23110270000007,RA24110560000029,Cross-Department,2,2025-Sem1
EV000984,RA23110270000007,RA24110560000029,Cross-Department,1,2026-Sem1
EV000985,RA23110270000007,RA25110540000054,Cross-Department,1,2026-Sem1
EV000986,RA23110270000007,RA25110540000054,Cross-Department,1,2026-Sem1
EV000987,RA23110270000007,RA25110540000054,Cross-Department,1,2025-Sem1
EV000988,RA23110270000007,RA25110540000054,Cross-Department,1,2026-Sem1
EV000989,RA23110270000007,RA25110540000059,Cross-Department,3,2026-Sem1
EV000990,RA23110270000007,RA25110540000059,Cross-Department,1,2026-Sem1
EV000991,RA23110270000007,RA25110560000060,Cross-Department,1,2026-Sem1
EV000992,RA23110270000007,RA25110560000060,Cross-Department,2,2026-Sem2
EV000993,RA23110270000007,RA26110270000076,Social,1,2026-Sem2
EV000994,RA23110270000007,RA26110270000076,Social,3,2025-Sem1
EV000995,RA23110270000007,RA26110540000067,Cross-Department,2,2026-Sem2
EV000996,RA23110270000007,RA26110540000067,Cross-Department,2,2026-Sem1
EV000997,RA23110270000007,RA26110540000067,Cross-Department,1,2026-Sem1
EV000998,RA23110270000008,RA23110270000009,Club,2,2026-Sem2
EV000999,RA23110270000008,RA23110270000011,Social,1,2025-Sem1
EV001000,RA23110270000008,RA23110270000011,Social,1,2026-Sem1
EV001001,RA23110270000008,RA23110270000011,Social,2,2025-Sem1
EV001002,RA23110270000008,RA23110270000011,Social,1,2026-Sem1
EV001003,RA23110270000008,RA23110270000011,Social,3,2026-Sem2
EV001004,RA23110270000008,RA23110270000012,Club,1,2025-Sem1
EV001005,RA23110270000008,RA23110270000012,Club,1,2026-Sem1
EV001006,RA23110270000008,RA23110270000012,Club,1,2025-Sem1
EV001007,RA23110270000008,RA23110270000012,Club,1,2025-Sem1
EV001008,RA23110270000008,RA23110270000013,Project,1,2025-Sem1
EV001009,RA23110270000008,RA23110270000013,Project,3,2026-Sem2
EV001010,RA23110270000008,RA23110270000018,Social,1,2026-Sem2
EV001011,RA23110270000008,RA23110270000018,Social,2,2026-Sem1
EV001012,RA23110270000008,RA23110270000019,Club,2,2025-Sem1
EV001013,RA23110270000008,RA23110270000019,Club,2,2026-Sem1
EV001014,RA23110270000008,RA23110270000020,Club,4,2026-Sem1
EV001015,RA23110270000008,RA23110270000020,Club,1,2026-Sem2
EV001016,RA23110270000008,RA23110270000020,Club,4,2026-Sem2
EV001017,RA23110270000008,RA23110270000020,Club,1,2025-Sem1
EV001018,RA23110270000008,RA23110270000021,Project,1,2026-Sem1
EV001019,RA23110270000008,RA23110270000022,Event,1,2026-Sem2
EV001020,RA23110270000008,RA23110270000022,Event,2,2026-Sem1
EV001021,RA23110270000008,RA23110270000022,Event,2,2025-Sem1
EV001022,RA23110270000008,RA23110270000022,Event,2,2025-Sem1
EV001023,RA23110270000008,RA24110560000040,Cross-Department,1,2026-Sem1
EV001024,RA23110270000008,RA24110560000040,Cross-Department,3,2026-Sem2
EV001025,RA23110270000008,RA24110560000040,Cross-Department,1,2026-Sem2
EV001026,RA23110270000008,RA25110560000051,Cross-Department,3,2026-Sem1
EV001027,RA23110270000008,RA25110560000051,Cross-Department,2,2025-Sem1
EV001028,RA23110270000008,RA25110560000051,Cross-Department,2,2026-Sem2
EV001029,RA23110270000008,RA25110560000051,Cross-Department,2,2025-Sem1
EV001030,RA23110270000008,RA26110270000073,Club,1,2026-Sem1
EV001031,RA23110270000008,RA26110270000073,Club,1,2026-Sem2
EV001032,RA23110270000008,RA26110270000073,Club,2,2026-Sem2
EV001033,RA23110270000008,RA26110540000073,Cross-Department,1,2026-Sem2
EV001034,RA23110270000008,RA26110540000073,Cross-Department,1,2025-Sem1
EV001035,RA23110270000008,RA26110540000074,Cross-Department,3,2025-Sem1
EV001036,RA23110270000008,RA26110540000074,Cross-Department,2,2025-Sem1
EV001037,RA23110270000008,RA26110540000074,Cross-Department,3,2026-Sem1
EV001038,RA23110270000008,RA26110560000083,Cross-Department,2,2025-Sem1
EV001039,RA23110270000008,RA26110560000083,Cross-Department,2,2026-Sem1
EV001040,RA23110270000008,RA26110560000083,Cross-Department,3,2025-Sem1
EV001041,RA23110270000008,RA26110560000083,Cross-Department,1,2026-Sem1
EV001042,RA23110270000009,RA23110270000010,Social,1,2025-Sem1
EV001043,RA23110270000009,RA23110270000011,Project,3,2026-Sem1
EV001044,RA23110270000009,RA23110270000011,Project,1,2026-Sem1
EV001045,RA23110270000009,RA23110270000017,Social,2,2025-Sem1
EV001046,RA23110270000009,RA23110270000018,Event,3,2026-Sem1
EV001047,RA23110270000009,RA23110270000019,Academic,1,2026-Sem1
EV001048,RA23110270000009,RA23110270000019,Academic,1,2025-Sem1
EV001049,RA23110270000009,RA23110270000019,Academic,2,2025-Sem1
EV001050,RA23110270000009,RA23110270000020,Event,2,2026-Sem1
EV001051,RA23110270000009,RA23110270000020,Event,1,2025-Sem1
EV001052,RA23110270000009,RA23110270000020,Event,1,2026-Sem2
EV001053,RA23110270000009,RA23110270000021,Academic,3,2026-Sem2
EV001054,RA23110270000009,RA23110270000021,Academic,2,2026-Sem2
EV001055,RA23110270000009,RA23110270000021,Academic,2,2025-Sem1
EV001056,RA23110270000009,RA23110270000022,Academic,2,2025-Sem1
EV001057,RA23110270000009,RA23110270000022,Academic,3,2026-Sem1
EV001058,RA23110270000009,RA23110270000022,Academic,2,2026-Sem2
EV001059,RA23110270000009,RA24110280000044,Cross-Department,3,2025-Sem1
EV001060,RA23110270000009,RA24110560000036,Cross-Department,1,2026-Sem1
EV001061,RA23110270000009,RA24110560000036,Cross-Department,1,2026-Sem1
EV001062,RA23110270000009,RA24110560000036,Cross-Department,1,2025-Sem1
EV001063,RA23110270000009,RA24110560000036,Cross-Department,1,2026-Sem2
EV001064,RA23110270000009,RA24110560000036,Cross-Department,2,2026-Sem2
EV001065,RA23110270000009,RA24110560000036,Cross-Department,1,2026-Sem1
EV001066,RA23110270000009,RA25110270000051,Club,1,2025-Sem1
EV001067,RA23110270000009,RA25110270000055,Project,2,2025-Sem1
EV001068,RA23110270000009,RA25110540000046,Cross-Department,2,2025-Sem1
EV001069,RA23110270000009,RA25110540000046,Cross-Department,1,2025-Sem1
EV001070,RA23110270000009,RA25110540000046,Cross-Department,1,2025-Sem1
EV001071,RA23110270000010,RA23110270000011,Social,2,2026-Sem1
EV001072,RA23110270000010,RA23110270000011,Social,2,2026-Sem2
EV001073,RA23110270000010,RA23110270000011,Social,1,2025-Sem1
EV001074,RA23110270000010,RA23110270000013,Academic,1,2026-Sem2
EV001075,RA23110270000010,RA23110270000013,Academic,1,2026-Sem2
EV001076,RA23110270000010,RA23110270000013,Academic,1,2026-Sem1
EV001077,RA23110270000010,RA23110270000014,Social,1,2025-Sem1
EV001078,RA23110270000010,RA23110270000020,Club,2,2025-Sem1
EV001079,RA23110270000010,RA23110270000020,Club,1,2025-Sem1
EV001080,RA23110270000010,RA23110270000021,Event,3,2026-Sem2
EV001081,RA23110270000010,RA23110270000021,Event,1,2026-Sem2
EV001082,RA23110270000010,RA23110270000022,Academic,2,2025-Sem1
EV001083,RA23110270000010,RA24110270000040,Academic,1,2026-Sem2
EV001084,RA23110270000010,RA24110270000040,Academic,2,2025-Sem1
EV001085,RA23110270000010,RA24110270000040,Academic,1,2026-Sem1
EV001086,RA23110270000010,RA24110270000040,Academic,1,2025-Sem1
EV001087,RA23110270000010,RA24110270000040,Academic,1,2025-Sem1
EV001088,RA23110270000010,RA24110270000044,Event,1,2026-Sem1
EV001089,RA23110270000010,RA24110560000027,Cross-Department,1,2026-Sem1
EV001090,RA23110270000010,RA24110560000027,Cross-Department,2,2026-Sem1
EV001091,RA23110270000010,RA24110560000027,Cross-Department,1,2026-Sem2
EV001092,RA23110270000010,RA25110270000062,Project,1,2025-Sem1
EV001093,RA23110270000010,RA25110270000062,Project,1,2025-Sem1
EV001094,RA23110270000010,RA26110270000073,Social,2,2026-Sem2
EV001095,RA23110270000010,RA26110270000073,Social,1,2026-Sem1
EV001096,RA23110270000010,RA26110560000077,Cross-Department,3,2026-Sem1
EV001097,RA23110270000010,RA26110560000081,Cross-Department,1,2026-Sem2
EV001098,RA23110270000010,RA26110560000081,Cross-Department,2,2026-Sem1
EV001099,RA23110270000011,RA23110270000012,Event,3,2026-Sem2
EV001100,RA23110270000011,RA23110270000012,Event,1,2025-Sem1
EV001101,RA23110270000011,RA23110270000012,Event,2,2026-Sem2
EV001102,RA23110270000011,RA23110270000012,Event,2,2026-Sem1
EV001103,RA23110270000011,RA23110270000012,Event,1,2026-Sem1
EV001104,RA23110270000011,RA23110270000015,Social,1,2026-Sem1
EV001105,RA23110270000011,RA23110270000020,Social,2,2026-Sem1
EV001106,RA23110270000011,RA23110540000004,Cross-Department,1,2026-Sem2
EV001107,RA23110270000011,RA23110540000004,Cross-Department,5,2025-Sem1
EV001108,RA23110270000011,RA23110540000018,Cross-Department,2,2025-Sem1
EV001109,RA23110270000011,RA23110540000018,Cross-Department,5,2025-Sem1
EV001110,RA23110270000011,RA23110540000018,Cross-Department,1,2026-Sem2
EV001111,RA23110270000011,RA24110560000027,Cross-Department,4,2026-Sem1
EV001112,RA23110270000011,RA24110560000027,Cross-Department,2,2026-Sem1
EV001113,RA23110270000011,RA24110560000027,Cross-Department,4,2026-Sem1
EV001114,RA23110270000011,RA24110560000027,Cross-Department,1,2026-Sem2
EV001115,RA23110270000011,RA24110560000027,Cross-Department,2,2026-Sem2
EV001116,RA23110270000011,RA24110560000027,Cross-Department,1,2026-Sem2
EV001117,RA23110270000011,RA26110540000086,Cross-Department,2,2025-Sem1
EV001118,RA23110270000012,RA23110270000013,Event,1,2025-Sem1
EV001119,RA23110270000012,RA23110270000016,Project,2,2026-Sem1
EV001120,RA23110270000012,RA23110270000022,Social,3,2025-Sem1
EV001121,RA23110270000012,RA23110270000022,Social,1,2026-Sem1
EV001122,RA23110270000012,RA23110540000019,Cross-Department,4,2026-Sem2
EV001123,RA23110270000012,RA23110540000019,Cross-Department,1,2026-Sem2
EV001124,RA23110270000012,RA23110560000012,Cross-Department,1,2026-Sem2
EV001125,RA23110270000012,RA23110560000012,Cross-Department,3,2026-Sem1
EV001126,RA23110270000012,RA23110560000012,Cross-Department,1,2025-Sem1
EV001127,RA23110270000012,RA24110270000040,Academic,2,2026-Sem2
EV001128,RA23110270000012,RA24110270000040,Academic,1,2026-Sem2
EV001129,RA23110270000012,RA24110270000040,Academic,2,2026-Sem1
EV001130,RA23110270000012,RA24110540000043,Cross-Department,3,2026-Sem2
EV001131,RA23110270000012,RA24110540000043,Cross-Department,1,2026-Sem1
EV001132,RA23110270000012,RA25110270000058,Club,2,2026-Sem1
EV001133,RA23110270000012,RA25110270000058,Club,2,2025-Sem1
EV001134,RA23110270000012,RA25110270000058,Club,1,2025-Sem1
EV001135,RA23110270000012,RA25110540000059,Cross-Department,1,2026-Sem2
EV001136,RA23110270000012,RA25110540000059,Cross-Department,2,2026-Sem1
EV001137,RA23110270000012,RA26110560000083,Cross-Department,2,2025-Sem1
EV001138,RA23110270000012,RA26110560000083,Cross-Department,2,2026-Sem2
EV001139,RA23110270000012,RA26110560000083,Cross-Department,2,2026-Sem1
EV001140,RA23110270000013,RA23110270000014,Event,3,2026-Sem1
EV001141,RA23110270000013,RA23110270000018,Club,2,2026-Sem1
EV001142,RA23110270000013,RA23110270000019,Academic,1,2026-Sem2
EV001143,RA23110270000013,RA23110270000019,Academic,2,2026-Sem1
EV001144,RA23110270000013,RA24110270000036,Social,4,2026-Sem1
EV001145,RA23110270000013,RA24110280000043,Cross-Department,1,2026-Sem1
EV001146,RA23110270000013,RA24110280000043,Cross-Department,2,2025-Sem1
EV001147,RA23110270000013,RA24110280000043,Cross-Department,1,2025-Sem1
EV001148,RA23110270000013,RA24110540000043,Cross-Department,2,2025-Sem1
EV001149,RA23110270000013,RA24110540000043,Cross-Department,1,2025-Sem1
EV001150,RA23110270000013,RA24110560000029,Cross-Department,4,2026-Sem2
EV001151,RA23110270000013,RA24110560000029,Cross-Department,1,2026-Sem1
EV001152,RA23110270000013,RA25110270000058,Event,2,2026-Sem1
EV001153,RA23110270000014,RA23110270000015,Event,3,2026-Sem1
EV001154,RA23110270000014,RA23110270000015,Event,1,2025-Sem1
EV001155,RA23110270000014,RA23110270000015,Event,2,2026-Sem2
EV001156,RA23110270000014,RA23110270000015,Event,1,2025-Sem1
EV001157,RA23110270000014,RA23110270000016,Project,3,2026-Sem1
EV001158,RA23110270000014,RA23110270000019,Academic,1,2026-Sem1
EV001159,RA23110270000014,RA23110270000020,Project,1,2026-Sem1
EV001160,RA23110270000014,RA24110540000023,Cross-Department,2,2026-Sem2
EV001161,RA23110270000014,RA24110540000023,Cross-Department,3,2026-Sem2
EV001162,RA23110270000014,RA24110540000023,Cross-Department,2,2025-Sem1
EV001163,RA23110270000014,RA25110540000051,Cross-Department,1,2026-Sem2
EV001164,RA23110270000014,RA25110540000051,Cross-Department,1,2025-Sem1
EV001165,RA23110270000014,RA25110540000051,Cross-Department,1,2026-Sem2
EV001166,RA23110270000014,RA25110560000058,Cross-Department,2,2026-Sem1
EV001167,RA23110270000014,RA25110560000058,Cross-Department,2,2026-Sem1
EV001168,RA23110270000014,RA26110270000068,Club,1,2026-Sem2
EV001169,RA23110270000014,RA26110270000068,Club,1,2026-Sem2
EV001170,RA23110270000014,RA26110270000068,Club,1,2025-Sem1
EV001171,RA23110270000014,RA26110270000068,Club,1,2026-Sem2
EV001172,RA23110270000014,RA26110270000068,Club,3,2025-Sem1
EV001173,RA23110270000014,RA26110270000068,Club,1,2026-Sem1
EV001174,RA23110270000014,RA26110270000068,Club,1,2026-Sem1
EV001175,RA23110270000014,RA26110270000068,Club,2,2026-Sem1
EV001176,RA23110270000014,RA26110270000068,Club,1,2025-Sem1
EV001177,RA23110270000014,RA26110560000082,Cross-Department,2,2026-Sem1
EV001178,RA23110270000014,RA26110560000082,Cross-Department,3,2026-Sem2
EV001179,RA23110270000015,RA23110270000016,Project,1,2025-Sem1
EV001180,RA23110270000015,RA23110270000016,Project,1,2026-Sem2
EV001181,RA23110270000015,RA23110270000016,Project,2,2026-Sem1
EV001182,RA23110270000015,RA23110270000020,Social,3,2026-Sem1
EV001183,RA23110270000015,RA23110270000020,Social,1,2026-Sem1
EV001184,RA23110270000015,RA23110270000020,Social,3,2026-Sem2
EV001185,RA23110270000015,RA23110270000020,Social,1,2025-Sem1
EV001186,RA23110270000015,RA24110540000042,Cross-Department,2,2026-Sem1
EV001187,RA23110270000015,RA24110540000042,Cross-Department,1,2026-Sem2
EV001188,RA23110270000015,RA24110560000041,Cross-Department,5,2025-Sem1
EV001189,RA23110270000015,RA25110540000051,Cross-Department,1,2025-Sem1
EV001190,RA23110270000015,RA25110540000051,Cross-Department,2,2026-Sem1
EV001191,RA23110270000015,RA25110540000051,Cross-Department,2,2026-Sem1
EV001192,RA23110270000015,RA26110270000078,Project,1,2025-Sem1
EV001193,RA23110270000015,RA26110270000084,Project,2,2025-Sem1
EV001194,RA23110270000015,RA26110270000084,Project,1,2026-Sem1
EV001195,RA23110270000015,RA26110270000084,Project,1,2025-Sem1
EV001196,RA23110270000016,RA23110270000017,Social,1,2025-Sem1
EV001197,RA23110270000016,RA23110270000017,Social,4,2026-Sem1
EV001198,RA23110270000016,RA23110270000017,Social,1,2025-Sem1
EV001199,RA23110270000016,RA23110270000018,Social,3,2025-Sem1
EV001200,RA23110270000016,RA23110270000020,Project,1,2025-Sem1
EV001201,RA23110270000016,RA23110270000020,Project,1,2025-Sem1
EV001202,RA23110270000016,RA23110270000021,Event,1,2026-Sem1
EV001203,RA23110270000016,RA23110270000022,Project,1,2026-Sem2
EV001204,RA23110270000016,RA23110270000022,Project,2,2026-Sem2
EV001205,RA23110270000016,RA23110270000022,Project,1,2025-Sem1
EV001206,RA23110270000016,RA23110270000022,Project,1,2025-Sem1
EV001207,RA23110270000016,RA23110560000009,Cross-Department,2,2026-Sem1
EV001208,RA23110270000016,RA23110560000009,Cross-Department,1,2026-Sem1
EV001209,RA23110270000016,RA23110560000009,Cross-Department,2,2026-Sem2
EV001210,RA23110270000016,RA25110540000046,Cross-Department,1,2025-Sem1
EV001211,RA23110270000016,RA25110540000046,Cross-Department,2,2026-Sem1
EV001212,RA23110270000016,RA25110540000046,Cross-Department,2,2025-Sem1
EV001213,RA23110270000016,RA26110560000083,Cross-Department,2,2026-Sem2
EV001214,RA23110270000017,RA23110270000018,Academic,2,2025-Sem1
EV001215,RA23110270000017,RA23110270000019,Academic,1,2025-Sem1
EV001216,RA23110270000017,RA23110270000019,Academic,1,2025-Sem1
EV001217,RA23110270000017,RA23110270000022,Project,3,2026-Sem2
EV001218,RA23110270000017,RA23110270000022,Project,1,2025-Sem1
EV001219,RA23110270000017,RA23110270000022,Project,2,2025-Sem1
EV001220,RA23110270000017,RA24110270000036,Academic,3,2025-Sem1
EV001221,RA23110270000018,RA23110270000019,Event,2,2026-Sem1
EV001222,RA23110270000018,RA23110270000019,Event,1,2026-Sem2
EV001223,RA23110270000018,RA23110270000022,Social,1,2026-Sem1
EV001224,RA23110270000018,RA23110540000011,Cross-Department,5,2025-Sem1
EV001225,RA23110270000018,RA24110270000039,Club,1,2026-Sem1
EV001226,RA23110270000018,RA25110270000045,Academic,3,2025-Sem1
EV001227,RA23110270000018,RA25110270000045,Academic,1,2025-Sem1
EV001228,RA23110270000018,RA25110270000049,Club,2,2025-Sem1
EV001229,RA23110270000018,RA25110540000051,Cross-Department,3,2026-Sem1
EV001230,RA23110270000018,RA25110540000051,Cross-Department,1,2025-Sem1
EV001231,RA23110270000018,RA25110540000051,Cross-Department,1,2026-Sem2
EV001232,RA23110270000018,RA25110540000051,Cross-Department,3,2026-Sem2
EV001233,RA23110270000018,RA25110540000066,Cross-Department,3,2025-Sem1
EV001234,RA23110270000018,RA25110540000066,Cross-Department,4,2026-Sem1
EV001235,RA23110270000018,RA25110560000047,Cross-Department,1,2026-Sem2
EV001236,RA23110270000018,RA25110560000047,Cross-Department,2,2025-Sem1
EV001237,RA23110270000018,RA25110560000047,Cross-Department,1,2025-Sem1
EV001238,RA23110270000018,RA25110560000055,Cross-Department,1,2026-Sem2
EV001239,RA23110270000018,RA25110560000055,Cross-Department,3,2026-Sem1
EV001240,RA23110270000018,RA25110560000055,Cross-Department,1,2026-Sem2
EV001241,RA23110270000019,RA23110270000020,Project,1,2026-Sem2
EV001242,RA23110270000019,RA23110540000007,Cross-Department,3,2025-Sem1
EV001243,RA23110270000019,RA23110540000007,Cross-Department,2,2026-Sem1
EV001244,RA23110270000019,RA24110560000039,Cross-Department,2,2026-Sem1
EV001245,RA23110270000019,RA24110560000039,Cross-Department,1,2025-Sem1
EV001246,RA23110270000019,RA24110560000039,Cross-Department,2,2026-Sem2
EV001247,RA23110270000019,RA25110540000050,Cross-Department,5,2026-Sem1
EV001248,RA23110270000019,RA25110560000052,Cross-Department,1,2026-Sem2
EV001249,RA23110270000019,RA25110560000052,Cross-Department,1,2026-Sem2
EV001250,RA23110270000019,RA25110560000052,Cross-Department,1,2026-Sem1
EV001251,RA23110270000019,RA26110270000082,Event,2,2026-Sem1
EV001252,RA23110270000020,RA23110270000021,Social,1,2026-Sem2
EV001253,RA23110270000020,RA25110270000045,Project,1,2026-Sem2
EV001254,RA23110270000020,RA25110270000061,Academic,2,2026-Sem1
EV001255,RA23110270000020,RA26110270000067,Club,3,2025-Sem1
EV001256,RA23110270000020,RA26110270000079,Academic,3,2026-Sem1
EV001257,RA23110270000021,RA23110270000022,Social,1,2026-Sem2
EV001258,RA23110270000021,RA23110270000022,Social,1,2025-Sem1
EV001259,RA23110270000021,RA24110270000028,Project,2,2025-Sem1
EV001260,RA23110270000021,RA24110270000028,Project,1,2025-Sem1
EV001261,RA23110270000021,RA24110270000028,Project,2,2026-Sem2
EV001262,RA23110270000021,RA24110270000028,Project,1,2026-Sem2
EV001263,RA23110270000021,RA24110540000036,Cross-Department,1,2026-Sem1
EV001264,RA23110270000021,RA24110540000036,Cross-Department,1,2025-Sem1
EV001265,RA23110270000021,RA24110540000036,Cross-Department,1,2026-Sem1
EV001266,RA23110270000021,RA25110540000049,Cross-Department,1,2026-Sem1
EV001267,RA23110270000021,RA25110540000049,Cross-Department,3,2025-Sem1
EV001268,RA23110270000021,RA25110540000057,Cross-Department,3,2026-Sem1
EV001269,RA23110270000021,RA25110560000064,Cross-Department,1,2025-Sem1
EV001270,RA23110270000021,RA25110560000064,Cross-Department,1,2026-Sem2
EV001271,RA23110270000021,RA25110560000064,Cross-Department,1,2026-Sem2
EV001272,RA23110270000021,RA25110560000064,Cross-Department,1,2025-Sem1
EV001273,RA23110270000021,RA25110560000064,Cross-Department,3,2026-Sem1
EV001274,RA23110270000021,RA25110560000064,Cross-Department,1,2026-Sem2
EV001275,RA23110270000022,RA23110540000001,Cross-Department,1,2025-Sem1
EV001276,RA23110270000022,RA23110540000001,Cross-Department,2,2026-Sem1
EV001277,RA23110270000022,RA23110540000001,Cross-Department,2,2026-Sem2
EV001278,RA23110270000022,RA23110540000001,Cross-Department,2,2025-Sem1
EV001279,RA23110270000022,RA24110270000027,Academic,2,2026-Sem1
EV001280,RA23110270000022,RA24110270000027,Academic,2,2026-Sem2
EV001281,RA23110270000022,RA24110270000034,Club,1,2025-Sem1
EV001282,RA23110270000022,RA24110270000034,Club,1,2025-Sem1
EV001283,RA23110270000022,RA24110270000034,Club,2,2025-Sem1
EV001284,RA23110270000022,RA24110270000034,Club,2,2026-Sem2
EV001285,RA23110270000022,RA24110270000042,Project,1,2026-Sem2
EV001286,RA23110270000022,RA24110270000042,Project,1,2026-Sem1
EV001287,RA23110270000022,RA24110560000028,Cross-Department,4,2025-Sem1
EV001288,RA23110270000022,RA24110560000028,Cross-Department,1,2026-Sem1
EV001289,RA23110270000022,RA24110560000028,Cross-Department,1,2025-Sem1
EV001290,RA23110280000001,RA23110280000002,Club,1,2026-Sem2
EV001291,RA23110280000001,RA23110280000002,Club,1,2025-Sem1
EV001292,RA23110280000001,RA23110280000004,Project,1,2025-Sem1
EV001293,RA23110280000001,RA23110280000006,Social,1,2025-Sem1
EV001294,RA23110280000001,RA23110280000006,Social,3,2025-Sem1
EV001295,RA23110280000001,RA23110280000007,Social,2,2026-Sem1
EV001296,RA23110280000001,RA23110280000007,Social,1,2026-Sem2
EV001297,RA23110280000001,RA23110280000007,Social,1,2026-Sem1
EV001298,RA23110280000001,RA23110280000007,Social,1,2026-Sem1
EV001299,RA23110280000001,RA23110280000009,Academic,1,2025-Sem1
EV001300,RA23110280000001,RA23110280000009,Academic,1,2026-Sem2
EV001301,RA23110280000001,RA23110280000009,Academic,1,2026-Sem1
EV001302,RA23110280000001,RA23110280000013,Social,3,2026-Sem1
EV001303,RA23110280000001,RA23110280000014,Social,1,2026-Sem1
EV001304,RA23110280000001,RA23110280000014,Social,2,2025-Sem1
EV001305,RA23110280000001,RA23110280000019,Project,1,2026-Sem2
EV001306,RA23110280000001,RA23110280000019,Project,2,2025-Sem1
EV001307,RA23110280000001,RA23110280000019,Project,1,2026-Sem2
EV001308,RA23110280000001,RA23110280000022,Club,3,2025-Sem1
EV001309,RA23110280000001,RA23110280000022,Club,2,2026-Sem1
EV001310,RA23110280000001,RA23110280000022,Club,2,2026-Sem1
EV001311,RA23110280000001,RA23110280000022,Club,1,2026-Sem1
EV001312,RA23110280000001,RA24110280000031,Academic,2,2025-Sem1
EV001313,RA23110280000001,RA24110280000031,Academic,1,2026-Sem1
EV001314,RA23110280000001,RA24110280000037,Club,2,2026-Sem2
EV001315,RA23110280000001,RA24110280000037,Club,2,2026-Sem1
EV001316,RA23110280000001,RA24110290000040,Cross-Department,4,2026-Sem1
EV001317,RA23110280000001,RA24110290000040,Cross-Department,1,2026-Sem1
EV001318,RA23110280000001,RA24110290000040,Cross-Department,2,2025-Sem1
EV001319,RA23110280000001,RA24110290000040,Cross-Department,3,2026-Sem1
EV001320,RA23110280000001,RA24110290000040,Cross-Department,2,2026-Sem2
EV001321,RA23110280000001,RA25110030000057,Cross-Department,3,2025-Sem1
EV001322,RA23110280000001,RA25110030000057,Cross-Department,1,2025-Sem1
EV001323,RA23110280000001,RA25110280000054,Project,2,2025-Sem1
EV001324,RA23110280000001,RA25110280000054,Project,5,2025-Sem1
EV001325,RA23110280000001,RA25110280000054,Project,4,2025-Sem1
EV001326,RA23110280000001,RA25110280000054,Project,1,2026-Sem2
EV001327,RA23110280000001,RA26110030000083,Cross-Department,3,2026-Sem2
EV001328,RA23110280000001,RA26110030000083,Cross-Department,2,2025-Sem1
EV001329,RA23110280000001,RA26110030000084,Cross-Department,4,2026-Sem1
EV001330,RA23110280000001,RA26110030000084,Cross-Department,1,2026-Sem1
EV001331,RA23110280000002,RA23110280000003,Social,3,2025-Sem1
EV001332,RA23110280000002,RA23110280000003,Social,1,2026-Sem1
EV001333,RA23110280000002,RA23110280000003,Social,1,2026-Sem1
EV001334,RA23110280000002,RA23110280000004,Club,2,2026-Sem1
EV001335,RA23110280000002,RA23110280000004,Club,2,2026-Sem2
EV001336,RA23110280000002,RA23110280000004,Club,2,2026-Sem2
EV001337,RA23110280000002,RA23110280000004,Club,2,2026-Sem1
EV001338,RA23110280000002,RA23110280000005,Project,3,2026-Sem1
EV001339,RA23110280000002,RA23110280000005,Project,1,2026-Sem2
EV001340,RA23110280000002,RA23110280000010,Social,3,2025-Sem1
EV001341,RA23110280000002,RA23110280000010,Social,1,2025-Sem1
EV001342,RA23110280000002,RA23110280000013,Academic,2,2025-Sem1
EV001343,RA23110280000002,RA23110280000014,Social,3,2025-Sem1
EV001344,RA23110280000002,RA23110280000014,Social,3,2025-Sem1
EV001345,RA23110280000002,RA23110280000020,Academic,2,2025-Sem1
EV001346,RA23110280000002,RA23110280000022,Event,2,2025-Sem1
EV001347,RA23110280000002,RA23110280000022,Event,1,2026-Sem1
EV001348,RA23110280000002,RA23110280000022,Event,1,2026-Sem1
EV001349,RA23110280000002,RA23110280000022,Event,1,2025-Sem1
EV001350,RA23110280000002,RA23110290000001,Cross-Department,1,2026-Sem2
EV001351,RA23110280000002,RA23110290000001,Cross-Department,1,2026-Sem2
EV001352,RA23110280000002,RA23110290000001,Cross-Department,1,2026-Sem2
EV001353,RA23110280000002,RA23110290000001,Cross-Department,1,2026-Sem2
EV001354,RA23110280000002,RA23110560000015,Cross-Department,1,2026-Sem1
EV001355,RA23110280000002,RA23110560000015,Cross-Department,2,2025-Sem1
EV001356,RA23110280000002,RA23110560000015,Cross-Department,1,2026-Sem2
EV001357,RA23110280000002,RA24110030000035,Cross-Department,1,2026-Sem2
EV001358,RA23110280000002,RA24110030000035,Cross-Department,1,2026-Sem2
EV001359,RA23110280000002,RA24110030000035,Cross-Department,3,2026-Sem1
EV001360,RA23110280000002,RA24110280000034,Project,2,2026-Sem2
EV001361,RA23110280000002,RA24110280000034,Project,1,2025-Sem1
EV001362,RA23110280000002,RA25110290000062,Cross-Department,2,2026-Sem1
EV001363,RA23110280000002,RA25110290000062,Cross-Department,2,2026-Sem2
EV001364,RA23110280000002,RA26110280000070,Project,5,2026-Sem2
EV001365,RA23110280000002,RA26110280000084,Social,1,2025-Sem1
EV001366,RA23110280000002,RA26110280000084,Social,1,2026-Sem1
EV001367,RA23110280000002,RA26110280000084,Social,1,2026-Sem2
EV001368,RA23110280000002,RA26110280000084,Social,1,2026-Sem1
EV001369,RA23110280000003,RA23110280000004,Academic,1,2026-Sem2
EV001370,RA23110280000003,RA23110280000004,Academic,1,2025-Sem1
EV001371,RA23110280000003,RA23110280000005,Club,3,2026-Sem1
EV001372,RA23110280000003,RA23110280000005,Club,1,2025-Sem1
EV001373,RA23110280000003,RA23110280000005,Club,2,2026-Sem1
EV001374,RA23110280000003,RA23110280000007,Project,1,2026-Sem1
EV001375,RA23110280000003,RA23110280000007,Project,2,2026-Sem1
EV001376,RA23110280000003,RA23110280000011,Academic,1,2026-Sem2
EV001377,RA23110280000003,RA23110280000011,Academic,1,2025-Sem1
EV001378,RA23110280000003,RA23110280000011,Academic,2,2025-Sem1
EV001379,RA23110280000003,RA23110280000012,Project,1,2026-Sem2
EV001380,RA23110280000003,RA23110280000013,Project,1,2026-Sem2
EV001381,RA23110280000003,RA23110280000013,Project,1,2025-Sem1
EV001382,RA23110280000003,RA23110280000013,Project,1,2025-Sem1
EV001383,RA23110280000003,RA23110280000015,Event,1,2026-Sem1
EV001384,RA23110280000003,RA23110280000015,Event,1,2026-Sem2
EV001385,RA23110280000003,RA23110280000018,Social,2,2026-Sem1
EV001386,RA23110280000003,RA23110280000018,Social,4,2025-Sem1
EV001387,RA23110280000003,RA23110280000019,Academic,1,2026-Sem1
EV001388,RA23110280000003,RA23110280000019,Academic,1,2026-Sem2
EV001389,RA23110280000003,RA23110280000019,Academic,2,2026-Sem1
EV001390,RA23110280000003,RA23110280000019,Academic,2,2026-Sem2
EV001391,RA23110280000003,RA23110280000019,Academic,3,2026-Sem2
EV001392,RA23110280000003,RA23110280000019,Academic,3,2026-Sem2
EV001393,RA23110280000003,RA23110280000019,Academic,2,2026-Sem2
EV001394,RA23110280000003,RA23110280000020,Social,1,2025-Sem1
EV001395,RA23110280000003,RA23110290000002,Cross-Department,3,2026-Sem1
EV001396,RA23110280000003,RA23110290000002,Cross-Department,1,2025-Sem1
EV001397,RA23110280000003,RA23110290000016,Cross-Department,2,2026-Sem2
EV001398,RA23110280000003,RA23110290000016,Cross-Department,2,2025-Sem1
EV001399,RA23110280000003,RA23110290000017,Cross-Department,2,2026-Sem1
EV001400,RA23110280000003,RA23110290000017,Cross-Department,1,2026-Sem2
EV001401,RA23110280000003,RA23110290000017,Cross-Department,3,2026-Sem1
EV001402,RA23110280000003,RA24110280000023,Project,1,2026-Sem1
EV001403,RA23110280000003,RA24110280000032,Project,1,2026-Sem1
EV001404,RA23110280000003,RA24110280000032,Project,1,2025-Sem1
EV001405,RA23110280000003,RA24110280000032,Project,3,2026-Sem2
EV001406,RA23110280000003,RA25110280000049,Academic,2,2025-Sem1
EV001407,RA23110280000003,RA25110280000049,Academic,1,2026-Sem2
EV001408,RA23110280000003,RA25110280000055,Academic,2,2026-Sem1
EV001409,RA23110280000003,RA25110280000055,Academic,2,2026-Sem2
EV001410,RA23110280000003,RA25110280000056,Social,2,2026-Sem1
EV001411,RA23110280000003,RA26110030000071,Cross-Department,2,2025-Sem1
EV001412,RA23110280000003,RA26110030000071,Cross-Department,2,2026-Sem1
EV001413,RA23110280000003,RA26110030000071,Cross-Department,1,2025-Sem1
EV001414,RA23110280000003,RA26110030000072,Cross-Department,1,2025-Sem1
EV001415,RA23110280000003,RA26110030000072,Cross-Department,2,2025-Sem1
EV001416,RA23110280000003,RA26110030000086,Cross-Department,4,2026-Sem1
EV001417,RA23110280000003,RA26110290000075,Cross-Department,4,2026-Sem1
EV001418,RA23110280000003,RA26110290000075,Cross-Department,1,2026-Sem1
EV001419,RA23110280000003,RA26110290000075,Cross-Department,1,2025-Sem1
EV001420,RA23110280000003,RA26110290000075,Cross-Department,1,2026-Sem1
EV001421,RA23110280000003,RA26110290000085,Cross-Department,3,2026-Sem1
EV001422,RA23110280000003,RA26110290000085,Cross-Department,1,2026-Sem1
EV001423,RA23110280000003,RA26110290000085,Cross-Department,1,2026-Sem1
EV001424,RA23110280000004,RA23110280000005,Event,2,2026-Sem2
EV001425,RA23110280000004,RA23110280000005,Event,1,2026-Sem1
EV001426,RA23110280000004,RA23110280000005,Event,1,2026-Sem1
EV001427,RA23110280000004,RA23110280000008,Social,3,2026-Sem1
EV001428,RA23110280000004,RA23110280000008,Social,1,2026-Sem2
EV001429,RA23110280000004,RA23110280000009,Academic,3,2025-Sem1
EV001430,RA23110280000004,RA23110280000010,Social,1,2026-Sem2
EV001431,RA23110280000004,RA23110280000012,Project,1,2026-Sem1
EV001432,RA23110280000004,RA23110280000012,Project,1,2025-Sem1
EV001433,RA23110280000004,RA23110280000014,Academic,3,2026-Sem1
EV001434,RA23110280000004,RA23110280000019,Club,1,2026-Sem2
EV001435,RA23110280000004,RA23110280000019,Club,2,2026-Sem1
EV001436,RA23110280000004,RA23110280000019,Club,1,2025-Sem1
EV001437,RA23110280000004,RA23110280000020,Project,4,2026-Sem2
EV001438,RA23110280000004,RA23110280000020,Project,1,2026-Sem2
EV001439,RA23110280000004,RA23110280000020,Project,1,2026-Sem1
EV001440,RA23110280000004,RA23110280000021,Academic,2,2026-Sem1
EV001441,RA23110280000004,RA23110280000021,Academic,2,2025-Sem1
EV001442,RA23110280000004,RA23110290000008,Cross-Department,3,2026-Sem2
EV001443,RA23110280000004,RA23110290000008,Cross-Department,5,2026-Sem2
EV001444,RA23110280000004,RA23110290000008,Cross-Department,1,2025-Sem1
EV001445,RA23110280000004,RA23110290000008,Cross-Department,1,2025-Sem1
EV001446,RA23110280000004,RA23110290000008,Cross-Department,2,2025-Sem1
EV001447,RA23110280000004,RA24110290000033,Cross-Department,1,2026-Sem2
EV001448,RA23110280000004,RA24110290000033,Cross-Department,3,2026-Sem1
EV001449,RA23110280000004,RA24110290000033,Cross-Department,1,2025-Sem1
EV001450,RA23110280000004,RA24110290000036,Cross-Department,3,2026-Sem1
EV001451,RA23110280000004,RA24110290000036,Cross-Department,2,2026-Sem2
EV001452,RA23110280000004,RA24110290000036,Cross-Department,1,2025-Sem1
EV001453,RA23110280000004,RA24110290000039,Cross-Department,1,2026-Sem2
EV001454,RA23110280000004,RA24110290000039,Cross-Department,1,2026-Sem1
EV001455,RA23110280000004,RA24110290000039,Cross-Department,1,2026-Sem1
EV001456,RA23110280000004,RA24110290000039,Cross-Department,2,2026-Sem1
EV001457,RA23110280000004,RA24110290000039,Cross-Department,2,2025-Sem1
EV001458,RA23110280000004,RA24110290000039,Cross-Department,2,2026-Sem1
EV001459,RA23110280000004,RA24110290000039,Cross-Department,1,2025-Sem1
EV001460,RA23110280000004,RA24110290000039,Cross-Department,2,2025-Sem1
EV001461,RA23110280000004,RA26110030000086,Cross-Department,5,2026-Sem1
EV001462,RA23110280000004,RA26110280000073,Academic,1,2025-Sem1
EV001463,RA23110280000004,RA26110280000073,Academic,2,2026-Sem1
EV001464,RA23110280000004,RA26110280000073,Academic,1,2026-Sem2
EV001465,RA23110280000004,RA26110280000082,Club,1,2025-Sem1
EV001466,RA23110280000004,RA26110280000082,Club,2,2025-Sem1
EV001467,RA23110280000005,RA23110280000006,Club,5,2026-Sem2
EV001468,RA23110280000005,RA23110280000006,Club,3,2025-Sem1
EV001469,RA23110280000005,RA23110280000006,Club,1,2026-Sem2
EV001470,RA23110280000005,RA23110280000008,Project,1,2026-Sem2
EV001471,RA23110280000005,RA23110280000009,Academic,1,2025-Sem1
EV001472,RA23110280000005,RA23110280000010,Club,2,2026-Sem1
EV001473,RA23110280000005,RA23110280000010,Club,2,2026-Sem2
EV001474,RA23110280000005,RA23110280000011,Social,3,2026-Sem1
EV001475,RA23110280000005,RA23110280000013,Social,3,2025-Sem1
EV001476,RA23110280000005,RA23110280000017,Social,1,2026-Sem1
EV001477,RA23110280000005,RA23110280000019,Project,1,2026-Sem2
EV001478,RA23110280000005,RA23110280000019,Project,2,2025-Sem1
EV001479,RA23110280000005,RA23110280000019,Project,1,2026-Sem2
EV001480,RA23110280000005,RA23110280000019,Project,1,2025-Sem1
EV001481,RA23110280000005,RA23110280000020,Project,2,2026-Sem1
EV001482,RA23110280000005,RA23110280000020,Project,1,2025-Sem1
EV001483,RA23110280000005,RA23110280000020,Project,2,2026-Sem2
EV001484,RA23110280000005,RA23110280000020,Project,2,2025-Sem1
EV001485,RA23110280000005,RA23110280000022,Social,1,2026-Sem2
EV001486,RA23110280000005,RA23110280000022,Social,1,2026-Sem1
EV001487,RA23110280000005,RA23110280000022,Social,1,2026-Sem2
EV001488,RA23110280000005,RA23110280000022,Social,1,2025-Sem1
EV001489,RA23110280000005,RA23110280000022,Social,1,2026-Sem2
EV001490,RA23110280000005,RA23110280000022,Social,2,2025-Sem1
EV001491,RA23110280000005,RA23110280000022,Social,2,2025-Sem1
EV001492,RA23110280000005,RA23110300000017,Cross-Department,3,2026-Sem1
EV001493,RA23110280000005,RA23110300000017,Cross-Department,2,2025-Sem1
EV001494,RA23110280000005,RA23110300000021,Cross-Department,2,2025-Sem1
EV001495,RA23110280000005,RA23110300000021,Cross-Department,1,2025-Sem1
EV001496,RA23110280000005,RA24110300000023,Cross-Department,1,2026-Sem2
EV001497,RA23110280000005,RA24110300000023,Cross-Department,1,2025-Sem1
EV001498,RA23110280000005,RA24110300000023,Cross-Department,4,2026-Sem2
EV001499,RA23110280000005,RA24110300000044,Cross-Department,2,2025-Sem1
EV001500,RA23110280000005,RA25110290000056,Cross-Department,2,2026-Sem2
EV001501,RA23110280000005,RA25110290000056,Cross-Department,2,2025-Sem1
EV001502,RA23110280000005,RA26110030000071,Cross-Department,2,2025-Sem1
EV001503,RA23110280000005,RA26110030000071,Cross-Department,3,2025-Sem1
EV001504,RA23110280000005,RA26110280000085,Event,1,2026-Sem1
EV001505,RA23110280000005,RA26110300000073,Cross-Department,2,2026-Sem1
EV001506,RA23110280000006,RA23110280000007,Academic,1,2026-Sem1
EV001507,RA23110280000006,RA23110280000009,Academic,1,2025-Sem1
EV001508,RA23110280000006,RA23110280000009,Academic,3,2025-Sem1
EV001509,RA23110280000006,RA23110280000011,Social,2,2026-Sem1
EV001510,RA23110280000006,RA23110280000012,Club,1,2026-Sem1
EV001511,RA23110280000006,RA23110280000012,Club,1,2026-Sem1
EV001512,RA23110280000006,RA23110280000012,Club,2,2025-Sem1
EV001513,RA23110280000006,RA23110280000012,Club,1,2025-Sem1
EV001514,RA23110280000006,RA23110280000012,Club,1,2025-Sem1
EV001515,RA23110280000006,RA23110280000012,Club,1,2025-Sem1
EV001516,RA23110280000006,RA23110280000014,Club,2,2026-Sem1
EV001517,RA23110280000006,RA23110280000014,Club,1,2026-Sem1
EV001518,RA23110280000006,RA23110280000017,Social,2,2026-Sem1
EV001519,RA23110280000006,RA23110280000018,Club,2,2025-Sem1
EV001520,RA23110280000006,RA23110280000020,Academic,2,2026-Sem1
EV001521,RA23110280000006,RA23110280000022,Club,1,2025-Sem1
EV001522,RA23110280000006,RA23110280000022,Club,3,2025-Sem1
EV001523,RA23110280000006,RA23110290000009,Cross-Department,3,2025-Sem1
EV001524,RA23110280000006,RA23110290000015,Cross-Department,2,2026-Sem1
EV001525,RA23110280000006,RA23110290000015,Cross-Department,1,2026-Sem2
EV001526,RA23110280000006,RA23110290000015,Cross-Department,1,2026-Sem1
EV001527,RA23110280000006,RA23110300000022,Cross-Department,3,2026-Sem2
EV001528,RA23110280000006,RA23110300000022,Cross-Department,2,2025-Sem1
EV001529,RA23110280000006,RA24110030000029,Cross-Department,3,2026-Sem2
EV001530,RA23110280000006,RA24110280000023,Social,3,2026-Sem2
EV001531,RA23110280000006,RA24110280000023,Social,1,2025-Sem1
EV001532,RA23110280000006,RA24110280000025,Academic,2,2026-Sem2
EV001533,RA23110280000006,RA24110280000025,Academic,1,2025-Sem1
EV001534,RA23110280000006,RA24110280000025,Academic,1,2026-Sem2
EV001535,RA23110280000006,RA24110280000025,Academic,1,2026-Sem1
EV001536,RA23110280000006,RA24110300000043,Cross-Department,4,2026-Sem2
EV001537,RA23110280000006,RA25110300000062,Cross-Department,1,2026-Sem2
EV001538,RA23110280000006,RA25110300000062,Cross-Department,1,2025-Sem1
EV001539,RA23110280000006,RA25110300000062,Cross-Department,3,2025-Sem1
EV001540,RA23110280000006,RA25110300000062,Cross-Department,1,2026-Sem1
EV001541,RA23110280000006,RA26110290000073,Cross-Department,1,2026-Sem2
EV001542,RA23110280000006,RA26110290000073,Cross-Department,2,2026-Sem1
EV001543,RA23110280000006,RA26110290000073,Cross-Department,2,2026-Sem2
EV001544,RA23110280000007,RA23110280000008,Academic,1,2026-Sem2
EV001545,RA23110280000007,RA23110280000010,Club,1,2026-Sem2
EV001546,RA23110280000007,RA23110280000010,Club,4,2026-Sem2
EV001547,RA23110280000007,RA23110280000011,Event,2,2026-Sem2
EV001548,RA23110280000007,RA23110280000011,Event,5,2026-Sem2
EV001549,RA23110280000007,RA23110280000011,Event,1,2026-Sem1
EV001550,RA23110280000007,RA23110280000013,Event,4,2026-Sem2
EV001551,RA23110280000007,RA23110280000014,Project,1,2025-Sem1
EV001552,RA23110280000007,RA23110280000014,Project,1,2025-Sem1
EV001553,RA23110280000007,RA23110280000014,Project,1,2026-Sem1
EV001554,RA23110280000007,RA23110280000014,Project,1,2026-Sem1
EV001555,RA23110280000007,RA23110280000019,Social,2,2026-Sem2
EV001556,RA23110280000007,RA23110280000020,Event,1,2026-Sem2
EV001557,RA23110280000007,RA23110280000020,Event,1,2026-Sem1
EV001558,RA23110280000007,RA23110280000020,Event,2,2026-Sem2
EV001559,RA23110280000007,RA23110280000022,Project,1,2025-Sem1
EV001560,RA23110280000007,RA23110300000016,Cross-Department,1,2025-Sem1
EV001561,RA23110280000007,RA23110300000016,Cross-Department,3,2025-Sem1
EV001562,RA23110280000007,RA24110280000028,Club,1,2026-Sem1
EV001563,RA23110280000007,RA25110280000056,Project,1,2026-Sem1
EV001564,RA23110280000007,RA25110280000056,Project,1,2026-Sem2
EV001565,RA23110280000008,RA23110280000009,Social,2,2026-Sem2
EV001566,RA23110280000008,RA23110280000010,Social,2,2025-Sem1
EV001567,RA23110280000008,RA23110280000010,Social,1,2026-Sem2
EV001568,RA23110280000008,RA23110280000012,Academic,2,2026-Sem2
EV001569,RA23110280000008,RA23110280000012,Academic,2,2026-Sem1
EV001570,RA23110280000008,RA23110280000013,Club,1,2026-Sem2
EV001571,RA23110280000008,RA23110280000013,Club,2,2026-Sem1
EV001572,RA23110280000008,RA23110280000013,Club,3,2026-Sem1
EV001573,RA23110280000008,RA23110280000016,Event,1,2026-Sem1
EV001574,RA23110280000008,RA23110280000016,Event,2,2026-Sem1
EV001575,RA23110280000008,RA23110280000018,Project,1,2025-Sem1
EV001576,RA23110280000008,RA23110280000018,Project,1,2026-Sem1
EV001577,RA23110280000008,RA23110280000021,Club,2,2025-Sem1
EV001578,RA23110280000008,RA23110280000021,Club,3,2026-Sem2
EV001579,RA23110280000008,RA23110280000021,Club,1,2026-Sem2
EV001580,RA23110280000008,RA24110280000043,Social,2,2025-Sem1
EV001581,RA23110280000008,RA24110280000043,Social,2,2026-Sem2
EV001582,RA23110280000008,RA24110280000043,Social,2,2026-Sem2
EV001583,RA23110280000008,RA24110290000031,Cross-Department,1,2026-Sem1
EV001584,RA23110280000008,RA24110290000031,Cross-Department,1,2026-Sem1
EV001585,RA23110280000008,RA24110290000031,Cross-Department,3,2026-Sem1
EV001586,RA23110280000008,RA25110280000054,Social,5,2025-Sem1
EV001587,RA23110280000008,RA25110290000051,Cross-Department,2,2025-Sem1
EV001588,RA23110280000008,RA25110290000051,Cross-Department,2,2025-Sem1
EV001589,RA23110280000008,RA25110290000051,Cross-Department,3,2026-Sem1
EV001590,RA23110280000008,RA25110300000063,Cross-Department,4,2025-Sem1
EV001591,RA23110280000008,RA25110300000063,Cross-Department,1,2026-Sem2
EV001592,RA23110280000008,RA25110300000063,Cross-Department,2,2025-Sem1
EV001593,RA23110280000008,RA26110030000088,Cross-Department,2,2025-Sem1
EV001594,RA23110280000008,RA26110030000088,Cross-Department,3,2026-Sem2
EV001595,RA23110280000008,RA26110030000088,Cross-Department,2,2026-Sem2
EV001596,RA23110280000008,RA26110280000074,Club,1,2026-Sem2
EV001597,RA23110280000008,RA26110280000074,Club,1,2026-Sem1
EV001598,RA23110280000008,RA26110280000083,Academic,2,2025-Sem1
EV001599,RA23110280000008,RA26110280000083,Academic,2,2025-Sem1
EV001600,RA23110280000008,RA26110280000086,Academic,1,2026-Sem1
EV001601,RA23110280000008,RA26110290000071,Cross-Department,4,2025-Sem1
EV001602,RA23110280000009,RA23110280000010,Club,1,2026-Sem2
EV001603,RA23110280000009,RA23110280000010,Club,3,2026-Sem1
EV001604,RA23110280000009,RA23110280000012,Social,4,2026-Sem2
EV001605,RA23110280000009,RA23110280000016,Academic,3,2026-Sem1
EV001606,RA23110280000009,RA23110280000018,Project,1,2026-Sem1
EV001607,RA23110280000009,RA23110280000021,Academic,4,2026-Sem2
EV001608,RA23110280000009,RA23110300000010,Cross-Department,3,2026-Sem2
EV001609,RA23110280000009,RA23110300000010,Cross-Department,2,2026-Sem2
EV001610,RA23110280000009,RA23110300000010,Cross-Department,2,2025-Sem1
EV001611,RA23110280000009,RA24110030000035,Cross-Department,1,2026-Sem1
EV001612,RA23110280000009,RA24110030000035,Cross-Department,4,2026-Sem1
EV001613,RA23110280000009,RA24110030000039,Cross-Department,1,2026-Sem1
EV001614,RA23110280000009,RA24110030000039,Cross-Department,2,2026-Sem1
EV001615,RA23110280000009,RA24110030000039,Cross-Department,1,2026-Sem1
EV001616,RA23110280000009,RA24110030000039,Cross-Department,2,2026-Sem1
EV001617,RA23110280000009,RA24110030000039,Cross-Department,3,2025-Sem1
EV001618,RA23110280000009,RA24110030000039,Cross-Department,5,2026-Sem1
EV001619,RA23110280000009,RA24110280000027,Event,1,2026-Sem2
EV001620,RA23110280000009,RA24110280000027,Event,1,2025-Sem1
EV001621,RA23110280000009,RA24110560000037,Cross-Department,1,2026-Sem2
EV001622,RA23110280000009,RA24110560000037,Cross-Department,2,2026-Sem1
EV001623,RA23110280000009,RA24110560000037,Cross-Department,4,2026-Sem1
EV001624,RA23110280000009,RA24110560000037,Cross-Department,1,2026-Sem1
EV001625,RA23110280000009,RA24110560000037,Cross-Department,1,2026-Sem1
EV001626,RA23110280000009,RA25110280000058,Academic,1,2026-Sem1
EV001627,RA23110280000009,RA25110280000058,Academic,2,2026-Sem1
EV001628,RA23110280000009,RA25110280000058,Academic,1,2026-Sem2
EV001629,RA23110280000009,RA25110280000058,Academic,1,2026-Sem1
EV001630,RA23110280000009,RA25110280000058,Academic,2,2026-Sem2
EV001631,RA23110280000009,RA25110280000058,Academic,2,2026-Sem2
EV001632,RA23110280000009,RA25110280000058,Academic,1,2026-Sem1
EV001633,RA23110280000009,RA25110280000058,Academic,3,2026-Sem2
EV001634,RA23110280000009,RA25110280000058,Academic,1,2025-Sem1
EV001635,RA23110280000009,RA26110030000072,Cross-Department,4,2026-Sem1
EV001636,RA23110280000009,RA26110030000072,Cross-Department,1,2025-Sem1
EV001637,RA23110280000009,RA26110280000081,Academic,3,2025-Sem1
EV001638,RA23110280000009,RA26110290000083,Cross-Department,1,2026-Sem2
EV001639,RA23110280000009,RA26110290000083,Cross-Department,1,2025-Sem1
EV001640,RA23110280000009,RA26110300000069,Cross-Department,2,2026-Sem2
EV001641,RA23110280000009,RA26110300000071,Cross-Department,3,2026-Sem1
EV001642,RA23110280000009,RA26110300000071,Cross-Department,3,2026-Sem1
EV001643,RA23110280000009,RA26110300000071,Cross-Department,1,2026-Sem2
EV001644,RA23110280000009,RA26110300000071,Cross-Department,1,2025-Sem1
EV001645,RA23110280000010,RA23110280000011,Club,1,2025-Sem1
EV001646,RA23110280000010,RA23110280000011,Club,1,2026-Sem2
EV001647,RA23110280000010,RA23110280000011,Club,2,2025-Sem1
EV001648,RA23110280000010,RA23110280000020,Academic,3,2025-Sem1
EV001649,RA23110280000010,RA23110280000020,Academic,1,2026-Sem1
EV001650,RA23110280000010,RA24110280000034,Club,4,2025-Sem1
EV001651,RA23110280000010,RA24110290000032,Cross-Department,2,2026-Sem2
EV001652,RA23110280000010,RA24110290000032,Cross-Department,1,2026-Sem1
EV001653,RA23110280000010,RA25110280000066,Social,1,2025-Sem1
EV001654,RA23110280000010,RA25110280000066,Social,1,2026-Sem2
EV001655,RA23110280000010,RA25110300000048,Cross-Department,2,2025-Sem1
EV001656,RA23110280000010,RA25110300000059,Cross-Department,3,2025-Sem1
EV001657,RA23110280000010,RA26110280000088,Event,1,2026-Sem1
EV001658,RA23110280000010,RA26110280000088,Event,2,2026-Sem2
EV001659,RA23110280000011,RA23110280000012,Academic,1,2026-Sem1
EV001660,RA23110280000011,RA23110280000012,Academic,1,2026-Sem1
EV001661,RA23110280000011,RA23110280000012,Academic,4,2025-Sem1
EV001662,RA23110280000011,RA23110280000013,Social,3,2026-Sem2
EV001663,RA23110280000011,RA23110280000014,Academic,3,2026-Sem2
EV001664,RA23110280000011,RA23110280000014,Academic,1,2025-Sem1
EV001665,RA23110280000011,RA23110280000014,Academic,1,2026-Sem1
EV001666,RA23110280000011,RA23110280000021,Academic,1,2026-Sem1
EV001667,RA23110280000011,RA23110280000022,Club,1,2026-Sem1
EV001668,RA23110280000011,RA23110290000003,Cross-Department,1,2025-Sem1
EV001669,RA23110280000011,RA23110290000003,Cross-Department,1,2026-Sem2
EV001670,RA23110280000011,RA23110290000003,Cross-Department,3,2025-Sem1
EV001671,RA23110280000011,RA23110290000003,Cross-Department,1,2026-Sem2
EV001672,RA23110280000011,RA23110300000019,Cross-Department,1,2025-Sem1
EV001673,RA23110280000011,RA23110300000019,Cross-Department,3,2026-Sem1
EV001674,RA23110280000011,RA24110030000034,Cross-Department,1,2026-Sem1
EV001675,RA23110280000011,RA24110030000034,Cross-Department,2,2025-Sem1
EV001676,RA23110280000011,RA24110030000034,Cross-Department,2,2026-Sem2
EV001677,RA23110280000011,RA24110280000039,Project,2,2026-Sem2
EV001678,RA23110280000011,RA24110280000039,Project,1,2026-Sem2
EV001679,RA23110280000011,RA24110300000032,Cross-Department,1,2026-Sem2
EV001680,RA23110280000011,RA24110300000032,Cross-Department,1,2026-Sem1
EV001681,RA23110280000011,RA25110030000052,Cross-Department,1,2025-Sem1
EV001682,RA23110280000011,RA25110030000052,Cross-Department,1,2025-Sem1
EV001683,RA23110280000011,RA25110030000053,Cross-Department,1,2025-Sem1
EV001684,RA23110280000011,RA25110030000053,Cross-Department,4,2026-Sem2
EV001685,RA23110280000011,RA25110030000053,Cross-Department,2,2026-Sem2
EV001686,RA23110280000011,RA25110290000064,Cross-Department,2,2026-Sem1
EV001687,RA23110280000011,RA25110290000064,Cross-Department,1,2026-Sem1
EV001688,RA23110280000011,RA25110290000064,Cross-Department,1,2026-Sem2
EV001689,RA23110280000011,RA26110280000080,Event,1,2025-Sem1
EV001690,RA23110280000011,RA26110280000080,Event,2,2026-Sem1
EV001691,RA23110280000011,RA26110280000082,Social,3,2025-Sem1
EV001692,RA23110280000011,RA26110290000077,Cross-Department,2,2026-Sem1
EV001693,RA23110280000011,RA26110290000084,Cross-Department,6,2025-Sem1
EV001694,RA23110280000012,RA23110280000013,Club,1,2025-Sem1
EV001695,RA23110280000012,RA23110280000014,Event,1,2025-Sem1
EV001696,RA23110280000012,RA23110280000015,Social,1,2026-Sem2
EV001697,RA23110280000012,RA23110280000015,Social,1,2026-Sem1
EV001698,RA23110280000012,RA23110280000018,Project,2,2026-Sem1
EV001699,RA23110280000012,RA23110280000018,Project,2,2026-Sem1
EV001700,RA23110280000012,RA23110280000020,Event,3,2025-Sem1
EV001701,RA23110280000012,RA23110280000020,Event,1,2026-Sem1
EV001702,RA23110280000012,RA23110280000021,Event,1,2026-Sem1
EV001703,RA23110280000012,RA23110280000021,Event,4,2026-Sem1
EV001704,RA23110280000012,RA23110280000021,Event,1,2026-Sem1
EV001705,RA23110280000012,RA23110300000010,Cross-Department,3,2025-Sem1
EV001706,RA23110280000012,RA23110300000010,Cross-Department,1,2026-Sem1
EV001707,RA23110280000012,RA24110290000024,Cross-Department,1,2025-Sem1
EV001708,RA23110280000012,RA24110290000024,Cross-Department,3,2025-Sem1
EV001709,RA23110280000012,RA24110290000024,Cross-Department,2,2026-Sem1
EV001710,RA23110280000012,RA25110280000056,Club,1,2025-Sem1
EV001711,RA23110280000012,RA25110290000062,Cross-Department,4,2026-Sem1
EV001712,RA23110280000012,RA25110290000062,Cross-Department,1,2026-Sem1
EV001713,RA23110280000012,RA26110290000071,Cross-Department,5,2026-Sem2
EV001714,RA23110280000012,RA26110290000071,Cross-Department,1,2026-Sem1
EV001715,RA23110280000012,RA26110290000071,Cross-Department,2,2025-Sem1
EV001716,RA23110280000012,RA26110290000083,Cross-Department,4,2026-Sem1
EV001717,RA23110280000012,RA26110290000083,Cross-Department,2,2026-Sem2
EV001718,RA23110280000012,RA26110290000083,Cross-Department,1,2025-Sem1
EV001719,RA23110280000012,RA26110290000083,Cross-Department,1,2026-Sem1
EV001720,RA23110280000013,RA23110280000014,Academic,1,2026-Sem2
EV001721,RA23110280000013,RA23110280000015,Event,1,2026-Sem1
EV001722,RA23110280000013,RA23110280000020,Project,2,2026-Sem1
EV001723,RA23110280000013,RA23110280000020,Project,3,2025-Sem1
EV001724,RA23110280000013,RA23110280000020,Project,1,2026-Sem1
EV001725,RA23110280000013,RA24110300000023,Cross-Department,3,2026-Sem1
EV001726,RA23110280000013,RA24110300000023,Cross-Department,1,2026-Sem2
EV001727,RA23110280000013,RA25110290000055,Cross-Department,1,2026-Sem1
EV001728,RA23110280000013,RA25110290000055,Cross-Department,2,2025-Sem1
EV001729,RA23110280000013,RA25110290000055,Cross-Department,3,2026-Sem2
EV001730,RA23110280000013,RA25110290000055,Cross-Department,4,2026-Sem2
EV001731,RA23110280000013,RA25110290000055,Cross-Department,1,2026-Sem2
EV001732,RA23110280000013,RA25110290000055,Cross-Department,1,2025-Sem1
EV001733,RA23110280000013,RA25110290000055,Cross-Department,2,2026-Sem2
EV001734,RA23110280000013,RA26110290000071,Cross-Department,1,2026-Sem1
EV001735,RA23110280000013,RA26110290000071,Cross-Department,4,2026-Sem2
EV001736,RA23110280000013,RA26110290000071,Cross-Department,1,2026-Sem1
EV001737,RA23110280000014,RA23110280000015,Academic,3,2026-Sem1
EV001738,RA23110280000014,RA23110280000015,Academic,2,2026-Sem2
EV001739,RA23110280000014,RA23110280000020,Club,2,2025-Sem1
EV001740,RA23110280000014,RA23110280000022,Project,1,2026-Sem1
EV001741,RA23110280000014,RA23110280000022,Project,2,2026-Sem2
EV001742,RA23110280000014,RA24110030000025,Cross-Department,2,2026-Sem2
EV001743,RA23110280000014,RA24110030000025,Cross-Department,1,2026-Sem1
EV001744,RA23110280000014,RA24110030000025,Cross-Department,1,2025-Sem1
EV001745,RA23110280000014,RA24110030000031,Cross-Department,2,2026-Sem1
EV001746,RA23110280000014,RA24110030000031,Cross-Department,1,2026-Sem2
EV001747,RA23110280000014,RA24110280000044,Club,1,2025-Sem1
EV001748,RA23110280000014,RA25110280000049,Academic,1,2025-Sem1
EV001749,RA23110280000014,RA25110290000055,Cross-Department,2,2026-Sem2
EV001750,RA23110280000015,RA23110280000016,Project,1,2026-Sem1
EV001751,RA23110280000015,RA23110280000017,Club,3,2025-Sem1
EV001752,RA23110280000015,RA23110280000018,Project,3,2026-Sem1
EV001753,RA23110280000015,RA23110280000018,Project,1,2026-Sem1
EV001754,RA23110280000015,RA23110280000019,Social,2,2026-Sem2
EV001755,RA23110280000015,RA23110280000021,Social,1,2026-Sem1
EV001756,RA23110280000015,RA23110280000021,Social,2,2025-Sem1
EV001757,RA23110280000015,RA23110280000021,Social,2,2026-Sem2
EV001758,RA23110280000015,RA23110290000001,Cross-Department,1,2026-Sem1
EV001759,RA23110280000015,RA23110290000001,Cross-Department,3,2025-Sem1
EV001760,RA23110280000015,RA23110290000001,Cross-Department,1,2026-Sem2
EV001761,RA23110280000015,RA24110030000030,Cross-Department,2,2025-Sem1
EV001762,RA23110280000015,RA24110030000030,Cross-Department,1,2026-Sem2
EV001763,RA23110280000015,RA24110030000030,Cross-Department,2,2026-Sem1
EV001764,RA23110280000015,RA24110030000030,Cross-Department,2,2025-Sem1
EV001765,RA23110280000015,RA25110030000058,Cross-Department,1,2026-Sem1
EV001766,RA23110280000015,RA25110030000058,Cross-Department,1,2026-Sem1
EV001767,RA23110280000015,RA25110030000058,Cross-Department,1,2026-Sem1
EV001768,RA23110280000015,RA25110030000058,Cross-Department,2,2026-Sem1
EV001769,RA23110280000015,RA25110030000058,Cross-Department,1,2026-Sem1
EV001770,RA23110280000015,RA25110280000049,Social,2,2026-Sem2
EV001771,RA23110280000015,RA25110280000049,Social,2,2026-Sem1
EV001772,RA23110280000015,RA25110300000050,Cross-Department,3,2026-Sem1
EV001773,RA23110280000015,RA26110280000088,Social,1,2026-Sem2
EV001774,RA23110280000015,RA26110290000075,Cross-Department,2,2025-Sem1
EV001775,RA23110280000015,RA26110290000075,Cross-Department,1,2026-Sem2
EV001776,RA23110280000015,RA26110290000075,Cross-Department,1,2026-Sem2
EV001777,RA23110280000015,RA26110290000075,Cross-Department,1,2026-Sem1
EV001778,RA23110280000016,RA23110280000017,Club,2,2026-Sem1
EV001779,RA23110280000016,RA23110280000017,Club,2,2026-Sem1
EV001780,RA23110280000016,RA23110280000020,Social,1,2026-Sem1
EV001781,RA23110280000016,RA23110280000020,Social,1,2026-Sem1
EV001782,RA23110280000016,RA23110290000015,Cross-Department,2,2025-Sem1
EV001783,RA23110280000016,RA23110290000015,Cross-Department,1,2026-Sem1
EV001784,RA23110280000016,RA23110290000015,Cross-Department,1,2025-Sem1
EV001785,RA23110280000016,RA23110290000019,Cross-Department,2,2025-Sem1
EV001786,RA23110280000016,RA23110290000019,Cross-Department,3,2026-Sem2
EV001787,RA23110280000016,RA24110280000026,Project,2,2025-Sem1
EV001788,RA23110280000016,RA24110280000028,Academic,4,2026-Sem2
EV001789,RA23110280000016,RA24110290000026,Cross-Department,1,2026-Sem2
EV001790,RA23110280000016,RA24110290000026,Cross-Department,1,2026-Sem2
EV001791,RA23110280000016,RA24110290000026,Cross-Department,3,2026-Sem2
EV001792,RA23110280000016,RA25110030000064,Cross-Department,2,2025-Sem1
EV001793,RA23110280000016,RA26110030000080,Cross-Department,2,2026-Sem1
EV001794,RA23110280000016,RA26110030000082,Cross-Department,2,2025-Sem1
EV001795,RA23110280000017,RA23110280000018,Social,2,2026-Sem2
EV001796,RA23110280000017,RA23110280000018,Social,1,2026-Sem1
EV001797,RA23110280000017,RA23110280000019,Event,2,2025-Sem1
EV001798,RA23110280000017,RA23110280000019,Event,2,2026-Sem1
EV001799,RA23110280000017,RA23110280000021,Project,1,2026-Sem2
EV001800,RA23110280000017,RA23110280000021,Project,2,2025-Sem1
EV001801,RA23110280000017,RA23110280000021,Project,1,2026-Sem1
EV001802,RA23110280000017,RA23110280000021,Project,1,2025-Sem1
EV001803,RA23110280000017,RA23110290000002,Cross-Department,1,2025-Sem1
EV001804,RA23110280000017,RA23110290000002,Cross-Department,2,2026-Sem2
EV001805,RA23110280000017,RA23110290000002,Cross-Department,2,2026-Sem2
EV001806,RA23110280000017,RA23110290000002,Cross-Department,1,2025-Sem1
EV001807,RA23110280000017,RA23110290000002,Cross-Department,3,2026-Sem1
EV001808,RA23110280000017,RA23110290000002,Cross-Department,1,2026-Sem1
EV001809,RA23110280000017,RA23110290000002,Cross-Department,2,2025-Sem1
EV001810,RA23110280000017,RA25110030000053,Cross-Department,3,2026-Sem1
EV001811,RA23110280000017,RA25110290000055,Cross-Department,2,2025-Sem1
EV001812,RA23110280000017,RA25110290000055,Cross-Department,2,2026-Sem2
EV001813,RA23110280000017,RA25110300000045,Cross-Department,1,2026-Sem2
EV001814,RA23110280000017,RA25110300000045,Cross-Department,4,2026-Sem2
EV001815,RA23110280000017,RA25110300000045,Cross-Department,2,2025-Sem1
EV001816,RA23110280000017,RA25110300000045,Cross-Department,1,2026-Sem1
EV001817,RA23110280000017,RA25110300000045,Cross-Department,3,2026-Sem2
EV001818,RA23110280000017,RA25110300000045,Cross-Department,3,2025-Sem1
EV001819,RA23110280000017,RA26110030000077,Cross-Department,3,2026-Sem1
EV001820,RA23110280000017,RA26110030000077,Cross-Department,3,2025-Sem1
EV001821,RA23110280000017,RA26110030000077,Cross-Department,1,2026-Sem1
EV001822,RA23110280000017,RA26110280000078,Academic,1,2025-Sem1
EV001823,RA23110280000017,RA26110280000078,Academic,4,2025-Sem1
EV001824,RA23110280000018,RA23110280000019,Project,3,2026-Sem1
EV001825,RA23110280000018,RA23110280000020,Project,1,2026-Sem1
EV001826,RA23110280000018,RA23110280000020,Project,1,2026-Sem2
EV001827,RA23110280000018,RA23110280000020,Project,2,2026-Sem1
EV001828,RA23110280000018,RA23110280000020,Project,2,2026-Sem2
EV001829,RA23110280000018,RA23110280000020,Project,1,2026-Sem1
EV001830,RA23110280000018,RA23110280000022,Academic,1,2026-Sem1
EV001831,RA23110280000018,RA25110280000062,Club,2,2026-Sem2
EV001832,RA23110280000018,RA26110030000072,Cross-Department,3,2026-Sem1
EV001833,RA23110280000018,RA26110030000072,Cross-Department,1,2026-Sem1
EV001834,RA23110280000018,RA26110030000072,Cross-Department,1,2026-Sem1
EV001835,RA23110280000018,RA26110280000083,Event,2,2026-Sem2
EV001836,RA23110280000019,RA23110280000020,Event,1,2026-Sem1
EV001837,RA23110280000019,RA23110280000020,Event,1,2026-Sem2
EV001838,RA23110280000019,RA23110280000020,Event,1,2026-Sem1
EV001839,RA23110280000019,RA23110300000022,Cross-Department,2,2025-Sem1
EV001840,RA23110280000019,RA23110300000022,Cross-Department,4,2026-Sem2
EV001841,RA23110280000019,RA24110030000035,Cross-Department,1,2026-Sem1
EV001842,RA23110280000019,RA24110030000035,Cross-Department,1,2025-Sem1
EV001843,RA23110280000019,RA24110030000035,Cross-Department,1,2026-Sem1
EV001844,RA23110280000019,RA24110280000038,Club,1,2026-Sem2
EV001845,RA23110280000019,RA24110280000038,Club,1,2025-Sem1
EV001846,RA23110280000019,RA24110280000038,Club,3,2026-Sem1
EV001847,RA23110280000019,RA24110300000026,Cross-Department,1,2025-Sem1
EV001848,RA23110280000019,RA24110300000026,Cross-Department,1,2025-Sem1
EV001849,RA23110280000019,RA24110300000026,Cross-Department,4,2026-Sem1
EV001850,RA23110280000019,RA24110300000043,Cross-Department,1,2026-Sem1
EV001851,RA23110280000019,RA24110300000043,Cross-Department,2,2026-Sem2
EV001852,RA23110280000019,RA24110300000043,Cross-Department,1,2026-Sem2
EV001853,RA23110280000019,RA24110300000043,Cross-Department,1,2025-Sem1
EV001854,RA23110280000019,RA25110030000064,Cross-Department,1,2026-Sem1
EV001855,RA23110280000019,RA25110030000064,Cross-Department,1,2026-Sem1
EV001856,RA23110280000019,RA25110030000064,Cross-Department,2,2026-Sem2
EV001857,RA23110280000019,RA25110030000064,Cross-Department,1,2025-Sem1
EV001858,RA23110280000019,RA25110280000057,Social,1,2026-Sem1
EV001859,RA23110280000019,RA25110280000057,Social,2,2025-Sem1
EV001860,RA23110280000019,RA25110280000057,Social,1,2026-Sem1
EV001861,RA23110280000019,RA25110280000057,Social,1,2026-Sem1
EV001862,RA23110280000019,RA25110290000061,Cross-Department,2,2026-Sem1
EV001863,RA23110280000019,RA25110290000061,Cross-Department,1,2026-Sem1
EV001864,RA23110280000019,RA25110290000062,Cross-Department,2,2026-Sem2
EV001865,RA23110280000019,RA25110290000062,Cross-Department,1,2026-Sem2
EV001866,RA23110280000019,RA25110290000062,Cross-Department,2,2025-Sem1
EV001867,RA23110280000019,RA25110290000062,Cross-Department,1,2026-Sem1
EV001868,RA23110280000019,RA26110030000081,Cross-Department,3,2026-Sem1
EV001869,RA23110280000019,RA26110030000081,Cross-Department,2,2026-Sem2
EV001870,RA23110280000020,RA23110280000021,Club,2,2026-Sem2
EV001871,RA23110280000020,RA23110300000018,Cross-Department,1,2026-Sem2
EV001872,RA23110280000020,RA23110300000018,Cross-Department,4,2025-Sem1
EV001873,RA23110280000020,RA24110300000027,Cross-Department,1,2026-Sem2
EV001874,RA23110280000020,RA24110300000027,Cross-Department,1,2026-Sem2
EV001875,RA23110280000020,RA24110300000027,Cross-Department,1,2026-Sem1
EV001876,RA23110280000020,RA24110300000027,Cross-Department,2,2026-Sem2
EV001877,RA23110280000020,RA24110300000027,Cross-Department,1,2026-Sem2
EV001878,RA23110280000020,RA24110300000041,Cross-Department,2,2025-Sem1
EV001879,RA23110280000020,RA26110280000083,Social,1,2026-Sem2
EV001880,RA23110280000021,RA23110280000022,Social,1,2026-Sem2
EV001881,RA23110280000021,RA23110280000022,Social,1,2026-Sem2
EV001882,RA23110280000021,RA23110290000007,Cross-Department,2,2026-Sem1
EV001883,RA23110280000021,RA23110290000007,Cross-Department,1,2025-Sem1
EV001884,RA23110280000021,RA23110290000007,Cross-Department,1,2026-Sem1
EV001885,RA23110280000021,RA23110300000003,Cross-Department,2,2025-Sem1
EV001886,RA23110280000021,RA23110300000003,Cross-Department,2,2025-Sem1
EV001887,RA23110280000021,RA23110300000006,Cross-Department,2,2026-Sem1
EV001888,RA23110280000021,RA23110300000006,Cross-Department,1,2025-Sem1
EV001889,RA23110280000021,RA24110030000024,Cross-Department,2,2026-Sem1
EV001890,RA23110280000021,RA24110030000024,Cross-Department,2,2026-Sem2
EV001891,RA23110280000021,RA24110280000044,Event,3,2025-Sem1
EV001892,RA23110280000021,RA25110030000059,Cross-Department,1,2025-Sem1
EV001893,RA23110280000021,RA25110030000059,Cross-Department,4,2025-Sem1
EV001894,RA23110280000021,RA25110030000059,Cross-Department,3,2026-Sem1
EV001895,RA23110280000021,RA25110030000059,Cross-Department,1,2026-Sem2
EV001896,RA23110280000021,RA26110280000079,Club,4,2025-Sem1
EV001897,RA23110280000021,RA26110280000079,Club,1,2025-Sem1
EV001898,RA23110280000021,RA26110280000079,Club,2,2026-Sem1
EV001899,RA23110280000021,RA26110280000084,Social,3,2026-Sem1
EV001900,RA23110280000021,RA26110280000084,Social,1,2026-Sem1
EV001901,RA23110280000022,RA24110280000035,Project,1,2025-Sem1
EV001902,RA23110280000022,RA24110280000035,Project,1,2026-Sem2
EV001903,RA23110280000022,RA24110280000035,Project,1,2026-Sem2
EV001904,RA23110280000022,RA25110290000053,Cross-Department,5,2025-Sem1
EV001905,RA23110280000022,RA25110290000053,Cross-Department,1,2026-Sem1
EV001906,RA23110280000022,RA25110290000063,Cross-Department,1,2026-Sem2
EV001907,RA23110280000022,RA25110290000063,Cross-Department,2,2026-Sem2
EV001908,RA23110280000022,RA25110290000063,Cross-Department,3,2025-Sem1
EV001909,RA23110280000022,RA25110290000063,Cross-Department,1,2026-Sem1
EV001910,RA23110280000022,RA26110290000087,Cross-Department,2,2026-Sem2
EV001911,RA23110280000022,RA26110290000087,Cross-Department,2,2026-Sem2
EV001912,RA23110290000001,RA23110290000002,Event,5,2025-Sem1
EV001913,RA23110290000001,RA23110290000002,Event,5,2026-Sem1
EV001914,RA23110290000001,RA23110290000005,Event,3,2026-Sem1
EV001915,RA23110290000001,RA23110290000007,Social,3,2026-Sem2
EV001916,RA23110290000001,RA23110290000007,Social,1,2026-Sem1
EV001917,RA23110290000001,RA23110290000008,Event,3,2025-Sem1
EV001918,RA23110290000001,RA23110290000009,Project,1,2025-Sem1
EV001919,RA23110290000001,RA23110290000010,Club,1,2026-Sem1
EV001920,RA23110290000001,RA23110290000010,Club,1,2026-Sem2
EV001921,RA23110290000001,RA23110290000010,Club,1,2026-Sem2
EV001922,RA23110290000001,RA23110290000011,Event,2,2026-Sem2
EV001923,RA23110290000001,RA23110290000011,Event,2,2026-Sem1
EV001924,RA23110290000001,RA23110290000011,Event,1,2025-Sem1
EV001925,RA23110290000001,RA23110290000014,Event,1,2026-Sem2
EV001926,RA23110290000001,RA23110290000014,Event,3,2026-Sem1
EV001927,RA23110290000001,RA23110290000015,Event,1,2026-Sem1
EV001928,RA23110290000001,RA23110290000015,Event,2,2026-Sem1
EV001929,RA23110290000001,RA23110290000016,Social,1,2026-Sem1
EV001930,RA23110290000001,RA23110290000017,Project,1,2026-Sem2
EV001931,RA23110290000001,RA23110290000020,Academic,2,2026-Sem1
EV001932,RA23110290000001,RA23110290000020,Academic,2,2026-Sem2
EV001933,RA23110290000001,RA23110290000020,Academic,1,2026-Sem2
EV001934,RA23110290000001,RA23110290000022,Project,4,2026-Sem1
EV001935,RA23110290000001,RA24110280000033,Cross-Department,1,2026-Sem2
EV001936,RA23110290000001,RA24110280000033,Cross-Department,3,2026-Sem1
EV001937,RA23110290000001,RA25110290000046,Social,5,2026-Sem2
EV001938,RA23110290000001,RA25110290000046,Social,1,2026-Sem2
EV001939,RA23110290000001,RA25110290000046,Social,1,2025-Sem1
EV001940,RA23110290000001,RA25110290000046,Social,2,2025-Sem1
EV001941,RA23110290000001,RA26110280000070,Cross-Department,1,2026-Sem2
EV001942,RA23110290000001,RA26110280000070,Cross-Department,1,2025-Sem1
EV001943,RA23110290000001,RA26110280000070,Cross-Department,3,2026-Sem2
EV001944,RA23110290000001,RA26110290000077,Project,1,2026-Sem1
EV001945,RA23110290000001,RA26110290000077,Project,1,2026-Sem1
EV001946,RA23110290000002,RA23110290000003,Club,1,2026-Sem1
EV001947,RA23110290000002,RA23110290000004,Project,1,2026-Sem1
EV001948,RA23110290000002,RA23110290000004,Project,3,2026-Sem2
EV001949,RA23110290000002,RA23110290000005,Academic,1,2026-Sem1
EV001950,RA23110290000002,RA23110290000008,Social,1,2025-Sem1
EV001951,RA23110290000002,RA23110290000009,Social,2,2026-Sem2
EV001952,RA23110290000002,RA23110290000011,Social,1,2025-Sem1
EV001953,RA23110290000002,RA23110290000011,Social,1,2025-Sem1
EV001954,RA23110290000002,RA23110290000011,Social,1,2026-Sem1
EV001955,RA23110290000002,RA23110290000013,Event,1,2025-Sem1
EV001956,RA23110290000002,RA23110290000016,Project,1,2026-Sem2
EV001957,RA23110290000002,RA23110290000016,Project,2,2025-Sem1
EV001958,RA23110290000002,RA23110290000017,Club,1,2025-Sem1
EV001959,RA23110290000002,RA23110290000017,Club,1,2026-Sem1
EV001960,RA23110290000002,RA23110290000018,Academic,2,2026-Sem2
EV001961,RA23110290000002,RA23110290000022,Club,2,2025-Sem1
EV001962,RA23110290000002,RA23110290000022,Club,2,2025-Sem1
EV001963,RA23110290000002,RA25110280000048,Cross-Department,2,2025-Sem1
EV001964,RA23110290000002,RA25110280000048,Cross-Department,2,2025-Sem1
EV001965,RA23110290000002,RA25110280000048,Cross-Department,1,2025-Sem1
EV001966,RA23110290000002,RA26110290000084,Project,1,2026-Sem2
EV001967,RA23110290000003,RA23110290000004,Academic,1,2026-Sem2
EV001968,RA23110290000003,RA23110290000004,Academic,2,2026-Sem1
EV001969,RA23110290000003,RA23110290000004,Academic,1,2026-Sem1
EV001970,RA23110290000003,RA23110290000005,Event,2,2026-Sem2
EV001971,RA23110290000003,RA23110290000005,Event,1,2026-Sem1
EV001972,RA23110290000003,RA23110290000007,Academic,1,2026-Sem1
EV001973,RA23110290000003,RA23110290000013,Academic,2,2026-Sem2
EV001974,RA23110290000003,RA23110290000014,Project,1,2025-Sem1
EV001975,RA23110290000003,RA23110290000014,Project,1,2026-Sem2
EV001976,RA23110290000003,RA23110290000016,Club,2,2026-Sem1
EV001977,RA23110290000003,RA23110290000018,Club,3,2026-Sem2
EV001978,RA23110290000003,RA23110290000018,Club,2,2026-Sem2
EV001979,RA23110290000003,RA23110290000019,Club,1,2025-Sem1
EV001980,RA23110290000003,RA23110290000021,Academic,2,2026-Sem2
EV001981,RA23110290000003,RA23110290000021,Academic,1,2025-Sem1
EV001982,RA23110290000003,RA24110290000024,Project,2,2025-Sem1
EV001983,RA23110290000003,RA24110290000024,Project,2,2025-Sem1
EV001984,RA23110290000003,RA24110290000024,Project,2,2026-Sem1
EV001985,RA23110290000003,RA24110290000024,Project,1,2025-Sem1
EV001986,RA23110290000003,RA24110290000024,Project,2,2026-Sem1
EV001987,RA23110290000003,RA24110290000024,Project,2,2026-Sem1
EV001988,RA23110290000003,RA24110290000024,Project,3,2026-Sem1
EV001989,RA23110290000003,RA24110290000033,Academic,3,2026-Sem1
EV001990,RA23110290000003,RA24110290000033,Academic,1,2026-Sem1
EV001991,RA23110290000003,RA24110290000033,Academic,1,2026-Sem1
EV001992,RA23110290000003,RA24110290000033,Academic,3,2026-Sem1
EV001993,RA23110290000003,RA24110290000033,Academic,1,2025-Sem1
EV001994,RA23110290000003,RA25110030000061,Cross-Department,1,2025-Sem1
EV001995,RA23110290000003,RA25110030000061,Cross-Department,2,2025-Sem1
EV001996,RA23110290000003,RA25110030000061,Cross-Department,1,2026-Sem2
EV001997,RA23110290000003,RA25110290000061,Project,2,2026-Sem2
EV001998,RA23110290000003,RA25110290000061,Project,1,2025-Sem1
EV001999,RA23110290000003,RA25110290000061,Project,1,2025-Sem1
EV002000,RA23110290000003,RA26110290000082,Project,2,2025-Sem1
EV002001,RA23110290000004,RA23110290000005,Event,2,2026-Sem2
EV002002,RA23110290000004,RA23110290000005,Event,1,2026-Sem2
EV002003,RA23110290000004,RA23110290000007,Academic,2,2026-Sem1
EV002004,RA23110290000004,RA23110290000010,Social,2,2026-Sem2
EV002005,RA23110290000004,RA23110290000010,Social,1,2026-Sem2
EV002006,RA23110290000004,RA23110290000010,Social,2,2025-Sem1
EV002007,RA23110290000004,RA23110290000010,Social,3,2026-Sem1
EV002008,RA23110290000004,RA23110290000010,Social,1,2026-Sem1
EV002009,RA23110290000004,RA23110290000011,Project,2,2026-Sem1
EV002010,RA23110290000004,RA23110290000012,Club,2,2026-Sem1
EV002011,RA23110290000004,RA23110290000012,Club,2,2026-Sem1
EV002012,RA23110290000004,RA23110290000013,Academic,1,2026-Sem2
EV002013,RA23110290000004,RA23110290000013,Academic,1,2025-Sem1
EV002014,RA23110290000004,RA23110290000013,Academic,1,2026-Sem2
EV002015,RA23110290000004,RA23110290000013,Academic,1,2026-Sem2
EV002016,RA23110290000004,RA23110290000013,Academic,1,2025-Sem1
EV002017,RA23110290000004,RA23110290000018,Academic,2,2026-Sem1
EV002018,RA23110290000004,RA23110290000018,Academic,2,2026-Sem2
EV002019,RA23110290000004,RA23110290000018,Academic,1,2025-Sem1
EV002020,RA23110290000004,RA23110290000018,Academic,1,2025-Sem1
EV002021,RA23110290000004,RA23110290000018,Academic,1,2025-Sem1
EV002022,RA23110290000004,RA23110290000018,Academic,1,2025-Sem1
EV002023,RA23110290000004,RA23110290000018,Academic,2,2026-Sem2
EV002024,RA23110290000004,RA23110290000019,Social,2,2026-Sem1
EV002025,RA23110290000004,RA23110290000020,Academic,3,2026-Sem2
EV002026,RA23110290000004,RA23110290000020,Academic,1,2026-Sem2
EV002027,RA23110290000004,RA23110290000021,Academic,2,2026-Sem2
EV002028,RA23110290000004,RA24110290000036,Club,1,2026-Sem1
EV002029,RA23110290000004,RA25110030000053,Cross-Department,4,2026-Sem1
EV002030,RA23110290000004,RA25110290000047,Event,1,2026-Sem1
EV002031,RA23110290000004,RA25110290000047,Event,1,2025-Sem1
EV002032,RA23110290000005,RA23110290000006,Event,2,2025-Sem1
EV002033,RA23110290000005,RA23110290000008,Social,1,2026-Sem1
EV002034,RA23110290000005,RA23110290000008,Social,1,2026-Sem1
EV002035,RA23110290000005,RA23110290000008,Social,2,2026-Sem1
EV002036,RA23110290000005,RA23110290000009,Project,2,2026-Sem2
EV002037,RA23110290000005,RA23110290000010,Project,2,2025-Sem1
EV002038,RA23110290000005,RA23110290000012,Project,2,2025-Sem1
EV002039,RA23110290000005,RA23110290000015,Social,3,2026-Sem2
EV002040,RA23110290000005,RA23110290000018,Social,3,2026-Sem2
EV002041,RA23110290000005,RA23110290000022,Club,1,2026-Sem1
EV002042,RA23110290000005,RA23110290000022,Club,1,2026-Sem2
EV002043,RA23110290000005,RA24110280000027,Cross-Department,1,2026-Sem2
EV002044,RA23110290000005,RA24110280000027,Cross-Department,1,2026-Sem1
EV002045,RA23110290000005,RA25110290000066,Project,1,2026-Sem1
EV002046,RA23110290000005,RA26110290000072,Academic,3,2026-Sem2
EV002047,RA23110290000005,RA26110290000072,Academic,2,2026-Sem2
EV002048,RA23110290000005,RA26110290000072,Academic,1,2026-Sem1
EV002049,RA23110290000005,RA26110290000072,Academic,1,2025-Sem1
EV002050,RA23110290000005,RA26110290000072,Academic,3,2025-Sem1
EV002051,RA23110290000005,RA26110290000072,Academic,2,2026-Sem1
EV002052,RA23110290000005,RA26110290000072,Academic,1,2026-Sem1
EV002053,RA23110290000005,RA26110290000072,Academic,1,2026-Sem2
EV002054,RA23110290000006,RA23110290000007,Club,1,2025-Sem1
EV002055,RA23110290000006,RA23110290000008,Project,2,2025-Sem1
EV002056,RA23110290000006,RA23110290000008,Project,4,2026-Sem2
EV002057,RA23110290000006,RA23110290000010,Academic,1,2026-Sem1
EV002058,RA23110290000006,RA23110290000010,Academic,2,2026-Sem2
EV002059,RA23110290000006,RA23110290000010,Academic,2,2025-Sem1
EV002060,RA23110290000006,RA23110290000011,Event,3,2025-Sem1
EV002061,RA23110290000006,RA23110290000011,Event,1,2025-Sem1
EV002062,RA23110290000006,RA23110290000016,Project,3,2026-Sem1
EV002063,RA23110290000006,RA23110290000017,Club,1,2025-Sem1
EV002064,RA23110290000006,RA23110290000019,Event,2,2026-Sem2
EV002065,RA23110290000006,RA23110290000019,Event,2,2026-Sem1
EV002066,RA23110290000006,RA23110290000019,Event,1,2026-Sem1
EV002067,RA23110290000006,RA23110290000022,Event,4,2026-Sem2
EV002068,RA23110290000006,RA23110290000022,Event,1,2025-Sem1
EV002069,RA23110290000006,RA24110280000032,Cross-Department,1,2026-Sem1
EV002070,RA23110290000006,RA24110280000032,Cross-Department,1,2026-Sem1
EV002071,RA23110290000006,RA24110280000032,Cross-Department,2,2026-Sem2
EV002072,RA23110290000006,RA24110280000032,Cross-Department,1,2025-Sem1
EV002073,RA23110290000006,RA24110280000041,Cross-Department,3,2026-Sem2
EV002074,RA23110290000006,RA24110280000041,Cross-Department,3,2026-Sem1
EV002075,RA23110290000006,RA25110030000047,Cross-Department,3,2026-Sem2
EV002076,RA23110290000006,RA25110290000056,Club,1,2026-Sem1
EV002077,RA23110290000006,RA25110290000056,Club,2,2026-Sem1
EV002078,RA23110290000006,RA25110290000056,Club,1,2026-Sem2
EV002079,RA23110290000006,RA25110290000065,Academic,1,2025-Sem1
EV002080,RA23110290000006,RA26110030000076,Cross-Department,3,2026-Sem2
EV002081,RA23110290000006,RA26110030000084,Cross-Department,5,2026-Sem1
EV002082,RA23110290000006,RA26110030000084,Cross-Department,3,2025-Sem1
EV002083,RA23110290000006,RA26110280000086,Cross-Department,2,2026-Sem1
EV002084,RA23110290000006,RA26110290000069,Project,1,2025-Sem1
EV002085,RA23110290000006,RA26110290000069,Project,3,2026-Sem1
EV002086,RA23110290000006,RA26110290000069,Project,3,2026-Sem2
EV002087,RA23110290000006,RA26110540000080,Cross-Department,4,2026-Sem1
EV002088,RA23110290000007,RA23110290000008,Event,3,2026-Sem1
EV002089,RA23110290000007,RA23110290000008,Event,1,2026-Sem2
EV002090,RA23110290000007,RA23110290000011,Project,1,2025-Sem1
EV002091,RA23110290000007,RA23110290000014,Event,1,2026-Sem1
EV002092,RA23110290000007,RA23110290000014,Event,1,2026-Sem2
EV002093,RA23110290000007,RA23110290000014,Event,2,2026-Sem2
EV002094,RA23110290000007,RA23110290000017,Project,1,2026-Sem2
EV002095,RA23110290000007,RA23110290000019,Project,2,2026-Sem1
EV002096,RA23110290000007,RA23110290000019,Project,1,2025-Sem1
EV002097,RA23110290000007,RA23110290000019,Project,1,2026-Sem2
EV002098,RA23110290000007,RA23110290000020,Club,1,2026-Sem2
EV002099,RA23110290000007,RA23110290000020,Club,3,2025-Sem1
EV002100,RA23110290000007,RA23110290000020,Club,1,2025-Sem1
EV002101,RA23110290000007,RA24110280000034,Cross-Department,1,2026-Sem1
EV002102,RA23110290000007,RA24110280000034,Cross-Department,1,2026-Sem1
EV002103,RA23110290000007,RA24110290000035,Club,4,2025-Sem1
EV002104,RA23110290000007,RA25110280000047,Cross-Department,2,2026-Sem1
EV002105,RA23110290000007,RA26110030000075,Cross-Department,3,2026-Sem2
EV002106,RA23110290000007,RA26110030000075,Cross-Department,3,2026-Sem1
EV002107,RA23110290000007,RA26110280000076,Cross-Department,1,2025-Sem1
EV002108,RA23110290000007,RA26110280000076,Cross-Department,1,2026-Sem1
EV002109,RA23110290000007,RA26110280000076,Cross-Department,1,2026-Sem2
EV002110,RA23110290000007,RA26110280000076,Cross-Department,1,2026-Sem2
EV002111,RA23110290000007,RA26110280000080,Cross-Department,1,2026-Sem2
EV002112,RA23110290000007,RA26110280000080,Cross-Department,1,2026-Sem1
EV002113,RA23110290000007,RA26110280000080,Cross-Department,2,2025-Sem1
EV002114,RA23110290000008,RA23110290000009,Event,3,2025-Sem1
EV002115,RA23110290000008,RA23110290000010,Event,3,2026-Sem1
EV002116,RA23110290000008,RA23110290000010,Event,1,2026-Sem1
EV002117,RA23110290000008,RA23110290000010,Event,2,2026-Sem2
EV002118,RA23110290000008,RA23110290000010,Event,3,2026-Sem1
EV002119,RA23110290000008,RA23110290000013,Project,3,2025-Sem1
EV002120,RA23110290000008,RA23110290000015,Project,1,2026-Sem1
EV002121,RA23110290000008,RA23110290000018,Project,3,2026-Sem1
EV002122,RA23110290000008,RA23110290000018,Project,6,2026-Sem1
EV002123,RA23110290000008,RA23110290000018,Project,2,2026-Sem1
EV002124,RA23110290000008,RA23110290000018,Project,1,2026-Sem1
EV002125,RA23110290000008,RA26110030000069,Cross-Department,2,2026-Sem1
EV002126,RA23110290000008,RA26110030000069,Cross-Department,2,2026-Sem1
EV002127,RA23110290000009,RA23110290000010,Social,1,2025-Sem1
EV002128,RA23110290000009,RA23110290000010,Social,2,2025-Sem1
EV002129,RA23110290000009,RA23110290000010,Social,1,2026-Sem2
EV002130,RA23110290000009,RA23110290000010,Social,2,2025-Sem1
EV002131,RA23110290000009,RA23110290000016,Academic,1,2026-Sem2
EV002132,RA23110290000009,RA23110290000017,Academic,3,2025-Sem1
EV002133,RA23110290000009,RA23110290000017,Academic,1,2025-Sem1
EV002134,RA23110290000009,RA23110290000020,Club,2,2025-Sem1
EV002135,RA23110290000009,RA23110290000020,Club,2,2026-Sem1
EV002136,RA23110290000009,RA23110290000022,Club,1,2025-Sem1
EV002137,RA23110290000009,RA23110290000022,Club,1,2025-Sem1
EV002138,RA23110290000009,RA24110280000036,Cross-Department,3,2026-Sem2
EV002139,RA23110290000009,RA24110280000036,Cross-Department,2,2026-Sem2
EV002140,RA23110290000009,RA24110280000036,Cross-Department,3,2025-Sem1
EV002141,RA23110290000009,RA24110280000036,Cross-Department,1,2026-Sem2
EV002142,RA23110290000009,RA24110280000036,Cross-Department,1,2026-Sem2
EV002143,RA23110290000009,RA24110280000036,Cross-Department,1,2026-Sem1
EV002144,RA23110290000009,RA24110280000036,Cross-Department,1,2025-Sem1
EV002145,RA23110290000009,RA25110280000051,Cross-Department,1,2025-Sem1
EV002146,RA23110290000009,RA25110280000051,Cross-Department,2,2026-Sem2
EV002147,RA23110290000009,RA26110290000080,Social,1,2026-Sem2
EV002148,RA23110290000010,RA23110290000011,Social,1,2026-Sem1
EV002149,RA23110290000010,RA23110290000011,Social,1,2026-Sem2
EV002150,RA23110290000010,RA23110290000011,Social,1,2026-Sem1
EV002151,RA23110290000010,RA23110290000012,Social,2,2025-Sem1
EV002152,RA23110290000010,RA23110290000013,Event,1,2026-Sem1
EV002153,RA23110290000010,RA23110290000013,Event,1,2026-Sem1
EV002154,RA23110290000010,RA23110290000019,Academic,1,2026-Sem1
EV002155,RA23110290000010,RA23110290000019,Academic,1,2026-Sem1
EV002156,RA23110290000010,RA23110290000019,Academic,2,2026-Sem2
EV002157,RA23110290000010,RA23110290000021,Social,1,2026-Sem1
EV002158,RA23110290000010,RA23110290000022,Social,1,2025-Sem1
EV002159,RA23110290000010,RA24110280000025,Cross-Department,2,2026-Sem1
EV002160,RA23110290000010,RA24110280000025,Cross-Department,1,2026-Sem1
EV002161,RA23110290000010,RA24110280000025,Cross-Department,5,2026-Sem2
EV002162,RA23110290000010,RA24110280000025,Cross-Department,2,2026-Sem2
EV002163,RA23110290000010,RA24110540000036,Cross-Department,1,2026-Sem1
EV002164,RA23110290000010,RA24110540000036,Cross-Department,1,2025-Sem1
EV002165,RA23110290000010,RA25110030000047,Cross-Department,4,2025-Sem1
EV002166,RA23110290000010,RA25110030000048,Cross-Department,5,2026-Sem1
EV002167,RA23110290000010,RA25110030000048,Cross-Department,1,2026-Sem1
EV002168,RA23110290000010,RA25110030000048,Cross-Department,1,2026-Sem2
EV002169,RA23110290000010,RA26110030000075,Cross-Department,2,2025-Sem1
EV002170,RA23110290000010,RA26110030000075,Cross-Department,2,2025-Sem1
EV002171,RA23110290000010,RA26110030000075,Cross-Department,1,2026-Sem2
EV002172,RA23110290000010,RA26110030000075,Cross-Department,3,2026-Sem1
EV002173,RA23110290000010,RA26110280000069,Cross-Department,1,2025-Sem1
EV002174,RA23110290000010,RA26110280000069,Cross-Department,2,2026-Sem2
EV002175,RA23110290000010,RA26110280000069,Cross-Department,1,2026-Sem1
EV002176,RA23110290000010,RA26110280000069,Cross-Department,1,2026-Sem2
EV002177,RA23110290000010,RA26110280000069,Cross-Department,1,2026-Sem2
EV002178,RA23110290000011,RA23110290000012,Event,1,2025-Sem1
EV002179,RA23110290000011,RA23110290000013,Club,3,2026-Sem2
EV002180,RA23110290000011,RA23110290000013,Club,1,2025-Sem1
EV002181,RA23110290000011,RA23110290000015,Academic,3,2026-Sem1
EV002182,RA23110290000011,RA23110290000018,Club,2,2026-Sem1
EV002183,RA23110290000011,RA23110290000018,Club,1,2026-Sem1
EV002184,RA23110290000011,RA23110560000007,Cross-Department,2,2025-Sem1
EV002185,RA23110290000011,RA23110560000007,Cross-Department,2,2026-Sem1
EV002186,RA23110290000011,RA23110560000007,Cross-Department,1,2025-Sem1
EV002187,RA23110290000011,RA23110560000007,Cross-Department,1,2026-Sem2
EV002188,RA23110290000011,RA24110030000030,Cross-Department,3,2026-Sem1
EV002189,RA23110290000011,RA24110030000030,Cross-Department,3,2026-Sem1
EV002190,RA23110290000011,RA24110280000030,Cross-Department,3,2026-Sem2
EV002191,RA23110290000011,RA24110280000030,Cross-Department,1,2026-Sem2
EV002192,RA23110290000011,RA24110280000037,Cross-Department,3,2025-Sem1
EV002193,RA23110290000011,RA24110280000037,Cross-Department,1,2026-Sem1
EV002194,RA23110290000011,RA24110280000037,Cross-Department,1,2026-Sem2
EV002195,RA23110290000011,RA24110280000037,Cross-Department,1,2026-Sem2
EV002196,RA23110290000011,RA24110280000037,Cross-Department,2,2026-Sem1
EV002197,RA23110290000011,RA24110560000031,Cross-Department,1,2026-Sem2
EV002198,RA23110290000011,RA24110560000031,Cross-Department,3,2026-Sem1
EV002199,RA23110290000011,RA25110030000054,Cross-Department,1,2026-Sem2
EV002200,RA23110290000011,RA25110030000054,Cross-Department,1,2025-Sem1
EV002201,RA23110290000011,RA25110030000054,Cross-Department,3,2025-Sem1
EV002202,RA23110290000011,RA25110290000049,Social,1,2026-Sem2
EV002203,RA23110290000011,RA25110290000061,Project,3,2026-Sem1
EV002204,RA23110290000011,RA25110290000061,Project,3,2026-Sem1
EV002205,RA23110290000011,RA25110290000066,Academic,3,2026-Sem2
EV002206,RA23110290000011,RA26110290000067,Event,1,2026-Sem2
EV002207,RA23110290000011,RA26110290000067,Event,3,2026-Sem2
EV002208,RA23110290000011,RA26110290000067,Event,1,2026-Sem2
EV002209,RA23110290000012,RA23110290000013,Club,1,2026-Sem2
EV002210,RA23110290000012,RA23110290000013,Club,1,2026-Sem2
EV002211,RA23110290000012,RA23110290000017,Project,2,2026-Sem1
EV002212,RA23110290000012,RA23110290000017,Project,3,2026-Sem1
EV002213,RA23110290000012,RA23110290000017,Project,1,2026-Sem2
EV002214,RA23110290000012,RA23110290000018,Club,1,2026-Sem1
EV002215,RA23110290000012,RA23110290000018,Club,1,2026-Sem2
EV002216,RA23110290000012,RA23110290000018,Club,2,2025-Sem1
EV002217,RA23110290000012,RA23110290000018,Club,3,2025-Sem1
EV002218,RA23110290000012,RA23110290000018,Club,2,2026-Sem1
EV002219,RA23110290000012,RA23110290000018,Club,3,2025-Sem1
EV002220,RA23110290000012,RA23110290000020,Project,2,2026-Sem1
EV002221,RA23110290000012,RA23110290000020,Project,3,2026-Sem1
EV002222,RA23110290000012,RA23110290000020,Project,2,2026-Sem2
EV002223,RA23110290000012,RA23110290000021,Project,1,2026-Sem2
EV002224,RA23110290000012,RA23110290000021,Project,1,2025-Sem1
EV002225,RA23110290000012,RA23110290000021,Project,3,2026-Sem1
EV002226,RA23110290000012,RA23110290000022,Social,2,2026-Sem2
EV002227,RA23110290000012,RA24110280000030,Cross-Department,2,2025-Sem1
EV002228,RA23110290000012,RA24110280000039,Cross-Department,1,2026-Sem1
EV002229,RA23110290000012,RA24110280000039,Cross-Department,3,2026-Sem1
EV002230,RA23110290000012,RA24110290000024,Club,1,2026-Sem1
EV002231,RA23110290000012,RA24110290000024,Club,2,2025-Sem1
EV002232,RA23110290000012,RA25110280000060,Cross-Department,3,2026-Sem2
EV002233,RA23110290000012,RA25110280000060,Cross-Department,2,2025-Sem1
EV002234,RA23110290000012,RA25110280000060,Cross-Department,1,2025-Sem1
EV002235,RA23110290000012,RA26110290000068,Academic,1,2025-Sem1
EV002236,RA23110290000012,RA26110290000068,Academic,2,2025-Sem1
EV002237,RA23110290000013,RA23110290000014,Club,3,2026-Sem2
EV002238,RA23110290000013,RA23110290000014,Club,2,2026-Sem2
EV002239,RA23110290000013,RA23110290000014,Club,2,2026-Sem2
EV002240,RA23110290000013,RA23110290000014,Club,2,2025-Sem1
EV002241,RA23110290000013,RA23110290000014,Club,1,2026-Sem1
EV002242,RA23110290000013,RA23110290000015,Social,3,2026-Sem1
EV002243,RA23110290000013,RA23110290000015,Social,2,2026-Sem2
EV002244,RA23110290000013,RA23110290000016,Academic,1,2026-Sem1
EV002245,RA23110290000013,RA23110290000016,Academic,2,2026-Sem2
EV002246,RA23110290000013,RA23110290000016,Academic,2,2025-Sem1
EV002247,RA23110290000013,RA23110290000016,Academic,1,2026-Sem1
EV002248,RA23110290000013,RA23110290000016,Academic,2,2025-Sem1
EV002249,RA23110290000013,RA23110290000016,Academic,1,2026-Sem1
EV002250,RA23110290000013,RA23110290000016,Academic,1,2026-Sem1
EV002251,RA23110290000013,RA23110290000016,Academic,1,2025-Sem1
EV002252,RA23110290000013,RA23110290000016,Academic,1,2025-Sem1
EV002253,RA23110290000013,RA23110290000018,Club,2,2025-Sem1
EV002254,RA23110290000013,RA23110290000019,Social,1,2025-Sem1
EV002255,RA23110290000013,RA24110030000024,Cross-Department,1,2025-Sem1
EV002256,RA23110290000013,RA24110030000024,Cross-Department,4,2026-Sem2
EV002257,RA23110290000013,RA24110030000024,Cross-Department,1,2026-Sem1
EV002258,RA23110290000014,RA23110290000015,Project,2,2025-Sem1
EV002259,RA23110290000014,RA23110290000017,Academic,3,2026-Sem1
EV002260,RA23110290000014,RA23110290000021,Event,1,2026-Sem1
EV002261,RA23110290000014,RA24110280000023,Cross-Department,3,2026-Sem2
EV002262,RA23110290000014,RA25110030000053,Cross-Department,1,2025-Sem1
EV002263,RA23110290000014,RA25110030000053,Cross-Department,1,2025-Sem1
EV002264,RA23110290000014,RA25110030000053,Cross-Department,1,2026-Sem2
EV002265,RA23110290000014,RA25110290000059,Social,1,2026-Sem2
EV002266,RA23110290000014,RA26110030000088,Cross-Department,2,2025-Sem1
EV002267,RA23110290000014,RA26110290000086,Event,1,2025-Sem1
EV002268,RA23110290000015,RA23110290000016,Academic,1,2026-Sem2
EV002269,RA23110290000015,RA23110290000017,Academic,2,2025-Sem1
EV002270,RA23110290000015,RA23110290000018,Project,2,2026-Sem1
EV002271,RA23110290000015,RA23110290000018,Project,2,2025-Sem1
EV002272,RA23110290000015,RA23110290000019,Project,2,2025-Sem1
EV002273,RA23110290000015,RA23110290000019,Project,1,2025-Sem1
EV002274,RA23110290000015,RA23110290000019,Project,1,2026-Sem1
EV002275,RA23110290000015,RA23110290000019,Project,1,2026-Sem2
EV002276,RA23110290000015,RA23110290000022,Event,2,2025-Sem1
EV002277,RA23110290000015,RA24110280000039,Cross-Department,2,2025-Sem1
EV002278,RA23110290000015,RA25110030000050,Cross-Department,4,2026-Sem1
EV002279,RA23110290000015,RA25110030000050,Cross-Department,2,2025-Sem1
EV002280,RA23110290000015,RA25110280000051,Cross-Department,2,2026-Sem1
EV002281,RA23110290000015,RA26110030000080,Cross-Department,5,2026-Sem1
EV002282,RA23110290000015,RA26110030000080,Cross-Department,3,2026-Sem2
EV002283,RA23110290000015,RA26110290000070,Event,3,2026-Sem2
EV002284,RA23110290000015,RA26110290000087,Event,1,2025-Sem1
EV002285,RA23110290000015,RA26110290000087,Event,1,2025-Sem1
EV002286,RA23110290000015,RA26110290000087,Event,3,2026-Sem1
EV002287,RA23110290000015,RA26110560000087,Cross-Department,2,2026-Sem1
EV002288,RA23110290000015,RA26110560000087,Cross-Department,1,2025-Sem1
EV002289,RA23110290000015,RA26110560000087,Cross-Department,1,2026-Sem2
EV002290,RA23110290000016,RA23110290000017,Academic,5,2026-Sem2
EV002291,RA23110290000016,RA23110290000020,Social,1,2025-Sem1
EV002292,RA23110290000016,RA23110290000020,Social,3,2026-Sem2
EV002293,RA23110290000016,RA24110290000028,Academic,2,2026-Sem1
EV002294,RA23110290000016,RA24110290000032,Social,3,2026-Sem2
EV002295,RA23110290000016,RA24110290000032,Social,1,2026-Sem2
EV002296,RA23110290000016,RA24110290000032,Social,1,2026-Sem1
EV002297,RA23110290000016,RA24110290000032,Social,2,2025-Sem1
EV002298,RA23110290000016,RA25110030000051,Cross-Department,2,2026-Sem2
EV002299,RA23110290000016,RA25110030000051,Cross-Department,3,2026-Sem2
EV002300,RA23110290000016,RA26110290000076,Club,2,2025-Sem1
EV002301,RA23110290000016,RA26110290000076,Club,1,2026-Sem2
EV002302,RA23110290000017,RA23110290000018,Event,2,2025-Sem1
EV002303,RA23110290000017,RA23110290000018,Event,2,2026-Sem1
EV002304,RA23110290000017,RA23110290000020,Social,1,2025-Sem1
EV002305,RA23110290000017,RA23110290000020,Social,2,2026-Sem1
EV002306,RA23110290000017,RA23110290000020,Social,1,2026-Sem1
EV002307,RA23110290000017,RA23110290000022,Academic,2,2026-Sem2
EV002308,RA23110290000017,RA25110030000063,Cross-Department,1,2026-Sem1
EV002309,RA23110290000017,RA25110030000063,Cross-Department,3,2026-Sem1
EV002310,RA23110290000017,RA25110030000063,Cross-Department,1,2026-Sem1
EV002311,RA23110290000017,RA25110030000063,Cross-Department,1,2026-Sem2
EV002312,RA23110290000017,RA25110030000063,Cross-Department,1,2026-Sem2
EV002313,RA23110290000017,RA25110280000056,Cross-Department,2,2026-Sem2
EV002314,RA23110290000018,RA23110290000019,Project,1,2026-Sem1
EV002315,RA23110290000018,RA23110290000021,Social,1,2025-Sem1
EV002316,RA23110290000018,RA23110290000021,Social,1,2025-Sem1
EV002317,RA23110290000018,RA24110280000034,Cross-Department,3,2026-Sem1
EV002318,RA23110290000018,RA24110280000034,Cross-Department,2,2026-Sem1
EV002319,RA23110290000018,RA26110290000076,Project,1,2026-Sem1
EV002320,RA23110290000019,RA23110290000020,Project,1,2026-Sem1
EV002321,RA23110290000019,RA23110290000021,Social,2,2026-Sem2
EV002322,RA23110290000019,RA23110290000021,Social,2,2026-Sem1
EV002323,RA23110290000019,RA23110290000021,Social,2,2026-Sem2
EV002324,RA23110290000019,RA23110300000004,Cross-Department,1,2025-Sem1
EV002325,RA23110290000019,RA23110300000004,Cross-Department,2,2026-Sem2
EV002326,RA23110290000019,RA23110300000004,Cross-Department,2,2026-Sem2
EV002327,RA23110290000019,RA23110540000016,Cross-Department,5,2026-Sem2
EV002328,RA23110290000019,RA24110030000034,Cross-Department,2,2026-Sem2
EV002329,RA23110290000019,RA24110030000034,Cross-Department,2,2025-Sem1
EV002330,RA23110290000019,RA24110030000034,Cross-Department,1,2025-Sem1
EV002331,RA23110290000019,RA24110030000034,Cross-Department,1,2026-Sem1
EV002332,RA23110290000019,RA24110030000034,Cross-Department,2,2025-Sem1
EV002333,RA23110290000019,RA24110030000034,Cross-Department,3,2026-Sem2
EV002334,RA23110290000019,RA24110030000034,Cross-Department,1,2025-Sem1
EV002335,RA23110290000019,RA24110290000043,Academic,4,2026-Sem1
EV002336,RA23110290000019,RA24110300000029,Cross-Department,4,2026-Sem1
EV002337,RA23110290000019,RA25110280000066,Cross-Department,3,2026-Sem1
EV002338,RA23110290000019,RA25110290000051,Club,1,2025-Sem1
EV002339,RA23110290000019,RA25110290000051,Club,1,2026-Sem1
EV002340,RA23110290000019,RA25110290000051,Club,1,2026-Sem1
EV002341,RA23110290000019,RA25110290000051,Club,1,2026-Sem2
EV002342,RA23110290000019,RA25110290000051,Club,1,2025-Sem1
EV002343,RA23110290000019,RA26110030000072,Cross-Department,1,2025-Sem1
EV002344,RA23110290000019,RA26110030000072,Cross-Department,1,2026-Sem2
EV002345,RA23110290000019,RA26110030000072,Cross-Department,1,2026-Sem1
EV002346,RA23110290000019,RA26110280000083,Cross-Department,2,2026-Sem1
EV002347,RA23110290000019,RA26110300000080,Cross-Department,2,2026-Sem1
EV002348,RA23110290000019,RA26110300000080,Cross-Department,1,2026-Sem2
EV002349,RA23110290000019,RA26110300000080,Cross-Department,1,2026-Sem1
EV002350,RA23110290000020,RA23110290000021,Academic,2,2026-Sem2
EV002351,RA23110290000020,RA23110290000021,Academic,1,2025-Sem1
EV002352,RA23110290000020,RA23110290000021,Academic,2,2026-Sem2
EV002353,RA23110290000020,RA23110290000021,Academic,2,2025-Sem1
EV002354,RA23110290000020,RA23110290000021,Academic,1,2025-Sem1
EV002355,RA23110290000020,RA23110290000021,Academic,1,2026-Sem1
EV002356,RA23110290000020,RA23110290000022,Club,1,2026-Sem1
EV002357,RA23110290000020,RA23110290000022,Club,2,2026-Sem2
EV002358,RA23110290000020,RA24110280000036,Cross-Department,3,2026-Sem2
EV002359,RA23110290000020,RA24110280000036,Cross-Department,1,2025-Sem1
EV002360,RA23110290000020,RA24110280000036,Cross-Department,3,2026-Sem1
EV002361,RA23110290000020,RA26110030000069,Cross-Department,2,2026-Sem1
EV002362,RA23110290000020,RA26110030000069,Cross-Department,2,2025-Sem1
EV002363,RA23110290000020,RA26110280000068,Cross-Department,1,2026-Sem1
EV002364,RA23110290000020,RA26110280000068,Cross-Department,1,2026-Sem2
EV002365,RA23110290000020,RA26110290000076,Project,1,2025-Sem1
EV002366,RA23110290000020,RA26110290000076,Project,1,2026-Sem1
EV002367,RA23110290000021,RA23110290000022,Project,3,2025-Sem1
EV002368,RA23110290000021,RA23110290000022,Project,1,2025-Sem1
EV002369,RA23110290000021,RA24110290000023,Event,2,2025-Sem1
EV002370,RA23110290000021,RA24110290000023,Event,2,2025-Sem1
EV002371,RA23110290000021,RA25110290000045,Project,1,2026-Sem1
EV002372,RA23110290000021,RA25110290000045,Project,1,2026-Sem1
EV002373,RA23110290000021,RA26110280000069,Cross-Department,4,2026-Sem1
EV002374,RA23110290000022,RA24110290000033,Event,4,2026-Sem1
EV002375,RA23110290000022,RA25110290000066,Project,1,2025-Sem1
EV002376,RA23110290000022,RA26110290000072,Academic,2,2025-Sem1
EV002377,RA23110290000022,RA26110290000072,Academic,1,2026-Sem2
EV002378,RA23110290000022,RA26110290000072,Academic,1,2025-Sem1
EV002379,RA23110290000022,RA26110290000072,Academic,1,2026-Sem2
EV002380,RA23110290000022,RA26110290000072,Academic,1,2025-Sem1
EV002381,RA23110290000022,RA26110290000084,Event,2,2026-Sem2
EV002382,RA23110300000001,RA23110300000002,Academic,2,2026-Sem1
EV002383,RA23110300000001,RA23110300000004,Academic,3,2026-Sem2
EV002384,RA23110300000001,RA23110300000004,Academic,1,2025-Sem1
EV002385,RA23110300000001,RA23110300000004,Academic,2,2026-Sem1
EV002386,RA23110300000001,RA23110300000004,Academic,1,2026-Sem1
EV002387,RA23110300000001,RA23110300000004,Academic,1,2026-Sem2
EV002388,RA23110300000001,RA23110300000004,Academic,1,2026-Sem2
EV002389,RA23110300000001,RA23110300000004,Academic,3,2026-Sem2
EV002390,RA23110300000001,RA23110300000004,Academic,1,2026-Sem2
EV002391,RA23110300000001,RA23110300000004,Academic,1,2025-Sem1
EV002392,RA23110300000001,RA23110300000006,Academic,2,2026-Sem1
EV002393,RA23110300000001,RA23110300000006,Academic,4,2026-Sem2
EV002394,RA23110300000001,RA23110300000006,Academic,2,2025-Sem1
EV002395,RA23110300000001,RA23110300000010,Event,3,2025-Sem1
EV002396,RA23110300000001,RA23110300000010,Event,1,2025-Sem1
EV002397,RA23110300000001,RA23110300000013,Academic,1,2026-Sem1
EV002398,RA23110300000001,RA23110300000013,Academic,1,2025-Sem1
EV002399,RA23110300000001,RA23110300000013,Academic,3,2026-Sem2
EV002400,RA23110300000001,RA23110300000013,Academic,2,2025-Sem1
EV002401,RA23110300000001,RA23110300000018,Event,3,2025-Sem1
EV002402,RA23110300000001,RA23110300000018,Event,1,2026-Sem2
EV002403,RA23110300000001,RA23110300000018,Event,1,2025-Sem1
EV002404,RA23110300000001,RA23110300000022,Club,2,2026-Sem1
EV002405,RA23110300000001,RA23110300000022,Club,2,2026-Sem2
EV002406,RA23110300000001,RA24110280000026,Cross-Department,2,2026-Sem1
EV002407,RA23110300000001,RA24110280000026,Cross-Department,2,2025-Sem1
EV002408,RA23110300000001,RA24110280000039,Cross-Department,2,2026-Sem2
EV002409,RA23110300000001,RA25110030000057,Cross-Department,2,2026-Sem2
EV002410,RA23110300000001,RA25110030000057,Cross-Department,3,2026-Sem1
EV002411,RA23110300000001,RA25110030000057,Cross-Department,1,2026-Sem2
EV002412,RA23110300000001,RA25110030000059,Cross-Department,1,2026-Sem1
EV002413,RA23110300000001,RA25110030000059,Cross-Department,1,2026-Sem1
EV002414,RA23110300000001,RA25110030000059,Cross-Department,4,2025-Sem1
EV002415,RA23110300000001,RA25110030000059,Cross-Department,1,2025-Sem1
EV002416,RA23110300000001,RA25110030000059,Cross-Department,1,2026-Sem2
EV002417,RA23110300000001,RA25110030000059,Cross-Department,1,2026-Sem1
EV002418,RA23110300000001,RA25110030000059,Cross-Department,2,2026-Sem2
EV002419,RA23110300000001,RA25110030000059,Cross-Department,1,2025-Sem1
EV002420,RA23110300000001,RA25110300000050,Social,2,2025-Sem1
EV002421,RA23110300000001,RA25110300000050,Social,1,2026-Sem2
EV002422,RA23110300000001,RA26110300000074,Event,1,2026-Sem2
EV002423,RA23110300000002,RA23110300000003,Club,2,2026-Sem1
EV002424,RA23110300000002,RA23110300000005,Academic,1,2026-Sem2
EV002425,RA23110300000002,RA23110300000005,Academic,1,2026-Sem1
EV002426,RA23110300000002,RA23110300000005,Academic,1,2025-Sem1
EV002427,RA23110300000002,RA23110300000005,Academic,1,2025-Sem1
EV002428,RA23110300000002,RA23110300000007,Academic,4,2026-Sem2
EV002429,RA23110300000002,RA23110300000007,Academic,1,2026-Sem2
EV002430,RA23110300000002,RA23110300000007,Academic,1,2025-Sem1
EV002431,RA23110300000002,RA23110300000008,Event,1,2025-Sem1
EV002432,RA23110300000002,RA23110300000008,Event,4,2026-Sem2
EV002433,RA23110300000002,RA23110300000010,Academic,1,2026-Sem2
EV002434,RA23110300000002,RA23110300000010,Academic,1,2025-Sem1
EV002435,RA23110300000002,RA23110300000010,Academic,1,2026-Sem2
EV002436,RA23110300000002,RA23110300000010,Academic,2,2026-Sem1
EV002437,RA23110300000002,RA23110300000012,Academic,1,2026-Sem2
EV002438,RA23110300000002,RA23110300000013,Project,1,2026-Sem1
EV002439,RA23110300000002,RA23110300000013,Project,1,2026-Sem1
EV002440,RA23110300000002,RA23110300000013,Project,2,2025-Sem1
EV002441,RA23110300000002,RA23110300000016,Event,1,2026-Sem1
EV002442,RA23110300000002,RA23110300000017,Club,2,2026-Sem2
EV002443,RA23110300000002,RA23110300000017,Club,1,2026-Sem1
EV002444,RA23110300000002,RA23110300000019,Social,3,2026-Sem1
EV002445,RA23110300000002,RA24110300000028,Academic,1,2025-Sem1
EV002446,RA23110300000002,RA24110300000028,Academic,1,2025-Sem1
EV002447,RA23110300000002,RA24110300000028,Academic,3,2026-Sem1
EV002448,RA23110300000002,RA24110300000028,Academic,1,2025-Sem1
EV002449,RA23110300000002,RA25110030000059,Cross-Department,3,2026-Sem2
EV002450,RA23110300000002,RA25110030000059,Cross-Department,1,2026-Sem1
EV002451,RA23110300000002,RA25110280000046,Cross-Department,1,2025-Sem1
EV002452,RA23110300000002,RA25110280000046,Cross-Department,2,2025-Sem1
EV002453,RA23110300000002,RA25110280000046,Cross-Department,1,2026-Sem1
EV002454,RA23110300000002,RA25110300000050,Project,2,2026-Sem1
EV002455,RA23110300000002,RA25110300000050,Project,2,2025-Sem1
EV002456,RA23110300000002,RA25110300000058,Project,2,2025-Sem1
EV002457,RA23110300000002,RA25110300000058,Project,3,2026-Sem1
EV002458,RA23110300000002,RA25110300000058,Project,1,2026-Sem1
EV002459,RA23110300000002,RA25110300000058,Project,2,2025-Sem1
EV002460,RA23110300000002,RA25110300000058,Project,3,2026-Sem1
EV002461,RA23110300000002,RA25110300000058,Project,1,2026-Sem1
EV002462,RA23110300000002,RA25110300000058,Project,2,2026-Sem1
EV002463,RA23110300000002,RA26110030000068,Cross-Department,1,2025-Sem1
EV002464,RA23110300000002,RA26110030000068,Cross-Department,2,2026-Sem2
EV002465,RA23110300000002,RA26110030000068,Cross-Department,2,2025-Sem1
EV002466,RA23110300000002,RA26110030000068,Cross-Department,1,2026-Sem1
EV002467,RA23110300000002,RA26110030000068,Cross-Department,1,2026-Sem1
EV002468,RA23110300000002,RA26110030000068,Cross-Department,1,2026-Sem2
EV002469,RA23110300000002,RA26110030000068,Cross-Department,3,2026-Sem1
EV002470,RA23110300000002,RA26110030000068,Cross-Department,3,2026-Sem1
EV002471,RA23110300000002,RA26110280000079,Cross-Department,1,2025-Sem1
EV002472,RA23110300000002,RA26110280000079,Cross-Department,1,2026-Sem2
EV002473,RA23110300000002,RA26110280000079,Cross-Department,1,2026-Sem1
EV002474,RA23110300000002,RA26110280000079,Cross-Department,3,2025-Sem1
EV002475,RA23110300000002,RA26110280000079,Cross-Department,1,2025-Sem1
EV002476,RA23110300000002,RA26110280000079,Cross-Department,1,2026-Sem1
EV002477,RA23110300000002,RA26110280000079,Cross-Department,2,2026-Sem1
EV002478,RA23110300000002,RA26110280000079,Cross-Department,4,2026-Sem2
EV002479,RA23110300000003,RA23110300000004,Project,1,2025-Sem1
EV002480,RA23110300000003,RA23110300000004,Project,1,2025-Sem1
EV002481,RA23110300000003,RA23110300000004,Project,2,2025-Sem1
EV002482,RA23110300000003,RA23110300000005,Project,2,2026-Sem1
EV002483,RA23110300000003,RA23110300000005,Project,1,2025-Sem1
EV002484,RA23110300000003,RA23110300000005,Project,2,2026-Sem2
EV002485,RA23110300000003,RA23110300000005,Project,1,2026-Sem2
EV002486,RA23110300000003,RA23110300000005,Project,2,2026-Sem1
EV002487,RA23110300000003,RA23110300000007,Project,1,2026-Sem2
EV002488,RA23110300000003,RA23110300000007,Project,2,2026-Sem2
EV002489,RA23110300000003,RA23110300000007,Project,1,2026-Sem2
EV002490,RA23110300000003,RA23110300000007,Project,1,2026-Sem1
EV002491,RA23110300000003,RA23110300000009,Project,1,2025-Sem1
EV002492,RA23110300000003,RA23110300000009,Project,1,2026-Sem2
EV002493,RA23110300000003,RA23110300000009,Project,1,2025-Sem1
EV002494,RA23110300000003,RA23110300000009,Project,1,2026-Sem2
EV002495,RA23110300000003,RA23110300000009,Project,3,2025-Sem1
EV002496,RA23110300000003,RA23110300000010,Club,1,2026-Sem1
EV002497,RA23110300000003,RA23110300000012,Social,1,2026-Sem2
EV002498,RA23110300000003,RA23110300000012,Social,1,2025-Sem1
EV002499,RA23110300000003,RA23110300000012,Social,2,2025-Sem1
EV002500,RA23110300000003,RA23110300000012,Social,1,2025-Sem1
EV002501,RA23110300000003,RA23110300000013,Club,1,2025-Sem1
EV002502,RA23110300000003,RA23110300000015,Event,1,2026-Sem1
EV002503,RA23110300000003,RA23110300000017,Event,1,2026-Sem1
EV002504,RA23110300000003,RA23110300000018,Social,2,2026-Sem1
EV002505,RA23110300000003,RA23110300000018,Social,1,2026-Sem2
EV002506,RA23110300000003,RA23110300000018,Social,4,2026-Sem2
EV002507,RA23110300000003,RA24110030000030,Cross-Department,2,2026-Sem1
EV002508,RA23110300000003,RA24110030000030,Cross-Department,4,2026-Sem1
EV002509,RA23110300000003,RA24110030000030,Cross-Department,1,2026-Sem2
EV002510,RA23110300000003,RA26110030000081,Cross-Department,2,2025-Sem1
EV002511,RA23110300000003,RA26110030000081,Cross-Department,1,2025-Sem1
EV002512,RA23110300000003,RA26110030000081,Cross-Department,1,2026-Sem2
EV002513,RA23110300000003,RA26110030000081,Cross-Department,2,2026-Sem1
EV002514,RA23110300000003,RA26110300000079,Event,4,2026-Sem1
EV002515,RA23110300000004,RA23110300000005,Event,1,2025-Sem1
EV002516,RA23110300000004,RA23110300000008,Club,1,2026-Sem1
EV002517,RA23110300000004,RA23110300000008,Club,2,2026-Sem1
EV002518,RA23110300000004,RA23110300000009,Academic,1,2026-Sem1
EV002519,RA23110300000004,RA23110300000012,Club,3,2026-Sem1
EV002520,RA23110300000004,RA23110300000013,Club,1,2026-Sem2
EV002521,RA23110300000004,RA23110300000015,Social,3,2026-Sem1
EV002522,RA23110300000004,RA23110300000015,Social,1,2025-Sem1
EV002523,RA23110300000004,RA23110300000015,Social,3,2026-Sem2
EV002524,RA23110300000004,RA23110300000015,Social,1,2025-Sem1
EV002525,RA23110300000004,RA23110300000015,Social,1,2025-Sem1
EV002526,RA23110300000004,RA23110300000015,Social,3,2025-Sem1
EV002527,RA23110300000004,RA23110300000015,Social,1,2026-Sem2
EV002528,RA23110300000004,RA23110300000015,Social,1,2026-Sem2
EV002529,RA23110300000004,RA23110300000016,Event,1,2026-Sem1
EV002530,RA23110300000004,RA23110300000016,Event,1,2025-Sem1
EV002531,RA23110300000004,RA23110300000017,Project,3,2025-Sem1
EV002532,RA23110300000004,RA23110300000020,Social,1,2026-Sem2
EV002533,RA23110300000004,RA23110300000020,Social,1,2025-Sem1
EV002534,RA23110300000004,RA23110300000020,Social,1,2026-Sem2
EV002535,RA23110300000004,RA23110300000020,Social,3,2026-Sem1
EV002536,RA23110300000004,RA23110300000021,Club,3,2026-Sem2
EV002537,RA23110300000004,RA23110300000021,Club,2,2025-Sem1
EV002538,RA23110300000004,RA23110300000021,Club,1,2025-Sem1
EV002539,RA23110300000004,RA24110280000023,Cross-Department,3,2025-Sem1
EV002540,RA23110300000004,RA24110280000023,Cross-Department,1,2025-Sem1
EV002541,RA23110300000004,RA24110280000023,Cross-Department,1,2025-Sem1
EV002542,RA23110300000004,RA24110280000034,Cross-Department,4,2026-Sem2
EV002543,RA23110300000004,RA24110280000034,Cross-Department,2,2025-Sem1
EV002544,RA23110300000004,RA25110030000066,Cross-Department,2,2025-Sem1
EV002545,RA23110300000004,RA25110030000066,Cross-Department,1,2025-Sem1
EV002546,RA23110300000004,RA25110280000060,Cross-Department,2,2026-Sem1
EV002547,RA23110300000004,RA26110280000073,Cross-Department,1,2025-Sem1
EV002548,RA23110300000004,RA26110280000073,Cross-Department,1,2026-Sem1
EV002549,RA23110300000004,RA26110280000073,Cross-Department,1,2025-Sem1
EV002550,RA23110300000005,RA23110300000006,Social,2,2026-Sem1
EV002551,RA23110300000005,RA23110300000006,Social,1,2025-Sem1
EV002552,RA23110300000005,RA23110300000006,Social,1,2025-Sem1
EV002553,RA23110300000005,RA23110300000007,Club,1,2025-Sem1
EV002554,RA23110300000005,RA23110300000007,Club,3,2025-Sem1
EV002555,RA23110300000005,RA23110300000010,Social,3,2026-Sem1
EV002556,RA23110300000005,RA23110300000012,Event,1,2026-Sem2
EV002557,RA23110300000005,RA23110300000012,Event,4,2026-Sem1
EV002558,RA23110300000005,RA23110300000013,Club,1,2025-Sem1
EV002559,RA23110300000005,RA23110300000013,Club,2,2025-Sem1
EV002560,RA23110300000005,RA23110300000015,Academic,1,2025-Sem1
EV002561,RA23110300000005,RA23110300000016,Social,1,2026-Sem2
EV002562,RA23110300000005,RA23110300000016,Social,1,2026-Sem1
EV002563,RA23110300000005,RA23110300000017,Event,2,2026-Sem2
EV002564,RA23110300000005,RA24110030000032,Cross-Department,4,2026-Sem2
EV002565,RA23110300000005,RA24110300000039,Academic,2,2025-Sem1
EV002566,RA23110300000005,RA24110300000039,Academic,2,2025-Sem1
EV002567,RA23110300000005,RA24110300000040,Academic,1,2026-Sem1
EV002568,RA23110300000005,RA26110030000075,Cross-Department,4,2026-Sem2
EV002569,RA23110300000005,RA26110280000072,Cross-Department,2,2025-Sem1
EV002570,RA23110300000005,RA26110280000072,Cross-Department,2,2026-Sem2
EV002571,RA23110300000005,RA26110300000075,Club,2,2026-Sem2
EV002572,RA23110300000005,RA26110300000080,Event,4,2025-Sem1
EV002573,RA23110300000005,RA26110300000080,Event,4,2025-Sem1
EV002574,RA23110300000005,RA26110300000080,Event,2,2026-Sem1
EV002575,RA23110300000005,RA26110300000080,Event,4,2025-Sem1
EV002576,RA23110300000006,RA23110300000007,Event,2,2026-Sem2
EV002577,RA23110300000006,RA23110300000007,Event,4,2025-Sem1
EV002578,RA23110300000006,RA23110300000007,Event,1,2026-Sem1
EV002579,RA23110300000006,RA24110280000043,Cross-Department,1,2026-Sem1
EV002580,RA23110300000006,RA24110280000043,Cross-Department,1,2026-Sem2
EV002581,RA23110300000006,RA24110280000043,Cross-Department,1,2026-Sem2
EV002582,RA23110300000006,RA24110280000043,Cross-Department,2,2025-Sem1
EV002583,RA23110300000006,RA24110280000043,Cross-Department,1,2025-Sem1
EV002584,RA23110300000006,RA24110560000028,Cross-Department,3,2026-Sem2
EV002585,RA23110300000006,RA24110560000028,Cross-Department,1,2026-Sem1
EV002586,RA23110300000006,RA25110300000052,Club,3,2025-Sem1
EV002587,RA23110300000006,RA25110300000052,Club,2,2026-Sem2
EV002588,RA23110300000006,RA25110300000054,Social,1,2026-Sem2
EV002589,RA23110300000006,RA25110300000054,Social,3,2026-Sem1
EV002590,RA23110300000006,RA25110300000054,Social,1,2025-Sem1
EV002591,RA23110300000006,RA26110300000079,Event,1,2026-Sem2
EV002592,RA23110300000006,RA26110560000067,Cross-Department,1,2026-Sem1
EV002593,RA23110300000006,RA26110560000067,Cross-Department,1,2026-Sem1
EV002594,RA23110300000006,RA26110560000067,Cross-Department,2,2025-Sem1
EV002595,RA23110300000006,RA26110560000067,Cross-Department,1,2025-Sem1
EV002596,RA23110300000006,RA26110560000067,Cross-Department,1,2025-Sem1
EV002597,RA23110300000006,RA26110560000067,Cross-Department,1,2025-Sem1
EV002598,RA23110300000006,RA26110560000067,Cross-Department,2,2025-Sem1
EV002599,RA23110300000007,RA23110300000008,Club,2,2026-Sem2
EV002600,RA23110300000007,RA23110300000011,Club,3,2026-Sem1
EV002601,RA23110300000007,RA23110300000013,Project,1,2026-Sem1
EV002602,RA23110300000007,RA23110300000019,Academic,1,2026-Sem1
EV002603,RA23110300000007,RA23110300000019,Academic,3,2026-Sem2
EV002604,RA23110300000007,RA23110300000020,Project,1,2026-Sem1
EV002605,RA23110300000007,RA23110300000021,Club,1,2025-Sem1
EV002606,RA23110300000007,RA23110300000021,Club,1,2026-Sem1
EV002607,RA23110300000007,RA23110300000021,Club,1,2025-Sem1
EV002608,RA23110300000007,RA23110300000022,Event,1,2025-Sem1
EV002609,RA23110300000007,RA23110300000022,Event,1,2025-Sem1
EV002610,RA23110300000007,RA23110300000022,Event,2,2026-Sem1
EV002611,RA23110300000007,RA23110300000022,Event,2,2026-Sem1
EV002612,RA23110300000007,RA23110300000022,Event,1,2026-Sem2
EV002613,RA23110300000007,RA23110300000022,Event,2,2026-Sem1
EV002614,RA23110300000007,RA24110280000026,Cross-Department,3,2025-Sem1
EV002615,RA23110300000007,RA24110280000026,Cross-Department,3,2026-Sem1
EV002616,RA23110300000007,RA25110030000065,Cross-Department,2,2026-Sem1
EV002617,RA23110300000007,RA25110280000062,Cross-Department,2,2026-Sem2
EV002618,RA23110300000007,RA25110280000062,Cross-Department,2,2026-Sem1
EV002619,RA23110300000007,RA25110280000062,Cross-Department,1,2026-Sem2
EV002620,RA23110300000007,RA25110280000062,Cross-Department,1,2025-Sem1
EV002621,RA23110300000007,RA26110300000078,Event,1,2025-Sem1
EV002622,RA23110300000007,RA26110300000078,Event,1,2025-Sem1
EV002623,RA23110300000008,RA23110300000009,Academic,2,2026-Sem2
EV002624,RA23110300000008,RA23110300000010,Event,2,2025-Sem1
EV002625,RA23110300000008,RA23110300000010,Event,1,2025-Sem1
EV002626,RA23110300000008,RA23110300000011,Social,3,2026-Sem2
EV002627,RA23110300000008,RA23110300000011,Social,2,2026-Sem1
EV002628,RA23110300000008,RA23110300000017,Project,1,2026-Sem1
EV002629,RA23110300000008,RA23110300000017,Project,2,2026-Sem2
EV002630,RA23110300000008,RA23110300000017,Project,2,2026-Sem1
EV002631,RA23110300000008,RA23110300000017,Project,3,2025-Sem1
EV002632,RA23110300000008,RA23110300000020,Event,2,2026-Sem2
EV002633,RA23110300000008,RA23110300000021,Event,2,2026-Sem1
EV002634,RA23110300000008,RA23110300000021,Event,1,2026-Sem2
EV002635,RA23110300000008,RA23110300000022,Club,1,2026-Sem1
EV002636,RA23110300000008,RA25110030000045,Cross-Department,1,2026-Sem2
EV002637,RA23110300000008,RA25110030000045,Cross-Department,3,2026-Sem2
EV002638,RA23110300000008,RA26110030000084,Cross-Department,2,2025-Sem1
EV002639,RA23110300000008,RA26110280000069,Cross-Department,1,2025-Sem1
EV002640,RA23110300000008,RA26110280000069,Cross-Department,1,2026-Sem2
EV002641,RA23110300000008,RA26110280000069,Cross-Department,3,2026-Sem1
EV002642,RA23110300000008,RA26110280000069,Cross-Department,1,2026-Sem2
EV002643,RA23110300000009,RA23110300000010,Academic,1,2026-Sem2
EV002644,RA23110300000009,RA23110300000010,Academic,3,2026-Sem2
EV002645,RA23110300000009,RA23110300000012,Event,2,2025-Sem1
EV002646,RA23110300000009,RA23110300000014,Club,1,2025-Sem1
EV002647,RA23110300000009,RA23110300000014,Club,2,2025-Sem1
EV002648,RA23110300000009,RA23110300000017,Social,3,2026-Sem2
EV002649,RA23110300000009,RA23110300000017,Social,1,2025-Sem1
EV002650,RA23110300000009,RA23110300000017,Social,2,2026-Sem1
EV002651,RA23110300000009,RA23110300000017,Social,2,2026-Sem1
EV002652,RA23110300000009,RA23110300000018,Event,2,2025-Sem1
EV002653,RA23110300000009,RA23110300000018,Event,2,2025-Sem1
EV002654,RA23110300000009,RA23110300000018,Event,2,2026-Sem2
EV002655,RA23110300000009,RA23110300000018,Event,1,2025-Sem1
EV002656,RA23110300000009,RA23110300000018,Event,1,2026-Sem2
EV002657,RA23110300000009,RA23110300000018,Event,1,2026-Sem2
EV002658,RA23110300000009,RA23110300000018,Event,2,2026-Sem1
EV002659,RA23110300000009,RA23110300000018,Event,1,2025-Sem1
EV002660,RA23110300000009,RA23110300000019,Academic,1,2026-Sem1
EV002661,RA23110300000009,RA23110300000019,Academic,1,2026-Sem1
EV002662,RA23110300000009,RA23110300000019,Academic,1,2025-Sem1
EV002663,RA23110300000009,RA23110300000021,Project,1,2026-Sem1
EV002664,RA23110300000009,RA24110280000031,Cross-Department,1,2026-Sem1
EV002665,RA23110300000009,RA24110280000031,Cross-Department,1,2026-Sem1
EV002666,RA23110300000009,RA24110280000031,Cross-Department,2,2026-Sem1
EV002667,RA23110300000009,RA24110300000035,Event,4,2026-Sem1
EV002668,RA23110300000009,RA25110280000053,Cross-Department,3,2026-Sem1
EV002669,RA23110300000009,RA25110280000053,Cross-Department,2,2026-Sem2
EV002670,RA23110300000009,RA25110300000047,Event,1,2025-Sem1
EV002671,RA23110300000009,RA25110300000047,Event,1,2025-Sem1
EV002672,RA23110300000009,RA25110300000065,Project,1,2026-Sem2
EV002673,RA23110300000009,RA25110300000065,Project,1,2025-Sem1
EV002674,RA23110300000009,RA25110300000065,Project,2,2026-Sem2
EV002675,RA23110300000009,RA25110300000065,Project,2,2026-Sem2
EV002676,RA23110300000009,RA26110030000067,Cross-Department,2,2026-Sem1
EV002677,RA23110300000009,RA26110030000067,Cross-Department,3,2026-Sem1
EV002678,RA23110300000009,RA26110030000085,Cross-Department,1,2026-Sem1
EV002679,RA23110300000009,RA26110030000085,Cross-Department,4,2025-Sem1
EV002680,RA23110300000009,RA26110030000085,Cross-Department,4,2026-Sem2
EV002681,RA23110300000009,RA26110280000078,Cross-Department,3,2025-Sem1
EV002682,RA23110300000009,RA26110280000078,Cross-Department,1,2026-Sem1
EV002683,RA23110300000009,RA26110280000083,Cross-Department,2,2026-Sem2
EV002684,RA23110300000009,RA26110280000083,Cross-Department,3,2025-Sem1
EV002685,RA23110300000009,RA26110300000075,Academic,1,2026-Sem1
EV002686,RA23110300000009,RA26110300000075,Academic,3,2026-Sem2
EV002687,RA23110300000010,RA23110300000011,Social,1,2026-Sem1
EV002688,RA23110300000010,RA23110300000011,Social,1,2026-Sem1
EV002689,RA23110300000010,RA23110300000011,Social,1,2026-Sem1
EV002690,RA23110300000010,RA23110300000012,Club,2,2026-Sem2
EV002691,RA23110300000010,RA23110300000012,Club,5,2026-Sem1
EV002692,RA23110300000010,RA23110300000013,Social,2,2025-Sem1
EV002693,RA23110300000010,RA23110300000013,Social,2,2026-Sem2
EV002694,RA23110300000010,RA23110300000013,Social,1,2026-Sem2
EV002695,RA23110300000010,RA23110300000013,Social,1,2025-Sem1
EV002696,RA23110300000010,RA23110300000013,Social,2,2026-Sem2
EV002697,RA23110300000010,RA23110300000014,Project,3,2026-Sem2
EV002698,RA23110300000010,RA23110300000014,Project,2,2025-Sem1
EV002699,RA23110300000010,RA23110300000014,Project,3,2025-Sem1
EV002700,RA23110300000010,RA23110300000015,Club,2,2025-Sem1
EV002701,RA23110300000010,RA23110300000015,Club,2,2026-Sem1
EV002702,RA23110300000010,RA23110300000015,Club,1,2025-Sem1
EV002703,RA23110300000010,RA23110300000015,Club,2,2026-Sem1
EV002704,RA23110300000010,RA23110300000016,Event,2,2025-Sem1
EV002705,RA23110300000010,RA23110300000017,Social,1,2025-Sem1
EV002706,RA23110300000010,RA23110300000017,Social,4,2026-Sem1
EV002707,RA23110300000010,RA24110280000032,Cross-Department,2,2026-Sem1
EV002708,RA23110300000010,RA24110280000032,Cross-Department,2,2025-Sem1
EV002709,RA23110300000010,RA24110300000034,Academic,3,2026-Sem1
EV002710,RA23110300000010,RA24110300000039,Project,1,2025-Sem1
EV002711,RA23110300000010,RA25110030000058,Cross-Department,2,2026-Sem2
EV002712,RA23110300000010,RA25110280000054,Cross-Department,1,2025-Sem1
EV002713,RA23110300000010,RA25110280000054,Cross-Department,1,2026-Sem1
EV002714,RA23110300000010,RA25110280000054,Cross-Department,4,2026-Sem2
EV002715,RA23110300000010,RA25110280000054,Cross-Department,1,2025-Sem1
EV002716,RA23110300000010,RA25110300000060,Club,4,2026-Sem1
EV002717,RA23110300000010,RA26110030000077,Cross-Department,2,2026-Sem1
EV002718,RA23110300000010,RA26110300000071,Project,1,2026-Sem2
EV002719,RA23110300000010,RA26110300000073,Academic,3,2026-Sem2
EV002720,RA23110300000010,RA26110300000073,Academic,1,2026-Sem2
EV002721,RA23110300000010,RA26110300000076,Event,1,2026-Sem2
EV002722,RA23110300000011,RA23110300000012,Academic,4,2025-Sem1
EV002723,RA23110300000011,RA23110300000012,Academic,1,2025-Sem1
EV002724,RA23110300000011,RA23110300000014,Club,3,2026-Sem2
EV002725,RA23110300000011,RA23110300000017,Club,2,2025-Sem1
EV002726,RA23110300000011,RA23110300000017,Club,1,2026-Sem2
EV002727,RA23110300000011,RA23110300000019,Social,3,2026-Sem1
EV002728,RA23110300000011,RA23110300000019,Social,1,2026-Sem1
EV002729,RA23110300000011,RA23110300000020,Club,4,2026-Sem1
EV002730,RA23110300000011,RA23110300000021,Social,4,2026-Sem1
EV002731,RA23110300000011,RA23110300000021,Social,1,2025-Sem1
EV002732,RA23110300000011,RA23110300000021,Social,1,2025-Sem1
EV002733,RA23110300000011,RA24110030000044,Cross-Department,2,2026-Sem1
EV002734,RA23110300000011,RA24110030000044,Cross-Department,1,2026-Sem2
EV002735,RA23110300000011,RA24110030000044,Cross-Department,1,2026-Sem2
EV002736,RA23110300000011,RA24110300000044,Club,1,2026-Sem2
EV002737,RA23110300000011,RA24110300000044,Club,1,2025-Sem1
EV002738,RA23110300000011,RA25110030000045,Cross-Department,5,2026-Sem1
EV002739,RA23110300000011,RA25110030000045,Cross-Department,1,2025-Sem1
EV002740,RA23110300000011,RA25110030000045,Cross-Department,2,2026-Sem1
EV002741,RA23110300000011,RA25110030000045,Cross-Department,1,2026-Sem2
EV002742,RA23110300000011,RA25110030000046,Cross-Department,3,2026-Sem2
EV002743,RA23110300000011,RA25110030000046,Cross-Department,3,2026-Sem1
EV002744,RA23110300000011,RA25110030000046,Cross-Department,2,2026-Sem2
EV002745,RA23110300000011,RA26110280000082,Cross-Department,1,2026-Sem2
EV002746,RA23110300000011,RA26110280000082,Cross-Department,1,2026-Sem1
EV002747,RA23110300000011,RA26110280000082,Cross-Department,1,2026-Sem2
EV002748,RA23110300000011,RA26110280000082,Cross-Department,1,2026-Sem2
EV002749,RA23110300000011,RA26110280000082,Cross-Department,1,2026-Sem2
EV002750,RA23110300000011,RA26110280000082,Cross-Department,1,2026-Sem1
EV002751,RA23110300000011,RA26110280000082,Cross-Department,1,2025-Sem1
EV002752,RA23110300000012,RA23110300000013,Social,1,2025-Sem1
EV002753,RA23110300000012,RA23110300000013,Social,1,2025-Sem1
EV002754,RA23110300000012,RA23110300000013,Social,3,2025-Sem1
EV002755,RA23110300000012,RA23110300000019,Academic,3,2026-Sem2
EV002756,RA23110300000012,RA24110030000039,Cross-Department,3,2025-Sem1
EV002757,RA23110300000012,RA24110030000039,Cross-Department,4,2026-Sem2
EV002758,RA23110300000012,RA24110300000033,Event,1,2026-Sem1
EV002759,RA23110300000012,RA25110300000045,Social,1,2025-Sem1
EV002760,RA23110300000012,RA26110030000071,Cross-Department,1,2026-Sem2
EV002761,RA23110300000012,RA26110030000071,Cross-Department,2,2026-Sem2
EV002762,RA23110300000012,RA26110030000071,Cross-Department,2,2026-Sem1
EV002763,RA23110300000012,RA26110030000071,Cross-Department,1,2026-Sem1
EV002764,RA23110300000012,RA26110030000085,Cross-Department,3,2025-Sem1
EV002765,RA23110300000012,RA26110030000085,Cross-Department,1,2026-Sem2
EV002766,RA23110300000012,RA26110280000071,Cross-Department,3,2025-Sem1
EV002767,RA23110300000012,RA26110280000071,Cross-Department,1,2026-Sem1
EV002768,RA23110300000012,RA26110280000071,Cross-Department,1,2025-Sem1
EV002769,RA23110300000013,RA23110300000014,Social,2,2026-Sem2
EV002770,RA23110300000013,RA23110300000018,Social,2,2026-Sem1
EV002771,RA23110300000013,RA23110300000018,Social,3,2026-Sem1
EV002772,RA23110300000013,RA23110300000019,Event,1,2026-Sem1
EV002773,RA23110300000013,RA23110300000019,Event,4,2025-Sem1
EV002774,RA23110300000013,RA23110300000019,Event,1,2026-Sem1
EV002775,RA23110300000013,RA23110560000015,Cross-Department,1,2026-Sem2
EV002776,RA23110300000013,RA23110560000015,Cross-Department,1,2026-Sem2
EV002777,RA23110300000013,RA24110300000027,Academic,1,2026-Sem2
EV002778,RA23110300000013,RA24110300000027,Academic,3,2025-Sem1
EV002779,RA23110300000013,RA24110300000027,Academic,1,2026-Sem2
EV002780,RA23110300000013,RA24110300000037,Club,3,2025-Sem1
EV002781,RA23110300000013,RA24110300000037,Club,3,2025-Sem1
EV002782,RA23110300000013,RA24110300000037,Club,2,2026-Sem1
EV002783,RA23110300000014,RA23110300000015,Event,1,2026-Sem1
EV002784,RA23110300000014,RA23110300000015,Event,1,2026-Sem1
EV002785,RA23110300000014,RA23110300000015,Event,2,2025-Sem1
EV002786,RA23110300000014,RA23110300000015,Event,1,2026-Sem2
EV002787,RA23110300000014,RA23110300000020,Project,1,2026-Sem2
EV002788,RA23110300000014,RA23110300000020,Project,1,2025-Sem1
EV002789,RA23110300000014,RA23110300000021,Social,1,2026-Sem1
EV002790,RA23110300000014,RA23110300000021,Social,1,2026-Sem2
EV002791,RA23110300000014,RA23110300000021,Social,1,2025-Sem1
EV002792,RA23110300000014,RA23110300000021,Social,1,2026-Sem2
EV002793,RA23110300000014,RA23110300000022,Event,1,2026-Sem1
EV002794,RA23110300000014,RA23110300000022,Event,1,2026-Sem2
EV002795,RA23110300000014,RA23110300000022,Event,1,2026-Sem1
EV002796,RA23110300000014,RA24110300000038,Project,1,2026-Sem2
EV002797,RA23110300000014,RA24110300000038,Project,2,2025-Sem1
EV002798,RA23110300000014,RA24110300000038,Project,3,2025-Sem1
EV002799,RA23110300000014,RA24110300000038,Project,1,2025-Sem1
EV002800,RA23110300000014,RA24110300000038,Project,4,2026-Sem1
EV002801,RA23110300000014,RA24110300000038,Project,1,2026-Sem2
EV002802,RA23110300000014,RA24110300000038,Project,1,2025-Sem1
EV002803,RA23110300000014,RA24110300000038,Project,1,2026-Sem2
EV002804,RA23110300000014,RA25110280000046,Cross-Department,3,2026-Sem2
EV002805,RA23110300000014,RA25110280000046,Cross-Department,2,2026-Sem2
EV002806,RA23110300000014,RA25110280000053,Cross-Department,2,2026-Sem2
EV002807,RA23110300000014,RA25110280000053,Cross-Department,1,2026-Sem2
EV002808,RA23110300000014,RA25110280000059,Cross-Department,4,2025-Sem1
EV002809,RA23110300000014,RA25110280000059,Cross-Department,1,2025-Sem1
EV002810,RA23110300000014,RA25110280000059,Cross-Department,4,2026-Sem2
EV002811,RA23110300000014,RA25110280000059,Cross-Department,5,2025-Sem1
EV002812,RA23110300000014,RA25110300000050,Event,1,2026-Sem2
EV002813,RA23110300000014,RA25110300000050,Event,1,2026-Sem1
EV002814,RA23110300000014,RA26110030000077,Cross-Department,3,2026-Sem1
EV002815,RA23110300000014,RA26110280000076,Cross-Department,3,2025-Sem1
EV002816,RA23110300000014,RA26110280000076,Cross-Department,1,2026-Sem1
EV002817,RA23110300000014,RA26110280000080,Cross-Department,4,2026-Sem2
EV002818,RA23110300000014,RA26110280000080,Cross-Department,1,2026-Sem2
EV002819,RA23110300000015,RA23110300000016,Academic,3,2026-Sem1
EV002820,RA23110300000015,RA23110300000017,Project,1,2026-Sem1
EV002821,RA23110300000015,RA23110300000020,Project,1,2026-Sem1
EV002822,RA23110300000015,RA23110300000021,Club,1,2025-Sem1
EV002823,RA23110300000015,RA23110300000021,Club,5,2025-Sem1
EV002824,RA23110300000015,RA24110280000035,Cross-Department,3,2025-Sem1
EV002825,RA23110300000015,RA24110280000035,Cross-Department,1,2026-Sem1
EV002826,RA23110300000015,RA24110280000035,Cross-Department,1,2026-Sem2
EV002827,RA23110300000015,RA24110280000035,Cross-Department,1,2026-Sem1
EV002828,RA23110300000015,RA24110280000043,Cross-Department,5,2025-Sem1
EV002829,RA23110300000015,RA24110280000043,Cross-Department,2,2026-Sem2
EV002830,RA23110300000015,RA24110300000028,Social,2,2026-Sem2
EV002831,RA23110300000015,RA26110300000076,Club,3,2025-Sem1
EV002832,RA23110300000016,RA23110300000017,Academic,1,2026-Sem2
EV002833,RA23110300000016,RA23110300000017,Academic,1,2026-Sem2
EV002834,RA23110300000016,RA23110300000017,Academic,3,2025-Sem1
EV002835,RA23110300000016,RA23110300000017,Academic,1,2025-Sem1
EV002836,RA23110300000016,RA23110300000020,Project,3,2025-Sem1
EV002837,RA23110300000016,RA23110300000021,Project,1,2026-Sem2
EV002838,RA23110300000016,RA24110300000030,Social,1,2026-Sem1
EV002839,RA23110300000016,RA24110300000030,Social,1,2026-Sem2
EV002840,RA23110300000016,RA24110300000030,Social,1,2026-Sem2
EV002841,RA23110300000016,RA25110030000050,Cross-Department,2,2026-Sem1
EV002842,RA23110300000016,RA25110030000050,Cross-Department,4,2025-Sem1
EV002843,RA23110300000016,RA25110280000045,Cross-Department,3,2025-Sem1
EV002844,RA23110300000016,RA25110280000045,Cross-Department,1,2026-Sem1
EV002845,RA23110300000016,RA25110300000049,Club,2,2026-Sem1
EV002846,RA23110300000017,RA23110300000018,Project,4,2026-Sem2
EV002847,RA23110300000017,RA23110300000021,Project,1,2026-Sem2
EV002848,RA23110300000017,RA24110280000027,Cross-Department,1,2025-Sem1
EV002849,RA23110300000017,RA24110280000027,Cross-Department,2,2026-Sem2
EV002850,RA23110300000017,RA24110280000027,Cross-Department,2,2026-Sem2
EV002851,RA23110300000017,RA24110280000027,Cross-Department,1,2026-Sem2
EV002852,RA23110300000017,RA25110030000049,Cross-Department,1,2025-Sem1
EV002853,RA23110300000017,RA25110030000049,Cross-Department,1,2025-Sem1
EV002854,RA23110300000017,RA25110030000049,Cross-Department,3,2026-Sem2
EV002855,RA23110300000017,RA25110300000053,Project,1,2026-Sem1
EV002856,RA23110300000017,RA26110280000067,Cross-Department,4,2026-Sem1
EV002857,RA23110300000018,RA23110300000019,Club,2,2026-Sem2
EV002858,RA23110300000018,RA23110300000019,Club,2,2026-Sem2
EV002859,RA23110300000018,RA23110300000019,Club,1,2025-Sem1
EV002860,RA23110300000018,RA23110300000020,Academic,2,2026-Sem1
EV002861,RA23110300000018,RA23110300000022,Event,3,2025-Sem1
EV002862,RA23110300000018,RA24110280000038,Cross-Department,1,2026-Sem2
EV002863,RA23110300000018,RA24110280000038,Cross-Department,1,2025-Sem1
EV002864,RA23110300000018,RA24110300000039,Club,1,2026-Sem1
EV002865,RA23110300000019,RA23110300000020,Club,6,2026-Sem2
EV002866,RA23110300000019,RA24110030000028,Cross-Department,1,2026-Sem1
EV002867,RA23110300000019,RA24110030000028,Cross-Department,4,2026-Sem2
EV002868,RA23110300000019,RA24110280000036,Cross-Department,1,2026-Sem1
EV002869,RA23110300000019,RA24110280000036,Cross-Department,2,2026-Sem2
EV002870,RA23110300000019,RA24110280000036,Cross-Department,2,2026-Sem1
EV002871,RA23110300000019,RA25110030000061,Cross-Department,4,2026-Sem1
EV002872,RA23110300000019,RA25110280000062,Cross-Department,2,2026-Sem1
EV002873,RA23110300000019,RA25110280000062,Cross-Department,1,2026-Sem1
EV002874,RA23110300000019,RA25110280000062,Cross-Department,1,2025-Sem1
EV002875,RA23110300000019,RA25110280000063,Cross-Department,2,2026-Sem1
EV002876,RA23110300000019,RA25110280000063,Cross-Department,2,2025-Sem1
EV002877,RA23110300000019,RA25110280000063,Cross-Department,2,2026-Sem2
EV002878,RA23110300000019,RA25110300000052,Social,2,2026-Sem1
EV002879,RA23110300000019,RA26110030000077,Cross-Department,2,2025-Sem1
EV002880,RA23110300000019,RA26110030000077,Cross-Department,1,2026-Sem1
EV002881,RA23110300000019,RA26110030000077,Cross-Department,1,2025-Sem1
EV002882,RA23110300000019,RA26110030000077,Cross-Department,1,2026-Sem1
EV002883,RA23110300000019,RA26110030000077,Cross-Department,1,2026-Sem1
EV002884,RA23110300000019,RA26110280000084,Cross-Department,1,2026-Sem1
EV002885,RA23110300000019,RA26110280000084,Cross-Department,2,2026-Sem2
EV002886,RA23110300000020,RA23110300000021,Project,1,2026-Sem1
EV002887,RA23110300000020,RA24110030000027,Cross-Department,3,2025-Sem1
EV002888,RA23110300000020,RA24110030000027,Cross-Department,1,2026-Sem2
EV002889,RA23110300000020,RA25110030000045,Cross-Department,3,2025-Sem1
EV002890,RA23110300000020,RA25110280000048,Cross-Department,1,2025-Sem1
EV002891,RA23110300000020,RA25110280000048,Cross-Department,4,2026-Sem1
EV002892,RA23110300000020,RA25110280000048,Cross-Department,2,2025-Sem1
EV002893,RA23110300000020,RA25110280000048,Cross-Department,1,2026-Sem2
EV002894,RA23110300000020,RA25110280000048,Cross-Department,1,2025-Sem1
EV002895,RA23110300000020,RA25110300000066,Event,1,2026-Sem1
EV002896,RA23110300000020,RA26110030000070,Cross-Department,3,2025-Sem1
EV002897,RA23110300000020,RA26110030000070,Cross-Department,1,2026-Sem1
EV002898,RA23110300000020,RA26110030000070,Cross-Department,3,2026-Sem2
EV002899,RA23110300000020,RA26110030000070,Cross-Department,2,2025-Sem1
EV002900,RA23110300000020,RA26110030000072,Cross-Department,2,2026-Sem2
EV002901,RA23110300000020,RA26110030000072,Cross-Department,1,2025-Sem1
EV002902,RA23110300000020,RA26110030000072,Cross-Department,2,2026-Sem2
EV002903,RA23110300000020,RA26110030000072,Cross-Department,1,2026-Sem2
EV002904,RA23110300000020,RA26110030000072,Cross-Department,1,2025-Sem1
EV002905,RA23110300000020,RA26110030000072,Cross-Department,1,2026-Sem2
EV002906,RA23110300000020,RA26110030000072,Cross-Department,1,2025-Sem1
EV002907,RA23110300000020,RA26110030000072,Cross-Department,1,2025-Sem1
EV002908,RA23110300000020,RA26110280000069,Cross-Department,1,2026-Sem2
EV002909,RA23110300000020,RA26110280000069,Cross-Department,4,2026-Sem1
EV002910,RA23110300000020,RA26110280000080,Cross-Department,1,2026-Sem1
EV002911,RA23110300000020,RA26110280000080,Cross-Department,2,2026-Sem1
EV002912,RA23110300000020,RA26110280000080,Cross-Department,2,2025-Sem1
EV002913,RA23110300000021,RA23110300000022,Project,2,2025-Sem1
EV002914,RA23110300000021,RA24110280000033,Cross-Department,1,2025-Sem1
EV002915,RA23110300000021,RA24110280000033,Cross-Department,1,2026-Sem2
EV002916,RA23110300000021,RA24110280000033,Cross-Department,1,2026-Sem1
EV002917,RA23110300000021,RA24110280000033,Cross-Department,2,2025-Sem1
EV002918,RA23110300000021,RA24110280000033,Cross-Department,1,2026-Sem1
EV002919,RA23110300000021,RA24110280000044,Cross-Department,2,2026-Sem2
EV002920,RA23110300000021,RA25110030000054,Cross-Department,2,2025-Sem1
EV002921,RA23110300000021,RA25110030000054,Cross-Department,2,2025-Sem1
EV002922,RA23110300000021,RA25110030000054,Cross-Department,1,2025-Sem1
EV002923,RA23110300000021,RA25110030000054,Cross-Department,2,2025-Sem1
EV002924,RA23110300000021,RA26110030000069,Cross-Department,1,2026-Sem1
EV002925,RA23110300000021,RA26110030000069,Cross-Department,1,2026-Sem1
EV002926,RA23110300000021,RA26110030000069,Cross-Department,2,2026-Sem2
EV002927,RA23110300000021,RA26110030000069,Cross-Department,2,2025-Sem1
EV002928,RA23110300000022,RA24110300000031,Event,1,2026-Sem1
EV002929,RA23110300000022,RA24110300000031,Event,1,2025-Sem1
EV002930,RA23110300000022,RA24110300000031,Event,1,2026-Sem2
EV002931,RA23110300000022,RA24110300000037,Academic,1,2026-Sem2
EV002932,RA23110300000022,RA25110280000056,Cross-Department,1,2025-Sem1
EV002933,RA23110300000022,RA25110280000056,Cross-Department,1,2026-Sem2
EV002934,RA23110300000022,RA25110280000056,Cross-Department,2,2026-Sem2
EV002935,RA23110300000022,RA25110280000056,Cross-Department,2,2026-Sem1
EV002936,RA23110300000022,RA25110300000045,Event,3,2026-Sem2
EV002937,RA23110300000022,RA25110300000045,Event,2,2025-Sem1
EV002938,RA23110300000022,RA26110280000070,Cross-Department,1,2025-Sem1
EV002939,RA23110300000022,RA26110280000070,Cross-Department,1,2026-Sem1
EV002940,RA23110300000022,RA26110280000070,Cross-Department,2,2026-Sem1
EV002941,RA23110540000001,RA23110540000002,Event,1,2026-Sem2
EV002942,RA23110540000001,RA23110540000002,Event,1,2025-Sem1
EV002943,RA23110540000001,RA23110540000005,Project,1,2026-Sem1
EV002944,RA23110540000001,RA23110540000006,Club,1,2026-Sem1
EV002945,RA23110540000001,RA23110540000009,Club,1,2026-Sem2
EV002946,RA23110540000001,RA23110540000009,Club,4,2025-Sem1
EV002947,RA23110540000001,RA23110540000009,Club,2,2026-Sem2
EV002948,RA23110540000001,RA23110540000009,Club,2,2025-Sem1
EV002949,RA23110540000001,RA23110540000009,Club,1,2026-Sem1
EV002950,RA23110540000001,RA23110540000010,Project,3,2026-Sem1
EV002951,RA23110540000001,RA23110540000010,Project,1,2025-Sem1
EV002952,RA23110540000001,RA23110540000014,Club,2,2026-Sem2
EV002953,RA23110540000001,RA23110540000014,Club,1,2025-Sem1
EV002954,RA23110540000001,RA23110540000022,Club,1,2026-Sem2
EV002955,RA23110540000001,RA24110030000034,Cross-Department,4,2026-Sem1
EV002956,RA23110540000001,RA24110030000034,Cross-Department,1,2026-Sem1
EV002957,RA23110540000001,RA24110030000042,Cross-Department,4,2026-Sem1
EV002958,RA23110540000001,RA24110030000042,Cross-Department,1,2026-Sem2
EV002959,RA23110540000001,RA24110540000034,Academic,1,2025-Sem1
EV002960,RA23110540000001,RA24110540000034,Academic,4,2025-Sem1
EV002961,RA23110540000001,RA24110540000034,Academic,1,2026-Sem2
EV002962,RA23110540000001,RA24110540000042,Project,1,2025-Sem1
EV002963,RA23110540000001,RA24110540000042,Project,1,2026-Sem1
EV002964,RA23110540000001,RA24110540000042,Project,1,2026-Sem2
EV002965,RA23110540000001,RA25110270000060,Cross-Department,2,2026-Sem2
EV002966,RA23110540000001,RA25110270000060,Cross-Department,1,2025-Sem1
EV002967,RA23110540000001,RA25110270000060,Cross-Department,1,2026-Sem1
EV002968,RA23110540000001,RA25110270000060,Cross-Department,1,2025-Sem1
EV002969,RA23110540000001,RA25110560000066,Cross-Department,3,2026-Sem2
EV002970,RA23110540000001,RA25110560000066,Cross-Department,1,2026-Sem1
EV002971,RA23110540000001,RA25110560000066,Cross-Department,2,2026-Sem2
EV002972,RA23110540000001,RA25110560000066,Cross-Department,3,2026-Sem2
EV002973,RA23110540000001,RA26110270000074,Cross-Department,1,2026-Sem1
EV002974,RA23110540000001,RA26110270000074,Cross-Department,2,2026-Sem1
EV002975,RA23110540000001,RA26110270000074,Cross-Department,2,2025-Sem1
EV002976,RA23110540000001,RA26110270000084,Cross-Department,1,2025-Sem1
EV002977,RA23110540000001,RA26110270000084,Cross-Department,3,2026-Sem1
EV002978,RA23110540000001,RA26110270000084,Cross-Department,2,2025-Sem1
EV002979,RA23110540000002,RA23110540000003,Event,1,2026-Sem1
EV002980,RA23110540000002,RA23110540000004,Academic,2,2025-Sem1
EV002981,RA23110540000002,RA23110540000005,Academic,2,2026-Sem1
EV002982,RA23110540000002,RA23110540000006,Event,1,2026-Sem1
EV002983,RA23110540000002,RA23110540000006,Event,3,2025-Sem1
EV002984,RA23110540000002,RA23110540000012,Club,2,2026-Sem1
EV002985,RA23110540000002,RA23110540000015,Club,1,2026-Sem2
EV002986,RA23110540000002,RA23110540000019,Social,1,2026-Sem1
EV002987,RA23110540000002,RA23110540000021,Social,1,2026-Sem2
EV002988,RA23110540000002,RA23110540000021,Social,1,2026-Sem2
EV002989,RA23110540000002,RA23110540000021,Social,1,2026-Sem2
EV002990,RA23110540000002,RA23110540000022,Project,2,2026-Sem1
EV002991,RA23110540000002,RA24110270000036,Cross-Department,3,2025-Sem1
EV002992,RA23110540000002,RA24110270000036,Cross-Department,2,2026-Sem1
EV002993,RA23110540000002,RA24110270000036,Cross-Department,1,2026-Sem2
EV002994,RA23110540000002,RA24110270000036,Cross-Department,1,2026-Sem2
EV002995,RA23110540000002,RA24110270000036,Cross-Department,1,2025-Sem1
EV002996,RA23110540000002,RA24110560000025,Cross-Department,1,2026-Sem2
EV002997,RA23110540000002,RA24110560000025,Cross-Department,2,2026-Sem2
EV002998,RA23110540000002,RA25110270000059,Cross-Department,2,2026-Sem1
EV002999,RA23110540000002,RA25110270000059,Cross-Department,1,2026-Sem1
EV003000,RA23110540000002,RA25110540000049,Event,4,2025-Sem1
EV003001,RA23110540000002,RA25110560000048,Cross-Department,1,2026-Sem1
EV003002,RA23110540000002,RA25110560000048,Cross-Department,4,2025-Sem1
EV003003,RA23110540000002,RA25110560000048,Cross-Department,1,2026-Sem2
EV003004,RA23110540000002,RA25110560000053,Cross-Department,2,2025-Sem1
EV003005,RA23110540000002,RA25110560000053,Cross-Department,2,2025-Sem1
EV003006,RA23110540000002,RA25110560000053,Cross-Department,2,2025-Sem1
EV003007,RA23110540000003,RA23110540000004,Academic,3,2026-Sem1
EV003008,RA23110540000003,RA23110540000004,Academic,4,2025-Sem1
EV003009,RA23110540000003,RA23110540000007,Project,2,2026-Sem2
EV003010,RA23110540000003,RA23110540000007,Project,1,2025-Sem1
EV003011,RA23110540000003,RA23110540000010,Social,1,2026-Sem2
EV003012,RA23110540000003,RA23110540000012,Academic,2,2025-Sem1
EV003013,RA23110540000003,RA23110540000012,Academic,2,2026-Sem1
EV003014,RA23110540000003,RA23110540000019,Project,1,2026-Sem1
EV003015,RA23110540000003,RA23110540000019,Project,3,2026-Sem2
EV003016,RA23110540000003,RA23110540000021,Event,2,2026-Sem1
EV003017,RA23110540000003,RA23110540000021,Event,2,2026-Sem1
EV003018,RA23110540000003,RA23110540000021,Event,2,2026-Sem1
EV003019,RA23110540000003,RA23110540000021,Event,1,2026-Sem1
EV003020,RA23110540000003,RA23110540000022,Project,2,2026-Sem2
EV003021,RA23110540000003,RA24110540000034,Social,1,2026-Sem2
EV003022,RA23110540000003,RA24110560000040,Cross-Department,1,2026-Sem2
EV003023,RA23110540000003,RA24110560000040,Cross-Department,1,2026-Sem2
EV003024,RA23110540000003,RA25110290000063,Cross-Department,2,2026-Sem2
EV003025,RA23110540000003,RA25110290000063,Cross-Department,1,2026-Sem2
EV003026,RA23110540000003,RA26110030000077,Cross-Department,6,2026-Sem2
EV003027,RA23110540000003,RA26110030000084,Cross-Department,2,2026-Sem1
EV003028,RA23110540000003,RA26110030000084,Cross-Department,1,2025-Sem1
EV003029,RA23110540000003,RA26110030000084,Cross-Department,2,2026-Sem2
EV003030,RA23110540000003,RA26110030000084,Cross-Department,2,2026-Sem2
EV003031,RA23110540000003,RA26110030000084,Cross-Department,1,2026-Sem1
EV003032,RA23110540000003,RA26110270000079,Cross-Department,4,2026-Sem2
EV003033,RA23110540000003,RA26110540000076,Club,1,2026-Sem2
EV003034,RA23110540000003,RA26110540000076,Club,1,2026-Sem2
EV003035,RA23110540000003,RA26110560000084,Cross-Department,3,2026-Sem2
EV003036,RA23110540000003,RA26110560000084,Cross-Department,1,2025-Sem1
EV003037,RA23110540000004,RA23110540000005,Academic,2,2026-Sem1
EV003038,RA23110540000004,RA23110540000010,Social,2,2026-Sem1
EV003039,RA23110540000004,RA23110540000011,Event,2,2026-Sem1
EV003040,RA23110540000004,RA23110540000012,Club,2,2026-Sem1
EV003041,RA23110540000004,RA23110540000019,Club,2,2026-Sem1
EV003042,RA23110540000004,RA23110540000019,Club,1,2025-Sem1
EV003043,RA23110540000004,RA23110540000019,Club,1,2026-Sem2
EV003044,RA23110540000004,RA23110540000021,Project,1,2026-Sem1
EV003045,RA23110540000004,RA23110540000021,Project,1,2026-Sem1
EV003046,RA23110540000004,RA23110540000021,Project,2,2025-Sem1
EV003047,RA23110540000004,RA23110560000022,Cross-Department,4,2025-Sem1
EV003048,RA23110540000004,RA25110560000049,Cross-Department,3,2026-Sem2
EV003049,RA23110540000004,RA25110560000055,Cross-Department,2,2025-Sem1
EV003050,RA23110540000004,RA25110560000055,Cross-Department,1,2026-Sem2
EV003051,RA23110540000004,RA26110560000085,Cross-Department,4,2026-Sem1
EV003052,RA23110540000004,RA26110560000085,Cross-Department,1,2025-Sem1
EV003053,RA23110540000004,RA26110560000085,Cross-Department,2,2025-Sem1
EV003054,RA23110540000005,RA23110540000006,Club,1,2026-Sem1
EV003055,RA23110540000005,RA23110540000008,Project,3,2025-Sem1
EV003056,RA23110540000005,RA23110540000012,Project,1,2026-Sem2
EV003057,RA23110540000005,RA23110540000015,Club,2,2025-Sem1
EV003058,RA23110540000005,RA23110540000015,Club,1,2025-Sem1
EV003059,RA23110540000005,RA23110540000021,Social,1,2026-Sem2
EV003060,RA23110540000005,RA23110540000021,Social,3,2025-Sem1
EV003061,RA23110540000005,RA23110540000022,Academic,3,2026-Sem1
EV003062,RA23110540000005,RA24110030000031,Cross-Department,2,2025-Sem1
EV003063,RA23110540000005,RA24110030000031,Cross-Department,2,2026-Sem2
EV003064,RA23110540000005,RA24110030000031,Cross-Department,1,2025-Sem1
EV003065,RA23110540000005,RA24110030000043,Cross-Department,2,2026-Sem1
EV003066,RA23110540000005,RA24110030000043,Cross-Department,1,2026-Sem2
EV003067,RA23110540000005,RA24110030000043,Cross-Department,1,2025-Sem1
EV003068,RA23110540000005,RA25110540000056,Social,1,2025-Sem1
EV003069,RA23110540000005,RA25110540000056,Social,1,2026-Sem2
EV003070,RA23110540000005,RA25110560000062,Cross-Department,1,2026-Sem2
EV003071,RA23110540000005,RA25110560000062,Cross-Department,2,2025-Sem1
EV003072,RA23110540000005,RA26110270000068,Cross-Department,2,2025-Sem1
EV003073,RA23110540000005,RA26110270000068,Cross-Department,3,2025-Sem1
EV003074,RA23110540000005,RA26110270000068,Cross-Department,1,2026-Sem2
EV003075,RA23110540000006,RA23110540000007,Academic,1,2026-Sem1
EV003076,RA23110540000006,RA23110540000015,Academic,3,2026-Sem2
EV003077,RA23110540000006,RA23110540000017,Academic,2,2026-Sem1
EV003078,RA23110540000006,RA23110540000017,Academic,1,2026-Sem2
EV003079,RA23110540000006,RA23110540000017,Academic,2,2026-Sem2
EV003080,RA23110540000006,RA23110560000002,Cross-Department,2,2025-Sem1
EV003081,RA23110540000006,RA23110560000002,Cross-Department,5,2025-Sem1
EV003082,RA23110540000006,RA23110560000021,Cross-Department,2,2025-Sem1
EV003083,RA23110540000006,RA23110560000021,Cross-Department,1,2025-Sem1
EV003084,RA23110540000006,RA24110540000029,Club,1,2026-Sem1
EV003085,RA23110540000006,RA24110540000029,Club,4,2025-Sem1
EV003086,RA23110540000006,RA24110540000029,Club,2,2025-Sem1
EV003087,RA23110540000006,RA24110540000029,Club,1,2025-Sem1
EV003088,RA23110540000006,RA24110540000029,Club,1,2026-Sem1
EV003089,RA23110540000006,RA24110540000029,Club,1,2026-Sem2
EV003090,RA23110540000006,RA24110540000029,Club,1,2026-Sem2
EV003091,RA23110540000006,RA24110540000029,Club,1,2025-Sem1
EV003092,RA23110540000006,RA24110540000029,Club,1,2026-Sem1
EV003093,RA23110540000006,RA24110540000029,Club,1,2025-Sem1
EV003094,RA23110540000006,RA24110540000033,Social,2,2025-Sem1
EV003095,RA23110540000006,RA24110540000035,Social,2,2026-Sem2
EV003096,RA23110540000006,RA24110540000043,Club,3,2026-Sem1
EV003097,RA23110540000006,RA24110540000043,Club,2,2025-Sem1
EV003098,RA23110540000006,RA24110540000043,Club,1,2026-Sem2
EV003099,RA23110540000006,RA25110280000061,Cross-Department,3,2026-Sem2
EV003100,RA23110540000006,RA25110560000058,Cross-Department,1,2026-Sem1
EV003101,RA23110540000006,RA25110560000058,Cross-Department,2,2026-Sem2
EV003102,RA23110540000006,RA25110560000058,Cross-Department,2,2026-Sem2
EV003103,RA23110540000006,RA26110270000076,Cross-Department,3,2026-Sem2
EV003104,RA23110540000006,RA26110270000076,Cross-Department,3,2025-Sem1
EV003105,RA23110540000006,RA26110270000076,Cross-Department,2,2026-Sem2
EV003106,RA23110540000007,RA23110540000008,Academic,2,2026-Sem2
EV003107,RA23110540000007,RA23110540000008,Academic,1,2026-Sem2
EV003108,RA23110540000007,RA23110540000008,Academic,1,2025-Sem1
EV003109,RA23110540000007,RA23110540000014,Social,2,2026-Sem2
EV003110,RA23110540000007,RA23110540000014,Social,2,2025-Sem1
EV003111,RA23110540000007,RA23110540000017,Club,1,2026-Sem2
EV003112,RA23110540000007,RA23110540000017,Club,1,2026-Sem1
EV003113,RA23110540000007,RA23110540000017,Club,1,2025-Sem1
EV003114,RA23110540000007,RA23110540000018,Project,2,2026-Sem2
EV003115,RA23110540000007,RA23110540000018,Project,2,2026-Sem2
EV003116,RA23110540000007,RA23110540000019,Club,2,2026-Sem1
EV003117,RA23110540000007,RA23110540000019,Club,1,2025-Sem1
EV003118,RA23110540000007,RA23110540000021,Project,2,2026-Sem2
EV003119,RA23110540000007,RA23110540000021,Project,5,2026-Sem2
EV003120,RA23110540000007,RA24110270000029,Cross-Department,2,2026-Sem2
EV003121,RA23110540000007,RA24110270000029,Cross-Department,1,2026-Sem2
EV003122,RA23110540000007,RA24110270000029,Cross-Department,2,2025-Sem1
EV003123,RA23110540000007,RA24110270000029,Cross-Department,1,2026-Sem1
EV003124,RA23110540000007,RA24110270000029,Cross-Department,1,2026-Sem1
EV003125,RA23110540000007,RA24110270000036,Cross-Department,1,2025-Sem1
EV003126,RA23110540000007,RA24110270000036,Cross-Department,2,2026-Sem1
EV003127,RA23110540000007,RA24110540000023,Club,3,2026-Sem1
EV003128,RA23110540000007,RA24110540000023,Club,1,2026-Sem1
EV003129,RA23110540000007,RA24110540000023,Club,2,2026-Sem2
EV003130,RA23110540000007,RA24110560000024,Cross-Department,3,2026-Sem2
EV003131,RA23110540000007,RA24110560000043,Cross-Department,1,2025-Sem1
EV003132,RA23110540000007,RA24110560000043,Cross-Department,3,2025-Sem1
EV003133,RA23110540000007,RA24110560000043,Cross-Department,1,2026-Sem2
EV003134,RA23110540000007,RA24110560000043,Cross-Department,2,2026-Sem1
EV003135,RA23110540000007,RA24110560000043,Cross-Department,2,2025-Sem1
EV003136,RA23110540000007,RA25110540000047,Club,2,2026-Sem1
EV003137,RA23110540000007,RA25110540000047,Club,2,2025-Sem1
EV003138,RA23110540000007,RA25110540000047,Club,1,2025-Sem1
EV003139,RA23110540000007,RA25110560000058,Cross-Department,1,2025-Sem1
EV003140,RA23110540000007,RA25110560000058,Cross-Department,2,2026-Sem1
EV003141,RA23110540000007,RA25110560000058,Cross-Department,1,2026-Sem1
EV003142,RA23110540000007,RA25110560000058,Cross-Department,2,2026-Sem1
EV003143,RA23110540000007,RA26110270000073,Cross-Department,1,2025-Sem1
EV003144,RA23110540000007,RA26110270000073,Cross-Department,1,2026-Sem1
EV003145,RA23110540000007,RA26110270000073,Cross-Department,1,2025-Sem1
EV003146,RA23110540000008,RA23110540000009,Club,2,2025-Sem1
EV003147,RA23110540000008,RA23110540000009,Club,2,2025-Sem1
EV003148,RA23110540000008,RA23110540000009,Club,1,2026-Sem1
EV003149,RA23110540000008,RA23110540000009,Club,1,2026-Sem1
EV003150,RA23110540000008,RA23110540000010,Social,2,2026-Sem2
EV003151,RA23110540000008,RA23110540000010,Social,2,2026-Sem2
EV003152,RA23110540000008,RA23110540000012,Club,1,2025-Sem1
EV003153,RA23110540000008,RA23110540000012,Club,1,2026-Sem1
EV003154,RA23110540000008,RA23110540000012,Club,2,2026-Sem2
EV003155,RA23110540000008,RA23110540000012,Club,2,2025-Sem1
EV003156,RA23110540000008,RA23110540000012,Club,1,2025-Sem1
EV003157,RA23110540000008,RA23110540000015,Social,5,2026-Sem2
EV003158,RA23110540000008,RA23110540000017,Project,1,2025-Sem1
EV003159,RA23110540000008,RA23110540000017,Project,1,2026-Sem1
EV003160,RA23110540000008,RA23110540000020,Club,1,2026-Sem1
EV003161,RA23110540000008,RA23110540000020,Club,2,2026-Sem1
EV003162,RA23110540000008,RA23110540000020,Club,1,2026-Sem2
EV003163,RA23110540000008,RA23110540000022,Project,1,2025-Sem1
EV003164,RA23110540000008,RA23110540000022,Project,2,2026-Sem2
EV003165,RA23110540000008,RA23110560000004,Cross-Department,1,2026-Sem1
EV003166,RA23110540000008,RA23110560000004,Cross-Department,1,2026-Sem1
EV003167,RA23110540000008,RA23110560000004,Cross-Department,3,2026-Sem2
EV003168,RA23110540000008,RA23110560000004,Cross-Department,2,2026-Sem2
EV003169,RA23110540000008,RA24110030000025,Cross-Department,2,2026-Sem1
EV003170,RA23110540000008,RA24110030000025,Cross-Department,1,2025-Sem1
EV003171,RA23110540000008,RA24110030000036,Cross-Department,4,2025-Sem1
EV003172,RA23110540000008,RA24110270000024,Cross-Department,3,2026-Sem1
EV003173,RA23110540000008,RA24110270000024,Cross-Department,1,2026-Sem2
EV003174,RA23110540000008,RA24110270000024,Cross-Department,1,2026-Sem1
EV003175,RA23110540000008,RA25110030000058,Cross-Department,3,2026-Sem2
EV003176,RA23110540000008,RA25110030000058,Cross-Department,2,2026-Sem2
EV003177,RA23110540000008,RA25110030000060,Cross-Department,2,2025-Sem1
EV003178,RA23110540000008,RA25110030000060,Cross-Department,2,2025-Sem1
EV003179,RA23110540000008,RA25110270000061,Cross-Department,1,2026-Sem1
EV003180,RA23110540000008,RA25110270000061,Cross-Department,2,2026-Sem2
EV003181,RA23110540000008,RA25110270000061,Cross-Department,1,2026-Sem1
EV003182,RA23110540000008,RA25110270000066,Cross-Department,1,2026-Sem1
EV003183,RA23110540000008,RA25110270000066,Cross-Department,1,2026-Sem2
EV003184,RA23110540000008,RA25110270000066,Cross-Department,2,2026-Sem2
EV003185,RA23110540000008,RA25110540000052,Academic,1,2025-Sem1
EV003186,RA23110540000008,RA25110540000052,Academic,1,2026-Sem2
EV003187,RA23110540000008,RA25110540000054,Social,2,2025-Sem1
EV003188,RA23110540000008,RA25110540000054,Social,2,2026-Sem1
EV003189,RA23110540000008,RA25110540000054,Social,2,2026-Sem2
EV003190,RA23110540000008,RA25110540000054,Social,1,2026-Sem1
EV003191,RA23110540000008,RA26110540000075,Academic,3,2025-Sem1
EV003192,RA23110540000009,RA23110540000010,Event,2,2026-Sem2
EV003193,RA23110540000009,RA23110540000010,Event,3,2026-Sem1
EV003194,RA23110540000009,RA23110540000012,Social,1,2025-Sem1
EV003195,RA23110540000009,RA23110540000012,Social,2,2026-Sem1
EV003196,RA23110540000009,RA23110540000014,Project,2,2025-Sem1
EV003197,RA23110540000009,RA23110540000014,Project,2,2026-Sem1
EV003198,RA23110540000009,RA23110540000015,Project,2,2026-Sem1
EV003199,RA23110540000009,RA23110540000015,Project,1,2026-Sem2
EV003200,RA23110540000009,RA23110540000018,Academic,1,2025-Sem1
EV003201,RA23110540000009,RA23110540000018,Academic,2,2026-Sem1
EV003202,RA23110540000009,RA23110540000018,Academic,1,2026-Sem1
EV003203,RA23110540000009,RA23110540000018,Academic,2,2026-Sem1
EV003204,RA23110540000009,RA23110540000018,Academic,1,2026-Sem2
EV003205,RA23110540000009,RA23110540000019,Academic,1,2026-Sem2
EV003206,RA23110540000009,RA23110540000019,Academic,2,2026-Sem2
EV003207,RA23110540000009,RA23110540000019,Academic,1,2025-Sem1
EV003208,RA23110540000009,RA24110540000032,Academic,1,2026-Sem1
EV003209,RA23110540000009,RA26110030000082,Cross-Department,1,2026-Sem1
EV003210,RA23110540000009,RA26110030000082,Cross-Department,3,2026-Sem1
EV003211,RA23110540000009,RA26110030000082,Cross-Department,1,2026-Sem2
EV003212,RA23110540000009,RA26110540000082,Event,1,2026-Sem2
EV003213,RA23110540000009,RA26110540000082,Event,2,2026-Sem2
EV003214,RA23110540000010,RA23110540000011,Club,1,2026-Sem2
EV003215,RA23110540000010,RA23110540000011,Club,2,2026-Sem2
EV003216,RA23110540000010,RA23110540000013,Event,2,2026-Sem1
EV003217,RA23110540000010,RA23110540000015,Academic,3,2026-Sem1
EV003218,RA23110540000010,RA23110540000020,Social,1,2025-Sem1
EV003219,RA23110540000010,RA23110560000005,Cross-Department,2,2026-Sem1
EV003220,RA23110540000010,RA23110560000021,Cross-Department,3,2026-Sem1
EV003221,RA23110540000010,RA24110270000043,Cross-Department,1,2026-Sem2
EV003222,RA23110540000010,RA24110270000043,Cross-Department,2,2025-Sem1
EV003223,RA23110540000010,RA25110560000045,Cross-Department,1,2026-Sem1
EV003224,RA23110540000010,RA25110560000045,Cross-Department,2,2026-Sem1
EV003225,RA23110540000010,RA25110560000045,Cross-Department,2,2025-Sem1
EV003226,RA23110540000010,RA26110540000068,Club,1,2026-Sem1
EV003227,RA23110540000010,RA26110540000068,Club,1,2026-Sem2
EV003228,RA23110540000010,RA26110540000087,Project,2,2026-Sem2
EV003229,RA23110540000011,RA23110540000012,Club,4,2025-Sem1
EV003230,RA23110540000011,RA23110540000012,Club,2,2025-Sem1
EV003231,RA23110540000011,RA23110540000015,Project,4,2026-Sem2
EV003232,RA23110540000011,RA23110540000016,Club,1,2026-Sem2
EV003233,RA23110540000011,RA23110540000017,Academic,1,2026-Sem2
EV003234,RA23110540000011,RA23110540000018,Club,2,2025-Sem1
EV003235,RA23110540000011,RA23110540000019,Social,2,2026-Sem2
EV003236,RA23110540000011,RA23110540000019,Social,6,2026-Sem2
EV003237,RA23110540000011,RA23110540000019,Social,1,2025-Sem1
EV003238,RA23110540000011,RA23110540000022,Club,1,2026-Sem1
EV003239,RA23110540000011,RA24110030000025,Cross-Department,2,2025-Sem1
EV003240,RA23110540000011,RA24110030000025,Cross-Department,1,2026-Sem1
EV003241,RA23110540000011,RA24110270000027,Cross-Department,2,2025-Sem1
EV003242,RA23110540000011,RA24110270000027,Cross-Department,1,2025-Sem1
EV003243,RA23110540000011,RA24110270000027,Cross-Department,1,2025-Sem1
EV003244,RA23110540000011,RA24110270000027,Cross-Department,1,2026-Sem2
EV003245,RA23110540000011,RA25110270000066,Cross-Department,1,2026-Sem2
EV003246,RA23110540000011,RA25110270000066,Cross-Department,1,2026-Sem2
EV003247,RA23110540000011,RA25110270000066,Cross-Department,1,2025-Sem1
EV003248,RA23110540000011,RA25110540000048,Project,1,2025-Sem1
EV003249,RA23110540000011,RA25110560000052,Cross-Department,1,2026-Sem1
EV003250,RA23110540000011,RA25110560000052,Cross-Department,1,2026-Sem1
EV003251,RA23110540000011,RA25110560000052,Cross-Department,1,2026-Sem2
EV003252,RA23110540000011,RA25110560000058,Cross-Department,1,2026-Sem2
EV003253,RA23110540000011,RA25110560000058,Cross-Department,2,2026-Sem1
EV003254,RA23110540000011,RA25110560000058,Cross-Department,2,2026-Sem1
EV003255,RA23110540000011,RA26110560000071,Cross-Department,1,2026-Sem2
EV003256,RA23110540000011,RA26110560000071,Cross-Department,4,2026-Sem1
EV003257,RA23110540000011,RA26110560000073,Cross-Department,5,2025-Sem1
EV003258,RA23110540000011,RA26110560000073,Cross-Department,1,2026-Sem2
EV003259,RA23110540000012,RA23110540000013,Social,2,2026-Sem1
EV003260,RA23110540000012,RA23110540000013,Social,2,2026-Sem1
EV003261,RA23110540000012,RA23110540000013,Social,1,2026-Sem1
EV003262,RA23110540000012,RA23110540000015,Academic,1,2026-Sem1
EV003263,RA23110540000012,RA23110540000015,Academic,1,2026-Sem2
EV003264,RA23110540000012,RA23110540000017,Event,2,2025-Sem1
EV003265,RA23110540000012,RA23110540000018,Event,2,2026-Sem2
EV003266,RA23110540000012,RA23110540000019,Social,1,2026-Sem2
EV003267,RA23110540000012,RA23110540000019,Social,3,2025-Sem1
EV003268,RA23110540000012,RA23110560000019,Cross-Department,4,2025-Sem1
EV003269,RA23110540000012,RA24110560000044,Cross-Department,1,2026-Sem2
EV003270,RA23110540000012,RA24110560000044,Cross-Department,2,2025-Sem1
EV003271,RA23110540000012,RA25110540000052,Club,1,2026-Sem1
EV003272,RA23110540000012,RA26110030000073,Cross-Department,1,2026-Sem1
EV003273,RA23110540000012,RA26110030000073,Cross-Department,1,2025-Sem1
EV003274,RA23110540000012,RA26110540000078,Event,2,2026-Sem1
EV003275,RA23110540000012,RA26110540000078,Event,2,2026-Sem1
EV003276,RA23110540000013,RA23110540000014,Event,2,2026-Sem2
EV003277,RA23110540000013,RA23110540000014,Event,1,2026-Sem1
EV003278,RA23110540000013,RA23110540000015,Social,1,2026-Sem2
EV003279,RA23110540000013,RA23110540000019,Social,2,2026-Sem1
EV003280,RA23110540000013,RA23110540000021,Academic,1,2026-Sem1
EV003281,RA23110540000013,RA23110540000021,Academic,2,2025-Sem1
EV003282,RA23110540000013,RA23110540000021,Academic,1,2025-Sem1
EV003283,RA23110540000013,RA23110540000021,Academic,1,2026-Sem2
EV003284,RA23110540000013,RA24110540000038,Social,2,2025-Sem1
EV003285,RA23110540000013,RA24110540000038,Social,1,2026-Sem2
EV003286,RA23110540000013,RA24110540000038,Social,1,2026-Sem1
EV003287,RA23110540000013,RA24110540000038,Social,2,2026-Sem2
EV003288,RA23110540000013,RA24110540000038,Social,1,2026-Sem1
EV003289,RA23110540000013,RA24110540000038,Social,1,2026-Sem2
EV003290,RA23110540000013,RA25110560000045,Cross-Department,3,2025-Sem1
EV003291,RA23110540000013,RA25110560000045,Cross-Department,3,2025-Sem1
EV003292,RA23110540000013,RA26110030000068,Cross-Department,3,2025-Sem1
EV003293,RA23110540000013,RA26110270000087,Cross-Department,2,2026-Sem1
EV003294,RA23110540000013,RA26110270000087,Cross-Department,1,2025-Sem1
EV003295,RA23110540000013,RA26110270000087,Cross-Department,1,2026-Sem2
EV003296,RA23110540000014,RA23110540000015,Event,1,2025-Sem1
EV003297,RA23110540000014,RA23110540000018,Event,1,2025-Sem1
EV003298,RA23110540000014,RA23110540000022,Event,2,2025-Sem1
EV003299,RA23110540000014,RA23110560000001,Cross-Department,2,2025-Sem1
EV003300,RA23110540000014,RA23110560000001,Cross-Department,1,2026-Sem1
EV003301,RA23110540000014,RA23110560000001,Cross-Department,3,2026-Sem1
EV003302,RA23110540000014,RA23110560000021,Cross-Department,3,2026-Sem2
EV003303,RA23110540000014,RA23110560000021,Cross-Department,1,2026-Sem1
EV003304,RA23110540000014,RA23110560000021,Cross-Department,1,2026-Sem1
EV003305,RA23110540000014,RA23110560000021,Cross-Department,1,2025-Sem1
EV003306,RA23110540000014,RA24110540000043,Project,2,2025-Sem1
EV003307,RA23110540000014,RA25110540000051,Project,4,2026-Sem2
EV003308,RA23110540000014,RA25110540000063,Social,2,2025-Sem1
EV003309,RA23110540000014,RA25110540000063,Social,1,2026-Sem2
EV003310,RA23110540000014,RA25110560000047,Cross-Department,4,2026-Sem2
EV003311,RA23110540000014,RA26110030000078,Cross-Department,2,2025-Sem1
EV003312,RA23110540000014,RA26110030000078,Cross-Department,3,2025-Sem1
EV003313,RA23110540000014,RA26110540000073,Project,1,2026-Sem2
EV003314,RA23110540000014,RA26110540000073,Project,2,2025-Sem1
EV003315,RA23110540000014,RA26110540000073,Project,1,2026-Sem1
EV003316,RA23110540000014,RA26110540000073,Project,1,2026-Sem2
EV003317,RA23110540000015,RA23110540000016,Academic,4,2026-Sem2
EV003318,RA23110540000015,RA23110540000017,Academic,1,2026-Sem2
EV003319,RA23110540000015,RA23110540000019,Club,1,2025-Sem1
EV003320,RA23110540000015,RA23110540000020,Academic,1,2025-Sem1
EV003321,RA23110540000015,RA23110540000020,Academic,2,2026-Sem1
EV003322,RA23110540000015,RA23110540000021,Academic,2,2025-Sem1
EV003323,RA23110540000015,RA23110540000021,Academic,2,2026-Sem2
EV003324,RA23110540000015,RA23110540000021,Academic,2,2026-Sem2
EV003325,RA23110540000015,RA23110540000021,Academic,1,2025-Sem1
EV003326,RA23110540000015,RA23110540000021,Academic,2,2026-Sem2
EV003327,RA23110540000015,RA23110560000009,Cross-Department,1,2026-Sem1
EV003328,RA23110540000015,RA23110560000009,Cross-Department,3,2026-Sem1
EV003329,RA23110540000015,RA23110560000009,Cross-Department,5,2025-Sem1
EV003330,RA23110540000015,RA24110270000025,Cross-Department,1,2025-Sem1
EV003331,RA23110540000015,RA24110270000025,Cross-Department,2,2026-Sem1
EV003332,RA23110540000015,RA24110270000044,Cross-Department,3,2025-Sem1
EV003333,RA23110540000015,RA24110560000029,Cross-Department,1,2025-Sem1
EV003334,RA23110540000015,RA24110560000029,Cross-Department,1,2026-Sem2
EV003335,RA23110540000015,RA24110560000029,Cross-Department,2,2026-Sem1
EV003336,RA23110540000015,RA24110560000029,Cross-Department,3,2026-Sem2
EV003337,RA23110540000015,RA25110540000048,Social,3,2025-Sem1
EV003338,RA23110540000015,RA26110030000068,Cross-Department,1,2026-Sem1
EV003339,RA23110540000015,RA26110030000068,Cross-Department,1,2026-Sem2
EV003340,RA23110540000015,RA26110030000068,Cross-Department,2,2026-Sem2
EV003341,RA23110540000015,RA26110270000079,Cross-Department,1,2026-Sem2
EV003342,RA23110540000015,RA26110270000079,Cross-Department,4,2026-Sem2
EV003343,RA23110540000015,RA26110540000070,Project,2,2026-Sem1
EV003344,RA23110540000015,RA26110540000086,Social,3,2026-Sem1
EV003345,RA23110540000015,RA26110560000086,Cross-Department,3,2026-Sem2
EV003346,RA23110540000016,RA23110540000017,Academic,2,2025-Sem1
EV003347,RA23110540000016,RA23110540000017,Academic,2,2026-Sem2
EV003348,RA23110540000016,RA23110540000018,Social,1,2026-Sem2
EV003349,RA23110540000016,RA23110540000018,Social,2,2026-Sem2
EV003350,RA23110540000016,RA23110540000020,Project,4,2026-Sem2
EV003351,RA23110540000016,RA23110540000020,Project,1,2026-Sem1
EV003352,RA23110540000016,RA23110560000014,Cross-Department,1,2026-Sem1
EV003353,RA23110540000016,RA23110560000014,Cross-Department,3,2025-Sem1
EV003354,RA23110540000016,RA23110560000014,Cross-Department,1,2025-Sem1
EV003355,RA23110540000016,RA23110560000014,Cross-Department,1,2026-Sem1
EV003356,RA23110540000016,RA24110270000032,Cross-Department,2,2026-Sem2
EV003357,RA23110540000016,RA24110270000032,Cross-Department,2,2026-Sem1
EV003358,RA23110540000016,RA24110270000032,Cross-Department,1,2026-Sem2
EV003359,RA23110540000016,RA24110270000032,Cross-Department,1,2026-Sem2
EV003360,RA23110540000016,RA25110030000055,Cross-Department,2,2026-Sem2
EV003361,RA23110540000016,RA25110030000055,Cross-Department,1,2025-Sem1
EV003362,RA23110540000016,RA25110030000055,Cross-Department,1,2026-Sem2
EV003363,RA23110540000016,RA25110030000055,Cross-Department,1,2025-Sem1
EV003364,RA23110540000016,RA25110270000047,Cross-Department,1,2026-Sem1
EV003365,RA23110540000016,RA25110270000047,Cross-Department,4,2025-Sem1
EV003366,RA23110540000016,RA25110540000050,Club,2,2025-Sem1
EV003367,RA23110540000016,RA25110540000050,Club,2,2026-Sem1
EV003368,RA23110540000016,RA25110540000054,Academic,1,2026-Sem1
EV003369,RA23110540000016,RA25110560000053,Cross-Department,1,2026-Sem1
EV003370,RA23110540000016,RA25110560000053,Cross-Department,4,2026-Sem2
EV003371,RA23110540000016,RA25110560000053,Cross-Department,1,2026-Sem2
EV003372,RA23110540000016,RA26110270000085,Cross-Department,1,2026-Sem2
EV003373,RA23110540000016,RA26110270000085,Cross-Department,3,2025-Sem1
EV003374,RA23110540000017,RA23110540000018,Academic,2,2026-Sem1
EV003375,RA23110540000017,RA23110540000022,Academic,2,2025-Sem1
EV003376,RA23110540000017,RA23110540000022,Academic,2,2025-Sem1
EV003377,RA23110540000017,RA23110540000022,Academic,4,2026-Sem2
EV003378,RA23110540000017,RA23110540000022,Academic,3,2025-Sem1
EV003379,RA23110540000017,RA23110540000022,Academic,3,2025-Sem1
EV003380,RA23110540000017,RA24110270000028,Cross-Department,5,2025-Sem1
EV003381,RA23110540000017,RA24110270000028,Cross-Department,2,2026-Sem2
EV003382,RA23110540000017,RA24110270000028,Cross-Department,1,2025-Sem1
EV003383,RA23110540000017,RA25110540000052,Social,2,2026-Sem1
EV003384,RA23110540000017,RA25110540000056,Project,1,2026-Sem2
EV003385,RA23110540000017,RA25110560000055,Cross-Department,3,2026-Sem2
EV003386,RA23110540000017,RA26110270000083,Cross-Department,1,2026-Sem1
EV003387,RA23110540000017,RA26110270000083,Cross-Department,1,2026-Sem2
EV003388,RA23110540000017,RA26110540000077,Project,3,2026-Sem2
EV003389,RA23110540000018,RA23110540000019,Social,3,2025-Sem1
EV003390,RA23110540000018,RA23110540000019,Social,1,2025-Sem1
EV003391,RA23110540000018,RA23110540000019,Social,1,2026-Sem1
EV003392,RA23110540000018,RA24110270000023,Cross-Department,3,2026-Sem2
EV003393,RA23110540000018,RA25110270000049,Cross-Department,1,2026-Sem2
EV003394,RA23110540000018,RA25110270000049,Cross-Department,1,2025-Sem1
EV003395,RA23110540000018,RA25110270000052,Cross-Department,3,2026-Sem1
EV003396,RA23110540000018,RA25110540000047,Club,1,2025-Sem1
EV003397,RA23110540000018,RA25110540000053,Event,2,2025-Sem1
EV003398,RA23110540000018,RA25110540000053,Event,2,2025-Sem1
EV003399,RA23110540000018,RA25110540000053,Event,1,2025-Sem1
EV003400,RA23110540000018,RA26110540000078,Project,1,2026-Sem2
EV003401,RA23110540000018,RA26110540000078,Project,5,2026-Sem1
EV003402,RA23110540000018,RA26110540000078,Project,2,2026-Sem2
EV003403,RA23110540000018,RA26110540000078,Project,3,2026-Sem1
EV003404,RA23110540000018,RA26110540000078,Project,1,2026-Sem1
EV003405,RA23110540000018,RA26110540000079,Social,3,2025-Sem1
EV003406,RA23110540000018,RA26110560000083,Cross-Department,1,2026-Sem1
EV003407,RA23110540000018,RA26110560000083,Cross-Department,2,2026-Sem1
EV003408,RA23110540000018,RA26110560000083,Cross-Department,2,2026-Sem2
EV003409,RA23110540000019,RA23110540000020,Academic,1,2026-Sem1
EV003410,RA23110540000019,RA23110540000021,Academic,1,2026-Sem2
EV003411,RA23110540000019,RA23110540000022,Academic,2,2026-Sem2
EV003412,RA23110540000019,RA23110540000022,Academic,1,2025-Sem1
EV003413,RA23110540000019,RA24110540000038,Social,1,2025-Sem1
EV003414,RA23110540000019,RA24110560000025,Cross-Department,1,2025-Sem1
EV003415,RA23110540000019,RA24110560000025,Cross-Department,4,2026-Sem1
EV003416,RA23110540000019,RA24110560000028,Cross-Department,2,2026-Sem2
EV003417,RA23110540000019,RA24110560000028,Cross-Department,1,2026-Sem1
EV003418,RA23110540000019,RA25110540000046,Club,2,2026-Sem1
EV003419,RA23110540000019,RA26110030000083,Cross-Department,3,2025-Sem1
EV003420,RA23110540000019,RA26110030000083,Cross-Department,2,2026-Sem1
EV003421,RA23110540000019,RA26110030000083,Cross-Department,1,2026-Sem1
EV003422,RA23110540000019,RA26110030000083,Cross-Department,1,2026-Sem1
EV003423,RA23110540000020,RA23110540000021,Academic,1,2026-Sem2
EV003424,RA23110540000020,RA23110540000022,Project,3,2026-Sem1
EV003425,RA23110540000020,RA23110540000022,Project,1,2026-Sem1
EV003426,RA23110540000020,RA23110540000022,Project,1,2026-Sem1
EV003427,RA23110540000020,RA24110030000027,Cross-Department,3,2026-Sem1
EV003428,RA23110540000020,RA24110030000029,Cross-Department,1,2026-Sem2
EV003429,RA23110540000020,RA24110030000029,Cross-Department,2,2026-Sem1
EV003430,RA23110540000020,RA24110290000043,Cross-Department,2,2025-Sem1
EV003431,RA23110540000020,RA24110290000043,Cross-Department,2,2026-Sem1
EV003432,RA23110540000020,RA24110290000043,Cross-Department,1,2026-Sem1
EV003433,RA23110540000020,RA24110540000036,Social,1,2026-Sem2
EV003434,RA23110540000020,RA24110540000036,Social,2,2026-Sem1
EV003435,RA23110540000020,RA24110540000036,Social,2,2026-Sem1
EV003436,RA23110540000020,RA24110560000024,Cross-Department,2,2025-Sem1
EV003437,RA23110540000020,RA24110560000024,Cross-Department,1,2026-Sem1
EV003438,RA23110540000020,RA24110560000026,Cross-Department,4,2026-Sem2
EV003439,RA23110540000020,RA24110560000026,Cross-Department,1,2026-Sem1
EV003440,RA23110540000020,RA24110560000026,Cross-Department,3,2026-Sem2
EV003441,RA23110540000020,RA24110560000026,Cross-Department,2,2026-Sem1
EV003442,RA23110540000020,RA24110560000026,Cross-Department,1,2026-Sem2
EV003443,RA23110540000020,RA24110560000026,Cross-Department,2,2026-Sem1
EV003444,RA23110540000020,RA24110560000026,Cross-Department,1,2026-Sem1
EV003445,RA23110540000020,RA24110560000028,Cross-Department,1,2025-Sem1
EV003446,RA23110540000020,RA24110560000028,Cross-Department,1,2025-Sem1
EV003447,RA23110540000020,RA24110560000028,Cross-Department,2,2025-Sem1
EV003448,RA23110540000020,RA25110540000053,Social,1,2026-Sem2
EV003449,RA23110540000020,RA26110030000078,Cross-Department,5,2025-Sem1
EV003450,RA23110540000020,RA26110030000078,Cross-Department,4,2026-Sem2
EV003451,RA23110540000020,RA26110030000079,Cross-Department,1,2026-Sem2
EV003452,RA23110540000020,RA26110030000079,Cross-Department,3,2026-Sem1
EV003453,RA23110540000020,RA26110270000072,Cross-Department,1,2025-Sem1
EV003454,RA23110540000020,RA26110270000072,Cross-Department,5,2026-Sem2
EV003455,RA23110540000020,RA26110270000072,Cross-Department,2,2025-Sem1
EV003456,RA23110540000020,RA26110270000078,Cross-Department,3,2026-Sem2
EV003457,RA23110540000020,RA26110270000078,Cross-Department,2,2026-Sem1
EV003458,RA23110540000020,RA26110270000078,Cross-Department,1,2026-Sem2
EV003459,RA23110540000020,RA26110270000084,Cross-Department,1,2025-Sem1
EV003460,RA23110540000020,RA26110270000084,Cross-Department,1,2026-Sem2
EV003461,RA23110540000021,RA23110540000022,Project,3,2026-Sem1
EV003462,RA23110540000021,RA23110560000011,Cross-Department,1,2026-Sem1
EV003463,RA23110540000021,RA23110560000011,Cross-Department,5,2025-Sem1
EV003464,RA23110540000021,RA23110560000011,Cross-Department,1,2026-Sem2
EV003465,RA23110540000021,RA23110560000014,Cross-Department,2,2025-Sem1
EV003466,RA23110540000021,RA23110560000014,Cross-Department,2,2026-Sem2
EV003467,RA23110540000021,RA23110560000014,Cross-Department,1,2025-Sem1
EV003468,RA23110540000021,RA23110560000014,Cross-Department,3,2026-Sem1
EV003469,RA23110540000021,RA24110030000032,Cross-Department,1,2026-Sem2
EV003470,RA23110540000021,RA24110030000032,Cross-Department,1,2025-Sem1
EV003471,RA23110540000021,RA24110030000032,Cross-Department,2,2025-Sem1
EV003472,RA23110540000021,RA24110030000032,Cross-Department,1,2026-Sem1
EV003473,RA23110540000021,RA24110030000042,Cross-Department,1,2026-Sem1
EV003474,RA23110540000021,RA24110030000042,Cross-Department,1,2025-Sem1
EV003475,RA23110540000021,RA24110030000042,Cross-Department,1,2026-Sem1
EV003476,RA23110540000021,RA25110540000055,Event,1,2026-Sem2
EV003477,RA23110540000021,RA25110540000061,Academic,3,2026-Sem2
EV003478,RA23110540000021,RA25110540000061,Academic,1,2026-Sem2
EV003479,RA23110540000021,RA25110560000056,Cross-Department,4,2026-Sem2
EV003480,RA23110540000021,RA26110030000077,Cross-Department,3,2025-Sem1
EV003481,RA23110540000021,RA26110030000077,Cross-Department,3,2026-Sem1
EV003482,RA23110540000021,RA26110030000079,Cross-Department,2,2025-Sem1
EV003483,RA23110540000022,RA23110560000006,Cross-Department,3,2025-Sem1
EV003484,RA23110540000022,RA23110560000006,Cross-Department,1,2026-Sem2
EV003485,RA23110540000022,RA24110030000037,Cross-Department,2,2026-Sem1
EV003486,RA23110540000022,RA24110030000037,Cross-Department,3,2026-Sem2
EV003487,RA23110540000022,RA24110030000037,Cross-Department,1,2025-Sem1
EV003488,RA23110540000022,RA26110030000069,Cross-Department,2,2025-Sem1
EV003489,RA23110540000022,RA26110030000076,Cross-Department,3,2026-Sem2
EV003490,RA23110540000022,RA26110270000082,Cross-Department,3,2026-Sem1
EV003491,RA23110560000001,RA23110560000002,Project,2,2026-Sem1
EV003492,RA23110560000001,RA23110560000004,Project,4,2026-Sem2
EV003493,RA23110560000001,RA23110560000010,Event,2,2026-Sem1
EV003494,RA23110560000001,RA23110560000013,Project,2,2026-Sem2
EV003495,RA23110560000001,RA23110560000013,Project,1,2025-Sem1
EV003496,RA23110560000001,RA23110560000013,Project,2,2026-Sem1
EV003497,RA23110560000001,RA23110560000013,Project,2,2025-Sem1
EV003498,RA23110560000001,RA23110560000013,Project,2,2025-Sem1
EV003499,RA23110560000001,RA23110560000015,Event,4,2025-Sem1
EV003500,RA23110560000001,RA23110560000015,Event,2,2026-Sem1
EV003501,RA23110560000001,RA23110560000020,Event,3,2026-Sem1
EV003502,RA23110560000001,RA23110560000022,Project,1,2026-Sem1
EV003503,RA23110560000001,RA24110540000023,Cross-Department,3,2026-Sem1
EV003504,RA23110560000001,RA24110540000023,Cross-Department,1,2026-Sem1
EV003505,RA23110560000001,RA24110540000023,Cross-Department,1,2026-Sem2
EV003506,RA23110560000001,RA25110270000056,Cross-Department,1,2025-Sem1
EV003507,RA23110560000001,RA25110270000056,Cross-Department,1,2025-Sem1
EV003508,RA23110560000001,RA25110270000056,Cross-Department,1,2026-Sem1
EV003509,RA23110560000001,RA25110270000056,Cross-Department,2,2025-Sem1
EV003510,RA23110560000001,RA26110540000086,Cross-Department,1,2026-Sem1
EV003511,RA23110560000001,RA26110540000086,Cross-Department,2,2025-Sem1
EV003512,RA23110560000001,RA26110540000086,Cross-Department,1,2026-Sem1
EV003513,RA23110560000002,RA23110560000003,Project,1,2026-Sem1
EV003514,RA23110560000002,RA23110560000004,Social,1,2026-Sem1
EV003515,RA23110560000002,RA23110560000004,Social,1,2026-Sem1
EV003516,RA23110560000002,RA23110560000008,Club,3,2025-Sem1
EV003517,RA23110560000002,RA23110560000009,Club,2,2026-Sem2
EV003518,RA23110560000002,RA23110560000009,Club,1,2026-Sem1
EV003519,RA23110560000002,RA23110560000010,Social,1,2025-Sem1
EV003520,RA23110560000002,RA23110560000010,Social,1,2026-Sem1
EV003521,RA23110560000002,RA23110560000011,Project,1,2026-Sem2
EV003522,RA23110560000002,RA23110560000011,Project,1,2026-Sem1
EV003523,RA23110560000002,RA23110560000011,Project,1,2026-Sem2
EV003524,RA23110560000002,RA23110560000012,Club,2,2026-Sem1
EV003525,RA23110560000002,RA23110560000013,Project,1,2026-Sem2
EV003526,RA23110560000002,RA23110560000013,Project,1,2025-Sem1
EV003527,RA23110560000002,RA23110560000014,Project,1,2026-Sem1
EV003528,RA23110560000002,RA23110560000014,Project,1,2026-Sem2
EV003529,RA23110560000002,RA23110560000014,Project,2,2026-Sem1
EV003530,RA23110560000002,RA23110560000014,Project,1,2025-Sem1
EV003531,RA23110560000002,RA23110560000014,Project,2,2026-Sem2
EV003532,RA23110560000002,RA23110560000014,Project,1,2025-Sem1
EV003533,RA23110560000002,RA23110560000014,Project,1,2026-Sem2
EV003534,RA23110560000002,RA23110560000016,Academic,1,2026-Sem2
EV003535,RA23110560000002,RA23110560000017,Academic,1,2026-Sem1
EV003536,RA23110560000002,RA23110560000017,Academic,1,2026-Sem2
EV003537,RA23110560000002,RA23110560000019,Club,3,2026-Sem2
EV003538,RA23110560000002,RA23110560000019,Club,1,2026-Sem2
EV003539,RA23110560000002,RA23110560000020,Project,2,2025-Sem1
EV003540,RA23110560000002,RA23110560000021,Academic,2,2025-Sem1
EV003541,RA23110560000002,RA23110560000021,Academic,1,2026-Sem2
EV003542,RA23110560000002,RA24110560000024,Club,2,2026-Sem1
EV003543,RA23110560000002,RA25110030000059,Cross-Department,1,2026-Sem1
EV003544,RA23110560000002,RA25110030000059,Cross-Department,1,2025-Sem1
EV003545,RA23110560000002,RA25110030000059,Cross-Department,1,2025-Sem1
EV003546,RA23110560000002,RA25110030000059,Cross-Department,1,2025-Sem1
EV003547,RA23110560000002,RA25110030000059,Cross-Department,2,2026-Sem2
EV003548,RA23110560000002,RA26110540000067,Cross-Department,1,2026-Sem1
EV003549,RA23110560000002,RA26110540000067,Cross-Department,2,2025-Sem1
EV003550,RA23110560000002,RA26110540000067,Cross-Department,1,2026-Sem2
EV003551,RA23110560000002,RA26110540000067,Cross-Department,1,2026-Sem1
EV003552,RA23110560000002,RA26110540000073,Cross-Department,1,2026-Sem1
EV003553,RA23110560000002,RA26110540000073,Cross-Department,1,2026-Sem1
EV003554,RA23110560000002,RA26110540000073,Cross-Department,1,2026-Sem1
EV003555,RA23110560000002,RA26110560000088,Academic,3,2026-Sem1
EV003556,RA23110560000002,RA26110560000088,Academic,2,2026-Sem1
EV003557,RA23110560000003,RA23110560000004,Project,1,2025-Sem1
EV003558,RA23110560000003,RA23110560000004,Project,3,2026-Sem1
EV003559,RA23110560000003,RA23110560000004,Project,1,2025-Sem1
EV003560,RA23110560000003,RA23110560000005,Academic,1,2025-Sem1
EV003561,RA23110560000003,RA23110560000005,Academic,1,2026-Sem1
EV003562,RA23110560000003,RA23110560000007,Project,1,2025-Sem1
EV003563,RA23110560000003,RA23110560000011,Event,1,2026-Sem2
EV003564,RA23110560000003,RA23110560000011,Event,2,2026-Sem1
EV003565,RA23110560000003,RA23110560000011,Event,3,2026-Sem2
EV003566,RA23110560000003,RA23110560000013,Project,2,2026-Sem2
EV003567,RA23110560000003,RA23110560000015,Social,1,2026-Sem1
EV003568,RA23110560000003,RA23110560000015,Social,1,2026-Sem1
EV003569,RA23110560000003,RA23110560000015,Social,1,2025-Sem1
EV003570,RA23110560000003,RA23110560000015,Social,1,2026-Sem1
EV003571,RA23110560000003,RA23110560000020,Social,1,2026-Sem1
EV003572,RA23110560000003,RA23110560000021,Club,1,2025-Sem1
EV003573,RA23110560000003,RA23110560000021,Club,1,2026-Sem2
EV003574,RA23110560000003,RA23110560000021,Club,1,2026-Sem1
EV003575,RA23110560000003,RA23110560000021,Club,4,2025-Sem1
EV003576,RA23110560000003,RA23110560000022,Academic,3,2026-Sem1
EV003577,RA23110560000003,RA23110560000022,Academic,2,2025-Sem1
EV003578,RA23110560000003,RA24110540000027,Cross-Department,2,2025-Sem1
EV003579,RA23110560000003,RA24110540000027,Cross-Department,1,2026-Sem2
EV003580,RA23110560000003,RA24110540000027,Cross-Department,3,2025-Sem1
EV003581,RA23110560000003,RA24110540000037,Cross-Department,3,2026-Sem2
EV003582,RA23110560000003,RA24110540000037,Cross-Department,1,2026-Sem1
EV003583,RA23110560000003,RA24110540000037,Cross-Department,2,2026-Sem1
EV003584,RA23110560000003,RA24110540000037,Cross-Department,1,2025-Sem1
EV003585,RA23110560000003,RA24110560000033,Social,2,2026-Sem2
EV003586,RA23110560000003,RA25110560000061,Academic,1,2026-Sem2
EV003587,RA23110560000003,RA25110560000061,Academic,1,2026-Sem2
EV003588,RA23110560000003,RA26110270000072,Cross-Department,2,2026-Sem1
EV003589,RA23110560000003,RA26110270000072,Cross-Department,1,2026-Sem1
EV003590,RA23110560000003,RA26110270000072,Cross-Department,3,2026-Sem1
EV003591,RA23110560000003,RA26110560000076,Academic,2,2026-Sem2
EV003592,RA23110560000003,RA26110560000076,Academic,1,2025-Sem1
EV003593,RA23110560000003,RA26110560000076,Academic,1,2026-Sem1
EV003594,RA23110560000004,RA23110560000005,Club,3,2026-Sem1
EV003595,RA23110560000004,RA23110560000007,Project,2,2026-Sem1
EV003596,RA23110560000004,RA23110560000007,Project,1,2026-Sem2
EV003597,RA23110560000004,RA23110560000009,Event,1,2025-Sem1
EV003598,RA23110560000004,RA23110560000016,Project,1,2026-Sem1
EV003599,RA23110560000004,RA23110560000016,Project,2,2026-Sem1
EV003600,RA23110560000004,RA23110560000016,Project,1,2026-Sem2
EV003601,RA23110560000004,RA23110560000016,Project,1,2026-Sem1
EV003602,RA23110560000004,RA23110560000017,Social,1,2025-Sem1
EV003603,RA23110560000004,RA23110560000017,Social,1,2026-Sem2
EV003604,RA23110560000004,RA23110560000017,Social,1,2026-Sem2
EV003605,RA23110560000004,RA23110560000018,Academic,1,2025-Sem1
EV003606,RA23110560000004,RA24110540000028,Cross-Department,1,2026-Sem1
EV003607,RA23110560000004,RA24110540000028,Cross-Department,2,2026-Sem2
EV003608,RA23110560000004,RA24110540000028,Cross-Department,1,2026-Sem1
EV003609,RA23110560000004,RA24110540000034,Cross-Department,2,2026-Sem1
EV003610,RA23110560000004,RA24110540000034,Cross-Department,1,2025-Sem1
EV003611,RA23110560000004,RA24110540000034,Cross-Department,1,2026-Sem2
EV003612,RA23110560000004,RA25110270000060,Cross-Department,2,2025-Sem1
EV003613,RA23110560000004,RA25110270000060,Cross-Department,2,2026-Sem1
EV003614,RA23110560000004,RA25110270000060,Cross-Department,1,2025-Sem1
EV003615,RA23110560000004,RA25110270000060,Cross-Department,1,2026-Sem1
EV003616,RA23110560000004,RA25110270000060,Cross-Department,1,2026-Sem1
EV003617,RA23110560000004,RA26110270000072,Cross-Department,1,2026-Sem2
EV003618,RA23110560000004,RA26110270000072,Cross-Department,4,2026-Sem2
EV003619,RA23110560000005,RA23110560000006,Academic,1,2025-Sem1
EV003620,RA23110560000005,RA23110560000006,Academic,3,2026-Sem2
EV003621,RA23110560000005,RA23110560000006,Academic,2,2026-Sem2
EV003622,RA23110560000005,RA23110560000007,Social,1,2026-Sem2
EV003623,RA23110560000005,RA23110560000007,Social,1,2026-Sem2
EV003624,RA23110560000005,RA23110560000007,Social,1,2026-Sem1
EV003625,RA23110560000005,RA23110560000007,Social,1,2026-Sem1
EV003626,RA23110560000005,RA23110560000007,Social,1,2026-Sem1
EV003627,RA23110560000005,RA23110560000009,Club,3,2026-Sem2
EV003628,RA23110560000005,RA23110560000009,Club,2,2026-Sem2
EV003629,RA23110560000005,RA23110560000009,Club,1,2026-Sem2
EV003630,RA23110560000005,RA23110560000011,Academic,2,2026-Sem2
EV003631,RA23110560000005,RA23110560000011,Academic,1,2026-Sem1
EV003632,RA23110560000005,RA23110560000011,Academic,1,2026-Sem2
EV003633,RA23110560000005,RA23110560000011,Academic,1,2026-Sem2
EV003634,RA23110560000005,RA23110560000011,Academic,2,2026-Sem2
EV003635,RA23110560000005,RA23110560000014,Project,2,2026-Sem1
EV003636,RA23110560000005,RA23110560000014,Project,3,2026-Sem2
EV003637,RA23110560000005,RA23110560000015,Social,1,2025-Sem1
EV003638,RA23110560000005,RA23110560000015,Social,2,2026-Sem1
EV003639,RA23110560000005,RA23110560000015,Social,2,2025-Sem1
EV003640,RA23110560000005,RA23110560000015,Social,1,2026-Sem1
EV003641,RA23110560000005,RA23110560000017,Club,1,2025-Sem1
EV003642,RA23110560000005,RA23110560000017,Club,2,2026-Sem1
EV003643,RA23110560000005,RA23110560000017,Club,2,2026-Sem2
EV003644,RA23110560000005,RA23110560000017,Club,3,2026-Sem1
EV003645,RA23110560000005,RA23110560000017,Club,2,2026-Sem2
EV003646,RA23110560000005,RA23110560000018,Event,2,2026-Sem2
EV003647,RA23110560000005,RA23110560000018,Event,1,2025-Sem1
EV003648,RA23110560000005,RA23110560000018,Event,3,2026-Sem2
EV003649,RA23110560000005,RA23110560000019,Event,2,2026-Sem1
EV003650,RA23110560000005,RA23110560000019,Event,3,2026-Sem2
EV003651,RA23110560000005,RA24110540000040,Cross-Department,3,2026-Sem2
EV003652,RA23110560000005,RA24110540000040,Cross-Department,3,2026-Sem2
EV003653,RA23110560000005,RA24110540000040,Cross-Department,2,2026-Sem2
EV003654,RA23110560000005,RA24110540000040,Cross-Department,4,2025-Sem1
EV003655,RA23110560000005,RA24110560000031,Academic,3,2026-Sem2
EV003656,RA23110560000005,RA24110560000041,Social,1,2026-Sem2
EV003657,RA23110560000005,RA25110030000060,Cross-Department,2,2026-Sem1
EV003658,RA23110560000005,RA25110030000060,Cross-Department,1,2026-Sem2
EV003659,RA23110560000005,RA25110560000050,Club,1,2026-Sem2
EV003660,RA23110560000005,RA25110560000050,Club,1,2026-Sem2
EV003661,RA23110560000005,RA25110560000050,Club,2,2026-Sem2
EV003662,RA23110560000005,RA25110560000053,Social,2,2026-Sem2
EV003663,RA23110560000005,RA26110270000079,Cross-Department,6,2025-Sem1
EV003664,RA23110560000005,RA26110270000079,Cross-Department,2,2025-Sem1
EV003665,RA23110560000005,RA26110270000079,Cross-Department,2,2026-Sem1
EV003666,RA23110560000005,RA26110540000068,Cross-Department,1,2026-Sem2
EV003667,RA23110560000005,RA26110540000068,Cross-Department,1,2026-Sem1
EV003668,RA23110560000005,RA26110540000068,Cross-Department,1,2026-Sem2
EV003669,RA23110560000005,RA26110540000068,Cross-Department,2,2026-Sem1
EV003670,RA23110560000006,RA23110560000007,Event,3,2025-Sem1
EV003671,RA23110560000006,RA23110560000008,Social,2,2026-Sem1
EV003672,RA23110560000006,RA23110560000008,Social,1,2025-Sem1
EV003673,RA23110560000006,RA23110560000010,Club,1,2026-Sem2
EV003674,RA23110560000006,RA23110560000015,Event,1,2025-Sem1
EV003675,RA23110560000006,RA23110560000015,Event,1,2026-Sem1
EV003676,RA23110560000006,RA23110560000018,Social,2,2026-Sem1
EV003677,RA23110560000006,RA23110560000018,Social,3,2026-Sem2
EV003678,RA23110560000006,RA23110560000018,Social,1,2026-Sem2
EV003679,RA23110560000006,RA23110560000022,Club,2,2026-Sem2
EV003680,RA23110560000006,RA23110560000022,Club,2,2025-Sem1
EV003681,RA23110560000006,RA24110560000035,Event,3,2025-Sem1
EV003682,RA23110560000006,RA24110560000039,Event,2,2026-Sem1
EV003683,RA23110560000006,RA24110560000039,Event,2,2025-Sem1
EV003684,RA23110560000006,RA24110560000044,Club,3,2025-Sem1
EV003685,RA23110560000006,RA25110540000052,Cross-Department,1,2025-Sem1
EV003686,RA23110560000006,RA25110540000052,Cross-Department,2,2026-Sem1
EV003687,RA23110560000006,RA25110540000052,Cross-Department,3,2026-Sem1
EV003688,RA23110560000006,RA25110540000052,Cross-Department,3,2025-Sem1
EV003689,RA23110560000006,RA25110540000052,Cross-Department,1,2025-Sem1
EV003690,RA23110560000006,RA25110540000052,Cross-Department,1,2026-Sem2
EV003691,RA23110560000006,RA25110540000052,Cross-Department,1,2026-Sem2
EV003692,RA23110560000007,RA23110560000008,Academic,1,2026-Sem2
EV003693,RA23110560000007,RA23110560000008,Academic,2,2025-Sem1
EV003694,RA23110560000007,RA23110560000011,Event,1,2025-Sem1
EV003695,RA23110560000007,RA23110560000014,Project,1,2025-Sem1
EV003696,RA23110560000007,RA23110560000019,Project,1,2025-Sem1
EV003697,RA23110560000007,RA23110560000020,Event,2,2026-Sem1
EV003698,RA23110560000007,RA23110560000020,Event,2,2026-Sem2
EV003699,RA23110560000007,RA23110560000020,Event,2,2026-Sem2
EV003700,RA23110560000007,RA23110560000020,Event,2,2026-Sem2
EV003701,RA23110560000007,RA23110560000021,Academic,1,2025-Sem1
EV003702,RA23110560000007,RA24110030000030,Cross-Department,1,2026-Sem1
EV003703,RA23110560000007,RA24110030000030,Cross-Department,4,2026-Sem2
EV003704,RA23110560000007,RA24110560000041,Social,1,2026-Sem1
EV003705,RA23110560000007,RA24110560000041,Social,2,2026-Sem2
EV003706,RA23110560000007,RA25110270000046,Cross-Department,2,2026-Sem2
EV003707,RA23110560000007,RA25110270000046,Cross-Department,2,2026-Sem2
EV003708,RA23110560000007,RA25110270000046,Cross-Department,6,2026-Sem1
EV003709,RA23110560000007,RA26110030000088,Cross-Department,1,2026-Sem1
EV003710,RA23110560000007,RA26110030000088,Cross-Department,2,2026-Sem1
EV003711,RA23110560000007,RA26110030000088,Cross-Department,1,2026-Sem1
EV003712,RA23110560000007,RA26110560000070,Event,1,2026-Sem1
EV003713,RA23110560000007,RA26110560000077,Social,1,2026-Sem1
EV003714,RA23110560000007,RA26110560000077,Social,1,2026-Sem1
EV003715,RA23110560000007,RA26110560000077,Social,2,2026-Sem1
EV003716,RA23110560000007,RA26110560000077,Social,2,2026-Sem2
EV003717,RA23110560000008,RA23110560000009,Event,1,2026-Sem2
EV003718,RA23110560000008,RA23110560000009,Event,1,2026-Sem2
EV003719,RA23110560000008,RA23110560000010,Social,6,2026-Sem1
EV003720,RA23110560000008,RA23110560000010,Social,1,2026-Sem2
EV003721,RA23110560000008,RA23110560000012,Event,2,2026-Sem1
EV003722,RA23110560000008,RA23110560000014,Academic,2,2025-Sem1
EV003723,RA23110560000008,RA23110560000014,Academic,4,2026-Sem2
EV003724,RA23110560000008,RA24110030000037,Cross-Department,1,2026-Sem2
EV003725,RA23110560000008,RA24110030000037,Cross-Department,1,2026-Sem2
EV003726,RA23110560000008,RA24110030000037,Cross-Department,2,2026-Sem1
EV003727,RA23110560000008,RA24110540000023,Cross-Department,1,2025-Sem1
EV003728,RA23110560000008,RA24110540000023,Cross-Department,3,2026-Sem1
EV003729,RA23110560000008,RA24110540000026,Cross-Department,1,2025-Sem1
EV003730,RA23110560000008,RA24110540000026,Cross-Department,3,2025-Sem1
EV003731,RA23110560000008,RA25110030000062,Cross-Department,1,2026-Sem2
EV003732,RA23110560000008,RA25110030000062,Cross-Department,3,2026-Sem2
EV003733,RA23110560000008,RA25110030000064,Cross-Department,4,2026-Sem1
EV003734,RA23110560000008,RA25110540000050,Cross-Department,1,2026-Sem1
EV003735,RA23110560000008,RA25110540000050,Cross-Department,2,2026-Sem2
EV003736,RA23110560000008,RA25110540000050,Cross-Department,1,2026-Sem1
EV003737,RA23110560000008,RA26110270000070,Cross-Department,2,2026-Sem2
EV003738,RA23110560000008,RA26110270000070,Cross-Department,1,2026-Sem1
EV003739,RA23110560000008,RA26110270000070,Cross-Department,1,2025-Sem1
EV003740,RA23110560000008,RA26110270000079,Cross-Department,2,2026-Sem2
EV003741,RA23110560000008,RA26110270000079,Cross-Department,2,2026-Sem2
EV003742,RA23110560000008,RA26110270000079,Cross-Department,3,2025-Sem1
EV003743,RA23110560000008,RA26110270000079,Cross-Department,1,2026-Sem1
EV003744,RA23110560000008,RA26110270000079,Cross-Department,2,2026-Sem1
EV003745,RA23110560000008,RA26110560000081,Club,2,2025-Sem1
EV003746,RA23110560000009,RA23110560000010,Project,1,2026-Sem2
EV003747,RA23110560000009,RA23110560000010,Project,1,2026-Sem2
EV003748,RA23110560000009,RA23110560000010,Project,1,2025-Sem1
EV003749,RA23110560000009,RA23110560000010,Project,1,2026-Sem2
EV003750,RA23110560000009,RA23110560000014,Social,2,2026-Sem1
EV003751,RA23110560000009,RA23110560000015,Club,4,2025-Sem1
EV003752,RA23110560000009,RA23110560000019,Event,2,2026-Sem1
EV003753,RA23110560000009,RA23110560000019,Event,2,2026-Sem2
EV003754,RA23110560000009,RA23110560000020,Project,2,2026-Sem2
EV003755,RA23110560000009,RA23110560000020,Project,1,2026-Sem2
EV003756,RA23110560000009,RA23110560000020,Project,1,2026-Sem2
EV003757,RA23110560000009,RA23110560000020,Project,2,2025-Sem1
EV003758,RA23110560000009,RA23110560000020,Project,2,2026-Sem1
EV003759,RA23110560000009,RA24110030000023,Cross-Department,3,2025-Sem1
EV003760,RA23110560000009,RA24110030000023,Cross-Department,2,2026-Sem2
EV003761,RA23110560000009,RA24110540000034,Cross-Department,1,2026-Sem2
EV003762,RA23110560000009,RA24110540000034,Cross-Department,3,2026-Sem1
EV003763,RA23110560000009,RA25110030000053,Cross-Department,1,2026-Sem1
EV003764,RA23110560000009,RA25110030000053,Cross-Department,1,2025-Sem1
EV003765,RA23110560000009,RA25110270000051,Cross-Department,1,2026-Sem2
EV003766,RA23110560000009,RA25110270000051,Cross-Department,2,2025-Sem1
EV003767,RA23110560000009,RA25110270000051,Cross-Department,3,2026-Sem2
EV003768,RA23110560000009,RA25110270000051,Cross-Department,5,2025-Sem1
EV003769,RA23110560000009,RA25110270000051,Cross-Department,2,2025-Sem1
EV003770,RA23110560000009,RA25110270000051,Cross-Department,1,2026-Sem1
EV003771,RA23110560000009,RA25110540000065,Cross-Department,1,2026-Sem2
EV003772,RA23110560000009,RA25110540000065,Cross-Department,2,2025-Sem1
EV003773,RA23110560000009,RA25110540000065,Cross-Department,1,2025-Sem1
EV003774,RA23110560000009,RA25110540000065,Cross-Department,2,2026-Sem2
EV003775,RA23110560000009,RA25110560000052,Club,2,2026-Sem1
EV003776,RA23110560000010,RA23110560000011,Club,1,2026-Sem2
EV003777,RA23110560000010,RA23110560000013,Social,1,2026-Sem1
EV003778,RA23110560000010,RA23110560000013,Social,1,2026-Sem2
EV003779,RA23110560000010,RA23110560000015,Social,2,2026-Sem1
EV003780,RA23110560000010,RA23110560000018,Academic,2,2026-Sem2
EV003781,RA23110560000010,RA23110560000018,Academic,3,2025-Sem1
EV003782,RA23110560000010,RA23110560000020,Social,2,2025-Sem1
EV003783,RA23110560000010,RA23110560000020,Social,1,2025-Sem1
EV003784,RA23110560000010,RA24110270000027,Cross-Department,2,2026-Sem1
EV003785,RA23110560000010,RA24110270000027,Cross-Department,1,2025-Sem1
EV003786,RA23110560000010,RA24110540000035,Cross-Department,1,2025-Sem1
EV003787,RA23110560000010,RA24110540000035,Cross-Department,1,2026-Sem2
EV003788,RA23110560000010,RA24110540000035,Cross-Department,1,2025-Sem1
EV003789,RA23110560000010,RA24110540000035,Cross-Department,1,2026-Sem2
EV003790,RA23110560000010,RA24110540000040,Cross-Department,3,2026-Sem2
EV003791,RA23110560000010,RA24110540000040,Cross-Department,2,2026-Sem1
EV003792,RA23110560000010,RA24110540000040,Cross-Department,1,2026-Sem1
EV003793,RA23110560000010,RA24110540000040,Cross-Department,1,2026-Sem1
EV003794,RA23110560000010,RA24110540000040,Cross-Department,1,2026-Sem2
EV003795,RA23110560000010,RA24110560000024,Social,2,2025-Sem1
EV003796,RA23110560000010,RA25110030000051,Cross-Department,2,2025-Sem1
EV003797,RA23110560000010,RA25110030000051,Cross-Department,2,2025-Sem1
EV003798,RA23110560000010,RA25110030000051,Cross-Department,1,2026-Sem2
EV003799,RA23110560000010,RA25110270000056,Cross-Department,1,2025-Sem1
EV003800,RA23110560000010,RA25110270000056,Cross-Department,1,2026-Sem2
EV003801,RA23110560000010,RA25110270000056,Cross-Department,1,2026-Sem1
EV003802,RA23110560000010,RA25110270000056,Cross-Department,2,2026-Sem2
EV003803,RA23110560000010,RA25110270000056,Cross-Department,4,2026-Sem2
EV003804,RA23110560000010,RA25110540000060,Cross-Department,1,2025-Sem1
EV003805,RA23110560000010,RA25110540000060,Cross-Department,4,2026-Sem2
EV003806,RA23110560000010,RA25110540000060,Cross-Department,1,2025-Sem1
EV003807,RA23110560000010,RA25110540000060,Cross-Department,1,2025-Sem1
EV003808,RA23110560000010,RA26110030000087,Cross-Department,2,2026-Sem2
EV003809,RA23110560000010,RA26110030000087,Cross-Department,2,2026-Sem2
EV003810,RA23110560000010,RA26110030000087,Cross-Department,2,2026-Sem2
EV003811,RA23110560000010,RA26110030000087,Cross-Department,1,2026-Sem2
EV003812,RA23110560000011,RA23110560000012,Project,2,2025-Sem1
EV003813,RA23110560000011,RA23110560000012,Project,1,2026-Sem2
EV003814,RA23110560000011,RA23110560000013,Club,2,2025-Sem1
EV003815,RA23110560000011,RA23110560000014,Social,1,2026-Sem2
EV003816,RA23110560000011,RA23110560000014,Social,1,2026-Sem2
EV003817,RA23110560000011,RA23110560000015,Project,1,2026-Sem1
EV003818,RA23110560000011,RA23110560000017,Social,1,2026-Sem2
EV003819,RA23110560000011,RA23110560000018,Event,2,2026-Sem1
EV003820,RA23110560000011,RA23110560000019,Social,1,2026-Sem1
EV003821,RA23110560000011,RA23110560000019,Social,2,2026-Sem2
EV003822,RA23110560000011,RA23110560000020,Project,2,2025-Sem1
EV003823,RA23110560000011,RA23110560000021,Project,1,2026-Sem1
EV003824,RA23110560000011,RA24110560000024,Club,2,2025-Sem1
EV003825,RA23110560000011,RA24110560000029,Academic,3,2026-Sem2
EV003826,RA23110560000011,RA25110540000047,Cross-Department,2,2026-Sem1
EV003827,RA23110560000011,RA25110540000047,Cross-Department,1,2026-Sem2
EV003828,RA23110560000011,RA25110540000047,Cross-Department,3,2025-Sem1
EV003829,RA23110560000011,RA25110540000055,Cross-Department,2,2026-Sem1
EV003830,RA23110560000011,RA25110540000055,Cross-Department,1,2025-Sem1
EV003831,RA23110560000011,RA25110540000058,Cross-Department,1,2025-Sem1
EV003832,RA23110560000011,RA25110540000058,Cross-Department,2,2026-Sem1
EV003833,RA23110560000011,RA25110540000065,Cross-Department,2,2026-Sem2
EV003834,RA23110560000011,RA25110540000065,Cross-Department,1,2026-Sem1
EV003835,RA23110560000011,RA25110540000065,Cross-Department,1,2026-Sem2
EV003836,RA23110560000011,RA25110540000065,Cross-Department,3,2025-Sem1
EV003837,RA23110560000011,RA26110030000078,Cross-Department,1,2026-Sem2
EV003838,RA23110560000011,RA26110030000078,Cross-Department,4,2026-Sem2
EV003839,RA23110560000011,RA26110030000078,Cross-Department,2,2026-Sem1
EV003840,RA23110560000011,RA26110270000075,Cross-Department,2,2026-Sem2
EV003841,RA23110560000011,RA26110270000075,Cross-Department,1,2026-Sem1
EV003842,RA23110560000011,RA26110540000073,Cross-Department,4,2026-Sem2
EV003843,RA23110560000012,RA23110560000013,Club,1,2026-Sem2
EV003844,RA23110560000012,RA23110560000017,Academic,3,2025-Sem1
EV003845,RA23110560000012,RA23110560000018,Social,2,2025-Sem1
EV003846,RA23110560000012,RA23110560000018,Social,1,2025-Sem1
EV003847,RA23110560000012,RA23110560000020,Event,1,2025-Sem1
EV003848,RA23110560000012,RA24110270000026,Cross-Department,3,2026-Sem1
EV003849,RA23110560000012,RA24110270000026,Cross-Department,2,2026-Sem1
EV003850,RA23110560000012,RA24110540000035,Cross-Department,3,2025-Sem1
EV003851,RA23110560000012,RA24110540000035,Cross-Department,1,2026-Sem1
EV003852,RA23110560000012,RA24110560000024,Project,1,2025-Sem1
EV003853,RA23110560000012,RA25110030000049,Cross-Department,1,2026-Sem1
EV003854,RA23110560000012,RA25110030000049,Cross-Department,2,2026-Sem1
EV003855,RA23110560000012,RA25110030000049,Cross-Department,1,2026-Sem2
EV003856,RA23110560000012,RA25110560000064,Social,3,2026-Sem2
EV003857,RA23110560000012,RA25110560000064,Social,2,2026-Sem1
EV003858,RA23110560000012,RA25110560000064,Social,2,2026-Sem1
EV003859,RA23110560000012,RA25110560000066,Project,1,2026-Sem2
EV003860,RA23110560000012,RA26110560000083,Social,1,2026-Sem2
EV003861,RA23110560000012,RA26110560000083,Social,3,2025-Sem1
EV003862,RA23110560000013,RA23110560000014,Event,1,2026-Sem2
EV003863,RA23110560000013,RA23110560000014,Event,1,2026-Sem1
EV003864,RA23110560000013,RA23110560000014,Event,2,2026-Sem1
EV003865,RA23110560000013,RA23110560000016,Event,1,2025-Sem1
EV003866,RA23110560000013,RA23110560000017,Club,2,2026-Sem1
EV003867,RA23110560000013,RA23110560000017,Club,1,2026-Sem1
EV003868,RA23110560000013,RA23110560000019,Academic,2,2026-Sem2
EV003869,RA23110560000013,RA23110560000019,Academic,1,2026-Sem2
EV003870,RA23110560000013,RA23110560000021,Club,1,2026-Sem2
EV003871,RA23110560000013,RA25110030000061,Cross-Department,2,2025-Sem1
EV003872,RA23110560000013,RA25110030000061,Cross-Department,1,2026-Sem2
EV003873,RA23110560000013,RA25110030000061,Cross-Department,5,2026-Sem1
EV003874,RA23110560000013,RA25110270000053,Cross-Department,1,2025-Sem1
EV003875,RA23110560000013,RA25110270000053,Cross-Department,1,2025-Sem1
EV003876,RA23110560000013,RA25110270000053,Cross-Department,2,2026-Sem1
EV003877,RA23110560000013,RA25110270000053,Cross-Department,2,2026-Sem1
EV003878,RA23110560000013,RA25110270000053,Cross-Department,1,2026-Sem1
EV003879,RA23110560000013,RA25110540000051,Cross-Department,1,2026-Sem1
EV003880,RA23110560000013,RA25110540000051,Cross-Department,1,2025-Sem1
EV003881,RA23110560000013,RA26110030000079,Cross-Department,4,2026-Sem2
EV003882,RA23110560000013,RA26110030000079,Cross-Department,2,2025-Sem1
EV003883,RA23110560000013,RA26110270000068,Cross-Department,3,2026-Sem2
EV003884,RA23110560000013,RA26110540000075,Cross-Department,3,2026-Sem2
EV003885,RA23110560000013,RA26110540000075,Cross-Department,2,2025-Sem1
EV003886,RA23110560000014,RA23110560000015,Academic,1,2026-Sem1
EV003887,RA23110560000014,RA23110560000016,Event,2,2026-Sem1
EV003888,RA23110560000014,RA23110560000016,Event,2,2025-Sem1
EV003889,RA23110560000014,RA23110560000017,Project,1,2026-Sem2
EV003890,RA23110560000014,RA23110560000017,Project,1,2026-Sem1
EV003891,RA23110560000014,RA23110560000018,Club,1,2026-Sem2
EV003892,RA23110560000014,RA23110560000018,Club,1,2026-Sem2
EV003893,RA23110560000014,RA23110560000020,Academic,1,2026-Sem2
EV003894,RA23110560000014,RA23110560000020,Academic,1,2026-Sem1
EV003895,RA23110560000014,RA23110560000022,Project,4,2026-Sem2
EV003896,RA23110560000014,RA23110560000022,Project,1,2025-Sem1
EV003897,RA23110560000014,RA24110540000037,Cross-Department,1,2025-Sem1
EV003898,RA23110560000014,RA24110540000037,Cross-Department,2,2025-Sem1
EV003899,RA23110560000014,RA24110540000037,Cross-Department,1,2025-Sem1
EV003900,RA23110560000014,RA24110560000031,Event,1,2026-Sem1
EV003901,RA23110560000014,RA26110030000088,Cross-Department,3,2025-Sem1
EV003902,RA23110560000014,RA26110030000088,Cross-Department,3,2026-Sem1
EV003903,RA23110560000014,RA26110030000088,Cross-Department,2,2026-Sem2
EV003904,RA23110560000014,RA26110030000088,Cross-Department,1,2026-Sem1
EV003905,RA23110560000014,RA26110540000073,Cross-Department,1,2025-Sem1
EV003906,RA23110560000014,RA26110540000073,Cross-Department,2,2026-Sem2
EV003907,RA23110560000014,RA26110540000073,Cross-Department,1,2026-Sem1
EV003908,RA23110560000014,RA26110540000080,Cross-Department,4,2026-Sem2
EV003909,RA23110560000014,RA26110540000080,Cross-Department,2,2026-Sem1
EV003910,RA23110560000014,RA26110540000080,Cross-Department,1,2025-Sem1
EV003911,RA23110560000014,RA26110540000080,Cross-Department,1,2026-Sem2
EV003912,RA23110560000014,RA26110540000080,Cross-Department,1,2026-Sem1
EV003913,RA23110560000014,RA26110560000079,Project,1,2026-Sem1
EV003914,RA23110560000014,RA26110560000079,Project,1,2025-Sem1
EV003915,RA23110560000014,RA26110560000079,Project,1,2026-Sem1
EV003916,RA23110560000014,RA26110560000079,Project,1,2026-Sem2
EV003917,RA23110560000014,RA26110560000079,Project,2,2025-Sem1
EV003918,RA23110560000015,RA23110560000016,Club,1,2026-Sem1
EV003919,RA23110560000015,RA23110560000017,Project,1,2026-Sem2
EV003920,RA23110560000015,RA23110560000017,Project,2,2025-Sem1
EV003921,RA23110560000015,RA23110560000020,Club,1,2025-Sem1
EV003922,RA23110560000015,RA23110560000020,Club,1,2026-Sem2
EV003923,RA23110560000015,RA23110560000021,Academic,4,2025-Sem1
EV003924,RA23110560000015,RA24110030000038,Cross-Department,3,2026-Sem2
EV003925,RA23110560000015,RA24110270000040,Cross-Department,2,2026-Sem2
EV003926,RA23110560000015,RA24110270000040,Cross-Department,1,2026-Sem2
EV003927,RA23110560000015,RA24110270000040,Cross-Department,2,2025-Sem1
EV003928,RA23110560000015,RA24110270000040,Cross-Department,2,2026-Sem1
EV003929,RA23110560000015,RA24110560000025,Event,2,2026-Sem2
EV003930,RA23110560000015,RA24110560000025,Event,1,2025-Sem1
EV003931,RA23110560000015,RA24110560000025,Event,1,2026-Sem1
EV003932,RA23110560000015,RA24110560000025,Event,1,2026-Sem2
EV003933,RA23110560000015,RA24110560000025,Event,2,2026-Sem1
EV003934,RA23110560000015,RA25110540000052,Cross-Department,3,2026-Sem2
EV003935,RA23110560000015,RA25110540000052,Cross-Department,1,2026-Sem2
EV003936,RA23110560000015,RA26110270000084,Cross-Department,2,2026-Sem2
EV003937,RA23110560000015,RA26110270000084,Cross-Department,1,2026-Sem1
EV003938,RA23110560000015,RA26110270000084,Cross-Department,1,2026-Sem2
EV003939,RA23110560000015,RA26110270000084,Cross-Department,1,2026-Sem2
EV003940,RA23110560000015,RA26110270000084,Cross-Department,1,2026-Sem2
EV003941,RA23110560000016,RA23110560000017,Social,3,2026-Sem1
EV003942,RA23110560000016,RA23110560000019,Club,1,2026-Sem2
EV003943,RA23110560000016,RA23110560000019,Club,1,2026-Sem2
EV003944,RA23110560000016,RA23110560000019,Club,1,2025-Sem1
EV003945,RA23110560000016,RA23110560000021,Academic,1,2026-Sem1
EV003946,RA23110560000016,RA23110560000021,Academic,2,2026-Sem1
EV003947,RA23110560000016,RA23110560000021,Academic,1,2026-Sem1
EV003948,RA23110560000016,RA23110560000021,Academic,2,2026-Sem2
EV003949,RA23110560000016,RA23110560000021,Academic,4,2026-Sem1
EV003950,RA23110560000016,RA23110560000022,Academic,1,2026-Sem2
EV003951,RA23110560000016,RA24110030000044,Cross-Department,1,2025-Sem1
EV003952,RA23110560000016,RA24110030000044,Cross-Department,1,2025-Sem1
EV003953,RA23110560000016,RA24110030000044,Cross-Department,2,2026-Sem2
EV003954,RA23110560000016,RA24110030000044,Cross-Department,1,2026-Sem2
EV003955,RA23110560000016,RA24110270000026,Cross-Department,1,2026-Sem2
EV003956,RA23110560000016,RA24110270000026,Cross-Department,3,2025-Sem1
EV003957,RA23110560000016,RA24110270000026,Cross-Department,1,2026-Sem1
EV003958,RA23110560000016,RA24110270000026,Cross-Department,1,2026-Sem1
EV003959,RA23110560000016,RA24110560000027,Club,2,2025-Sem1
EV003960,RA23110560000016,RA24110560000027,Club,1,2025-Sem1
EV003961,RA23110560000016,RA24110560000027,Club,1,2025-Sem1
EV003962,RA23110560000016,RA25110030000059,Cross-Department,1,2025-Sem1
EV003963,RA23110560000016,RA25110030000059,Cross-Department,1,2026-Sem2
EV003964,RA23110560000016,RA25110540000062,Cross-Department,2,2026-Sem2
EV003965,RA23110560000016,RA25110560000053,Project,1,2026-Sem1
EV003966,RA23110560000016,RA26110270000070,Cross-Department,1,2025-Sem1
EV003967,RA23110560000016,RA26110270000070,Cross-Department,1,2026-Sem1
EV003968,RA23110560000016,RA26110270000070,Cross-Department,2,2025-Sem1
EV003969,RA23110560000016,RA26110270000070,Cross-Department,3,2025-Sem1
EV003970,RA23110560000016,RA26110270000072,Cross-Department,1,2026-Sem1
EV003971,RA23110560000016,RA26110270000072,Cross-Department,2,2026-Sem2
EV003972,RA23110560000016,RA26110270000072,Cross-Department,1,2026-Sem1
EV003973,RA23110560000016,RA26110270000072,Cross-Department,2,2025-Sem1
EV003974,RA23110560000016,RA26110270000072,Cross-Department,1,2026-Sem2
EV003975,RA23110560000016,RA26110270000080,Cross-Department,1,2026-Sem1
EV003976,RA23110560000016,RA26110270000080,Cross-Department,2,2025-Sem1
EV003977,RA23110560000016,RA26110560000079,Project,1,2025-Sem1
EV003978,RA23110560000016,RA26110560000079,Project,1,2026-Sem1
EV003979,RA23110560000017,RA23110560000018,Club,2,2026-Sem1
EV003980,RA23110560000017,RA23110560000018,Club,1,2025-Sem1
EV003981,RA23110560000017,RA23110560000019,Club,1,2026-Sem1
EV003982,RA23110560000017,RA23110560000019,Club,2,2026-Sem2
EV003983,RA23110560000017,RA23110560000019,Club,1,2026-Sem2
EV003984,RA23110560000017,RA23110560000022,Project,2,2026-Sem1
EV003985,RA23110560000017,RA24110030000041,Cross-Department,2,2026-Sem2
EV003986,RA23110560000017,RA25110560000064,Event,6,2025-Sem1
EV003987,RA23110560000017,RA26110030000087,Cross-Department,1,2025-Sem1
EV003988,RA23110560000017,RA26110030000087,Cross-Department,3,2026-Sem2
EV003989,RA23110560000017,RA26110030000087,Cross-Department,1,2025-Sem1
EV003990,RA23110560000017,RA26110030000087,Cross-Department,1,2026-Sem1
EV003991,RA23110560000017,RA26110270000075,Cross-Department,1,2026-Sem1
EV003992,RA23110560000017,RA26110270000075,Cross-Department,4,2026-Sem1
EV003993,RA23110560000018,RA23110560000019,Social,2,2025-Sem1
EV003994,RA23110560000018,RA23110560000019,Social,1,2025-Sem1
EV003995,RA23110560000018,RA23110560000019,Social,1,2025-Sem1
EV003996,RA23110560000018,RA23110560000020,Academic,1,2026-Sem1
EV003997,RA23110560000018,RA23110560000020,Academic,1,2026-Sem2
EV003998,RA23110560000018,RA23110560000020,Academic,1,2026-Sem2
EV003999,RA23110560000018,RA24110030000035,Cross-Department,1,2026-Sem2
EV004000,RA23110560000018,RA24110030000035,Cross-Department,2,2025-Sem1
EV004001,RA23110560000018,RA24110030000035,Cross-Department,1,2026-Sem1
EV004002,RA23110560000018,RA24110030000035,Cross-Department,2,2026-Sem1
EV004003,RA23110560000018,RA24110270000041,Cross-Department,1,2026-Sem1
EV004004,RA23110560000018,RA24110270000041,Cross-Department,2,2026-Sem2
EV004005,RA23110560000018,RA24110270000041,Cross-Department,2,2025-Sem1
EV004006,RA23110560000018,RA24110270000044,Cross-Department,1,2026-Sem2
EV004007,RA23110560000018,RA24110270000044,Cross-Department,2,2026-Sem2
EV004008,RA23110560000018,RA24110540000029,Cross-Department,1,2026-Sem1
EV004009,RA23110560000018,RA24110540000029,Cross-Department,2,2026-Sem2
EV004010,RA23110560000018,RA25110560000051,Club,1,2026-Sem1
EV004011,RA23110560000018,RA25110560000051,Club,1,2026-Sem2
EV004012,RA23110560000018,RA26110270000076,Cross-Department,2,2026-Sem2
EV004013,RA23110560000018,RA26110270000076,Cross-Department,2,2026-Sem2
EV004014,RA23110560000018,RA26110270000076,Cross-Department,1,2026-Sem2
EV004015,RA23110560000019,RA23110560000020,Club,1,2025-Sem1
EV004016,RA23110560000019,RA23110560000020,Club,1,2026-Sem1
EV004017,RA23110560000019,RA24110560000031,Social,1,2026-Sem1
EV004018,RA23110560000019,RA24110560000034,Club,4,2025-Sem1
EV004019,RA23110560000019,RA25110030000054,Cross-Department,2,2026-Sem2
EV004020,RA23110560000019,RA25110030000054,Cross-Department,1,2025-Sem1
EV004021,RA23110560000019,RA25110270000055,Cross-Department,1,2025-Sem1
EV004022,RA23110560000019,RA25110270000055,Cross-Department,1,2025-Sem1
EV004023,RA23110560000019,RA25110560000058,Social,2,2026-Sem1
EV004024,RA23110560000019,RA25110560000058,Social,2,2025-Sem1
EV004025,RA23110560000019,RA25110560000062,Academic,2,2026-Sem1
EV004026,RA23110560000019,RA25110560000062,Academic,1,2026-Sem2
EV004027,RA23110560000019,RA25110560000062,Academic,1,2026-Sem1
EV004028,RA23110560000019,RA25110560000062,Academic,1,2025-Sem1
EV004029,RA23110560000019,RA26110270000069,Cross-Department,4,2025-Sem1
EV004030,RA23110560000019,RA26110560000084,Project,1,2026-Sem1
EV004031,RA23110560000020,RA23110560000021,Event,1,2026-Sem1
EV004032,RA23110560000020,RA23110560000021,Event,1,2026-Sem2
EV004033,RA23110560000020,RA23110560000021,Event,3,2026-Sem1
EV004034,RA23110560000020,RA23110560000021,Event,2,2025-Sem1
EV004035,RA23110560000020,RA23110560000022,Project,1,2025-Sem1
EV004036,RA23110560000020,RA23110560000022,Project,1,2026-Sem1
EV004037,RA23110560000020,RA24110270000024,Cross-Department,3,2025-Sem1
EV004038,RA23110560000020,RA24110270000024,Cross-Department,1,2026-Sem1
EV004039,RA23110560000020,RA24110270000024,Cross-Department,1,2025-Sem1
EV004040,RA23110560000020,RA24110270000034,Cross-Department,1,2026-Sem1
EV004041,RA23110560000020,RA24110270000034,Cross-Department,4,2026-Sem2
EV004042,RA23110560000020,RA24110270000034,Cross-Department,1,2026-Sem2
EV004043,RA23110560000020,RA24110540000030,Cross-Department,1,2025-Sem1
EV004044,RA23110560000020,RA24110540000030,Cross-Department,1,2026-Sem1
EV004045,RA23110560000020,RA24110540000030,Cross-Department,3,2026-Sem1
EV004046,RA23110560000020,RA24110540000030,Cross-Department,1,2026-Sem2
EV004047,RA23110560000020,RA24110540000030,Cross-Department,1,2026-Sem1
EV004048,RA23110560000020,RA25110270000046,Cross-Department,2,2026-Sem2
EV004049,RA23110560000020,RA25110270000046,Cross-Department,1,2025-Sem1
EV004050,RA23110560000020,RA25110270000046,Cross-Department,1,2026-Sem1
EV004051,RA23110560000020,RA25110270000061,Cross-Department,1,2025-Sem1
EV004052,RA23110560000020,RA25110270000061,Cross-Department,1,2026-Sem1
EV004053,RA23110560000020,RA25110270000061,Cross-Department,2,2025-Sem1
EV004054,RA23110560000020,RA25110560000051,Social,2,2025-Sem1
EV004055,RA23110560000020,RA26110030000069,Cross-Department,4,2026-Sem1
EV004056,RA23110560000020,RA26110270000083,Cross-Department,2,2026-Sem1
EV004057,RA23110560000020,RA26110540000078,Cross-Department,2,2026-Sem1
EV004058,RA23110560000020,RA26110540000078,Cross-Department,3,2025-Sem1
EV004059,RA23110560000020,RA26110560000085,Club,4,2026-Sem1
EV004060,RA23110560000021,RA23110560000022,Event,2,2025-Sem1
EV004061,RA23110560000021,RA24110030000024,Cross-Department,3,2026-Sem2
EV004062,RA23110560000021,RA24110030000024,Cross-Department,5,2025-Sem1
EV004063,RA23110560000021,RA24110030000029,Cross-Department,1,2025-Sem1
EV004064,RA23110560000021,RA24110030000029,Cross-Department,5,2026-Sem2
EV004065,RA23110560000021,RA24110030000029,Cross-Department,1,2025-Sem1
EV004066,RA23110560000021,RA24110030000029,Cross-Department,2,2025-Sem1
EV004067,RA23110560000021,RA24110030000029,Cross-Department,2,2026-Sem2
EV004068,RA23110560000021,RA24110030000029,Cross-Department,3,2026-Sem2
EV004069,RA23110560000021,RA24110540000028,Cross-Department,4,2026-Sem1
EV004070,RA23110560000021,RA24110540000028,Cross-Department,3,2026-Sem1
EV004071,RA23110560000021,RA24110560000028,Event,1,2026-Sem2
EV004072,RA23110560000021,RA25110030000049,Cross-Department,2,2025-Sem1
EV004073,RA23110560000021,RA25110030000049,Cross-Department,1,2026-Sem1
EV004074,RA23110560000021,RA25110030000049,Cross-Department,2,2026-Sem1
EV004075,RA23110560000021,RA25110030000049,Cross-Department,2,2026-Sem1
EV004076,RA23110560000022,RA24110030000037,Cross-Department,1,2025-Sem1
EV004077,RA23110560000022,RA24110030000037,Cross-Department,2,2026-Sem2
EV004078,RA23110560000022,RA24110270000025,Cross-Department,1,2025-Sem1
EV004079,RA23110560000022,RA24110270000025,Cross-Department,1,2025-Sem1
EV004080,RA23110560000022,RA24110270000025,Cross-Department,3,2026-Sem2
EV004081,RA23110560000022,RA24110270000025,Cross-Department,2,2025-Sem1
EV004082,RA23110560000022,RA24110270000025,Cross-Department,1,2026-Sem1
EV004083,RA23110560000022,RA25110540000051,Cross-Department,4,2026-Sem2
EV004084,RA23110560000022,RA25110540000051,Cross-Department,1,2026-Sem1
EV004085,RA23110560000022,RA25110540000051,Cross-Department,1,2025-Sem1
EV004086,RA23110560000022,RA25110560000055,Academic,1,2025-Sem1
EV004087,RA23110560000022,RA25110560000055,Academic,1,2026-Sem1
EV004088,RA23110560000022,RA25110560000056,Social,2,2025-Sem1
EV004089,RA23110560000022,RA25110560000056,Social,3,2025-Sem1
EV004090,RA23110560000022,RA26110560000083,Social,1,2025-Sem1
EV004091,RA23110560000022,RA26110560000083,Social,1,2026-Sem2
EV004092,RA23110560000022,RA26110560000083,Social,1,2025-Sem1
EV004093,RA24110030000023,RA24110030000024,Social,1,2026-Sem2
EV004094,RA24110030000023,RA24110030000025,Social,1,2025-Sem1
EV004095,RA24110030000023,RA24110030000034,Project,1,2026-Sem2
EV004096,RA24110030000023,RA24110030000034,Project,2,2026-Sem2
EV004097,RA24110030000023,RA24110030000034,Project,2,2026-Sem1
EV004098,RA24110030000023,RA24110030000035,Project,2,2026-Sem2
EV004099,RA24110030000023,RA24110030000035,Project,2,2026-Sem2
EV004100,RA24110030000023,RA24110030000039,Academic,1,2026-Sem2
EV004101,RA24110030000023,RA24110030000043,Social,2,2026-Sem1
EV004102,RA24110030000023,RA24110030000043,Social,1,2026-Sem1
EV004103,RA24110030000023,RA24110030000044,Academic,3,2026-Sem2
EV004104,RA24110030000023,RA24110290000038,Cross-Department,1,2026-Sem2
EV004105,RA24110030000023,RA24110290000038,Cross-Department,1,2025-Sem1
EV004106,RA24110030000023,RA24110290000038,Cross-Department,2,2026-Sem2
EV004107,RA24110030000023,RA24110290000038,Cross-Department,1,2025-Sem1
EV004108,RA24110030000023,RA24110290000040,Cross-Department,2,2026-Sem2
EV004109,RA24110030000023,RA24110300000037,Cross-Department,2,2026-Sem1
EV004110,RA24110030000023,RA24110560000034,Cross-Department,1,2026-Sem1
EV004111,RA24110030000023,RA24110560000034,Cross-Department,1,2026-Sem2
EV004112,RA24110030000023,RA24110560000034,Cross-Department,1,2026-Sem2
EV004113,RA24110030000023,RA24110560000034,Cross-Department,1,2026-Sem2
EV004114,RA24110030000023,RA25110030000046,Club,5,2025-Sem1
EV004115,RA24110030000023,RA25110030000049,Club,1,2026-Sem2
EV004116,RA24110030000023,RA25110290000054,Cross-Department,1,2026-Sem1
EV004117,RA24110030000023,RA25110290000054,Cross-Department,2,2025-Sem1
EV004118,RA24110030000023,RA25110290000054,Cross-Department,1,2026-Sem1
EV004119,RA24110030000023,RA25110290000054,Cross-Department,1,2026-Sem2
EV004120,RA24110030000023,RA25110290000054,Cross-Department,2,2025-Sem1
EV004121,RA24110030000023,RA25110300000059,Cross-Department,1,2026-Sem1
EV004122,RA24110030000023,RA25110300000059,Cross-Department,2,2026-Sem1
EV004123,RA24110030000023,RA25110300000059,Cross-Department,1,2026-Sem1
EV004124,RA24110030000023,RA25110540000062,Cross-Department,2,2025-Sem1
EV004125,RA24110030000023,RA25110540000062,Cross-Department,1,2026-Sem2
EV004126,RA24110030000023,RA25110540000062,Cross-Department,3,2026-Sem2
EV004127,RA24110030000023,RA25110540000062,Cross-Department,1,2026-Sem2
EV004128,RA24110030000023,RA26110280000073,Cross-Department,3,2025-Sem1
EV004129,RA24110030000023,RA26110280000073,Cross-Department,2,2026-Sem1
EV004130,RA24110030000023,RA26110280000073,Cross-Department,1,2026-Sem1
EV004131,RA24110030000023,RA26110280000073,Cross-Department,2,2026-Sem1
EV004132,RA24110030000023,RA26110280000080,Cross-Department,4,2025-Sem1
EV004133,RA24110030000023,RA26110300000070,Cross-Department,3,2026-Sem2
EV004134,RA24110030000023,RA26110300000070,Cross-Department,5,2026-Sem2
EV004135,RA24110030000023,RA26110300000070,Cross-Department,1,2026-Sem1
EV004136,RA24110030000023,RA26110300000079,Cross-Department,2,2026-Sem1
EV004137,RA24110030000023,RA26110300000079,Cross-Department,1,2026-Sem1
EV004138,RA24110030000024,RA24110030000025,Project,2,2026-Sem2
EV004139,RA24110030000024,RA24110030000026,Social,3,2025-Sem1
EV004140,RA24110030000024,RA24110030000026,Social,2,2025-Sem1
EV004141,RA24110030000024,RA24110030000028,Event,1,2026-Sem1
EV004142,RA24110030000024,RA24110030000029,Project,1,2025-Sem1
EV004143,RA24110030000024,RA24110030000029,Project,1,2026-Sem2
EV004144,RA24110030000024,RA24110030000031,Academic,1,2026-Sem1
EV004145,RA24110030000024,RA24110030000031,Academic,4,2025-Sem1
EV004146,RA24110030000024,RA24110030000031,Academic,1,2026-Sem1
EV004147,RA24110030000024,RA24110030000031,Academic,1,2025-Sem1
EV004148,RA24110030000024,RA24110030000031,Academic,4,2026-Sem2
EV004149,RA24110030000024,RA24110030000031,Academic,2,2026-Sem2
EV004150,RA24110030000024,RA24110030000031,Academic,1,2025-Sem1
EV004151,RA24110030000024,RA24110030000035,Event,1,2026-Sem2
EV004152,RA24110030000024,RA24110030000035,Event,3,2026-Sem1
EV004153,RA24110030000024,RA24110030000038,Academic,1,2026-Sem2
EV004154,RA24110030000024,RA24110030000040,Academic,2,2026-Sem2
EV004155,RA24110030000024,RA24110030000041,Event,3,2025-Sem1
EV004156,RA24110030000024,RA24110030000042,Club,1,2025-Sem1
EV004157,RA24110030000024,RA24110030000043,Event,2,2025-Sem1
EV004158,RA24110030000024,RA24110560000030,Cross-Department,1,2026-Sem1
EV004159,RA24110030000024,RA24110560000030,Cross-Department,3,2026-Sem1
EV004160,RA24110030000024,RA24110560000034,Cross-Department,2,2026-Sem1
EV004161,RA24110030000024,RA25110300000052,Cross-Department,2,2026-Sem2
EV004162,RA24110030000024,RA25110300000052,Cross-Department,2,2026-Sem2
EV004163,RA24110030000024,RA25110300000052,Cross-Department,3,2026-Sem1
EV004164,RA24110030000024,RA25110300000052,Cross-Department,1,2026-Sem2
EV004165,RA24110030000024,RA25110300000052,Cross-Department,1,2026-Sem2
EV004166,RA24110030000024,RA25110300000052,Cross-Department,1,2026-Sem1
EV004167,RA24110030000024,RA25110300000059,Cross-Department,1,2026-Sem2
EV004168,RA24110030000024,RA25110300000059,Cross-Department,4,2025-Sem1
EV004169,RA24110030000024,RA25110300000059,Cross-Department,3,2026-Sem1
EV004170,RA24110030000024,RA25110540000054,Cross-Department,1,2026-Sem2
EV004171,RA24110030000024,RA25110540000054,Cross-Department,1,2025-Sem1
EV004172,RA24110030000024,RA25110540000054,Cross-Department,2,2026-Sem1
EV004173,RA24110030000024,RA25110540000054,Cross-Department,1,2025-Sem1
EV004174,RA24110030000024,RA25110560000046,Cross-Department,1,2025-Sem1
EV004175,RA24110030000024,RA25110560000046,Cross-Department,3,2026-Sem2
EV004176,RA24110030000024,RA25110560000046,Cross-Department,1,2026-Sem2
EV004177,RA24110030000024,RA25110560000064,Cross-Department,1,2025-Sem1
EV004178,RA24110030000024,RA25110560000064,Cross-Department,1,2025-Sem1
EV004179,RA24110030000024,RA26110030000082,Social,2,2025-Sem1
EV004180,RA24110030000024,RA26110560000082,Cross-Department,2,2026-Sem2
EV004181,RA24110030000024,RA26110560000082,Cross-Department,1,2026-Sem1
EV004182,RA24110030000025,RA24110030000026,Project,2,2026-Sem2
EV004183,RA24110030000025,RA24110030000026,Project,1,2025-Sem1
EV004184,RA24110030000025,RA24110030000026,Project,2,2026-Sem1
EV004185,RA24110030000025,RA24110030000030,Event,2,2025-Sem1
EV004186,RA24110030000025,RA24110030000031,Social,1,2025-Sem1
EV004187,RA24110030000025,RA24110030000031,Social,1,2026-Sem1
EV004188,RA24110030000025,RA24110030000032,Event,3,2026-Sem2
EV004189,RA24110030000025,RA24110030000032,Event,1,2026-Sem1
EV004190,RA24110030000025,RA24110030000033,Social,1,2026-Sem2
EV004191,RA24110030000025,RA24110030000037,Club,1,2026-Sem1
EV004192,RA24110030000025,RA24110030000037,Club,4,2026-Sem1
EV004193,RA24110030000025,RA24110030000043,Event,2,2026-Sem2
EV004194,RA24110030000025,RA24110030000043,Event,2,2025-Sem1
EV004195,RA24110030000025,RA24110030000043,Event,3,2026-Sem2
EV004196,RA24110030000025,RA24110030000043,Event,1,2026-Sem1
EV004197,RA24110030000025,RA24110030000044,Social,1,2026-Sem1
EV004198,RA24110030000025,RA24110300000027,Cross-Department,1,2026-Sem2
EV004199,RA24110030000025,RA24110300000027,Cross-Department,1,2026-Sem1
EV004200,RA24110030000025,RA24110300000027,Cross-Department,3,2026-Sem1
EV004201,RA24110030000025,RA24110300000027,Cross-Department,1,2026-Sem2
EV004202,RA24110030000025,RA24110300000042,Cross-Department,2,2026-Sem1
EV004203,RA24110030000025,RA24110540000044,Cross-Department,1,2026-Sem2
EV004204,RA24110030000025,RA24110540000044,Cross-Department,3,2025-Sem1
EV004205,RA24110030000025,RA24110540000044,Cross-Department,1,2026-Sem1
EV004206,RA24110030000025,RA24110540000044,Cross-Department,1,2026-Sem1
EV004207,RA24110030000025,RA25110280000048,Cross-Department,2,2026-Sem1
EV004208,RA24110030000025,RA25110280000048,Cross-Department,2,2026-Sem2
EV004209,RA24110030000025,RA25110280000048,Cross-Department,2,2025-Sem1
EV004210,RA24110030000025,RA25110280000053,Cross-Department,2,2026-Sem1
EV004211,RA24110030000025,RA25110280000053,Cross-Department,2,2025-Sem1
EV004212,RA24110030000025,RA26110280000076,Cross-Department,2,2026-Sem1
EV004213,RA24110030000025,RA26110280000076,Cross-Department,2,2026-Sem1
EV004214,RA24110030000025,RA26110280000076,Cross-Department,2,2025-Sem1
EV004215,RA24110030000025,RA26110290000072,Cross-Department,1,2025-Sem1
EV004216,RA24110030000025,RA26110290000072,Cross-Department,1,2026-Sem2
EV004217,RA24110030000025,RA26110290000072,Cross-Department,1,2026-Sem2
EV004218,RA24110030000025,RA26110300000072,Cross-Department,4,2026-Sem2
EV004219,RA24110030000025,RA26110300000073,Cross-Department,2,2026-Sem2
EV004220,RA24110030000026,RA24110030000027,Club,1,2026-Sem1
EV004221,RA24110030000026,RA24110030000027,Club,2,2025-Sem1
EV004222,RA24110030000026,RA24110030000037,Academic,1,2026-Sem2
EV004223,RA24110030000026,RA24110030000040,Social,1,2026-Sem2
EV004224,RA24110030000026,RA24110030000042,Club,3,2025-Sem1
EV004225,RA24110030000026,RA25110290000065,Cross-Department,1,2026-Sem1
EV004226,RA24110030000026,RA25110290000065,Cross-Department,2,2025-Sem1
EV004227,RA24110030000026,RA25110300000058,Cross-Department,2,2026-Sem1
EV004228,RA24110030000026,RA25110300000058,Cross-Department,2,2025-Sem1
EV004229,RA24110030000026,RA25110300000058,Cross-Department,1,2025-Sem1
EV004230,RA24110030000026,RA25110300000058,Cross-Department,2,2026-Sem1
EV004231,RA24110030000026,RA25110300000058,Cross-Department,3,2026-Sem1
EV004232,RA24110030000026,RA26110030000083,Club,3,2026-Sem2
EV004233,RA24110030000026,RA26110030000083,Club,1,2025-Sem1
EV004234,RA24110030000026,RA26110280000070,Cross-Department,2,2026-Sem1
EV004235,RA24110030000026,RA26110280000070,Cross-Department,5,2025-Sem1
EV004236,RA24110030000026,RA26110290000071,Cross-Department,1,2025-Sem1
EV004237,RA24110030000026,RA26110290000071,Cross-Department,2,2025-Sem1
EV004238,RA24110030000026,RA26110290000071,Cross-Department,1,2025-Sem1
EV004239,RA24110030000026,RA26110290000071,Cross-Department,1,2026-Sem2
EV004240,RA24110030000026,RA26110290000071,Cross-Department,1,2025-Sem1
EV004241,RA24110030000026,RA26110290000079,Cross-Department,1,2025-Sem1
EV004242,RA24110030000026,RA26110290000079,Cross-Department,1,2026-Sem1
EV004243,RA24110030000026,RA26110290000079,Cross-Department,3,2026-Sem1
EV004244,RA24110030000026,RA26110290000079,Cross-Department,1,2025-Sem1
EV004245,RA24110030000027,RA24110030000028,Club,1,2026-Sem2
EV004246,RA24110030000027,RA24110030000028,Club,1,2026-Sem1
EV004247,RA24110030000027,RA24110030000028,Club,1,2026-Sem1
EV004248,RA24110030000027,RA24110030000028,Club,1,2025-Sem1
EV004249,RA24110030000027,RA24110030000028,Club,2,2026-Sem2
EV004250,RA24110030000027,RA24110030000028,Club,1,2025-Sem1
EV004251,RA24110030000027,RA24110030000028,Club,1,2025-Sem1
EV004252,RA24110030000027,RA24110030000029,Club,1,2026-Sem1
EV004253,RA24110030000027,RA24110030000029,Club,2,2026-Sem2
EV004254,RA24110030000027,RA24110030000029,Club,3,2026-Sem1
EV004255,RA24110030000027,RA24110030000031,Event,2,2026-Sem2
EV004256,RA24110030000027,RA24110030000034,Social,1,2026-Sem2
EV004257,RA24110030000027,RA24110030000037,Club,2,2026-Sem1
EV004258,RA24110030000027,RA24110030000039,Academic,2,2026-Sem1
EV004259,RA24110030000027,RA24110030000040,Event,1,2026-Sem2
EV004260,RA24110030000027,RA24110030000041,Social,1,2025-Sem1
EV004261,RA24110030000027,RA24110030000041,Social,2,2026-Sem1
EV004262,RA24110030000027,RA24110030000041,Social,1,2026-Sem2
EV004263,RA24110030000027,RA24110030000041,Social,1,2026-Sem1
EV004264,RA24110030000027,RA24110030000044,Club,2,2026-Sem2
EV004265,RA24110030000027,RA24110030000044,Club,1,2026-Sem2
EV004266,RA24110030000027,RA24110280000025,Cross-Department,1,2026-Sem2
EV004267,RA24110030000027,RA24110280000025,Cross-Department,1,2025-Sem1
EV004268,RA24110030000027,RA24110280000025,Cross-Department,1,2026-Sem1
EV004269,RA24110030000027,RA24110280000025,Cross-Department,1,2026-Sem2
EV004270,RA24110030000027,RA24110280000027,Cross-Department,3,2026-Sem2
EV004271,RA24110030000027,RA24110280000040,Cross-Department,1,2026-Sem2
EV004272,RA24110030000027,RA24110280000040,Cross-Department,1,2025-Sem1
EV004273,RA24110030000027,RA24110280000040,Cross-Department,2,2025-Sem1
EV004274,RA24110030000027,RA24110290000023,Cross-Department,2,2025-Sem1
EV004275,RA24110030000027,RA24110290000023,Cross-Department,2,2025-Sem1
EV004276,RA24110030000027,RA24110290000023,Cross-Department,1,2026-Sem2
EV004277,RA24110030000027,RA24110290000023,Cross-Department,1,2026-Sem1
EV004278,RA24110030000027,RA24110290000029,Cross-Department,1,2025-Sem1
EV004279,RA24110030000027,RA24110290000029,Cross-Department,2,2026-Sem2
EV004280,RA24110030000027,RA24110300000038,Cross-Department,2,2026-Sem1
EV004281,RA24110030000027,RA24110300000038,Cross-Department,1,2025-Sem1
EV004282,RA24110030000027,RA24110300000038,Cross-Department,1,2026-Sem2
EV004283,RA24110030000027,RA24110300000038,Cross-Department,1,2026-Sem1
EV004284,RA24110030000027,RA24110540000029,Cross-Department,3,2026-Sem1
EV004285,RA24110030000027,RA24110540000029,Cross-Department,2,2026-Sem1
EV004286,RA24110030000027,RA24110540000038,Cross-Department,1,2025-Sem1
EV004287,RA24110030000027,RA24110540000038,Cross-Department,1,2026-Sem1
EV004288,RA24110030000027,RA24110540000038,Cross-Department,3,2026-Sem1
EV004289,RA24110030000027,RA25110280000053,Cross-Department,4,2026-Sem1
EV004290,RA24110030000027,RA25110280000053,Cross-Department,1,2025-Sem1
EV004291,RA24110030000027,RA25110280000053,Cross-Department,1,2026-Sem1
EV004292,RA24110030000027,RA25110280000053,Cross-Department,1,2026-Sem1
EV004293,RA24110030000027,RA25110280000054,Cross-Department,3,2025-Sem1
EV004294,RA24110030000027,RA25110280000054,Cross-Department,2,2026-Sem1
EV004295,RA24110030000027,RA25110280000054,Cross-Department,2,2026-Sem2
EV004296,RA24110030000027,RA25110280000054,Cross-Department,1,2026-Sem1
EV004297,RA24110030000027,RA25110280000054,Cross-Department,1,2026-Sem1
EV004298,RA24110030000027,RA25110290000066,Cross-Department,3,2026-Sem1
EV004299,RA24110030000027,RA25110290000066,Cross-Department,2,2025-Sem1
EV004300,RA24110030000027,RA25110300000054,Cross-Department,2,2025-Sem1
EV004301,RA24110030000027,RA25110300000054,Cross-Department,2,2026-Sem1
EV004302,RA24110030000027,RA25110300000054,Cross-Department,1,2026-Sem1
EV004303,RA24110030000027,RA25110300000054,Cross-Department,1,2026-Sem2
EV004304,RA24110030000027,RA25110540000046,Cross-Department,3,2026-Sem1
EV004305,RA24110030000027,RA25110560000060,Cross-Department,2,2026-Sem1
EV004306,RA24110030000027,RA25110560000060,Cross-Department,2,2026-Sem1
EV004307,RA24110030000027,RA25110560000060,Cross-Department,2,2026-Sem1
EV004308,RA24110030000027,RA26110300000083,Cross-Department,2,2026-Sem1
EV004309,RA24110030000027,RA26110300000083,Cross-Department,2,2026-Sem1
EV004310,RA24110030000027,RA26110300000083,Cross-Department,1,2026-Sem1
EV004311,RA24110030000027,RA26110300000083,Cross-Department,1,2025-Sem1
EV004312,RA24110030000027,RA26110300000083,Cross-Department,1,2025-Sem1
EV004313,RA24110030000027,RA26110300000083,Cross-Department,3,2025-Sem1
EV004314,RA24110030000027,RA26110300000083,Cross-Department,2,2026-Sem1
EV004315,RA24110030000027,RA26110560000084,Cross-Department,3,2026-Sem2
EV004316,RA24110030000027,RA26110560000084,Cross-Department,1,2026-Sem2
EV004317,RA24110030000028,RA24110030000029,Social,3,2026-Sem2
EV004318,RA24110030000028,RA24110030000029,Social,2,2026-Sem2
EV004319,RA24110030000028,RA24110030000031,Event,2,2026-Sem2
EV004320,RA24110030000028,RA24110030000031,Event,1,2026-Sem2
EV004321,RA24110030000028,RA24110030000031,Event,2,2026-Sem1
EV004322,RA24110030000028,RA24110030000031,Event,1,2025-Sem1
EV004323,RA24110030000028,RA24110030000033,Project,1,2026-Sem2
EV004324,RA24110030000028,RA24110030000035,Academic,1,2026-Sem2
EV004325,RA24110030000028,RA24110030000036,Social,1,2026-Sem2
EV004326,RA24110030000028,RA24110030000036,Social,2,2026-Sem1
EV004327,RA24110030000028,RA24110030000042,Project,1,2026-Sem2
EV004328,RA24110030000028,RA24110030000042,Project,2,2026-Sem1
EV004329,RA24110030000028,RA24110030000042,Project,4,2025-Sem1
EV004330,RA24110030000028,RA24110030000042,Project,2,2025-Sem1
EV004331,RA24110030000028,RA24110030000042,Project,3,2026-Sem1
EV004332,RA24110030000028,RA24110030000043,Project,2,2025-Sem1
EV004333,RA24110030000028,RA24110030000043,Project,1,2026-Sem1
EV004334,RA24110030000028,RA24110030000043,Project,2,2026-Sem1
EV004335,RA24110030000028,RA24110030000043,Project,3,2025-Sem1
EV004336,RA24110030000028,RA24110030000044,Social,2,2026-Sem1
EV004337,RA24110030000028,RA24110030000044,Social,1,2026-Sem1
EV004338,RA24110030000028,RA24110290000028,Cross-Department,3,2026-Sem2
EV004339,RA24110030000028,RA24110290000033,Cross-Department,4,2025-Sem1
EV004340,RA24110030000028,RA24110540000025,Cross-Department,2,2025-Sem1
EV004341,RA24110030000028,RA25110030000050,Event,1,2026-Sem1
EV004342,RA24110030000028,RA25110300000054,Cross-Department,2,2026-Sem1
EV004343,RA24110030000028,RA25110300000063,Cross-Department,3,2026-Sem1
EV004344,RA24110030000028,RA25110300000063,Cross-Department,1,2026-Sem1
EV004345,RA24110030000028,RA25110300000063,Cross-Department,2,2026-Sem1
EV004346,RA24110030000028,RA25110560000057,Cross-Department,4,2026-Sem1
EV004347,RA24110030000028,RA26110030000087,Project,3,2026-Sem2
EV004348,RA24110030000028,RA26110300000083,Cross-Department,1,2026-Sem1
EV004349,RA24110030000028,RA26110300000083,Cross-Department,1,2026-Sem1
EV004350,RA24110030000028,RA26110300000083,Cross-Department,2,2026-Sem2
EV004351,RA24110030000028,RA26110300000083,Cross-Department,1,2026-Sem1
EV004352,RA24110030000029,RA24110030000030,Event,4,2026-Sem2
EV004353,RA24110030000029,RA24110030000030,Event,1,2026-Sem2
EV004354,RA24110030000029,RA24110030000031,Project,2,2026-Sem1
EV004355,RA24110030000029,RA24110030000031,Project,1,2026-Sem1
EV004356,RA24110030000029,RA24110030000031,Project,1,2026-Sem1
EV004357,RA24110030000029,RA24110030000031,Project,2,2026-Sem1
EV004358,RA24110030000029,RA24110030000031,Project,1,2025-Sem1
EV004359,RA24110030000029,RA24110030000031,Project,5,2026-Sem2
EV004360,RA24110030000029,RA24110030000031,Project,2,2026-Sem2
EV004361,RA24110030000029,RA24110030000033,Event,2,2026-Sem2
EV004362,RA24110030000029,RA24110030000033,Event,2,2026-Sem2
EV004363,RA24110030000029,RA24110030000033,Event,2,2026-Sem2
EV004364,RA24110030000029,RA24110030000034,Club,2,2025-Sem1
EV004365,RA24110030000029,RA24110030000038,Club,3,2026-Sem1
EV004366,RA24110030000029,RA24110030000042,Project,1,2026-Sem2
EV004367,RA24110030000029,RA24110030000042,Project,1,2025-Sem1
EV004368,RA24110030000029,RA24110280000029,Cross-Department,1,2026-Sem2
EV004369,RA24110030000029,RA24110280000029,Cross-Department,1,2025-Sem1
EV004370,RA24110030000029,RA24110280000029,Cross-Department,1,2025-Sem1
EV004371,RA24110030000029,RA24110280000029,Cross-Department,1,2025-Sem1
EV004372,RA24110030000029,RA24110280000029,Cross-Department,2,2026-Sem1
EV004373,RA24110030000029,RA24110280000039,Cross-Department,2,2025-Sem1
EV004374,RA24110030000029,RA24110280000039,Cross-Department,2,2026-Sem2
EV004375,RA24110030000029,RA24110280000039,Cross-Department,1,2026-Sem1
EV004376,RA24110030000029,RA24110540000044,Cross-Department,4,2026-Sem1
EV004377,RA24110030000029,RA24110540000044,Cross-Department,3,2025-Sem1
EV004378,RA24110030000029,RA25110030000050,Social,4,2026-Sem1
EV004379,RA24110030000029,RA25110290000054,Cross-Department,1,2025-Sem1
EV004380,RA24110030000029,RA25110290000054,Cross-Department,3,2026-Sem2
EV004381,RA24110030000029,RA25110290000054,Cross-Department,1,2026-Sem1
EV004382,RA24110030000029,RA25110300000064,Cross-Department,5,2025-Sem1
EV004383,RA24110030000029,RA25110540000053,Cross-Department,2,2025-Sem1
EV004384,RA24110030000029,RA25110540000053,Cross-Department,1,2025-Sem1
EV004385,RA24110030000029,RA25110540000053,Cross-Department,2,2026-Sem2
EV004386,RA24110030000029,RA25110540000065,Cross-Department,2,2026-Sem1
EV004387,RA24110030000029,RA25110540000065,Cross-Department,1,2025-Sem1
EV004388,RA24110030000029,RA25110560000057,Cross-Department,4,2026-Sem2
EV004389,RA24110030000029,RA26110030000086,Academic,1,2026-Sem2
EV004390,RA24110030000029,RA26110030000086,Academic,1,2026-Sem1
EV004391,RA24110030000029,RA26110030000086,Academic,1,2026-Sem2
EV004392,RA24110030000029,RA26110030000086,Academic,2,2025-Sem1
EV004393,RA24110030000029,RA26110030000086,Academic,2,2026-Sem2
EV004394,RA24110030000029,RA26110030000086,Academic,1,2026-Sem2
EV004395,RA24110030000029,RA26110290000074,Cross-Department,2,2025-Sem1
EV004396,RA24110030000029,RA26110290000074,Cross-Department,3,2026-Sem2
EV004397,RA24110030000029,RA26110290000074,Cross-Department,1,2026-Sem2
EV004398,RA24110030000029,RA26110290000074,Cross-Department,1,2026-Sem2
EV004399,RA24110030000030,RA24110030000031,Project,4,2026-Sem1
EV004400,RA24110030000030,RA24110030000032,Club,1,2025-Sem1
EV004401,RA24110030000030,RA24110030000032,Club,3,2025-Sem1
EV004402,RA24110030000030,RA24110030000032,Club,1,2026-Sem1
EV004403,RA24110030000030,RA24110030000032,Club,1,2026-Sem2
EV004404,RA24110030000030,RA24110030000034,Social,3,2026-Sem1
EV004405,RA24110030000030,RA24110030000034,Social,1,2025-Sem1
EV004406,RA24110030000030,RA24110030000039,Academic,1,2026-Sem1
EV004407,RA24110030000030,RA24110290000036,Cross-Department,3,2026-Sem1
EV004408,RA24110030000030,RA25110290000048,Cross-Department,1,2025-Sem1
EV004409,RA24110030000030,RA25110290000048,Cross-Department,3,2026-Sem1
EV004410,RA24110030000030,RA25110290000066,Cross-Department,3,2025-Sem1
EV004411,RA24110030000030,RA25110290000066,Cross-Department,1,2025-Sem1
EV004412,RA24110030000030,RA25110540000057,Cross-Department,1,2026-Sem1
EV004413,RA24110030000030,RA25110540000057,Cross-Department,1,2025-Sem1
EV004414,RA24110030000030,RA25110540000057,Cross-Department,1,2026-Sem2
EV004415,RA24110030000030,RA25110540000057,Cross-Department,4,2026-Sem2
EV004416,RA24110030000030,RA26110540000077,Cross-Department,1,2026-Sem2
EV004417,RA24110030000030,RA26110540000077,Cross-Department,2,2026-Sem1
EV004418,RA24110030000030,RA26110560000083,Cross-Department,3,2026-Sem2
EV004419,RA24110030000030,RA26110560000083,Cross-Department,1,2026-Sem2
EV004420,RA24110030000030,RA26110560000083,Cross-Department,1,2026-Sem2
EV004421,RA24110030000031,RA24110030000032,Social,1,2026-Sem2
EV004422,RA24110030000031,RA24110030000033,Project,2,2025-Sem1
EV004423,RA24110030000031,RA24110030000033,Project,1,2026-Sem1
EV004424,RA24110030000031,RA24110030000035,Project,2,2026-Sem1
EV004425,RA24110030000031,RA24110030000036,Academic,5,2025-Sem1
EV004426,RA24110030000031,RA24110030000036,Academic,1,2026-Sem2
EV004427,RA24110030000031,RA24110030000037,Academic,4,2025-Sem1
EV004428,RA24110030000031,RA24110030000037,Academic,1,2026-Sem1
EV004429,RA24110030000031,RA24110030000041,Club,3,2026-Sem1
EV004430,RA24110030000031,RA24110030000041,Club,2,2026-Sem1
EV004431,RA24110030000031,RA24110030000041,Club,5,2026-Sem2
EV004432,RA24110030000031,RA24110030000043,Club,1,2026-Sem1
EV004433,RA24110030000031,RA24110300000030,Cross-Department,4,2025-Sem1
EV004434,RA24110030000031,RA24110300000030,Cross-Department,1,2026-Sem2
EV004435,RA24110030000031,RA24110300000030,Cross-Department,1,2026-Sem2
EV004436,RA24110030000031,RA24110300000030,Cross-Department,1,2026-Sem2
EV004437,RA24110030000031,RA25110290000065,Cross-Department,2,2025-Sem1
EV004438,RA24110030000031,RA25110290000065,Cross-Department,1,2026-Sem1
EV004439,RA24110030000031,RA25110290000065,Cross-Department,1,2026-Sem1
EV004440,RA24110030000031,RA25110540000061,Cross-Department,1,2026-Sem1
EV004441,RA24110030000031,RA25110540000061,Cross-Department,1,2026-Sem2
EV004442,RA24110030000031,RA25110540000061,Cross-Department,1,2026-Sem2
EV004443,RA24110030000031,RA25110560000047,Cross-Department,3,2026-Sem2
EV004444,RA24110030000031,RA25110560000047,Cross-Department,2,2025-Sem1
EV004445,RA24110030000031,RA26110560000076,Cross-Department,2,2026-Sem2
EV004446,RA24110030000031,RA26110560000076,Cross-Department,2,2026-Sem1
EV004447,RA24110030000031,RA26110560000076,Cross-Department,2,2026-Sem1
EV004448,RA24110030000032,RA24110030000033,Event,3,2025-Sem1
EV004449,RA24110030000032,RA24110030000033,Event,3,2025-Sem1
EV004450,RA24110030000032,RA24110030000034,Club,2,2026-Sem2
EV004451,RA24110030000032,RA24110030000034,Club,1,2026-Sem1
EV004452,RA24110030000032,RA24110030000034,Club,1,2026-Sem2
EV004453,RA24110030000032,RA24110030000034,Club,2,2026-Sem1
EV004454,RA24110030000032,RA24110030000034,Club,3,2026-Sem2
EV004455,RA24110030000032,RA24110030000042,Academic,3,2026-Sem2
EV004456,RA24110030000032,RA24110030000042,Academic,2,2026-Sem1
EV004457,RA24110030000032,RA24110030000042,Academic,1,2025-Sem1
EV004458,RA24110030000032,RA24110030000042,Academic,1,2026-Sem1
EV004459,RA24110030000032,RA24110030000043,Academic,1,2025-Sem1
EV004460,RA24110030000032,RA24110030000043,Academic,2,2026-Sem2
EV004461,RA24110030000032,RA24110030000043,Academic,3,2025-Sem1
EV004462,RA24110030000032,RA24110300000038,Cross-Department,3,2026-Sem1
EV004463,RA24110030000032,RA24110300000038,Cross-Department,3,2025-Sem1
EV004464,RA24110030000032,RA24110540000043,Cross-Department,1,2026-Sem2
EV004465,RA24110030000032,RA24110540000043,Cross-Department,4,2026-Sem1
EV004466,RA24110030000032,RA25110030000060,Academic,1,2025-Sem1
EV004467,RA24110030000032,RA25110030000060,Academic,3,2026-Sem2
EV004468,RA24110030000032,RA25110290000066,Cross-Department,2,2025-Sem1
EV004469,RA24110030000032,RA26110280000080,Cross-Department,4,2025-Sem1
EV004470,RA24110030000032,RA26110300000072,Cross-Department,3,2026-Sem1
EV004471,RA24110030000032,RA26110300000072,Cross-Department,1,2025-Sem1
EV004472,RA24110030000032,RA26110300000072,Cross-Department,2,2026-Sem2
EV004473,RA24110030000032,RA26110300000072,Cross-Department,1,2025-Sem1
EV004474,RA24110030000032,RA26110300000079,Cross-Department,1,2026-Sem2
EV004475,RA24110030000032,RA26110300000079,Cross-Department,1,2026-Sem2
EV004476,RA24110030000032,RA26110300000079,Cross-Department,2,2026-Sem1
EV004477,RA24110030000032,RA26110560000088,Cross-Department,1,2025-Sem1
EV004478,RA24110030000032,RA26110560000088,Cross-Department,2,2026-Sem2
EV004479,RA24110030000033,RA24110030000034,Club,2,2026-Sem2
EV004480,RA24110030000033,RA24110030000034,Club,2,2025-Sem1
EV004481,RA24110030000033,RA24110030000034,Club,1,2025-Sem1
EV004482,RA24110030000033,RA24110030000034,Club,3,2025-Sem1
EV004483,RA24110030000033,RA24110030000035,Event,1,2025-Sem1
EV004484,RA24110030000033,RA24110030000035,Event,1,2025-Sem1
EV004485,RA24110030000033,RA24110030000038,Academic,3,2025-Sem1
EV004486,RA24110030000033,RA24110030000038,Academic,2,2025-Sem1
EV004487,RA24110030000033,RA24110030000038,Academic,2,2026-Sem2
EV004488,RA24110030000033,RA24110030000038,Academic,1,2025-Sem1
EV004489,RA24110030000033,RA24110030000039,Social,2,2026-Sem1
EV004490,RA24110030000033,RA24110030000041,Club,1,2026-Sem1
EV004491,RA24110030000033,RA24110030000041,Club,1,2025-Sem1
EV004492,RA24110030000033,RA24110030000041,Club,1,2026-Sem2
EV004493,RA24110030000033,RA24110030000041,Club,2,2026-Sem2
EV004494,RA24110030000033,RA24110030000041,Club,1,2025-Sem1
EV004495,RA24110030000033,RA24110280000034,Cross-Department,4,2026-Sem1
EV004496,RA24110030000033,RA24110280000034,Cross-Department,2,2025-Sem1
EV004497,RA24110030000033,RA24110290000028,Cross-Department,3,2025-Sem1
EV004498,RA24110030000033,RA24110290000028,Cross-Department,2,2026-Sem1
EV004499,RA24110030000033,RA24110290000028,Cross-Department,1,2026-Sem2
EV004500,RA24110030000033,RA24110290000028,Cross-Department,3,2026-Sem2
EV004501,RA24110030000033,RA25110030000047,Social,2,2025-Sem1
EV004502,RA24110030000033,RA25110030000047,Social,2,2026-Sem2
EV004503,RA24110030000033,RA25110030000047,Social,1,2026-Sem1
EV004504,RA24110030000033,RA25110540000050,Cross-Department,1,2025-Sem1
EV004505,RA24110030000033,RA25110540000050,Cross-Department,1,2026-Sem2
EV004506,RA24110030000033,RA25110540000050,Cross-Department,1,2025-Sem1
EV004507,RA24110030000033,RA25110540000050,Cross-Department,2,2025-Sem1
EV004508,RA24110030000033,RA25110540000059,Cross-Department,2,2025-Sem1
EV004509,RA24110030000033,RA25110540000059,Cross-Department,1,2026-Sem2
EV004510,RA24110030000033,RA25110540000059,Cross-Department,1,2026-Sem2
EV004511,RA24110030000033,RA25110560000058,Cross-Department,3,2025-Sem1
EV004512,RA24110030000033,RA26110030000074,Project,1,2025-Sem1
EV004513,RA24110030000033,RA26110030000074,Project,1,2026-Sem2
EV004514,RA24110030000034,RA24110030000035,Social,2,2026-Sem2
EV004515,RA24110030000034,RA24110030000039,Social,3,2026-Sem2
EV004516,RA24110030000034,RA24110030000041,Academic,2,2026-Sem2
EV004517,RA24110030000034,RA24110030000043,Social,1,2026-Sem1
EV004518,RA24110030000034,RA24110030000044,Club,3,2026-Sem2
EV004519,RA24110030000034,RA24110030000044,Club,2,2026-Sem1
EV004520,RA24110030000034,RA24110280000023,Cross-Department,1,2025-Sem1
EV004521,RA24110030000034,RA24110280000023,Cross-Department,1,2026-Sem1
EV004522,RA24110030000034,RA24110280000023,Cross-Department,1,2025-Sem1
EV004523,RA24110030000034,RA24110280000023,Cross-Department,3,2025-Sem1
EV004524,RA24110030000034,RA24110290000032,Cross-Department,3,2026-Sem1
EV004525,RA24110030000034,RA24110290000032,Cross-Department,4,2025-Sem1
EV004526,RA24110030000034,RA24110290000032,Cross-Department,1,2025-Sem1
EV004527,RA24110030000034,RA24110290000035,Cross-Department,2,2025-Sem1
EV004528,RA24110030000034,RA24110290000035,Cross-Department,2,2026-Sem1
EV004529,RA24110030000034,RA24110290000035,Cross-Department,1,2025-Sem1
EV004530,RA24110030000034,RA25110300000046,Cross-Department,3,2026-Sem1
EV004531,RA24110030000034,RA26110280000069,Cross-Department,5,2026-Sem2
EV004532,RA24110030000034,RA26110280000069,Cross-Department,1,2025-Sem1
EV004533,RA24110030000034,RA26110280000072,Cross-Department,4,2026-Sem2
EV004534,RA24110030000034,RA26110280000072,Cross-Department,1,2026-Sem2
EV004535,RA24110030000034,RA26110290000082,Cross-Department,1,2026-Sem2
EV004536,RA24110030000034,RA26110290000082,Cross-Department,1,2026-Sem1
EV004537,RA24110030000034,RA26110290000082,Cross-Department,1,2026-Sem1
EV004538,RA24110030000034,RA26110290000082,Cross-Department,3,2026-Sem1
EV004539,RA24110030000034,RA26110540000073,Cross-Department,1,2025-Sem1
EV004540,RA24110030000034,RA26110540000073,Cross-Department,1,2026-Sem2
EV004541,RA24110030000034,RA26110540000073,Cross-Department,3,2025-Sem1
EV004542,RA24110030000034,RA26110540000086,Cross-Department,3,2026-Sem1
EV004543,RA24110030000034,RA26110540000086,Cross-Department,3,2025-Sem1
EV004544,RA24110030000035,RA24110030000036,Club,2,2026-Sem1
EV004545,RA24110030000035,RA24110030000036,Club,2,2026-Sem1
EV004546,RA24110030000035,RA24110030000036,Club,1,2026-Sem2
EV004547,RA24110030000035,RA24110030000037,Club,3,2025-Sem1
EV004548,RA24110030000035,RA24110030000040,Project,1,2026-Sem2
EV004549,RA24110030000035,RA24110030000041,Social,2,2025-Sem1
EV004550,RA24110030000035,RA24110030000043,Academic,3,2026-Sem1
EV004551,RA24110030000035,RA24110030000043,Academic,1,2026-Sem2
EV004552,RA24110030000035,RA24110300000025,Cross-Department,1,2026-Sem2
EV004553,RA24110030000035,RA24110300000025,Cross-Department,2,2025-Sem1
EV004554,RA24110030000035,RA24110560000044,Cross-Department,2,2026-Sem2
EV004555,RA24110030000035,RA24110560000044,Cross-Department,2,2026-Sem2
EV004556,RA24110030000035,RA24110560000044,Cross-Department,1,2025-Sem1
EV004557,RA24110030000035,RA25110280000060,Cross-Department,1,2026-Sem1
EV004558,RA24110030000035,RA25110280000060,Cross-Department,2,2026-Sem1
EV004559,RA24110030000035,RA25110280000060,Cross-Department,2,2026-Sem2
EV004560,RA24110030000035,RA25110280000065,Cross-Department,2,2026-Sem2
EV004561,RA24110030000035,RA25110560000064,Cross-Department,4,2025-Sem1
EV004562,RA24110030000035,RA25110560000064,Cross-Department,2,2026-Sem2
EV004563,RA24110030000035,RA25110560000064,Cross-Department,1,2026-Sem2
EV004564,RA24110030000035,RA25110560000064,Cross-Department,1,2025-Sem1
EV004565,RA24110030000035,RA25110560000064,Cross-Department,1,2026-Sem2
EV004566,RA24110030000035,RA26110290000069,Cross-Department,1,2026-Sem2
EV004567,RA24110030000035,RA26110290000069,Cross-Department,2,2026-Sem2
EV004568,RA24110030000035,RA26110290000069,Cross-Department,2,2026-Sem1
EV004569,RA24110030000035,RA26110290000069,Cross-Department,1,2026-Sem2
EV004570,RA24110030000036,RA24110030000037,Project,3,2026-Sem2
EV004571,RA24110030000036,RA24110030000038,Event,6,2026-Sem2
EV004572,RA24110030000036,RA24110030000038,Event,1,2026-Sem1
EV004573,RA24110030000036,RA24110030000038,Event,1,2026-Sem1
EV004574,RA24110030000036,RA24110030000040,Project,3,2026-Sem2
EV004575,RA24110030000036,RA24110540000037,Cross-Department,1,2026-Sem1
EV004576,RA24110030000036,RA24110540000037,Cross-Department,3,2026-Sem1
EV004577,RA24110030000036,RA24110560000035,Cross-Department,1,2026-Sem1
EV004578,RA24110030000036,RA24110560000035,Cross-Department,2,2025-Sem1
EV004579,RA24110030000036,RA24110560000035,Cross-Department,3,2026-Sem2
EV004580,RA24110030000036,RA24110560000035,Cross-Department,3,2026-Sem1
EV004581,RA24110030000036,RA25110280000063,Cross-Department,1,2026-Sem2
EV004582,RA24110030000036,RA25110280000063,Cross-Department,3,2026-Sem1
EV004583,RA24110030000036,RA25110280000063,Cross-Department,2,2025-Sem1
EV004584,RA24110030000036,RA25110290000051,Cross-Department,2,2025-Sem1
EV004585,RA24110030000036,RA25110290000052,Cross-Department,2,2025-Sem1
EV004586,RA24110030000036,RA25110300000062,Cross-Department,3,2026-Sem2
EV004587,RA24110030000036,RA25110560000048,Cross-Department,1,2025-Sem1
EV004588,RA24110030000036,RA25110560000048,Cross-Department,3,2025-Sem1
EV004589,RA24110030000036,RA25110560000048,Cross-Department,1,2026-Sem2
EV004590,RA24110030000036,RA25110560000048,Cross-Department,1,2026-Sem2
EV004591,RA24110030000037,RA24110030000038,Club,3,2026-Sem2
EV004592,RA24110030000037,RA24110030000038,Club,1,2026-Sem1
EV004593,RA24110030000037,RA24110030000038,Club,1,2025-Sem1
EV004594,RA24110030000037,RA24110030000038,Club,1,2026-Sem2
EV004595,RA24110030000037,RA24110030000042,Club,2,2025-Sem1
EV004596,RA24110030000037,RA24110030000044,Academic,1,2025-Sem1
EV004597,RA24110030000037,RA24110030000044,Academic,1,2026-Sem1
EV004598,RA24110030000037,RA24110300000030,Cross-Department,2,2025-Sem1
EV004599,RA24110030000037,RA24110300000031,Cross-Department,1,2025-Sem1
EV004600,RA24110030000037,RA24110300000031,Cross-Department,2,2026-Sem1
EV004601,RA24110030000037,RA24110300000031,Cross-Department,3,2026-Sem1
EV004602,RA24110030000037,RA24110540000027,Cross-Department,4,2025-Sem1
EV004603,RA24110030000037,RA25110030000063,Social,3,2026-Sem2
EV004604,RA24110030000037,RA25110560000057,Cross-Department,1,2025-Sem1
EV004605,RA24110030000037,RA25110560000057,Cross-Department,3,2026-Sem1
EV004606,RA24110030000037,RA26110540000080,Cross-Department,3,2026-Sem2
EV004607,RA24110030000037,RA26110540000080,Cross-Department,1,2026-Sem2
EV004608,RA24110030000037,RA26110560000073,Cross-Department,1,2025-Sem1
EV004609,RA24110030000037,RA26110560000073,Cross-Department,1,2026-Sem2
EV004610,RA24110030000037,RA26110560000073,Cross-Department,5,2025-Sem1
EV004611,RA24110030000038,RA24110030000039,Event,2,2026-Sem1
EV004612,RA24110030000038,RA24110030000039,Event,1,2025-Sem1
EV004613,RA24110030000038,RA24110030000039,Event,1,2026-Sem2
EV004614,RA24110030000038,RA24110030000039,Event,1,2026-Sem2
EV004615,RA24110030000038,RA24110030000041,Event,1,2026-Sem2
EV004616,RA24110030000038,RA24110030000041,Event,1,2026-Sem1
EV004617,RA24110030000038,RA24110030000041,Event,2,2026-Sem1
EV004618,RA24110030000038,RA24110030000043,Academic,1,2025-Sem1
EV004619,RA24110030000038,RA24110030000043,Academic,1,2026-Sem2
EV004620,RA24110030000038,RA24110300000024,Cross-Department,3,2026-Sem2
EV004621,RA24110030000038,RA24110300000024,Cross-Department,1,2025-Sem1
EV004622,RA24110030000038,RA25110280000056,Cross-Department,2,2026-Sem2
EV004623,RA24110030000038,RA25110280000056,Cross-Department,1,2026-Sem1
EV004624,RA24110030000038,RA25110280000056,Cross-Department,1,2026-Sem2
EV004625,RA24110030000038,RA25110280000056,Cross-Department,1,2025-Sem1
EV004626,RA24110030000038,RA25110280000056,Cross-Department,1,2026-Sem1
EV004627,RA24110030000038,RA25110280000056,Cross-Department,1,2026-Sem1
EV004628,RA24110030000038,RA25110560000063,Cross-Department,2,2026-Sem2
EV004629,RA24110030000038,RA25110560000063,Cross-Department,1,2025-Sem1
EV004630,RA24110030000038,RA25110560000063,Cross-Department,2,2026-Sem1
EV004631,RA24110030000038,RA26110030000068,Club,2,2026-Sem2
EV004632,RA24110030000038,RA26110030000068,Club,5,2026-Sem2
EV004633,RA24110030000038,RA26110030000076,Event,1,2026-Sem1
EV004634,RA24110030000038,RA26110540000082,Cross-Department,1,2025-Sem1
EV004635,RA24110030000038,RA26110540000082,Cross-Department,1,2025-Sem1
EV004636,RA24110030000038,RA26110540000082,Cross-Department,1,2026-Sem1
EV004637,RA24110030000039,RA24110030000040,Club,1,2025-Sem1
EV004638,RA24110030000039,RA24110030000040,Club,1,2026-Sem1
EV004639,RA24110030000039,RA24110030000040,Club,4,2025-Sem1
EV004640,RA24110030000039,RA24110030000042,Event,1,2025-Sem1
EV004641,RA24110030000039,RA24110030000042,Event,4,2025-Sem1
EV004642,RA24110030000039,RA24110030000042,Event,2,2025-Sem1
EV004643,RA24110030000039,RA24110030000043,Event,1,2026-Sem2
EV004644,RA24110030000039,RA24110030000043,Event,1,2025-Sem1
EV004645,RA24110030000039,RA24110030000044,Social,4,2026-Sem1
EV004646,RA24110030000039,RA24110030000044,Social,3,2025-Sem1
EV004647,RA24110030000039,RA24110030000044,Social,2,2026-Sem2
EV004648,RA24110030000039,RA24110030000044,Social,1,2026-Sem1
EV004649,RA24110030000039,RA24110030000044,Social,4,2026-Sem2
EV004650,RA24110030000039,RA24110300000044,Cross-Department,3,2026-Sem2
EV004651,RA24110030000039,RA24110300000044,Cross-Department,2,2025-Sem1
EV004652,RA24110030000039,RA24110560000040,Cross-Department,2,2026-Sem1
EV004653,RA24110030000039,RA24110560000040,Cross-Department,4,2026-Sem1
EV004654,RA24110030000039,RA25110030000055,Project,1,2025-Sem1
EV004655,RA24110030000039,RA25110290000059,Cross-Department,4,2026-Sem1
EV004656,RA24110030000039,RA25110290000059,Cross-Department,2,2026-Sem2
EV004657,RA24110030000039,RA25110540000063,Cross-Department,1,2025-Sem1
EV004658,RA24110030000039,RA25110540000063,Cross-Department,1,2025-Sem1
EV004659,RA24110030000039,RA25110540000063,Cross-Department,1,2026-Sem2
EV004660,RA24110030000039,RA26110300000073,Cross-Department,5,2026-Sem1
EV004661,RA24110030000039,RA26110560000068,Cross-Department,3,2025-Sem1
EV004662,RA24110030000039,RA26110560000068,Cross-Department,1,2026-Sem2
EV004663,RA24110030000039,RA26110560000068,Cross-Department,3,2026-Sem1
EV004664,RA24110030000039,RA26110560000068,Cross-Department,2,2026-Sem2
EV004665,RA24110030000040,RA24110030000041,Club,1,2026-Sem1
EV004666,RA24110030000040,RA24110030000041,Club,1,2026-Sem1
EV004667,RA24110030000040,RA24110030000041,Club,1,2026-Sem2
EV004668,RA24110030000040,RA24110030000041,Club,1,2025-Sem1
EV004669,RA24110030000040,RA24110030000042,Event,1,2026-Sem2
EV004670,RA24110030000040,RA24110030000042,Event,1,2026-Sem2
EV004671,RA24110030000040,RA24110030000043,Social,4,2026-Sem2
EV004672,RA24110030000040,RA24110030000043,Social,1,2026-Sem1
EV004673,RA24110030000040,RA24110290000026,Cross-Department,1,2026-Sem1
EV004674,RA24110030000040,RA24110290000026,Cross-Department,2,2026-Sem1
EV004675,RA24110030000040,RA24110290000026,Cross-Department,1,2026-Sem1
EV004676,RA24110030000040,RA25110290000046,Cross-Department,2,2026-Sem1
EV004677,RA24110030000040,RA25110290000046,Cross-Department,2,2025-Sem1
EV004678,RA24110030000040,RA25110290000046,Cross-Department,1,2026-Sem2
EV004679,RA24110030000040,RA25110560000059,Cross-Department,2,2026-Sem2
EV004680,RA24110030000040,RA25110560000059,Cross-Department,2,2026-Sem1
EV004681,RA24110030000040,RA26110280000086,Cross-Department,2,2026-Sem1
EV004682,RA24110030000040,RA26110280000086,Cross-Department,4,2026-Sem2
EV004683,RA24110030000040,RA26110280000086,Cross-Department,2,2026-Sem2
EV004684,RA24110030000040,RA26110300000072,Cross-Department,2,2026-Sem2
EV004685,RA24110030000040,RA26110300000072,Cross-Department,2,2026-Sem2
EV004686,RA24110030000040,RA26110540000070,Cross-Department,1,2026-Sem2
EV004687,RA24110030000040,RA26110540000070,Cross-Department,1,2026-Sem2
EV004688,RA24110030000041,RA24110030000042,Project,1,2026-Sem1
EV004689,RA24110030000041,RA24110030000042,Project,1,2026-Sem2
EV004690,RA24110030000041,RA24110030000043,Social,1,2026-Sem1
EV004691,RA24110030000041,RA24110540000037,Cross-Department,1,2026-Sem1
EV004692,RA24110030000041,RA24110540000037,Cross-Department,1,2026-Sem1
EV004693,RA24110030000041,RA24110540000037,Cross-Department,1,2026-Sem2
EV004694,RA24110030000041,RA25110030000047,Event,2,2026-Sem2
EV004695,RA24110030000041,RA25110030000047,Event,3,2026-Sem2
EV004696,RA24110030000041,RA25110030000054,Academic,1,2026-Sem2
EV004697,RA24110030000041,RA25110030000057,Academic,3,2026-Sem2
EV004698,RA24110030000041,RA25110280000052,Cross-Department,1,2026-Sem2
EV004699,RA24110030000041,RA25110280000052,Cross-Department,2,2025-Sem1
EV004700,RA24110030000041,RA25110280000052,Cross-Department,3,2025-Sem1
EV004701,RA24110030000041,RA25110280000056,Cross-Department,2,2025-Sem1
EV004702,RA24110030000041,RA25110280000056,Cross-Department,1,2025-Sem1
EV004703,RA24110030000041,RA25110300000061,Cross-Department,2,2026-Sem1
EV004704,RA24110030000041,RA25110300000061,Cross-Department,1,2026-Sem1
EV004705,RA24110030000041,RA25110300000061,Cross-Department,3,2025-Sem1
EV004706,RA24110030000041,RA25110560000047,Cross-Department,3,2025-Sem1
EV004707,RA24110030000041,RA25110560000047,Cross-Department,1,2025-Sem1
EV004708,RA24110030000041,RA26110540000085,Cross-Department,1,2026-Sem2
EV004709,RA24110030000041,RA26110540000085,Cross-Department,3,2026-Sem2
EV004710,RA24110030000041,RA26110540000085,Cross-Department,1,2026-Sem1
EV004711,RA24110030000041,RA26110560000081,Cross-Department,5,2026-Sem2
EV004712,RA24110030000041,RA26110560000081,Cross-Department,1,2026-Sem1
EV004713,RA24110030000041,RA26110560000081,Cross-Department,1,2026-Sem1
EV004714,RA24110030000042,RA24110030000043,Project,1,2025-Sem1
EV004715,RA24110030000042,RA24110030000043,Project,2,2026-Sem2
EV004716,RA24110030000042,RA24110030000043,Project,1,2025-Sem1
EV004717,RA24110030000042,RA24110280000032,Cross-Department,1,2026-Sem2
EV004718,RA24110030000042,RA24110280000032,Cross-Department,1,2026-Sem2
EV004719,RA24110030000042,RA24110280000032,Cross-Department,2,2026-Sem2
EV004720,RA24110030000042,RA24110280000032,Cross-Department,2,2026-Sem2
EV004721,RA24110030000042,RA24110300000029,Cross-Department,1,2025-Sem1
EV004722,RA24110030000042,RA24110300000029,Cross-Department,2,2026-Sem2
EV004723,RA24110030000042,RA24110300000042,Cross-Department,2,2025-Sem1
EV004724,RA24110030000042,RA24110300000042,Cross-Department,1,2025-Sem1
EV004725,RA24110030000042,RA24110300000042,Cross-Department,3,2026-Sem1
EV004726,RA24110030000042,RA24110300000042,Cross-Department,1,2026-Sem1
EV004727,RA24110030000042,RA24110300000042,Cross-Department,1,2026-Sem1
EV004728,RA24110030000042,RA25110280000056,Cross-Department,3,2026-Sem2
EV004729,RA24110030000042,RA25110560000058,Cross-Department,2,2025-Sem1
EV004730,RA24110030000042,RA25110560000058,Cross-Department,4,2025-Sem1
EV004731,RA24110030000042,RA26110290000069,Cross-Department,3,2026-Sem1
EV004732,RA24110030000042,RA26110290000069,Cross-Department,1,2026-Sem2
EV004733,RA24110030000043,RA24110030000044,Social,1,2026-Sem2
EV004734,RA24110030000043,RA24110030000044,Social,4,2025-Sem1
EV004735,RA24110030000043,RA24110300000032,Cross-Department,3,2026-Sem2
EV004736,RA24110030000043,RA26110290000087,Cross-Department,2,2025-Sem1
EV004737,RA24110030000043,RA26110300000073,Cross-Department,2,2026-Sem2
EV004738,RA24110030000043,RA26110300000073,Cross-Department,3,2026-Sem2
EV004739,RA24110030000043,RA26110540000070,Cross-Department,1,2025-Sem1
EV004740,RA24110030000043,RA26110540000070,Cross-Department,4,2025-Sem1
EV004741,RA24110030000044,RA24110280000038,Cross-Department,2,2025-Sem1
EV004742,RA24110030000044,RA24110300000029,Cross-Department,4,2025-Sem1
EV004743,RA24110030000044,RA24110300000032,Cross-Department,1,2025-Sem1
EV004744,RA24110030000044,RA24110300000032,Cross-Department,1,2026-Sem2
EV004745,RA24110030000044,RA24110300000032,Cross-Department,2,2026-Sem2
EV004746,RA24110030000044,RA24110560000031,Cross-Department,1,2025-Sem1
EV004747,RA24110030000044,RA24110560000031,Cross-Department,1,2025-Sem1
EV004748,RA24110030000044,RA25110030000060,Social,1,2026-Sem2
EV004749,RA24110030000044,RA25110280000065,Cross-Department,3,2026-Sem1
EV004750,RA24110030000044,RA25110280000065,Cross-Department,2,2026-Sem1
EV004751,RA24110030000044,RA25110290000050,Cross-Department,2,2026-Sem2
EV004752,RA24110030000044,RA25110290000050,Cross-Department,1,2026-Sem2
EV004753,RA24110030000044,RA25110290000066,Cross-Department,3,2025-Sem1
EV004754,RA24110030000044,RA25110290000066,Cross-Department,1,2026-Sem1
EV004755,RA24110030000044,RA25110290000066,Cross-Department,3,2025-Sem1
EV004756,RA24110030000044,RA25110540000047,Cross-Department,1,2026-Sem2
EV004757,RA24110030000044,RA25110540000047,Cross-Department,2,2026-Sem1
EV004758,RA24110030000044,RA25110540000047,Cross-Department,1,2025-Sem1
EV004759,RA24110030000044,RA26110030000073,Event,3,2026-Sem1
EV004760,RA24110030000044,RA26110290000084,Cross-Department,4,2026-Sem2
EV004761,RA24110030000044,RA26110290000084,Cross-Department,1,2026-Sem2
EV004762,RA24110030000044,RA26110290000084,Cross-Department,2,2025-Sem1
EV004763,RA24110030000044,RA26110540000074,Cross-Department,3,2025-Sem1
EV004764,RA24110030000044,RA26110540000074,Cross-Department,1,2026-Sem2
EV004765,RA24110030000044,RA26110540000074,Cross-Department,1,2025-Sem1
EV004766,RA24110270000023,RA24110270000024,Project,2,2025-Sem1
EV004767,RA24110270000023,RA24110270000024,Project,3,2026-Sem1
EV004768,RA24110270000023,RA24110270000025,Event,2,2025-Sem1
EV004769,RA24110270000023,RA24110270000025,Event,1,2026-Sem2
EV004770,RA24110270000023,RA24110270000028,Project,3,2026-Sem2
EV004771,RA24110270000023,RA24110270000028,Project,1,2025-Sem1
EV004772,RA24110270000023,RA24110270000028,Project,1,2025-Sem1
EV004773,RA24110270000023,RA24110270000030,Social,1,2026-Sem2
EV004774,RA24110270000023,RA24110270000033,Project,2,2026-Sem1
EV004775,RA24110270000023,RA24110270000034,Project,1,2026-Sem2
EV004776,RA24110270000023,RA24110270000041,Social,1,2026-Sem1
EV004777,RA24110270000023,RA24110270000042,Academic,2,2026-Sem1
EV004778,RA24110270000023,RA24110270000042,Academic,3,2025-Sem1
EV004779,RA24110270000023,RA24110270000043,Project,1,2026-Sem1
EV004780,RA24110270000023,RA24110270000043,Project,1,2026-Sem2
EV004781,RA24110270000023,RA24110270000044,Academic,2,2025-Sem1
EV004782,RA24110270000023,RA24110270000044,Academic,1,2025-Sem1
EV004783,RA24110270000023,RA24110270000044,Academic,2,2025-Sem1
EV004784,RA24110270000023,RA25110270000057,Club,1,2026-Sem1
EV004785,RA24110270000023,RA25110270000061,Academic,1,2025-Sem1
EV004786,RA24110270000023,RA26110270000078,Club,1,2026-Sem1
EV004787,RA24110270000023,RA26110540000078,Cross-Department,2,2025-Sem1
EV004788,RA24110270000023,RA26110540000078,Cross-Department,1,2026-Sem2
EV004789,RA24110270000023,RA26110540000078,Cross-Department,1,2025-Sem1
EV004790,RA24110270000024,RA24110270000025,Academic,1,2025-Sem1
EV004791,RA24110270000024,RA24110270000030,Academic,2,2026-Sem2
EV004792,RA24110270000024,RA24110270000030,Academic,5,2026-Sem1
EV004793,RA24110270000024,RA24110270000030,Academic,3,2026-Sem2
EV004794,RA24110270000024,RA24110270000030,Academic,2,2026-Sem1
EV004795,RA24110270000024,RA24110270000031,Event,1,2026-Sem2
EV004796,RA24110270000024,RA24110270000031,Event,1,2026-Sem2
EV004797,RA24110270000024,RA24110270000033,Event,1,2025-Sem1
EV004798,RA24110270000024,RA24110270000033,Event,1,2026-Sem1
EV004799,RA24110270000024,RA24110270000033,Event,1,2026-Sem1
EV004800,RA24110270000024,RA24110270000033,Event,1,2026-Sem2
EV004801,RA24110270000024,RA24110270000034,Academic,1,2026-Sem1
EV004802,RA24110270000024,RA24110270000034,Academic,2,2025-Sem1
EV004803,RA24110270000024,RA24110270000036,Project,2,2025-Sem1
EV004804,RA24110270000024,RA24110270000040,Project,3,2026-Sem2
EV004805,RA24110270000024,RA24110270000040,Project,3,2025-Sem1
EV004806,RA24110270000024,RA24110270000040,Project,3,2025-Sem1
EV004807,RA24110270000024,RA24110270000043,Social,1,2026-Sem1
EV004808,RA24110270000024,RA24110270000043,Social,1,2026-Sem1
EV004809,RA24110270000024,RA24110270000044,Project,1,2026-Sem2
EV004810,RA24110270000024,RA24110540000024,Cross-Department,3,2025-Sem1
EV004811,RA24110270000024,RA24110540000024,Cross-Department,1,2025-Sem1
EV004812,RA24110270000024,RA25110560000048,Cross-Department,2,2026-Sem2
EV004813,RA24110270000024,RA25110560000048,Cross-Department,1,2025-Sem1
EV004814,RA24110270000024,RA25110560000048,Cross-Department,1,2026-Sem2
EV004815,RA24110270000024,RA25110560000066,Cross-Department,4,2026-Sem1
EV004816,RA24110270000025,RA24110270000026,Club,1,2025-Sem1
EV004817,RA24110270000025,RA24110270000027,Social,2,2026-Sem2
EV004818,RA24110270000025,RA24110270000027,Social,2,2025-Sem1
EV004819,RA24110270000025,RA24110270000027,Social,1,2026-Sem1
EV004820,RA24110270000025,RA24110270000027,Social,1,2026-Sem2
EV004821,RA24110270000025,RA24110270000028,Event,1,2025-Sem1
EV004822,RA24110270000025,RA24110270000028,Event,4,2025-Sem1
EV004823,RA24110270000025,RA24110270000031,Project,3,2026-Sem2
EV004824,RA24110270000025,RA24110270000032,Club,2,2026-Sem2
EV004825,RA24110270000025,RA24110270000033,Academic,2,2026-Sem2
EV004826,RA24110270000025,RA24110270000034,Academic,1,2026-Sem1
EV004827,RA24110270000025,RA24110270000034,Academic,3,2026-Sem2
EV004828,RA24110270000025,RA24110270000034,Academic,1,2026-Sem2
EV004829,RA24110270000025,RA24110270000037,Project,2,2026-Sem2
EV004830,RA24110270000025,RA24110270000039,Academic,1,2025-Sem1
EV004831,RA24110270000025,RA24110270000039,Academic,1,2026-Sem2
EV004832,RA24110270000025,RA24110270000039,Academic,2,2025-Sem1
EV004833,RA24110270000025,RA24110270000041,Academic,2,2025-Sem1
EV004834,RA24110270000025,RA24110270000043,Club,3,2025-Sem1
EV004835,RA24110270000025,RA24110270000043,Club,1,2026-Sem1
EV004836,RA24110270000025,RA24110270000044,Social,2,2025-Sem1
EV004837,RA24110270000025,RA24110270000044,Social,2,2026-Sem1
EV004838,RA24110270000025,RA26110560000087,Cross-Department,3,2026-Sem2
EV004839,RA24110270000026,RA24110270000027,Event,1,2026-Sem2
EV004840,RA24110270000026,RA24110270000027,Event,1,2026-Sem2
EV004841,RA24110270000026,RA24110270000027,Event,2,2026-Sem2
EV004842,RA24110270000026,RA24110270000029,Project,1,2025-Sem1
EV004843,RA24110270000026,RA24110270000029,Project,1,2025-Sem1
EV004844,RA24110270000026,RA24110270000033,Academic,1,2025-Sem1
EV004845,RA24110270000026,RA24110270000033,Academic,3,2025-Sem1
EV004846,RA24110270000026,RA24110270000033,Academic,1,2025-Sem1
EV004847,RA24110270000026,RA24110270000033,Academic,3,2026-Sem1
EV004848,RA24110270000026,RA24110270000037,Academic,1,2025-Sem1
EV004849,RA24110270000026,RA24110270000040,Event,5,2026-Sem2
EV004850,RA24110270000026,RA24110270000040,Event,1,2025-Sem1
EV004851,RA24110270000026,RA24110270000042,Social,1,2025-Sem1
EV004852,RA24110270000026,RA24110270000042,Social,1,2026-Sem2
EV004853,RA24110270000026,RA24110270000042,Social,2,2025-Sem1
EV004854,RA24110270000026,RA24110270000042,Social,3,2026-Sem1
EV004855,RA24110270000026,RA24110540000039,Cross-Department,2,2025-Sem1
EV004856,RA24110270000026,RA24110540000039,Cross-Department,4,2025-Sem1
EV004857,RA24110270000026,RA24110540000039,Cross-Department,5,2026-Sem2
EV004858,RA24110270000026,RA24110540000039,Cross-Department,1,2026-Sem1
EV004859,RA24110270000026,RA25110270000048,Social,1,2026-Sem1
EV004860,RA24110270000026,RA25110270000052,Project,1,2026-Sem1
EV004861,RA24110270000026,RA26110560000071,Cross-Department,3,2026-Sem2
EV004862,RA24110270000027,RA24110270000028,Club,1,2026-Sem1
EV004863,RA24110270000027,RA24110270000033,Academic,1,2025-Sem1
EV004864,RA24110270000027,RA24110270000033,Academic,3,2025-Sem1
EV004865,RA24110270000027,RA24110270000033,Academic,1,2026-Sem2
EV004866,RA24110270000027,RA24110270000036,Club,4,2026-Sem1
EV004867,RA24110270000027,RA24110270000036,Club,1,2026-Sem2
EV004868,RA24110270000027,RA24110270000038,Academic,1,2026-Sem2
EV004869,RA24110270000027,RA24110540000034,Cross-Department,2,2026-Sem1
EV004870,RA24110270000027,RA24110540000034,Cross-Department,4,2026-Sem1
EV004871,RA24110270000027,RA24110540000044,Cross-Department,2,2026-Sem2
EV004872,RA24110270000027,RA24110540000044,Cross-Department,1,2025-Sem1
EV004873,RA24110270000027,RA24110540000044,Cross-Department,2,2026-Sem1
EV004874,RA24110270000027,RA25110270000056,Academic,1,2026-Sem1
EV004875,RA24110270000027,RA25110270000056,Academic,1,2026-Sem2
EV004876,RA24110270000027,RA25110540000047,Cross-Department,1,2026-Sem2
EV004877,RA24110270000027,RA25110540000047,Cross-Department,1,2026-Sem1
EV004878,RA24110270000027,RA25110540000047,Cross-Department,3,2026-Sem2
EV004879,RA24110270000027,RA25110540000047,Cross-Department,1,2026-Sem1
EV004880,RA24110270000027,RA25110560000059,Cross-Department,1,2026-Sem2
EV004881,RA24110270000027,RA25110560000059,Cross-Department,2,2026-Sem1
EV004882,RA24110270000027,RA25110560000059,Cross-Department,1,2025-Sem1
EV004883,RA24110270000027,RA25110560000059,Cross-Department,1,2026-Sem1
EV004884,RA24110270000027,RA25110560000059,Cross-Department,1,2026-Sem1
EV004885,RA24110270000027,RA26110540000070,Cross-Department,2,2026-Sem1
EV004886,RA24110270000027,RA26110540000070,Cross-Department,1,2026-Sem2
EV004887,RA24110270000027,RA26110540000076,Cross-Department,2,2026-Sem1
EV004888,RA24110270000027,RA26110540000076,Cross-Department,3,2025-Sem1
EV004889,RA24110270000027,RA26110560000087,Cross-Department,3,2026-Sem1
EV004890,RA24110270000028,RA24110270000029,Academic,4,2025-Sem1
EV004891,RA24110270000028,RA24110270000029,Academic,2,2026-Sem2
EV004892,RA24110270000028,RA24110270000029,Academic,1,2025-Sem1
EV004893,RA24110270000028,RA24110270000029,Academic,1,2026-Sem1
EV004894,RA24110270000028,RA24110270000030,Social,2,2026-Sem2
EV004895,RA24110270000028,RA24110270000034,Club,2,2026-Sem1
EV004896,RA24110270000028,RA24110270000034,Club,1,2026-Sem2
EV004897,RA24110270000028,RA24110270000037,Event,1,2026-Sem1
EV004898,RA24110270000028,RA24110270000037,Event,1,2025-Sem1
EV004899,RA24110270000028,RA24110270000038,Project,3,2025-Sem1
EV004900,RA24110270000028,RA24110270000038,Project,2,2025-Sem1
EV004901,RA24110270000028,RA24110270000041,Project,2,2025-Sem1
EV004902,RA24110270000028,RA24110270000042,Social,4,2026-Sem2
EV004903,RA24110270000028,RA24110270000044,Club,1,2026-Sem1
EV004904,RA24110270000028,RA24110270000044,Club,1,2026-Sem1
EV004905,RA24110270000028,RA25110270000050,Social,1,2026-Sem1
EV004906,RA24110270000028,RA25110270000060,Academic,2,2026-Sem1
EV004907,RA24110270000028,RA25110540000047,Cross-Department,2,2025-Sem1
EV004908,RA24110270000028,RA25110540000047,Cross-Department,2,2025-Sem1
EV004909,RA24110270000028,RA25110560000048,Cross-Department,2,2025-Sem1
EV004910,RA24110270000028,RA25110560000048,Cross-Department,2,2025-Sem1
EV004911,RA24110270000028,RA26110270000070,Project,2,2026-Sem2
EV004912,RA24110270000028,RA26110270000070,Project,1,2026-Sem1
EV004913,RA24110270000028,RA26110270000070,Project,2,2025-Sem1
EV004914,RA24110270000028,RA26110270000082,Event,2,2026-Sem1
EV004915,RA24110270000028,RA26110270000082,Event,2,2026-Sem2
EV004916,RA24110270000028,RA26110270000082,Event,1,2026-Sem1
EV004917,RA24110270000028,RA26110560000083,Cross-Department,2,2026-Sem2
EV004918,RA24110270000028,RA26110560000083,Cross-Department,1,2026-Sem2
EV004919,RA24110270000028,RA26110560000083,Cross-Department,2,2026-Sem1
EV004920,RA24110270000029,RA24110270000030,Event,2,2026-Sem1
EV004921,RA24110270000029,RA24110270000030,Event,2,2026-Sem1
EV004922,RA24110270000029,RA24110270000030,Event,5,2026-Sem1
EV004923,RA24110270000029,RA24110270000030,Event,1,2026-Sem1
EV004924,RA24110270000029,RA24110270000030,Event,2,2026-Sem1
EV004925,RA24110270000029,RA24110270000032,Project,1,2025-Sem1
EV004926,RA24110270000029,RA24110270000034,Social,1,2026-Sem1
EV004927,RA24110270000029,RA24110270000034,Social,3,2026-Sem2
EV004928,RA24110270000029,RA24110270000034,Social,3,2026-Sem2
EV004929,RA24110270000029,RA24110270000034,Social,1,2026-Sem2
EV004930,RA24110270000029,RA24110270000034,Social,2,2026-Sem1
EV004931,RA24110270000029,RA24110270000034,Social,2,2026-Sem2
EV004932,RA24110270000029,RA24110270000036,Club,2,2025-Sem1
EV004933,RA24110270000029,RA24110270000036,Club,2,2026-Sem1
EV004934,RA24110270000029,RA24110270000037,Event,5,2026-Sem2
EV004935,RA24110270000029,RA24110270000038,Social,1,2026-Sem1
EV004936,RA24110270000029,RA24110270000038,Social,3,2025-Sem1
EV004937,RA24110270000029,RA24110270000039,Social,3,2026-Sem2
EV004938,RA24110270000029,RA24110270000041,Academic,1,2026-Sem2
EV004939,RA24110270000029,RA24110560000024,Cross-Department,3,2025-Sem1
EV004940,RA24110270000029,RA24110560000024,Cross-Department,2,2026-Sem2
EV004941,RA24110270000029,RA24110560000024,Cross-Department,1,2026-Sem2
EV004942,RA24110270000029,RA26110270000079,Event,1,2026-Sem1
EV004943,RA24110270000029,RA26110540000070,Cross-Department,4,2025-Sem1
EV004944,RA24110270000030,RA24110270000031,Academic,1,2026-Sem2
EV004945,RA24110270000030,RA24110270000032,Project,3,2025-Sem1
EV004946,RA24110270000030,RA24110270000032,Project,2,2026-Sem1
EV004947,RA24110270000030,RA24110270000034,Event,1,2026-Sem1
EV004948,RA24110270000030,RA24110270000035,Project,2,2026-Sem2
EV004949,RA24110270000030,RA24110270000035,Project,1,2026-Sem2
EV004950,RA24110270000030,RA24110270000035,Project,1,2026-Sem2
EV004951,RA24110270000030,RA24110270000035,Project,1,2026-Sem1
EV004952,RA24110270000030,RA24110270000041,Project,2,2025-Sem1
EV004953,RA24110270000030,RA25110270000045,Event,2,2025-Sem1
EV004954,RA24110270000030,RA25110560000062,Cross-Department,2,2026-Sem2
EV004955,RA24110270000030,RA25110560000062,Cross-Department,1,2026-Sem2
EV004956,RA24110270000030,RA25110560000062,Cross-Department,3,2026-Sem1
EV004957,RA24110270000030,RA26110540000067,Cross-Department,2,2026-Sem2
EV004958,RA24110270000031,RA24110270000032,Event,1,2026-Sem1
EV004959,RA24110270000031,RA24110270000032,Event,2,2026-Sem1
EV004960,RA24110270000031,RA24110270000032,Event,1,2026-Sem1
EV004961,RA24110270000031,RA24110270000032,Event,1,2026-Sem1
EV004962,RA24110270000031,RA24110270000032,Event,1,2026-Sem2
EV004963,RA24110270000031,RA24110270000032,Event,1,2026-Sem1
EV004964,RA24110270000031,RA24110270000032,Event,2,2025-Sem1
EV004965,RA24110270000031,RA24110270000036,Academic,1,2026-Sem1
EV004966,RA24110270000031,RA24110270000040,Club,2,2026-Sem1
EV004967,RA24110270000031,RA24110270000040,Club,1,2025-Sem1
EV004968,RA24110270000031,RA24110270000040,Club,2,2026-Sem2
EV004969,RA24110270000031,RA24110270000040,Club,2,2026-Sem1
EV004970,RA24110270000031,RA24110270000040,Club,1,2025-Sem1
EV004971,RA24110270000031,RA24110270000040,Club,1,2026-Sem1
EV004972,RA24110270000031,RA24110560000035,Cross-Department,2,2026-Sem1
EV004973,RA24110270000031,RA24110560000035,Cross-Department,1,2026-Sem2
EV004974,RA24110270000031,RA24110560000035,Cross-Department,1,2026-Sem2
EV004975,RA24110270000031,RA25110270000056,Project,1,2025-Sem1
EV004976,RA24110270000031,RA25110540000051,Cross-Department,2,2026-Sem1
EV004977,RA24110270000031,RA25110560000061,Cross-Department,3,2025-Sem1
EV004978,RA24110270000031,RA25110560000061,Cross-Department,1,2025-Sem1
EV004979,RA24110270000031,RA26110270000070,Project,1,2025-Sem1
EV004980,RA24110270000031,RA26110270000070,Project,2,2026-Sem1
EV004981,RA24110270000031,RA26110270000070,Project,1,2026-Sem2
EV004982,RA24110270000031,RA26110270000070,Project,1,2026-Sem2
EV004983,RA24110270000032,RA24110270000033,Social,1,2026-Sem2
EV004984,RA24110270000032,RA24110270000035,Academic,1,2026-Sem1
EV004985,RA24110270000032,RA24110270000038,Social,1,2026-Sem2
EV004986,RA24110270000032,RA24110270000038,Social,1,2025-Sem1
EV004987,RA24110270000032,RA24110270000038,Social,1,2026-Sem2
EV004988,RA24110270000032,RA24110270000040,Social,1,2026-Sem2
EV004989,RA24110270000032,RA24110270000040,Social,2,2026-Sem1
EV004990,RA24110270000032,RA24110270000040,Social,1,2026-Sem1
EV004991,RA24110270000032,RA24110270000041,Club,1,2026-Sem2
EV004992,RA24110270000032,RA24110270000041,Club,2,2025-Sem1
EV004993,RA24110270000032,RA24110270000044,Academic,2,2026-Sem2
EV004994,RA24110270000032,RA24110540000031,Cross-Department,2,2026-Sem1
EV004995,RA24110270000032,RA24110540000031,Cross-Department,1,2025-Sem1
EV004996,RA24110270000032,RA24110540000031,Cross-Department,2,2025-Sem1
EV004997,RA24110270000032,RA24110540000031,Cross-Department,2,2026-Sem1
EV004998,RA24110270000032,RA24110560000026,Cross-Department,3,2026-Sem2
EV004999,RA24110270000032,RA24110560000026,Cross-Department,1,2026-Sem1
EV005000,RA24110270000032,RA24110560000032,Cross-Department,1,2025-Sem1
EV005001,RA24110270000032,RA24110560000032,Cross-Department,2,2026-Sem2
EV005002,RA24110270000032,RA24110560000032,Cross-Department,2,2026-Sem1
EV005003,RA24110270000032,RA25110560000046,Cross-Department,2,2026-Sem2
EV005004,RA24110270000032,RA25110560000046,Cross-Department,1,2026-Sem2
EV005005,RA24110270000032,RA25110560000065,Cross-Department,4,2026-Sem2
EV005006,RA24110270000032,RA26110270000085,Academic,1,2026-Sem2
EV005007,RA24110270000033,RA24110270000034,Project,2,2026-Sem2
EV005008,RA24110270000033,RA24110270000034,Project,1,2026-Sem1
EV005009,RA24110270000033,RA24110270000034,Project,3,2026-Sem2
EV005010,RA24110270000033,RA24110270000034,Project,1,2026-Sem1
EV005011,RA24110270000033,RA24110270000035,Academic,1,2025-Sem1
EV005012,RA24110270000033,RA24110270000036,Academic,2,2026-Sem1
EV005013,RA24110270000033,RA24110270000041,Event,1,2026-Sem2
EV005014,RA24110270000033,RA24110270000041,Event,2,2026-Sem1
EV005015,RA24110270000033,RA24110270000041,Event,2,2026-Sem1
EV005016,RA24110270000033,RA25110540000046,Cross-Department,2,2026-Sem1
EV005017,RA24110270000033,RA25110540000046,Cross-Department,3,2025-Sem1
EV005018,RA24110270000033,RA25110540000046,Cross-Department,1,2026-Sem2
EV005019,RA24110270000033,RA25110540000046,Cross-Department,1,2026-Sem1
EV005020,RA24110270000033,RA26110270000069,Social,3,2025-Sem1
EV005021,RA24110270000033,RA26110270000069,Social,1,2026-Sem2
EV005022,RA24110270000033,RA26110270000070,Club,2,2025-Sem1
EV005023,RA24110270000033,RA26110270000070,Club,2,2025-Sem1
EV005024,RA24110270000033,RA26110270000080,Club,1,2025-Sem1
EV005025,RA24110270000033,RA26110270000080,Club,2,2026-Sem2
EV005026,RA24110270000033,RA26110270000080,Club,3,2026-Sem1
EV005027,RA24110270000033,RA26110270000080,Club,3,2026-Sem1
EV005028,RA24110270000033,RA26110270000080,Club,5,2026-Sem1
EV005029,RA24110270000033,RA26110540000081,Cross-Department,2,2026-Sem2
EV005030,RA24110270000033,RA26110540000081,Cross-Department,2,2025-Sem1
EV005031,RA24110270000033,RA26110540000081,Cross-Department,1,2025-Sem1
EV005032,RA24110270000033,RA26110540000083,Cross-Department,1,2025-Sem1
EV005033,RA24110270000033,RA26110540000083,Cross-Department,3,2026-Sem2
EV005034,RA24110270000033,RA26110540000084,Cross-Department,1,2026-Sem2
EV005035,RA24110270000033,RA26110540000084,Cross-Department,2,2026-Sem1
EV005036,RA24110270000033,RA26110540000084,Cross-Department,1,2025-Sem1
EV005037,RA24110270000033,RA26110540000086,Cross-Department,1,2026-Sem1
EV005038,RA24110270000033,RA26110540000086,Cross-Department,2,2026-Sem1
EV005039,RA24110270000033,RA26110540000086,Cross-Department,2,2026-Sem1
EV005040,RA24110270000033,RA26110540000086,Cross-Department,1,2026-Sem2
EV005041,RA24110270000033,RA26110540000086,Cross-Department,1,2025-Sem1
EV005042,RA24110270000033,RA26110540000086,Cross-Department,1,2026-Sem2
EV005043,RA24110270000034,RA24110270000035,Event,3,2026-Sem2
EV005044,RA24110270000034,RA24110270000037,Social,1,2026-Sem1
EV005045,RA24110270000034,RA24110270000037,Social,2,2025-Sem1
EV005046,RA24110270000034,RA24110270000039,Social,4,2026-Sem2
EV005047,RA24110270000034,RA24110270000041,Club,1,2025-Sem1
EV005048,RA24110270000034,RA24110270000042,Event,2,2026-Sem1
EV005049,RA24110270000034,RA24110270000042,Event,4,2026-Sem1
EV005050,RA24110270000034,RA24110560000031,Cross-Department,2,2026-Sem1
EV005051,RA24110270000034,RA24110560000031,Cross-Department,1,2026-Sem1
EV005052,RA24110270000034,RA24110560000031,Cross-Department,1,2025-Sem1
EV005053,RA24110270000034,RA24110560000031,Cross-Department,2,2026-Sem2
EV005054,RA24110270000034,RA25110540000066,Cross-Department,2,2025-Sem1
EV005055,RA24110270000034,RA25110540000066,Cross-Department,2,2026-Sem1
EV005056,RA24110270000034,RA25110540000066,Cross-Department,2,2025-Sem1
EV005057,RA24110270000034,RA26110270000068,Academic,1,2026-Sem1
EV005058,RA24110270000034,RA26110270000068,Academic,2,2026-Sem2
EV005059,RA24110270000034,RA26110270000081,Academic,1,2026-Sem2
EV005060,RA24110270000034,RA26110270000081,Academic,1,2026-Sem2
EV005061,RA24110270000035,RA24110270000036,Project,1,2026-Sem1
EV005062,RA24110270000035,RA24110270000040,Club,1,2025-Sem1
EV005063,RA24110270000035,RA24110270000040,Club,1,2026-Sem1
EV005064,RA24110270000035,RA24110270000040,Club,1,2026-Sem1
EV005065,RA24110270000035,RA25110270000045,Event,1,2026-Sem1
EV005066,RA24110270000035,RA25110270000045,Event,1,2026-Sem1
EV005067,RA24110270000035,RA25110270000062,Social,1,2026-Sem2
EV005068,RA24110270000035,RA25110270000062,Social,2,2026-Sem1
EV005069,RA24110270000035,RA25110540000065,Cross-Department,2,2026-Sem1
EV005070,RA24110270000035,RA25110540000065,Cross-Department,3,2026-Sem1
EV005071,RA24110270000035,RA26110270000070,Social,1,2026-Sem1
EV005072,RA24110270000035,RA26110270000070,Social,1,2026-Sem2
EV005073,RA24110270000035,RA26110270000070,Social,2,2025-Sem1
EV005074,RA24110270000035,RA26110270000070,Social,1,2025-Sem1
EV005075,RA24110270000035,RA26110270000070,Social,1,2026-Sem2
EV005076,RA24110270000036,RA24110270000037,Social,2,2026-Sem1
EV005077,RA24110270000036,RA24110270000037,Social,4,2026-Sem2
EV005078,RA24110270000036,RA24110270000037,Social,2,2025-Sem1
EV005079,RA24110270000036,RA24110270000039,Project,1,2026-Sem2
EV005080,RA24110270000036,RA24110270000039,Project,3,2026-Sem2
EV005081,RA24110270000036,RA24110270000039,Project,2,2026-Sem2
EV005082,RA24110270000036,RA24110270000042,Event,2,2026-Sem2
EV005083,RA24110270000036,RA24110270000042,Event,3,2026-Sem1
EV005084,RA24110270000036,RA24110270000042,Event,1,2026-Sem2
EV005085,RA24110270000036,RA24110270000042,Event,2,2026-Sem1
EV005086,RA24110270000036,RA24110540000039,Cross-Department,1,2025-Sem1
EV005087,RA24110270000036,RA24110540000039,Cross-Department,3,2025-Sem1
EV005088,RA24110270000036,RA24110540000039,Cross-Department,1,2026-Sem1
EV005089,RA24110270000036,RA24110540000039,Cross-Department,1,2026-Sem1
EV005090,RA24110270000036,RA24110540000039,Cross-Department,1,2025-Sem1
EV005091,RA24110270000036,RA24110540000039,Cross-Department,1,2026-Sem1
EV005092,RA24110270000036,RA24110560000044,Cross-Department,3,2025-Sem1
EV005093,RA24110270000036,RA24110560000044,Cross-Department,2,2025-Sem1
EV005094,RA24110270000036,RA25110540000050,Cross-Department,1,2026-Sem2
EV005095,RA24110270000036,RA25110540000050,Cross-Department,3,2026-Sem2
EV005096,RA24110270000036,RA25110540000051,Cross-Department,3,2026-Sem2
EV005097,RA24110270000036,RA25110540000065,Cross-Department,4,2026-Sem1
EV005098,RA24110270000036,RA25110540000065,Cross-Department,1,2026-Sem1
EV005099,RA24110270000036,RA25110540000065,Cross-Department,3,2025-Sem1
EV005100,RA24110270000036,RA25110560000048,Cross-Department,3,2026-Sem2
EV005101,RA24110270000036,RA25110560000048,Cross-Department,1,2026-Sem1
EV005102,RA24110270000037,RA24110270000038,Event,1,2025-Sem1
EV005103,RA24110270000037,RA24110540000030,Cross-Department,1,2026-Sem1
EV005104,RA24110270000037,RA24110540000030,Cross-Department,4,2025-Sem1
EV005105,RA24110270000037,RA24110540000030,Cross-Department,1,2025-Sem1
EV005106,RA24110270000037,RA25110270000046,Club,2,2026-Sem1
EV005107,RA24110270000037,RA25110270000046,Club,1,2025-Sem1
EV005108,RA24110270000037,RA25110270000048,Project,1,2026-Sem2
EV005109,RA24110270000037,RA25110270000048,Project,1,2025-Sem1
EV005110,RA24110270000037,RA25110270000048,Project,2,2025-Sem1
EV005111,RA24110270000037,RA25110270000048,Project,1,2026-Sem2
EV005112,RA24110270000037,RA25110280000053,Cross-Department,2,2026-Sem1
EV005113,RA24110270000037,RA25110280000053,Cross-Department,1,2026-Sem1
EV005114,RA24110270000037,RA25110280000053,Cross-Department,3,2025-Sem1
EV005115,RA24110270000037,RA25110280000053,Cross-Department,1,2025-Sem1
EV005116,RA24110270000037,RA26110270000079,Club,2,2025-Sem1
EV005117,RA24110270000038,RA24110270000039,Project,2,2026-Sem1
EV005118,RA24110270000038,RA24110270000043,Event,2,2026-Sem1
EV005119,RA24110270000038,RA24110270000043,Event,1,2026-Sem1
EV005120,RA24110270000038,RA24110270000043,Event,2,2025-Sem1
EV005121,RA24110270000038,RA25110270000058,Event,4,2026-Sem1
EV005122,RA24110270000038,RA25110270000058,Event,1,2026-Sem2
EV005123,RA24110270000038,RA25110540000066,Cross-Department,1,2026-Sem2
EV005124,RA24110270000038,RA25110540000066,Cross-Department,1,2025-Sem1
EV005125,RA24110270000038,RA25110540000066,Cross-Department,1,2026-Sem2
EV005126,RA24110270000038,RA26110270000070,Project,1,2025-Sem1
EV005127,RA24110270000038,RA26110270000071,Academic,4,2026-Sem1
EV005128,RA24110270000038,RA26110270000077,Project,1,2026-Sem1
EV005129,RA24110270000039,RA24110270000040,Event,1,2025-Sem1
EV005130,RA24110270000039,RA24110270000040,Event,2,2025-Sem1
EV005131,RA24110270000039,RA24110270000044,Social,1,2026-Sem2
EV005132,RA24110270000039,RA25110560000045,Cross-Department,4,2025-Sem1
EV005133,RA24110270000039,RA25110560000045,Cross-Department,3,2026-Sem1
EV005134,RA24110270000039,RA26110270000081,Event,3,2025-Sem1
EV005135,RA24110270000039,RA26110270000082,Academic,2,2025-Sem1
EV005136,RA24110270000039,RA26110270000084,Event,3,2025-Sem1
EV005137,RA24110270000039,RA26110560000077,Cross-Department,1,2026-Sem1
EV005138,RA24110270000039,RA26110560000077,Cross-Department,3,2026-Sem2
EV005139,RA24110270000039,RA26110560000077,Cross-Department,1,2026-Sem2
EV005140,RA24110270000039,RA26110560000080,Cross-Department,2,2026-Sem1
EV005141,RA24110270000039,RA26110560000080,Cross-Department,2,2026-Sem1
EV005142,RA24110270000039,RA26110560000080,Cross-Department,1,2026-Sem2
EV005143,RA24110270000040,RA24110270000041,Event,1,2026-Sem1
EV005144,RA24110270000040,RA24110290000043,Cross-Department,4,2025-Sem1
EV005145,RA24110270000040,RA24110290000043,Cross-Department,1,2026-Sem1
EV005146,RA24110270000040,RA26110560000071,Cross-Department,1,2026-Sem1
EV005147,RA24110270000040,RA26110560000071,Cross-Department,1,2025-Sem1
EV005148,RA24110270000040,RA26110560000071,Cross-Department,1,2026-Sem2
EV005149,RA24110270000040,RA26110560000071,Cross-Department,3,2025-Sem1
EV005150,RA24110270000040,RA26110560000071,Cross-Department,1,2026-Sem2
EV005151,RA24110270000040,RA26110560000084,Cross-Department,2,2025-Sem1
EV005152,RA24110270000040,RA26110560000084,Cross-Department,2,2026-Sem2
EV005153,RA24110270000040,RA26110560000084,Cross-Department,2,2026-Sem2
EV005154,RA24110270000041,RA24110270000042,Event,1,2025-Sem1
EV005155,RA24110270000041,RA24110270000042,Event,3,2026-Sem2
EV005156,RA24110270000041,RA24110270000043,Project,2,2025-Sem1
EV005157,RA24110270000041,RA24110270000044,Social,2,2026-Sem2
EV005158,RA24110270000041,RA24110560000035,Cross-Department,1,2025-Sem1
EV005159,RA24110270000041,RA24110560000035,Cross-Department,1,2026-Sem2
EV005160,RA24110270000041,RA24110560000041,Cross-Department,1,2025-Sem1
EV005161,RA24110270000041,RA24110560000041,Cross-Department,1,2026-Sem2
EV005162,RA24110270000041,RA24110560000041,Cross-Department,2,2026-Sem2
EV005163,RA24110270000041,RA24110560000041,Cross-Department,2,2026-Sem1
EV005164,RA24110270000041,RA24110560000041,Cross-Department,1,2025-Sem1
EV005165,RA24110270000041,RA25110560000046,Cross-Department,2,2025-Sem1
EV005166,RA24110270000041,RA25110560000046,Cross-Department,1,2026-Sem2
EV005167,RA24110270000041,RA26110270000079,Club,3,2025-Sem1
EV005168,RA24110270000041,RA26110540000073,Cross-Department,2,2026-Sem2
EV005169,RA24110270000041,RA26110540000073,Cross-Department,4,2026-Sem2
EV005170,RA24110270000042,RA24110270000043,Academic,2,2026-Sem2
EV005171,RA24110270000042,RA24110270000043,Academic,1,2026-Sem1
EV005172,RA24110270000042,RA24110270000043,Academic,3,2026-Sem2
EV005173,RA24110270000042,RA24110270000043,Academic,1,2026-Sem2
EV005174,RA24110270000042,RA24110270000044,Academic,1,2026-Sem2
EV005175,RA24110270000042,RA24110560000037,Cross-Department,4,2026-Sem2
EV005176,RA24110270000042,RA25110560000057,Cross-Department,1,2026-Sem1
EV005177,RA24110270000042,RA25110560000057,Cross-Department,1,2026-Sem2
EV005178,RA24110270000042,RA25110560000057,Cross-Department,2,2025-Sem1
EV005179,RA24110270000042,RA26110270000073,Academic,5,2025-Sem1
EV005180,RA24110270000042,RA26110270000073,Academic,2,2026-Sem1
EV005181,RA24110270000042,RA26110270000073,Academic,1,2025-Sem1
EV005182,RA24110270000043,RA24110270000044,Club,2,2025-Sem1
EV005183,RA24110270000043,RA24110270000044,Club,2,2025-Sem1
EV005184,RA24110270000043,RA24110270000044,Club,1,2025-Sem1
EV005185,RA24110270000043,RA25110540000062,Cross-Department,2,2025-Sem1
EV005186,RA24110270000043,RA25110540000062,Cross-Department,2,2026-Sem1
EV005187,RA24110270000043,RA25110540000062,Cross-Department,1,2025-Sem1
EV005188,RA24110270000043,RA26110270000076,Event,1,2025-Sem1
EV005189,RA24110270000043,RA26110540000074,Cross-Department,1,2025-Sem1
EV005190,RA24110270000043,RA26110540000074,Cross-Department,1,2025-Sem1
EV005191,RA24110270000044,RA24110540000040,Cross-Department,2,2026-Sem1
EV005192,RA24110270000044,RA24110540000040,Cross-Department,1,2026-Sem2
EV005193,RA24110270000044,RA24110540000040,Cross-Department,1,2025-Sem1
EV005194,RA24110270000044,RA24110540000040,Cross-Department,2,2026-Sem1
EV005195,RA24110270000044,RA24110540000040,Cross-Department,2,2026-Sem2
EV005196,RA24110270000044,RA26110560000067,Cross-Department,1,2026-Sem1
EV005197,RA24110270000044,RA26110560000067,Cross-Department,4,2025-Sem1
EV005198,RA24110270000044,RA26110560000083,Cross-Department,2,2026-Sem1
EV005199,RA24110270000044,RA26110560000083,Cross-Department,1,2025-Sem1
EV005200,RA24110280000023,RA24110280000024,Event,1,2026-Sem1
EV005201,RA24110280000023,RA24110280000026,Event,1,2026-Sem2
EV005202,RA24110280000023,RA24110280000028,Social,1,2026-Sem2
EV005203,RA24110280000023,RA24110280000031,Academic,1,2026-Sem2
EV005204,RA24110280000023,RA24110280000032,Club,4,2026-Sem2
EV005205,RA24110280000023,RA24110280000032,Club,1,2026-Sem2
EV005206,RA24110280000023,RA24110280000034,Event,1,2026-Sem1
EV005207,RA24110280000023,RA24110280000034,Event,3,2025-Sem1
EV005208,RA24110280000023,RA24110280000036,Club,1,2025-Sem1
EV005209,RA24110280000023,RA24110280000036,Club,2,2025-Sem1
EV005210,RA24110280000023,RA24110280000040,Social,5,2026-Sem1
EV005211,RA24110280000023,RA24110280000040,Social,1,2026-Sem1
EV005212,RA24110280000023,RA24110280000043,Academic,1,2026-Sem1
EV005213,RA24110280000023,RA24110280000043,Academic,1,2026-Sem2
EV005214,RA24110280000023,RA24110280000044,Academic,5,2026-Sem2
EV005215,RA24110280000023,RA24110290000043,Cross-Department,1,2026-Sem1
EV005216,RA24110280000023,RA24110290000043,Cross-Department,3,2026-Sem2
EV005217,RA24110280000023,RA24110290000043,Cross-Department,2,2026-Sem2
EV005218,RA24110280000023,RA24110290000043,Cross-Department,1,2025-Sem1
EV005219,RA24110280000023,RA24110290000043,Cross-Department,3,2026-Sem1
EV005220,RA24110280000023,RA25110030000046,Cross-Department,1,2025-Sem1
EV005221,RA24110280000023,RA25110030000046,Cross-Department,5,2026-Sem1
EV005222,RA24110280000023,RA25110030000052,Cross-Department,1,2025-Sem1
EV005223,RA24110280000023,RA25110030000052,Cross-Department,1,2026-Sem1
EV005224,RA24110280000023,RA25110280000052,Event,1,2025-Sem1
EV005225,RA24110280000023,RA25110280000052,Event,1,2026-Sem1
EV005226,RA24110280000023,RA25110300000048,Cross-Department,2,2026-Sem2
EV005227,RA24110280000023,RA25110300000048,Cross-Department,3,2026-Sem2
EV005228,RA24110280000023,RA26110280000087,Event,2,2026-Sem1
EV005229,RA24110280000023,RA26110280000087,Event,3,2026-Sem1
EV005230,RA24110280000024,RA24110280000025,Event,1,2026-Sem1
EV005231,RA24110280000024,RA24110280000026,Academic,5,2026-Sem1
EV005232,RA24110280000024,RA24110280000026,Academic,1,2025-Sem1
EV005233,RA24110280000024,RA24110280000029,Event,1,2026-Sem1
EV005234,RA24110280000024,RA24110280000029,Event,5,2025-Sem1
EV005235,RA24110280000024,RA24110280000029,Event,1,2026-Sem1
EV005236,RA24110280000024,RA24110280000029,Event,2,2026-Sem1
EV005237,RA24110280000024,RA24110280000033,Event,1,2026-Sem1
EV005238,RA24110280000024,RA24110280000033,Event,2,2025-Sem1
EV005239,RA24110280000024,RA24110280000033,Event,2,2026-Sem2
EV005240,RA24110280000024,RA24110280000033,Event,2,2025-Sem1
EV005241,RA24110280000024,RA24110280000034,Academic,2,2026-Sem2
EV005242,RA24110280000024,RA24110280000034,Academic,1,2026-Sem1
EV005243,RA24110280000024,RA24110280000035,Event,2,2025-Sem1
EV005244,RA24110280000024,RA24110280000035,Event,2,2026-Sem2
EV005245,RA24110280000024,RA24110280000036,Project,2,2026-Sem2
EV005246,RA24110280000024,RA24110280000040,Club,1,2026-Sem2
EV005247,RA24110280000024,RA24110280000041,Academic,1,2026-Sem1
EV005248,RA24110280000024,RA24110280000041,Academic,3,2026-Sem1
EV005249,RA24110280000024,RA24110280000042,Event,1,2025-Sem1
EV005250,RA24110280000024,RA24110280000042,Event,1,2026-Sem2
EV005251,RA24110280000024,RA24110280000042,Event,2,2026-Sem1
EV005252,RA24110280000024,RA24110280000042,Event,1,2026-Sem2
EV005253,RA24110280000024,RA24110300000026,Cross-Department,1,2025-Sem1
EV005254,RA24110280000024,RA24110300000026,Cross-Department,4,2026-Sem2
EV005255,RA24110280000024,RA24110300000031,Cross-Department,2,2025-Sem1
EV005256,RA24110280000024,RA24110300000031,Cross-Department,2,2025-Sem1
EV005257,RA24110280000024,RA25110300000045,Cross-Department,5,2025-Sem1
EV005258,RA24110280000024,RA25110300000045,Cross-Department,2,2026-Sem2
EV005259,RA24110280000024,RA25110300000045,Cross-Department,2,2026-Sem2
EV005260,RA24110280000024,RA25110300000065,Cross-Department,6,2026-Sem1
EV005261,RA24110280000024,RA25110300000065,Cross-Department,1,2026-Sem2
EV005262,RA24110280000024,RA25110300000065,Cross-Department,1,2026-Sem2
EV005263,RA24110280000024,RA26110280000082,Social,1,2026-Sem1
EV005264,RA24110280000024,RA26110280000082,Social,2,2026-Sem2
EV005265,RA24110280000024,RA26110280000082,Social,1,2025-Sem1
EV005266,RA24110280000024,RA26110280000082,Social,2,2026-Sem2
EV005267,RA24110280000024,RA26110300000077,Cross-Department,2,2026-Sem2
EV005268,RA24110280000024,RA26110300000077,Cross-Department,5,2026-Sem1
EV005269,RA24110280000025,RA24110280000026,Academic,2,2025-Sem1
EV005270,RA24110280000025,RA24110280000033,Club,1,2025-Sem1
EV005271,RA24110280000025,RA24110280000036,Club,1,2025-Sem1
EV005272,RA24110280000025,RA24110280000038,Academic,1,2026-Sem1
EV005273,RA24110280000025,RA24110280000042,Event,1,2026-Sem2
EV005274,RA24110280000025,RA24110280000042,Event,2,2026-Sem2
EV005275,RA24110280000025,RA25110280000048,Event,1,2026-Sem1
EV005276,RA24110280000025,RA26110280000074,Academic,3,2025-Sem1
EV005277,RA24110280000025,RA26110280000083,Club,2,2026-Sem2
EV005278,RA24110280000025,RA26110280000083,Club,2,2026-Sem1
EV005279,RA24110280000025,RA26110290000078,Cross-Department,1,2025-Sem1
EV005280,RA24110280000025,RA26110290000078,Cross-Department,2,2026-Sem2
EV005281,RA24110280000025,RA26110290000078,Cross-Department,2,2026-Sem1
EV005282,RA24110280000025,RA26110290000079,Cross-Department,1,2026-Sem1
EV005283,RA24110280000025,RA26110290000079,Cross-Department,5,2026-Sem2
EV005284,RA24110280000025,RA26110300000072,Cross-Department,2,2025-Sem1
EV005285,RA24110280000025,RA26110300000081,Cross-Department,2,2026-Sem1
EV005286,RA24110280000025,RA26110300000081,Cross-Department,1,2026-Sem1
EV005287,RA24110280000025,RA26110300000081,Cross-Department,2,2025-Sem1
EV005288,RA24110280000026,RA24110280000027,Project,1,2026-Sem2
EV005289,RA24110280000026,RA24110280000030,Social,4,2026-Sem2
EV005290,RA24110280000026,RA24110280000030,Social,2,2025-Sem1
EV005291,RA24110280000026,RA24110280000030,Social,2,2026-Sem1
EV005292,RA24110280000026,RA24110280000032,Social,1,2026-Sem2
EV005293,RA24110280000026,RA24110280000032,Social,2,2026-Sem2
EV005294,RA24110280000026,RA24110280000035,Academic,3,2025-Sem1
EV005295,RA24110280000026,RA24110280000035,Academic,1,2026-Sem2
EV005296,RA24110280000026,RA24110280000036,Project,3,2026-Sem1
EV005297,RA24110280000026,RA24110280000036,Project,2,2026-Sem2
EV005298,RA24110280000026,RA24110280000036,Project,3,2026-Sem2
EV005299,RA24110280000026,RA24110280000042,Academic,1,2026-Sem2
EV005300,RA24110280000026,RA24110280000044,Academic,1,2026-Sem1
EV005301,RA24110280000026,RA24110280000044,Academic,1,2026-Sem1
EV005302,RA24110280000026,RA24110280000044,Academic,1,2026-Sem1
EV005303,RA24110280000026,RA24110280000044,Academic,2,2025-Sem1
EV005304,RA24110280000026,RA24110280000044,Academic,1,2026-Sem1
EV005305,RA24110280000026,RA24110280000044,Academic,1,2025-Sem1
EV005306,RA24110280000026,RA24110300000042,Cross-Department,1,2025-Sem1
EV005307,RA24110280000026,RA24110300000042,Cross-Department,2,2026-Sem1
EV005308,RA24110280000026,RA24110300000042,Cross-Department,2,2026-Sem2
EV005309,RA24110280000026,RA24110300000042,Cross-Department,1,2026-Sem2
EV005310,RA24110280000026,RA25110280000065,Academic,2,2026-Sem2
EV005311,RA24110280000026,RA25110280000065,Academic,2,2026-Sem2
EV005312,RA24110280000026,RA25110280000065,Academic,2,2025-Sem1
EV005313,RA24110280000026,RA25110300000046,Cross-Department,4,2026-Sem1
EV005314,RA24110280000026,RA25110300000046,Cross-Department,3,2025-Sem1
EV005315,RA24110280000026,RA25110300000055,Cross-Department,3,2026-Sem1
EV005316,RA24110280000026,RA25110300000055,Cross-Department,1,2025-Sem1
EV005317,RA24110280000026,RA25110300000058,Cross-Department,2,2025-Sem1
EV005318,RA24110280000026,RA26110030000079,Cross-Department,2,2026-Sem2
EV005319,RA24110280000026,RA26110030000079,Cross-Department,3,2026-Sem2
EV005320,RA24110280000027,RA24110280000028,Social,1,2025-Sem1
EV005321,RA24110280000027,RA24110280000031,Project,1,2025-Sem1
EV005322,RA24110280000027,RA24110280000033,Club,1,2025-Sem1
EV005323,RA24110280000027,RA24110280000033,Club,3,2026-Sem2
EV005324,RA24110280000027,RA24110280000033,Club,2,2026-Sem1
EV005325,RA24110280000027,RA24110280000034,Project,3,2026-Sem1
EV005326,RA24110280000027,RA24110280000035,Event,1,2026-Sem1
EV005327,RA24110280000027,RA24110280000035,Event,2,2025-Sem1
EV005328,RA24110280000027,RA24110280000038,Club,5,2026-Sem2
EV005329,RA24110280000027,RA24110280000041,Event,2,2026-Sem1
EV005330,RA24110280000027,RA24110280000044,Project,1,2026-Sem1
EV005331,RA24110280000027,RA24110290000025,Cross-Department,1,2025-Sem1
EV005332,RA24110280000027,RA24110290000025,Cross-Department,2,2026-Sem2
EV005333,RA24110280000027,RA24110300000044,Cross-Department,1,2025-Sem1
EV005334,RA24110280000027,RA24110300000044,Cross-Department,1,2026-Sem2
EV005335,RA24110280000027,RA24110300000044,Cross-Department,2,2025-Sem1
EV005336,RA24110280000027,RA24110300000044,Cross-Department,2,2026-Sem2
EV005337,RA24110280000027,RA24110300000044,Cross-Department,2,2025-Sem1
EV005338,RA24110280000027,RA25110290000046,Cross-Department,4,2025-Sem1
EV005339,RA24110280000027,RA25110290000061,Cross-Department,2,2025-Sem1
EV005340,RA24110280000027,RA25110290000061,Cross-Department,1,2025-Sem1
EV005341,RA24110280000027,RA25110300000051,Cross-Department,2,2026-Sem1
EV005342,RA24110280000027,RA25110300000052,Cross-Department,1,2026-Sem1
EV005343,RA24110280000027,RA25110300000052,Cross-Department,2,2025-Sem1
EV005344,RA24110280000027,RA25110300000052,Cross-Department,3,2026-Sem2
EV005345,RA24110280000027,RA25110300000065,Cross-Department,2,2026-Sem1
EV005346,RA24110280000027,RA25110300000065,Cross-Department,1,2025-Sem1
EV005347,RA24110280000027,RA25110300000065,Cross-Department,2,2025-Sem1
EV005348,RA24110280000027,RA26110030000086,Cross-Department,1,2025-Sem1
EV005349,RA24110280000027,RA26110030000086,Cross-Department,1,2026-Sem2
EV005350,RA24110280000027,RA26110030000086,Cross-Department,1,2025-Sem1
EV005351,RA24110280000027,RA26110290000069,Cross-Department,3,2025-Sem1
EV005352,RA24110280000027,RA26110290000074,Cross-Department,5,2026-Sem2
EV005353,RA24110280000027,RA26110290000074,Cross-Department,1,2026-Sem1
EV005354,RA24110280000027,RA26110300000083,Cross-Department,2,2026-Sem2
EV005355,RA24110280000027,RA26110300000083,Cross-Department,1,2025-Sem1
EV005356,RA24110280000027,RA26110300000083,Cross-Department,1,2026-Sem2
EV005357,RA24110280000027,RA26110300000086,Cross-Department,2,2026-Sem1
EV005358,RA24110280000027,RA26110540000074,Cross-Department,2,2026-Sem1
EV005359,RA24110280000027,RA26110540000074,Cross-Department,1,2025-Sem1
EV005360,RA24110280000027,RA26110540000074,Cross-Department,2,2025-Sem1
EV005361,RA24110280000027,RA26110540000074,Cross-Department,2,2026-Sem2
EV005362,RA24110280000028,RA24110280000029,Academic,1,2026-Sem2
EV005363,RA24110280000028,RA24110280000030,Project,1,2026-Sem1
EV005364,RA24110280000028,RA24110280000031,Event,1,2026-Sem2
EV005365,RA24110280000028,RA24110280000031,Event,2,2026-Sem2
EV005366,RA24110280000028,RA24110280000031,Event,1,2026-Sem2
EV005367,RA24110280000028,RA24110280000031,Event,3,2026-Sem2
EV005368,RA24110280000028,RA24110280000036,Event,1,2025-Sem1
EV005369,RA24110280000028,RA24110280000036,Event,1,2026-Sem1
EV005370,RA24110280000028,RA24110280000036,Event,1,2026-Sem2
EV005371,RA24110280000028,RA24110280000036,Event,1,2026-Sem2
EV005372,RA24110280000028,RA24110280000036,Event,1,2026-Sem2
EV005373,RA24110280000028,RA24110280000037,Club,1,2026-Sem2
EV005374,RA24110280000028,RA24110280000037,Club,2,2026-Sem1
EV005375,RA24110280000028,RA24110280000040,Club,1,2025-Sem1
EV005376,RA24110280000028,RA24110280000042,Club,1,2026-Sem2
EV005377,RA24110280000028,RA24110280000042,Club,1,2026-Sem1
EV005378,RA24110280000028,RA24110280000042,Club,2,2026-Sem2
EV005379,RA24110280000028,RA24110280000042,Club,3,2026-Sem2
EV005380,RA24110280000028,RA24110280000044,Club,2,2026-Sem2
EV005381,RA24110280000028,RA24110280000044,Club,1,2026-Sem2
EV005382,RA24110280000028,RA26110280000076,Project,1,2026-Sem2
EV005383,RA24110280000028,RA26110280000076,Project,1,2025-Sem1
EV005384,RA24110280000029,RA24110280000030,Project,1,2026-Sem2
EV005385,RA24110280000029,RA24110280000034,Academic,2,2025-Sem1
EV005386,RA24110280000029,RA24110280000037,Event,1,2025-Sem1
EV005387,RA24110280000029,RA24110280000037,Event,1,2026-Sem1
EV005388,RA24110280000029,RA24110280000038,Social,3,2025-Sem1
EV005389,RA24110280000029,RA24110280000038,Social,2,2026-Sem2
EV005390,RA24110280000029,RA24110280000038,Social,2,2026-Sem1
EV005391,RA24110280000029,RA24110280000040,Academic,1,2026-Sem1
EV005392,RA24110280000029,RA24110290000023,Cross-Department,2,2026-Sem2
EV005393,RA24110280000029,RA24110290000023,Cross-Department,2,2026-Sem1
EV005394,RA24110280000029,RA24110290000023,Cross-Department,2,2026-Sem2
EV005395,RA24110280000029,RA24110290000023,Cross-Department,3,2026-Sem1
EV005396,RA24110280000029,RA24110300000023,Cross-Department,5,2025-Sem1
EV005397,RA24110280000029,RA24110540000042,Cross-Department,1,2026-Sem2
EV005398,RA24110280000029,RA24110540000042,Cross-Department,2,2026-Sem1
EV005399,RA24110280000029,RA24110540000042,Cross-Department,1,2025-Sem1
EV005400,RA24110280000029,RA25110300000049,Cross-Department,1,2026-Sem2
EV005401,RA24110280000029,RA25110300000049,Cross-Department,1,2025-Sem1
EV005402,RA24110280000029,RA26110030000076,Cross-Department,1,2025-Sem1
EV005403,RA24110280000029,RA26110030000076,Cross-Department,2,2026-Sem1
EV005404,RA24110280000029,RA26110030000076,Cross-Department,1,2026-Sem1
EV005405,RA24110280000029,RA26110300000068,Cross-Department,3,2025-Sem1
EV005406,RA24110280000029,RA26110300000068,Cross-Department,1,2026-Sem2
EV005407,RA24110280000029,RA26110300000068,Cross-Department,1,2026-Sem1
EV005408,RA24110280000030,RA24110280000031,Project,3,2025-Sem1
EV005409,RA24110280000030,RA24110280000031,Project,2,2025-Sem1
EV005410,RA24110280000030,RA24110280000036,Academic,2,2026-Sem2
EV005411,RA24110280000030,RA24110280000036,Academic,2,2026-Sem1
EV005412,RA24110280000030,RA24110280000039,Club,1,2025-Sem1
EV005413,RA24110280000030,RA24110280000039,Club,1,2025-Sem1
EV005414,RA24110280000030,RA24110280000039,Club,2,2026-Sem2
EV005415,RA24110280000030,RA24110280000039,Club,1,2026-Sem2
EV005416,RA24110280000030,RA24110280000039,Club,1,2025-Sem1
EV005417,RA24110280000030,RA24110280000039,Club,1,2026-Sem2
EV005418,RA24110280000030,RA24110280000039,Club,1,2026-Sem1
EV005419,RA24110280000030,RA24110280000039,Club,1,2026-Sem1
EV005420,RA24110280000030,RA24110280000040,Event,1,2026-Sem2
EV005421,RA24110280000030,RA24110280000042,Academic,3,2026-Sem1
EV005422,RA24110280000030,RA24110280000043,Club,1,2026-Sem1
EV005423,RA24110280000030,RA24110290000038,Cross-Department,2,2025-Sem1
EV005424,RA24110280000030,RA24110290000038,Cross-Department,1,2026-Sem1
EV005425,RA24110280000030,RA25110030000056,Cross-Department,3,2025-Sem1
EV005426,RA24110280000030,RA25110030000056,Cross-Department,1,2026-Sem1
EV005427,RA24110280000030,RA25110030000060,Cross-Department,1,2026-Sem2
EV005428,RA24110280000030,RA25110030000060,Cross-Department,2,2026-Sem2
EV005429,RA24110280000030,RA25110030000060,Cross-Department,1,2026-Sem1
EV005430,RA24110280000030,RA25110030000061,Cross-Department,2,2026-Sem1
EV005431,RA24110280000030,RA25110030000061,Cross-Department,1,2025-Sem1
EV005432,RA24110280000030,RA25110300000045,Cross-Department,1,2026-Sem1
EV005433,RA24110280000030,RA25110300000045,Cross-Department,4,2026-Sem2
EV005434,RA24110280000030,RA25110300000045,Cross-Department,3,2026-Sem2
EV005435,RA24110280000030,RA25110300000045,Cross-Department,1,2026-Sem2
EV005436,RA24110280000030,RA25110300000064,Cross-Department,1,2025-Sem1
EV005437,RA24110280000030,RA25110300000064,Cross-Department,1,2026-Sem2
EV005438,RA24110280000030,RA25110300000064,Cross-Department,1,2026-Sem1
EV005439,RA24110280000030,RA26110290000071,Cross-Department,1,2026-Sem2
EV005440,RA24110280000030,RA26110290000071,Cross-Department,1,2026-Sem2
EV005441,RA24110280000030,RA26110290000071,Cross-Department,1,2025-Sem1
EV005442,RA24110280000030,RA26110290000071,Cross-Department,1,2026-Sem1
EV005443,RA24110280000030,RA26110290000071,Cross-Department,1,2025-Sem1
EV005444,RA24110280000030,RA26110300000087,Cross-Department,2,2026-Sem2
EV005445,RA24110280000031,RA24110280000032,Event,2,2025-Sem1
EV005446,RA24110280000031,RA24110280000033,Club,2,2026-Sem1
EV005447,RA24110280000031,RA24110280000033,Club,2,2026-Sem1
EV005448,RA24110280000031,RA24110280000033,Club,1,2026-Sem1
EV005449,RA24110280000031,RA24110280000033,Club,2,2026-Sem1
EV005450,RA24110280000031,RA24110280000034,Project,1,2026-Sem2
EV005451,RA24110280000031,RA24110280000034,Project,2,2025-Sem1
EV005452,RA24110280000031,RA24110280000037,Academic,2,2026-Sem2
EV005453,RA24110280000031,RA24110280000037,Academic,5,2025-Sem1
EV005454,RA24110280000031,RA24110280000038,Social,3,2025-Sem1
EV005455,RA24110280000031,RA24110280000038,Social,1,2026-Sem1
EV005456,RA24110280000031,RA24110280000038,Social,1,2026-Sem2
EV005457,RA24110280000031,RA24110280000040,Project,5,2025-Sem1
EV005458,RA24110280000031,RA24110280000041,Event,2,2026-Sem1
EV005459,RA24110280000031,RA24110280000042,Social,2,2026-Sem1
EV005460,RA24110280000031,RA24110280000043,Academic,1,2026-Sem1
EV005461,RA24110280000031,RA24110280000044,Social,1,2026-Sem2
EV005462,RA24110280000031,RA24110280000044,Social,2,2026-Sem2
EV005463,RA24110280000031,RA25110280000057,Project,1,2026-Sem2
EV005464,RA24110280000031,RA25110280000057,Project,2,2026-Sem2
EV005465,RA24110280000031,RA25110300000050,Cross-Department,1,2026-Sem1
EV005466,RA24110280000031,RA25110300000050,Cross-Department,1,2026-Sem1
EV005467,RA24110280000031,RA25110300000050,Cross-Department,1,2025-Sem1
EV005468,RA24110280000031,RA26110030000078,Cross-Department,4,2026-Sem1
EV005469,RA24110280000031,RA26110280000085,Social,2,2026-Sem1
EV005470,RA24110280000031,RA26110280000087,Social,2,2026-Sem2
EV005471,RA24110280000031,RA26110280000087,Social,1,2026-Sem2
EV005472,RA24110280000031,RA26110300000082,Cross-Department,2,2026-Sem2
EV005473,RA24110280000031,RA26110300000082,Cross-Department,1,2026-Sem1
EV005474,RA24110280000032,RA24110280000033,Event,1,2025-Sem1
EV005475,RA24110280000032,RA24110280000033,Event,1,2025-Sem1
EV005476,RA24110280000032,RA24110280000034,Event,1,2026-Sem2
EV005477,RA24110280000032,RA24110280000034,Event,4,2025-Sem1
EV005478,RA24110280000032,RA24110280000037,Project,5,2026-Sem2
EV005479,RA24110280000032,RA24110280000037,Project,4,2026-Sem1
EV005480,RA24110280000032,RA24110280000043,Academic,4,2026-Sem2
EV005481,RA24110280000032,RA24110280000043,Academic,4,2026-Sem2
EV005482,RA24110280000032,RA24110280000044,Event,3,2026-Sem1
EV005483,RA24110280000032,RA24110280000044,Event,2,2025-Sem1
EV005484,RA24110280000032,RA24110280000044,Event,1,2026-Sem2
EV005485,RA24110280000032,RA24110280000044,Event,2,2026-Sem2
EV005486,RA24110280000032,RA24110280000044,Event,1,2026-Sem2
EV005487,RA24110280000032,RA24110290000030,Cross-Department,2,2026-Sem2
EV005488,RA24110280000032,RA25110300000055,Cross-Department,3,2026-Sem1
EV005489,RA24110280000032,RA25110300000063,Cross-Department,2,2025-Sem1
EV005490,RA24110280000032,RA25110300000063,Cross-Department,3,2026-Sem1
EV005491,RA24110280000032,RA25110300000063,Cross-Department,1,2025-Sem1
EV005492,RA24110280000032,RA26110030000076,Cross-Department,1,2026-Sem1
EV005493,RA24110280000032,RA26110030000076,Cross-Department,1,2026-Sem1
EV005494,RA24110280000032,RA26110030000076,Cross-Department,1,2026-Sem2
EV005495,RA24110280000032,RA26110290000087,Cross-Department,4,2025-Sem1
EV005496,RA24110280000032,RA26110290000087,Cross-Department,3,2026-Sem2
EV005497,RA24110280000033,RA24110280000034,Club,1,2026-Sem2
EV005498,RA24110280000033,RA24110280000036,Social,2,2026-Sem1
EV005499,RA24110280000033,RA24110280000037,Event,3,2026-Sem1
EV005500,RA24110280000033,RA24110280000041,Club,1,2026-Sem2
EV005501,RA24110280000033,RA24110280000041,Club,2,2026-Sem1
EV005502,RA24110280000033,RA24110300000029,Cross-Department,3,2026-Sem2
EV005503,RA24110280000033,RA24110300000029,Cross-Department,3,2026-Sem2
EV005504,RA24110280000033,RA25110030000061,Cross-Department,2,2026-Sem2
EV005505,RA24110280000033,RA25110030000061,Cross-Department,1,2026-Sem2
EV005506,RA24110280000033,RA25110280000053,Project,2,2026-Sem1
EV005507,RA24110280000033,RA25110290000052,Cross-Department,2,2026-Sem1
EV005508,RA24110280000033,RA25110290000052,Cross-Department,2,2026-Sem1
EV005509,RA24110280000033,RA25110290000052,Cross-Department,1,2026-Sem1
EV005510,RA24110280000033,RA25110290000052,Cross-Department,3,2026-Sem1
EV005511,RA24110280000033,RA25110300000062,Cross-Department,2,2026-Sem1
EV005512,RA24110280000033,RA25110300000062,Cross-Department,1,2026-Sem1
EV005513,RA24110280000033,RA25110300000062,Cross-Department,2,2025-Sem1
EV005514,RA24110280000034,RA24110280000035,Event,1,2025-Sem1
EV005515,RA24110280000034,RA24110280000035,Event,2,2025-Sem1
EV005516,RA24110280000034,RA24110280000035,Event,2,2026-Sem1
EV005517,RA24110280000034,RA24110280000036,Project,2,2026-Sem2
EV005518,RA24110280000034,RA24110280000040,Club,1,2026-Sem2
EV005519,RA24110280000034,RA24110280000041,Club,1,2026-Sem2
EV005520,RA24110280000034,RA24110280000041,Club,3,2025-Sem1
EV005521,RA24110280000034,RA24110280000041,Club,1,2025-Sem1
EV005522,RA24110280000034,RA24110280000043,Academic,1,2025-Sem1
EV005523,RA24110280000034,RA24110280000044,Project,3,2025-Sem1
EV005524,RA24110280000034,RA24110300000032,Cross-Department,2,2026-Sem2
EV005525,RA24110280000034,RA24110300000032,Cross-Department,2,2026-Sem2
EV005526,RA24110280000034,RA24110540000034,Cross-Department,2,2026-Sem2
EV005527,RA24110280000034,RA24110540000034,Cross-Department,6,2025-Sem1
EV005528,RA24110280000034,RA24110540000034,Cross-Department,1,2026-Sem1
EV005529,RA24110280000034,RA25110030000049,Cross-Department,2,2026-Sem1
EV005530,RA24110280000034,RA25110030000052,Cross-Department,4,2025-Sem1
EV005531,RA24110280000034,RA25110030000052,Cross-Department,2,2026-Sem2
EV005532,RA24110280000034,RA25110030000052,Cross-Department,1,2026-Sem2
EV005533,RA24110280000034,RA25110030000052,Cross-Department,1,2025-Sem1
EV005534,RA24110280000034,RA25110030000064,Cross-Department,1,2026-Sem1
EV005535,RA24110280000034,RA25110030000064,Cross-Department,2,2026-Sem1
EV005536,RA24110280000034,RA25110030000064,Cross-Department,1,2026-Sem2
EV005537,RA24110280000034,RA25110290000048,Cross-Department,1,2025-Sem1
EV005538,RA24110280000034,RA25110290000048,Cross-Department,2,2026-Sem1
EV005539,RA24110280000034,RA25110290000048,Cross-Department,1,2026-Sem1
EV005540,RA24110280000034,RA26110290000077,Cross-Department,1,2026-Sem1
EV005541,RA24110280000034,RA26110290000077,Cross-Department,2,2025-Sem1
EV005542,RA24110280000034,RA26110290000077,Cross-Department,1,2026-Sem2
EV005543,RA24110280000034,RA26110300000078,Cross-Department,3,2026-Sem1
EV005544,RA24110280000034,RA26110300000078,Cross-Department,1,2026-Sem2
EV005545,RA24110280000035,RA24110280000036,Project,3,2026-Sem2
EV005546,RA24110280000035,RA24110280000037,Club,4,2026-Sem2
EV005547,RA24110280000035,RA24110280000037,Club,3,2026-Sem2
EV005548,RA24110280000035,RA24110280000037,Club,1,2026-Sem2
EV005549,RA24110280000035,RA24110280000037,Club,2,2026-Sem1
EV005550,RA24110280000035,RA24110280000038,Club,2,2026-Sem2
EV005551,RA24110280000035,RA24110280000038,Club,2,2026-Sem2
EV005552,RA24110280000035,RA24110280000039,Club,2,2026-Sem1
EV005553,RA24110280000035,RA24110300000028,Cross-Department,2,2026-Sem1
EV005554,RA24110280000035,RA25110280000060,Club,1,2026-Sem1
EV005555,RA24110280000035,RA25110280000063,Event,1,2026-Sem2
EV005556,RA24110280000035,RA25110280000063,Event,1,2025-Sem1
EV005557,RA24110280000035,RA25110280000063,Event,1,2026-Sem2
EV005558,RA24110280000035,RA26110030000079,Cross-Department,1,2026-Sem2
EV005559,RA24110280000035,RA26110030000079,Cross-Department,1,2025-Sem1
EV005560,RA24110280000035,RA26110030000079,Cross-Department,1,2026-Sem2
EV005561,RA24110280000036,RA24110280000037,Academic,2,2025-Sem1
EV005562,RA24110280000036,RA24110280000039,Club,1,2025-Sem1
EV005563,RA24110280000036,RA24110280000040,Project,2,2025-Sem1
EV005564,RA24110280000036,RA24110280000040,Project,1,2026-Sem2
EV005565,RA24110280000036,RA24110280000040,Project,1,2025-Sem1
EV005566,RA24110280000036,RA24110280000042,Club,2,2025-Sem1
EV005567,RA24110280000036,RA24110280000043,Event,2,2026-Sem2
EV005568,RA24110280000036,RA24110280000043,Event,4,2025-Sem1
EV005569,RA24110280000036,RA24110280000044,Event,1,2025-Sem1
EV005570,RA24110280000036,RA24110280000044,Event,2,2026-Sem2
EV005571,RA24110280000036,RA24110280000044,Event,1,2026-Sem1
EV005572,RA24110280000036,RA24110290000024,Cross-Department,1,2025-Sem1
EV005573,RA24110280000036,RA24110290000024,Cross-Department,1,2026-Sem2
EV005574,RA24110280000036,RA24110290000024,Cross-Department,1,2026-Sem1
EV005575,RA24110280000036,RA24110290000024,Cross-Department,1,2026-Sem2
EV005576,RA24110280000036,RA25110280000052,Project,2,2026-Sem2
EV005577,RA24110280000036,RA25110280000064,Event,2,2025-Sem1
EV005578,RA24110280000036,RA25110280000064,Event,3,2026-Sem2
EV005579,RA24110280000036,RA25110280000064,Event,1,2025-Sem1
EV005580,RA24110280000036,RA26110290000080,Cross-Department,3,2026-Sem2
EV005581,RA24110280000036,RA26110290000080,Cross-Department,2,2025-Sem1
EV005582,RA24110280000036,RA26110290000081,Cross-Department,4,2026-Sem1
EV005583,RA24110280000036,RA26110290000081,Cross-Department,1,2026-Sem1
EV005584,RA24110280000036,RA26110290000081,Cross-Department,4,2026-Sem1
EV005585,RA24110280000036,RA26110290000081,Cross-Department,2,2025-Sem1
EV005586,RA24110280000036,RA26110290000081,Cross-Department,1,2026-Sem1
EV005587,RA24110280000036,RA26110290000081,Cross-Department,1,2026-Sem1
EV005588,RA24110280000036,RA26110290000081,Cross-Department,1,2025-Sem1
EV005589,RA24110280000037,RA24110280000038,Event,4,2026-Sem1
EV005590,RA24110280000037,RA24110280000038,Event,4,2026-Sem2
EV005591,RA24110280000037,RA24110280000040,Academic,1,2026-Sem1
EV005592,RA24110280000037,RA24110280000040,Academic,1,2025-Sem1
EV005593,RA24110280000037,RA25110030000057,Cross-Department,3,2025-Sem1
EV005594,RA24110280000037,RA25110030000057,Cross-Department,2,2025-Sem1
EV005595,RA24110280000037,RA25110270000064,Cross-Department,4,2025-Sem1
EV005596,RA24110280000037,RA25110270000064,Cross-Department,3,2026-Sem2
EV005597,RA24110280000037,RA25110280000045,Social,1,2026-Sem1
EV005598,RA24110280000037,RA25110280000049,Academic,2,2026-Sem1
EV005599,RA24110280000037,RA25110280000049,Academic,1,2026-Sem1
EV005600,RA24110280000037,RA25110280000049,Academic,2,2026-Sem2
EV005601,RA24110280000037,RA25110280000049,Academic,2,2025-Sem1
EV005602,RA24110280000037,RA26110280000069,Club,1,2025-Sem1
EV005603,RA24110280000037,RA26110280000074,Project,1,2025-Sem1
EV005604,RA24110280000037,RA26110280000074,Project,2,2026-Sem2
EV005605,RA24110280000037,RA26110280000074,Project,1,2025-Sem1
EV005606,RA24110280000037,RA26110280000079,Event,1,2026-Sem2
EV005607,RA24110280000037,RA26110280000079,Event,3,2025-Sem1
EV005608,RA24110280000037,RA26110280000087,Event,2,2025-Sem1
EV005609,RA24110280000037,RA26110290000069,Cross-Department,2,2026-Sem2
EV005610,RA24110280000037,RA26110290000069,Cross-Department,1,2026-Sem2
EV005611,RA24110280000038,RA24110280000039,Club,2,2025-Sem1
EV005612,RA24110280000038,RA24110280000041,Academic,2,2026-Sem1
EV005613,RA24110280000038,RA24110280000042,Academic,1,2026-Sem2
EV005614,RA24110280000038,RA24110280000042,Academic,4,2026-Sem1
EV005615,RA24110280000038,RA24110280000044,Project,2,2026-Sem2
EV005616,RA24110280000038,RA24110280000044,Project,1,2025-Sem1
EV005617,RA24110280000038,RA24110290000028,Cross-Department,4,2026-Sem1
EV005618,RA24110280000038,RA24110290000028,Cross-Department,2,2026-Sem1
EV005619,RA24110280000038,RA25110280000048,Club,3,2026-Sem2
EV005620,RA24110280000038,RA25110280000048,Club,1,2026-Sem1
EV005621,RA24110280000038,RA25110280000063,Social,1,2026-Sem1
EV005622,RA24110280000038,RA25110280000063,Social,1,2026-Sem1
EV005623,RA24110280000038,RA26110030000074,Cross-Department,3,2026-Sem1
EV005624,RA24110280000038,RA26110030000074,Cross-Department,1,2026-Sem1
EV005625,RA24110280000038,RA26110030000074,Cross-Department,1,2026-Sem2
EV005626,RA24110280000038,RA26110290000071,Cross-Department,2,2026-Sem1
EV005627,RA24110280000038,RA26110290000071,Cross-Department,1,2026-Sem1
EV005628,RA24110280000039,RA24110280000040,Event,2,2025-Sem1
EV005629,RA24110280000039,RA24110280000042,Social,1,2026-Sem2
EV005630,RA24110280000039,RA24110280000043,Club,1,2025-Sem1
EV005631,RA24110280000039,RA24110280000043,Club,3,2025-Sem1
EV005632,RA24110280000039,RA24110280000043,Club,2,2026-Sem2
EV005633,RA24110280000039,RA24110280000043,Club,3,2026-Sem1
EV005634,RA24110280000039,RA24110280000044,Project,2,2026-Sem2
EV005635,RA24110280000039,RA24110280000044,Project,2,2026-Sem1
EV005636,RA24110280000039,RA24110280000044,Project,1,2025-Sem1
EV005637,RA24110280000039,RA24110290000023,Cross-Department,1,2026-Sem1
EV005638,RA24110280000039,RA24110290000023,Cross-Department,1,2026-Sem2
EV005639,RA24110280000039,RA24110290000023,Cross-Department,3,2026-Sem1
EV005640,RA24110280000039,RA24110290000023,Cross-Department,2,2025-Sem1
EV005641,RA24110280000039,RA24110290000038,Cross-Department,1,2025-Sem1
EV005642,RA24110280000039,RA24110290000038,Cross-Department,1,2026-Sem1
EV005643,RA24110280000039,RA24110300000041,Cross-Department,2,2026-Sem1
EV005644,RA24110280000039,RA25110030000053,Cross-Department,3,2026-Sem1
EV005645,RA24110280000039,RA25110030000053,Cross-Department,2,2026-Sem1
EV005646,RA24110280000039,RA25110030000053,Cross-Department,1,2026-Sem1
EV005647,RA24110280000039,RA25110280000060,Event,1,2026-Sem1
EV005648,RA24110280000039,RA25110290000054,Cross-Department,3,2025-Sem1
EV005649,RA24110280000039,RA25110290000054,Cross-Department,2,2025-Sem1
EV005650,RA24110280000039,RA25110290000054,Cross-Department,1,2026-Sem1
EV005651,RA24110280000039,RA25110290000054,Cross-Department,1,2026-Sem2
EV005652,RA24110280000039,RA25110300000046,Cross-Department,4,2025-Sem1
EV005653,RA24110280000039,RA25110300000055,Cross-Department,1,2026-Sem1
EV005654,RA24110280000039,RA25110300000055,Cross-Department,3,2026-Sem1
EV005655,RA24110280000039,RA26110030000074,Cross-Department,1,2026-Sem2
EV005656,RA24110280000039,RA26110030000074,Cross-Department,2,2025-Sem1
EV005657,RA24110280000039,RA26110030000074,Cross-Department,2,2026-Sem2
EV005658,RA24110280000039,RA26110280000088,Social,1,2025-Sem1
EV005659,RA24110280000039,RA26110290000071,Cross-Department,1,2025-Sem1
EV005660,RA24110280000039,RA26110290000071,Cross-Department,4,2025-Sem1
EV005661,RA24110280000039,RA26110290000079,Cross-Department,1,2026-Sem1
EV005662,RA24110280000039,RA26110290000079,Cross-Department,3,2026-Sem2
EV005663,RA24110280000039,RA26110290000079,Cross-Department,2,2026-Sem2
EV005664,RA24110280000039,RA26110290000087,Cross-Department,1,2025-Sem1
EV005665,RA24110280000039,RA26110290000087,Cross-Department,1,2026-Sem1
EV005666,RA24110280000039,RA26110290000087,Cross-Department,4,2026-Sem2
EV005667,RA24110280000039,RA26110300000084,Cross-Department,3,2026-Sem2
EV005668,RA24110280000039,RA26110300000084,Cross-Department,2,2026-Sem1
EV005669,RA24110280000040,RA24110280000041,Project,2,2026-Sem1
EV005670,RA24110280000040,RA24110280000043,Event,2,2026-Sem1
EV005671,RA24110280000040,RA24110300000038,Cross-Department,5,2026-Sem1
EV005672,RA24110280000040,RA24110300000038,Cross-Department,1,2026-Sem1
EV005673,RA24110280000040,RA24110300000038,Cross-Department,1,2025-Sem1
EV005674,RA24110280000040,RA24110300000038,Cross-Department,2,2026-Sem1
EV005675,RA24110280000040,RA25110030000055,Cross-Department,1,2026-Sem1
EV005676,RA24110280000040,RA25110030000055,Cross-Department,3,2025-Sem1
EV005677,RA24110280000040,RA25110030000055,Cross-Department,1,2026-Sem1
EV005678,RA24110280000040,RA25110030000055,Cross-Department,2,2026-Sem2
EV005679,RA24110280000040,RA26110280000076,Academic,2,2026-Sem2
EV005680,RA24110280000040,RA26110280000076,Academic,2,2025-Sem1
EV005681,RA24110280000040,RA26110280000077,Academic,2,2025-Sem1
EV005682,RA24110280000041,RA24110280000042,Club,1,2026-Sem1
EV005683,RA24110280000041,RA24110280000042,Club,1,2025-Sem1
EV005684,RA24110280000041,RA24110280000042,Club,1,2026-Sem1
EV005685,RA24110280000041,RA24110280000043,Event,1,2025-Sem1
EV005686,RA24110280000041,RA26110280000085,Project,2,2025-Sem1
EV005687,RA24110280000041,RA26110280000085,Project,2,2026-Sem2
EV005688,RA24110280000042,RA24110280000043,Project,2,2026-Sem2
EV005689,RA24110280000042,RA24110280000043,Project,1,2026-Sem2
EV005690,RA24110280000042,RA25110030000066,Cross-Department,1,2025-Sem1
EV005691,RA24110280000042,RA25110030000066,Cross-Department,1,2026-Sem1
EV005692,RA24110280000042,RA25110030000066,Cross-Department,2,2026-Sem1
EV005693,RA24110280000042,RA25110290000056,Cross-Department,2,2026-Sem1
EV005694,RA24110280000042,RA25110290000056,Cross-Department,2,2025-Sem1
EV005695,RA24110280000043,RA24110280000044,Club,3,2026-Sem1
EV005696,RA24110280000043,RA24110300000041,Cross-Department,3,2025-Sem1
EV005697,RA24110280000043,RA24110300000041,Cross-Department,2,2025-Sem1
EV005698,RA24110280000043,RA25110030000062,Cross-Department,3,2025-Sem1
EV005699,RA24110280000043,RA25110030000062,Cross-Department,2,2025-Sem1
EV005700,RA24110280000043,RA25110030000062,Cross-Department,1,2026-Sem1
EV005701,RA24110280000043,RA25110030000062,Cross-Department,2,2025-Sem1
EV005702,RA24110280000043,RA25110030000062,Cross-Department,2,2025-Sem1
EV005703,RA24110280000043,RA25110030000062,Cross-Department,1,2026-Sem2
EV005704,RA24110280000043,RA25110030000062,Cross-Department,1,2026-Sem1
EV005705,RA24110280000043,RA25110280000065,Project,2,2026-Sem1
EV005706,RA24110280000043,RA25110280000065,Project,1,2025-Sem1
EV005707,RA24110280000043,RA26110030000087,Cross-Department,2,2026-Sem2
EV005708,RA24110280000043,RA26110540000072,Cross-Department,2,2025-Sem1
EV005709,RA24110280000043,RA26110540000072,Cross-Department,1,2026-Sem2
EV005710,RA24110280000043,RA26110540000073,Cross-Department,3,2026-Sem2
EV005711,RA24110280000043,RA26110540000073,Cross-Department,2,2026-Sem2
EV005712,RA24110280000043,RA26110540000073,Cross-Department,1,2026-Sem2
EV005713,RA24110280000043,RA26110540000073,Cross-Department,1,2025-Sem1
EV005714,RA24110280000043,RA26110540000073,Cross-Department,1,2026-Sem2
EV005715,RA24110280000044,RA24110290000032,Cross-Department,3,2026-Sem1
EV005716,RA24110280000044,RA24110290000032,Cross-Department,2,2026-Sem1
EV005717,RA24110280000044,RA24110290000032,Cross-Department,4,2025-Sem1
EV005718,RA24110280000044,RA24110300000025,Cross-Department,3,2025-Sem1
EV005719,RA24110280000044,RA24110300000025,Cross-Department,1,2026-Sem1
EV005720,RA24110280000044,RA24110300000038,Cross-Department,4,2026-Sem2
EV005721,RA24110280000044,RA24110300000038,Cross-Department,1,2026-Sem1
EV005722,RA24110280000044,RA24110300000042,Cross-Department,1,2026-Sem1
EV005723,RA24110280000044,RA24110300000042,Cross-Department,3,2025-Sem1
EV005724,RA24110280000044,RA25110280000045,Club,3,2026-Sem1
EV005725,RA24110280000044,RA25110280000045,Club,1,2026-Sem2
EV005726,RA24110280000044,RA25110290000055,Cross-Department,2,2025-Sem1
EV005727,RA24110280000044,RA25110290000055,Cross-Department,2,2026-Sem2
EV005728,RA24110280000044,RA25110290000055,Cross-Department,4,2026-Sem1
EV005729,RA24110280000044,RA25110290000055,Cross-Department,1,2026-Sem1
EV005730,RA24110280000044,RA25110290000055,Cross-Department,3,2026-Sem1
EV005731,RA24110280000044,RA25110290000060,Cross-Department,1,2025-Sem1
EV005732,RA24110280000044,RA25110290000060,Cross-Department,3,2025-Sem1
EV005733,RA24110280000044,RA25110560000059,Cross-Department,1,2026-Sem1
EV005734,RA24110280000044,RA25110560000059,Cross-Department,2,2025-Sem1
EV005735,RA24110280000044,RA25110560000059,Cross-Department,3,2026-Sem1
EV005736,RA24110280000044,RA25110560000059,Cross-Department,1,2026-Sem1
EV005737,RA24110280000044,RA26110290000085,Cross-Department,2,2026-Sem2
EV005738,RA24110280000044,RA26110290000085,Cross-Department,1,2026-Sem2
EV005739,RA24110280000044,RA26110290000085,Cross-Department,2,2026-Sem2
EV005740,RA24110280000044,RA26110290000085,Cross-Department,2,2025-Sem1
EV005741,RA24110280000044,RA26110290000086,Cross-Department,1,2026-Sem2
EV005742,RA24110280000044,RA26110290000086,Cross-Department,1,2025-Sem1
EV005743,RA24110290000023,RA24110290000024,Event,1,2026-Sem2
EV005744,RA24110290000023,RA24110290000024,Event,1,2026-Sem1
EV005745,RA24110290000023,RA24110290000024,Event,2,2026-Sem2
EV005746,RA24110290000023,RA24110290000024,Event,1,2026-Sem1
EV005747,RA24110290000023,RA24110290000024,Event,5,2026-Sem1
EV005748,RA24110290000023,RA24110290000024,Event,2,2025-Sem1
EV005749,RA24110290000023,RA24110290000025,Academic,3,2025-Sem1
EV005750,RA24110290000023,RA24110290000025,Academic,2,2026-Sem1
EV005751,RA24110290000023,RA24110290000025,Academic,1,2026-Sem1
EV005752,RA24110290000023,RA24110290000028,Social,1,2025-Sem1
EV005753,RA24110290000023,RA24110290000028,Social,1,2026-Sem2
EV005754,RA24110290000023,RA24110290000029,Project,1,2026-Sem1
EV005755,RA24110290000023,RA24110290000029,Project,2,2026-Sem1
EV005756,RA24110290000023,RA24110290000032,Project,2,2025-Sem1
EV005757,RA24110290000023,RA24110290000033,Project,2,2026-Sem2
EV005758,RA24110290000023,RA24110290000033,Project,2,2026-Sem1
EV005759,RA24110290000023,RA24110290000034,Event,4,2026-Sem1
EV005760,RA24110290000023,RA24110290000034,Event,2,2026-Sem1
EV005761,RA24110290000023,RA24110290000034,Event,3,2026-Sem1
EV005762,RA24110290000023,RA24110290000035,Project,3,2026-Sem1
EV005763,RA24110290000023,RA24110290000037,Club,1,2026-Sem1
EV005764,RA24110290000023,RA24110290000038,Social,1,2026-Sem1
EV005765,RA24110290000023,RA24110290000038,Social,1,2026-Sem1
EV005766,RA24110290000023,RA24110290000038,Social,2,2025-Sem1
EV005767,RA24110290000023,RA24110290000038,Social,1,2025-Sem1
EV005768,RA24110290000023,RA24110290000039,Club,1,2026-Sem2
EV005769,RA24110290000023,RA24110290000042,Project,1,2026-Sem2
EV005770,RA24110290000023,RA24110290000043,Project,1,2025-Sem1
EV005771,RA24110290000023,RA24110290000044,Academic,3,2025-Sem1
EV005772,RA24110290000023,RA25110280000054,Cross-Department,2,2026-Sem2
EV005773,RA24110290000023,RA25110280000054,Cross-Department,1,2026-Sem2
EV005774,RA24110290000023,RA25110280000054,Cross-Department,1,2026-Sem1
EV005775,RA24110290000023,RA25110280000054,Cross-Department,3,2026-Sem1
EV005776,RA24110290000023,RA25110280000054,Cross-Department,1,2025-Sem1
EV005777,RA24110290000023,RA25110290000061,Academic,3,2025-Sem1
EV005778,RA24110290000023,RA25110290000061,Academic,1,2025-Sem1
EV005779,RA24110290000023,RA25110290000061,Academic,2,2026-Sem2
EV005780,RA24110290000023,RA26110030000088,Cross-Department,1,2026-Sem2
EV005781,RA24110290000023,RA26110030000088,Cross-Department,1,2026-Sem2
EV005782,RA24110290000023,RA26110030000088,Cross-Department,2,2026-Sem1
EV005783,RA24110290000023,RA26110030000088,Cross-Department,3,2026-Sem1
EV005784,RA24110290000023,RA26110290000084,Social,1,2026-Sem1
EV005785,RA24110290000023,RA26110290000084,Social,2,2025-Sem1
EV005786,RA24110290000023,RA26110290000087,Social,2,2026-Sem2
EV005787,RA24110290000024,RA24110290000025,Academic,2,2026-Sem2
EV005788,RA24110290000024,RA24110290000025,Academic,1,2026-Sem2
EV005789,RA24110290000024,RA24110290000025,Academic,2,2025-Sem1
EV005790,RA24110290000024,RA24110290000026,Event,2,2026-Sem1
EV005791,RA24110290000024,RA24110290000029,Project,2,2025-Sem1
EV005792,RA24110290000024,RA24110290000029,Project,1,2026-Sem1
EV005793,RA24110290000024,RA24110290000029,Project,2,2026-Sem1
EV005794,RA24110290000024,RA24110290000031,Club,2,2026-Sem2
EV005795,RA24110290000024,RA24110290000033,Event,1,2025-Sem1
EV005796,RA24110290000024,RA24110290000033,Event,1,2026-Sem1
EV005797,RA24110290000024,RA24110290000034,Academic,2,2025-Sem1
EV005798,RA24110290000024,RA24110290000036,Project,3,2026-Sem1
EV005799,RA24110290000024,RA24110290000038,Event,3,2026-Sem1
EV005800,RA24110290000024,RA24110290000040,Club,1,2025-Sem1
EV005801,RA24110290000024,RA25110030000045,Cross-Department,3,2025-Sem1
EV005802,RA24110290000024,RA25110030000045,Cross-Department,1,2026-Sem1
EV005803,RA24110290000025,RA24110290000026,Academic,1,2025-Sem1
EV005804,RA24110290000025,RA24110290000026,Academic,2,2026-Sem2
EV005805,RA24110290000025,RA24110290000027,Project,2,2026-Sem2
EV005806,RA24110290000025,RA24110290000030,Event,2,2026-Sem1
EV005807,RA24110290000025,RA24110290000030,Event,1,2025-Sem1
EV005808,RA24110290000025,RA24110290000032,Project,5,2026-Sem2
EV005809,RA24110290000025,RA24110290000036,Academic,2,2025-Sem1
EV005810,RA24110290000025,RA24110290000036,Academic,1,2026-Sem2
EV005811,RA24110290000025,RA24110290000038,Event,4,2026-Sem1
EV005812,RA24110290000025,RA24110290000039,Social,2,2026-Sem2
EV005813,RA24110290000025,RA24110290000041,Social,6,2026-Sem1
EV005814,RA24110290000025,RA24110290000042,Academic,1,2026-Sem2
EV005815,RA24110290000025,RA24110290000043,Project,1,2026-Sem2
EV005816,RA24110290000025,RA24110290000044,Academic,4,2026-Sem2
EV005817,RA24110290000025,RA24110290000044,Academic,1,2025-Sem1
EV005818,RA24110290000025,RA24110290000044,Academic,1,2026-Sem2
EV005819,RA24110290000025,RA25110280000052,Cross-Department,2,2025-Sem1
EV005820,RA24110290000025,RA25110280000052,Cross-Department,1,2025-Sem1
EV005821,RA24110290000025,RA25110280000052,Cross-Department,4,2025-Sem1
EV005822,RA24110290000025,RA25110280000052,Cross-Department,2,2025-Sem1
EV005823,RA24110290000025,RA26110030000080,Cross-Department,2,2025-Sem1
EV005824,RA24110290000025,RA26110280000077,Cross-Department,1,2026-Sem1
EV005825,RA24110290000025,RA26110280000077,Cross-Department,1,2025-Sem1
EV005826,RA24110290000025,RA26110290000087,Project,2,2025-Sem1
EV005827,RA24110290000025,RA26110290000087,Project,1,2026-Sem1
EV005828,RA24110290000025,RA26110290000087,Project,3,2026-Sem2
EV005829,RA24110290000025,RA26110290000087,Project,1,2026-Sem2
EV005830,RA24110290000025,RA26110290000087,Project,1,2025-Sem1
EV005831,RA24110290000026,RA24110290000027,Club,1,2026-Sem1
EV005832,RA24110290000026,RA24110290000027,Club,1,2025-Sem1
EV005833,RA24110290000026,RA24110290000028,Event,1,2025-Sem1
EV005834,RA24110290000026,RA24110290000029,Project,2,2026-Sem1
EV005835,RA24110290000026,RA24110290000029,Project,1,2026-Sem2
EV005836,RA24110290000026,RA24110290000029,Project,2,2026-Sem1
EV005837,RA24110290000026,RA24110290000029,Project,1,2026-Sem1
EV005838,RA24110290000026,RA24110290000031,Project,1,2025-Sem1
EV005839,RA24110290000026,RA24110290000031,Project,2,2025-Sem1
EV005840,RA24110290000026,RA24110290000031,Project,1,2025-Sem1
EV005841,RA24110290000026,RA24110290000032,Project,3,2025-Sem1
EV005842,RA24110290000026,RA24110290000032,Project,3,2025-Sem1
EV005843,RA24110290000026,RA24110290000033,Academic,2,2026-Sem2
EV005844,RA24110290000026,RA24110290000035,Project,2,2026-Sem1
EV005845,RA24110290000026,RA24110290000037,Social,1,2026-Sem1
EV005846,RA24110290000026,RA24110290000037,Social,2,2026-Sem2
EV005847,RA24110290000026,RA24110290000038,Club,1,2025-Sem1
EV005848,RA24110290000026,RA24110290000039,Event,3,2025-Sem1
EV005849,RA24110290000026,RA24110290000043,Academic,2,2025-Sem1
EV005850,RA24110290000026,RA24110290000043,Academic,4,2025-Sem1
EV005851,RA24110290000026,RA24110290000043,Academic,1,2026-Sem1
EV005852,RA24110290000026,RA25110030000048,Cross-Department,3,2026-Sem2
EV005853,RA24110290000026,RA25110030000048,Cross-Department,1,2026-Sem2
EV005854,RA24110290000026,RA25110030000055,Cross-Department,3,2025-Sem1
EV005855,RA24110290000026,RA25110290000054,Club,1,2025-Sem1
EV005856,RA24110290000026,RA25110290000054,Club,3,2025-Sem1
EV005857,RA24110290000026,RA25110290000054,Club,4,2026-Sem1
EV005858,RA24110290000026,RA25110290000055,Event,1,2026-Sem1
EV005859,RA24110290000026,RA25110290000058,Project,1,2026-Sem2
EV005860,RA24110290000026,RA25110290000066,Club,1,2026-Sem2
EV005861,RA24110290000026,RA25110290000066,Club,3,2026-Sem2
EV005862,RA24110290000026,RA25110290000066,Club,1,2026-Sem2
EV005863,RA24110290000026,RA26110280000087,Cross-Department,1,2026-Sem2
EV005864,RA24110290000026,RA26110280000087,Cross-Department,2,2026-Sem2
EV005865,RA24110290000027,RA24110290000028,Club,1,2025-Sem1
EV005866,RA24110290000027,RA24110290000031,Academic,2,2026-Sem1
EV005867,RA24110290000027,RA24110290000032,Event,4,2026-Sem2
EV005868,RA24110290000027,RA24110290000032,Event,1,2025-Sem1
EV005869,RA24110290000027,RA24110290000032,Event,2,2026-Sem2
EV005870,RA24110290000027,RA24110290000040,Club,3,2026-Sem1
EV005871,RA24110290000027,RA24110290000041,Club,3,2026-Sem2
EV005872,RA24110290000027,RA24110290000043,Project,1,2026-Sem2
EV005873,RA24110290000027,RA24110290000044,Project,1,2026-Sem1
EV005874,RA24110290000027,RA26110030000068,Cross-Department,1,2026-Sem1
EV005875,RA24110290000027,RA26110030000068,Cross-Department,1,2026-Sem1
EV005876,RA24110290000027,RA26110030000069,Cross-Department,4,2025-Sem1
EV005877,RA24110290000027,RA26110030000069,Cross-Department,1,2026-Sem2
EV005878,RA24110290000028,RA24110290000029,Event,4,2025-Sem1
EV005879,RA24110290000028,RA24110290000032,Project,1,2026-Sem2
EV005880,RA24110290000028,RA24110290000035,Social,2,2025-Sem1
EV005881,RA24110290000028,RA24110290000036,Event,1,2026-Sem2
EV005882,RA24110290000028,RA24110290000036,Event,1,2026-Sem2
EV005883,RA24110290000028,RA24110290000039,Social,1,2025-Sem1
EV005884,RA24110290000028,RA24110290000039,Social,2,2026-Sem2
EV005885,RA24110290000028,RA24110290000039,Social,2,2026-Sem1
EV005886,RA24110290000028,RA24110290000041,Club,3,2026-Sem2
EV005887,RA24110290000028,RA24110290000041,Club,4,2025-Sem1
EV005888,RA24110290000028,RA24110290000043,Club,4,2025-Sem1
EV005889,RA24110290000028,RA24110290000043,Club,2,2025-Sem1
EV005890,RA24110290000028,RA24110290000043,Club,1,2026-Sem2
EV005891,RA24110290000028,RA24110290000044,Event,2,2026-Sem2
EV005892,RA24110290000028,RA26110030000088,Cross-Department,1,2025-Sem1
EV005893,RA24110290000028,RA26110030000088,Cross-Department,5,2026-Sem1
EV005894,RA24110290000028,RA26110030000088,Cross-Department,4,2026-Sem2
EV005895,RA24110290000028,RA26110030000088,Cross-Department,2,2026-Sem1
EV005896,RA24110290000029,RA24110290000030,Academic,1,2025-Sem1
EV005897,RA24110290000029,RA24110290000031,Social,1,2026-Sem1
EV005898,RA24110290000029,RA24110290000031,Social,1,2026-Sem2
EV005899,RA24110290000029,RA24110290000031,Social,2,2026-Sem1
EV005900,RA24110290000029,RA24110290000031,Social,1,2026-Sem2
EV005901,RA24110290000029,RA24110290000031,Social,2,2026-Sem1
EV005902,RA24110290000029,RA24110290000032,Social,1,2026-Sem2
EV005903,RA24110290000029,RA24110290000035,Social,2,2026-Sem1
EV005904,RA24110290000029,RA24110290000035,Social,1,2026-Sem1
EV005905,RA24110290000029,RA24110290000039,Academic,2,2026-Sem2
EV005906,RA24110290000029,RA24110290000039,Academic,1,2026-Sem2
EV005907,RA24110290000029,RA24110290000039,Academic,1,2026-Sem1
EV005908,RA24110290000029,RA24110290000041,Club,5,2026-Sem2
EV005909,RA24110290000029,RA24110290000041,Club,3,2026-Sem1
EV005910,RA24110290000029,RA24110290000042,Club,2,2025-Sem1
EV005911,RA24110290000029,RA24110290000043,Event,2,2025-Sem1
EV005912,RA24110290000029,RA24110290000044,Project,1,2025-Sem1
EV005913,RA24110290000029,RA25110030000050,Cross-Department,2,2025-Sem1
EV005914,RA24110290000029,RA25110030000050,Cross-Department,1,2026-Sem2
EV005915,RA24110290000029,RA25110030000050,Cross-Department,1,2025-Sem1
EV005916,RA24110290000029,RA25110030000050,Cross-Department,1,2025-Sem1
EV005917,RA24110290000029,RA25110030000050,Cross-Department,1,2025-Sem1
EV005918,RA24110290000029,RA25110280000064,Cross-Department,1,2026-Sem2
EV005919,RA24110290000029,RA25110280000064,Cross-Department,4,2026-Sem1
EV005920,RA24110290000029,RA25110280000064,Cross-Department,1,2026-Sem1
EV005921,RA24110290000029,RA26110280000067,Cross-Department,3,2026-Sem2
EV005922,RA24110290000029,RA26110280000067,Cross-Department,1,2026-Sem1
EV005923,RA24110290000029,RA26110280000067,Cross-Department,2,2026-Sem2
EV005924,RA24110290000029,RA26110290000087,Academic,4,2026-Sem2
EV005925,RA24110290000029,RA26110290000087,Academic,1,2025-Sem1
EV005926,RA24110290000029,RA26110300000086,Cross-Department,2,2025-Sem1
EV005927,RA24110290000029,RA26110300000086,Cross-Department,3,2026-Sem1
EV005928,RA24110290000030,RA24110290000031,Event,1,2026-Sem1
EV005929,RA24110290000030,RA24110290000031,Event,2,2026-Sem1
EV005930,RA24110290000030,RA24110290000031,Event,1,2026-Sem2
EV005931,RA24110290000030,RA24110290000031,Event,3,2026-Sem2
EV005932,RA24110290000030,RA24110290000033,Club,1,2026-Sem1
EV005933,RA24110290000030,RA24110290000033,Club,2,2026-Sem1
EV005934,RA24110290000030,RA24110290000033,Club,1,2026-Sem2
EV005935,RA24110290000030,RA24110290000033,Club,1,2026-Sem2
EV005936,RA24110290000030,RA24110290000033,Club,1,2026-Sem1
EV005937,RA24110290000030,RA24110290000035,Event,3,2026-Sem1
EV005938,RA24110290000030,RA24110290000035,Event,1,2025-Sem1
EV005939,RA24110290000030,RA24110290000036,Academic,2,2026-Sem1
EV005940,RA24110290000030,RA24110290000037,Social,1,2025-Sem1
EV005941,RA24110290000030,RA24110290000040,Project,3,2026-Sem2
EV005942,RA24110290000030,RA24110290000040,Project,2,2025-Sem1
EV005943,RA24110290000030,RA24110290000041,Social,1,2026-Sem2
EV005944,RA24110290000030,RA24110290000043,Social,2,2025-Sem1
EV005945,RA24110290000030,RA24110290000043,Social,2,2026-Sem1
EV005946,RA24110290000030,RA25110030000060,Cross-Department,2,2026-Sem2
EV005947,RA24110290000030,RA25110030000060,Cross-Department,1,2026-Sem1
EV005948,RA24110290000030,RA25110030000060,Cross-Department,1,2026-Sem2
EV005949,RA24110290000030,RA25110030000060,Cross-Department,1,2026-Sem2
EV005950,RA24110290000030,RA25110030000060,Cross-Department,1,2026-Sem1
EV005951,RA24110290000030,RA26110280000080,Cross-Department,1,2026-Sem2
EV005952,RA24110290000030,RA26110280000080,Cross-Department,2,2026-Sem1
EV005953,RA24110290000030,RA26110280000080,Cross-Department,1,2025-Sem1
EV005954,RA24110290000030,RA26110280000080,Cross-Department,1,2025-Sem1
EV005955,RA24110290000030,RA26110280000080,Cross-Department,2,2026-Sem1
EV005956,RA24110290000031,RA24110290000032,Club,3,2026-Sem2
EV005957,RA24110290000031,RA24110290000033,Club,1,2026-Sem2
EV005958,RA24110290000031,RA24110290000037,Event,1,2026-Sem2
EV005959,RA24110290000031,RA24110290000037,Event,1,2026-Sem2
EV005960,RA24110290000031,RA24110290000037,Event,3,2025-Sem1
EV005961,RA24110290000031,RA24110290000037,Event,1,2026-Sem1
EV005962,RA24110290000031,RA24110290000040,Social,2,2025-Sem1
EV005963,RA24110290000031,RA24110290000040,Social,2,2025-Sem1
EV005964,RA24110290000031,RA24110290000041,Club,1,2025-Sem1
EV005965,RA24110290000031,RA24110290000041,Club,3,2025-Sem1
EV005966,RA24110290000031,RA24110290000041,Club,1,2026-Sem1
EV005967,RA24110290000031,RA24110290000043,Event,3,2026-Sem1
EV005968,RA24110290000031,RA24110290000043,Event,1,2026-Sem1
EV005969,RA24110290000031,RA26110290000083,Event,3,2026-Sem1
EV005970,RA24110290000031,RA26110290000083,Event,1,2025-Sem1
EV005971,RA24110290000031,RA26110290000083,Event,1,2026-Sem1
EV005972,RA24110290000032,RA24110290000033,Academic,1,2025-Sem1
EV005973,RA24110290000032,RA24110290000035,Academic,2,2025-Sem1
EV005974,RA24110290000032,RA24110290000035,Academic,1,2026-Sem1
EV005975,RA24110290000032,RA24110290000035,Academic,2,2026-Sem2
EV005976,RA24110290000032,RA24110290000035,Academic,1,2025-Sem1
EV005977,RA24110290000032,RA24110290000038,Academic,1,2025-Sem1
EV005978,RA24110290000032,RA24110290000038,Academic,1,2026-Sem2
EV005979,RA24110290000032,RA24110290000038,Academic,1,2025-Sem1
EV005980,RA24110290000032,RA24110290000038,Academic,1,2025-Sem1
EV005981,RA24110290000032,RA24110290000038,Academic,2,2025-Sem1
EV005982,RA24110290000032,RA24110290000038,Academic,1,2026-Sem2
EV005983,RA24110290000032,RA24110290000039,Club,3,2026-Sem1
EV005984,RA24110290000032,RA24110290000039,Club,2,2026-Sem1
EV005985,RA24110290000032,RA24110290000040,Club,3,2026-Sem1
EV005986,RA24110290000032,RA25110280000060,Cross-Department,2,2025-Sem1
EV005987,RA24110290000032,RA25110280000060,Cross-Department,2,2025-Sem1
EV005988,RA24110290000032,RA25110280000060,Cross-Department,1,2026-Sem2
EV005989,RA24110290000032,RA25110290000054,Academic,4,2026-Sem2
EV005990,RA24110290000032,RA25110290000054,Academic,1,2026-Sem2
EV005991,RA24110290000032,RA26110290000068,Academic,1,2025-Sem1
EV005992,RA24110290000032,RA26110290000068,Academic,1,2026-Sem1
EV005993,RA24110290000032,RA26110290000068,Academic,2,2025-Sem1
EV005994,RA24110290000032,RA26110290000068,Academic,1,2026-Sem2
EV005995,RA24110290000032,RA26110290000071,Social,2,2026-Sem2
EV005996,RA24110290000032,RA26110290000071,Social,1,2025-Sem1
EV005997,RA24110290000033,RA24110290000034,Academic,1,2025-Sem1
EV005998,RA24110290000033,RA24110290000034,Academic,1,2026-Sem1
EV005999,RA24110290000033,RA24110290000034,Academic,2,2026-Sem1
EV006000,RA24110290000033,RA24110290000035,Club,2,2026-Sem1
EV006001,RA24110290000033,RA24110290000035,Club,3,2025-Sem1
EV006002,RA24110290000033,RA24110290000035,Club,1,2026-Sem1
EV006003,RA24110290000033,RA24110290000035,Club,1,2026-Sem1
EV006004,RA24110290000033,RA24110290000036,Academic,3,2026-Sem1
EV006005,RA24110290000033,RA24110290000037,Event,1,2026-Sem2
EV006006,RA24110290000033,RA24110290000037,Event,3,2025-Sem1
EV006007,RA24110290000033,RA24110290000037,Event,5,2025-Sem1
EV006008,RA24110290000033,RA24110290000038,Project,2,2025-Sem1
EV006009,RA24110290000033,RA24110290000039,Project,2,2026-Sem2
EV006010,RA24110290000033,RA24110290000040,Club,2,2026-Sem1
EV006011,RA24110290000033,RA24110290000040,Club,1,2025-Sem1
EV006012,RA24110290000033,RA24110290000042,Social,1,2026-Sem2
EV006013,RA24110290000033,RA24110290000042,Social,2,2025-Sem1
EV006014,RA24110290000033,RA24110290000042,Social,1,2025-Sem1
EV006015,RA24110290000033,RA24110290000042,Social,2,2026-Sem1
EV006016,RA24110290000033,RA25110030000053,Cross-Department,2,2026-Sem1
EV006017,RA24110290000033,RA25110030000053,Cross-Department,2,2026-Sem1
EV006018,RA24110290000033,RA25110030000053,Cross-Department,1,2026-Sem2
EV006019,RA24110290000033,RA25110280000050,Cross-Department,1,2026-Sem1
EV006020,RA24110290000033,RA25110280000050,Cross-Department,2,2026-Sem1
EV006021,RA24110290000033,RA25110280000050,Cross-Department,1,2025-Sem1
EV006022,RA24110290000033,RA25110280000050,Cross-Department,1,2025-Sem1
EV006023,RA24110290000033,RA25110290000051,Project,1,2026-Sem1
EV006024,RA24110290000033,RA25110290000051,Project,1,2025-Sem1
EV006025,RA24110290000033,RA25110290000051,Project,1,2026-Sem1
EV006026,RA24110290000033,RA25110290000051,Project,2,2025-Sem1
EV006027,RA24110290000033,RA26110280000087,Cross-Department,2,2026-Sem2
EV006028,RA24110290000033,RA26110280000087,Cross-Department,1,2025-Sem1
EV006029,RA24110290000033,RA26110290000075,Project,1,2026-Sem2
EV006030,RA24110290000034,RA24110290000035,Event,3,2026-Sem2
EV006031,RA24110290000034,RA24110290000035,Event,1,2026-Sem1
EV006032,RA24110290000034,RA24110290000038,Project,1,2025-Sem1
EV006033,RA24110290000034,RA24110290000040,Academic,4,2026-Sem2
EV006034,RA24110290000034,RA24110290000041,Club,2,2025-Sem1
EV006035,RA24110290000034,RA24110290000041,Club,2,2026-Sem1
EV006036,RA24110290000034,RA24110290000044,Event,2,2026-Sem2
EV006037,RA24110290000034,RA25110280000055,Cross-Department,2,2026-Sem1
EV006038,RA24110290000034,RA25110280000055,Cross-Department,1,2026-Sem1
EV006039,RA24110290000034,RA26110030000079,Cross-Department,2,2025-Sem1
EV006040,RA24110290000034,RA26110030000079,Cross-Department,2,2025-Sem1
EV006041,RA24110290000034,RA26110280000086,Cross-Department,1,2025-Sem1
EV006042,RA24110290000034,RA26110280000086,Cross-Department,2,2025-Sem1
EV006043,RA24110290000034,RA26110280000086,Cross-Department,3,2025-Sem1
EV006044,RA24110290000034,RA26110280000086,Cross-Department,1,2026-Sem1
EV006045,RA24110290000035,RA24110290000036,Social,1,2025-Sem1
EV006046,RA24110290000035,RA24110290000036,Social,1,2026-Sem1
EV006047,RA24110290000035,RA24110290000036,Social,1,2026-Sem1
EV006048,RA24110290000035,RA24110290000039,Academic,2,2025-Sem1
EV006049,RA24110290000035,RA24110290000039,Academic,2,2026-Sem1
EV006050,RA24110290000035,RA24110290000040,Academic,1,2025-Sem1
EV006051,RA24110290000035,RA24110290000040,Academic,1,2026-Sem1
EV006052,RA24110290000035,RA24110290000040,Academic,1,2026-Sem2
EV006053,RA24110290000035,RA24110290000043,Project,2,2026-Sem1
EV006054,RA24110290000035,RA24110290000044,Event,3,2025-Sem1
EV006055,RA24110290000035,RA24110290000044,Event,1,2026-Sem2
EV006056,RA24110290000035,RA24110290000044,Event,3,2025-Sem1
EV006057,RA24110290000035,RA24110290000044,Event,1,2025-Sem1
EV006058,RA24110290000035,RA24110290000044,Event,2,2025-Sem1
EV006059,RA24110290000036,RA24110290000037,Club,2,2026-Sem2
EV006060,RA24110290000036,RA24110290000037,Club,1,2025-Sem1
EV006061,RA24110290000036,RA24110290000040,Event,1,2026-Sem1
EV006062,RA24110290000036,RA24110290000043,Academic,2,2026-Sem2
EV006063,RA24110290000036,RA24110290000043,Academic,3,2026-Sem2
EV006064,RA24110290000036,RA24110290000043,Academic,1,2026-Sem2
EV006065,RA24110290000036,RA25110280000052,Cross-Department,5,2025-Sem1
EV006066,RA24110290000036,RA25110290000061,Event,1,2026-Sem2
EV006067,RA24110290000036,RA25110300000050,Cross-Department,4,2026-Sem1
EV006068,RA24110290000036,RA25110300000050,Cross-Department,1,2026-Sem2
EV006069,RA24110290000036,RA25110300000050,Cross-Department,1,2025-Sem1
EV006070,RA24110290000036,RA26110030000080,Cross-Department,2,2026-Sem1
EV006071,RA24110290000036,RA26110030000080,Cross-Department,1,2026-Sem1
EV006072,RA24110290000037,RA24110290000038,Event,1,2026-Sem2
EV006073,RA24110290000037,RA24110290000038,Event,1,2026-Sem2
EV006074,RA24110290000037,RA24110290000038,Event,3,2026-Sem1
EV006075,RA24110290000037,RA24110290000039,Event,1,2026-Sem2
EV006076,RA24110290000037,RA25110290000057,Club,1,2026-Sem2
EV006077,RA24110290000037,RA25110290000057,Club,2,2025-Sem1
EV006078,RA24110290000037,RA25110540000045,Cross-Department,2,2025-Sem1
EV006079,RA24110290000037,RA25110540000045,Cross-Department,3,2026-Sem2
EV006080,RA24110290000037,RA26110280000082,Cross-Department,4,2025-Sem1
EV006081,RA24110290000037,RA26110280000082,Cross-Department,3,2025-Sem1
EV006082,RA24110290000037,RA26110280000082,Cross-Department,1,2025-Sem1
EV006083,RA24110290000037,RA26110290000070,Club,2,2026-Sem2
EV006084,RA24110290000037,RA26110290000070,Club,1,2025-Sem1
EV006085,RA24110290000037,RA26110290000072,Event,1,2026-Sem1
EV006086,RA24110290000037,RA26110290000072,Event,2,2026-Sem1
EV006087,RA24110290000037,RA26110290000072,Event,1,2026-Sem2
EV006088,RA24110290000037,RA26110290000072,Event,1,2025-Sem1
EV006089,RA24110290000038,RA24110290000039,Project,2,2025-Sem1
EV006090,RA24110290000038,RA24110290000039,Project,3,2025-Sem1
EV006091,RA24110290000038,RA24110290000040,Social,2,2025-Sem1
EV006092,RA24110290000038,RA24110290000042,Social,1,2026-Sem2
EV006093,RA24110290000038,RA24110290000042,Social,1,2025-Sem1
EV006094,RA24110290000038,RA25110030000056,Cross-Department,2,2026-Sem1
EV006095,RA24110290000038,RA25110030000056,Cross-Department,1,2025-Sem1
EV006096,RA24110290000038,RA25110030000058,Cross-Department,1,2026-Sem2
EV006097,RA24110290000038,RA25110030000058,Cross-Department,3,2025-Sem1
EV006098,RA24110290000038,RA25110030000058,Cross-Department,1,2026-Sem1
EV006099,RA24110290000038,RA25110280000055,Cross-Department,1,2026-Sem2
EV006100,RA24110290000038,RA25110280000055,Cross-Department,4,2026-Sem1
EV006101,RA24110290000038,RA26110290000071,Social,2,2025-Sem1
EV006102,RA24110290000039,RA24110290000040,Project,2,2026-Sem2
EV006103,RA24110290000039,RA24110290000040,Project,1,2026-Sem2
EV006104,RA24110290000039,RA24110290000042,Event,1,2026-Sem2
EV006105,RA24110290000039,RA24110290000042,Event,2,2025-Sem1
EV006106,RA24110290000039,RA24110300000034,Cross-Department,3,2026-Sem1
EV006107,RA24110290000039,RA25110030000050,Cross-Department,1,2025-Sem1
EV006108,RA24110290000039,RA25110030000050,Cross-Department,2,2026-Sem1
EV006109,RA24110290000039,RA25110030000050,Cross-Department,1,2026-Sem2
EV006110,RA24110290000039,RA25110030000050,Cross-Department,1,2025-Sem1
EV006111,RA24110290000039,RA25110290000054,Event,4,2025-Sem1
EV006112,RA24110290000039,RA25110290000054,Event,2,2026-Sem2
EV006113,RA24110290000039,RA26110030000068,Cross-Department,2,2025-Sem1
EV006114,RA24110290000039,RA26110030000068,Cross-Department,3,2025-Sem1
EV006115,RA24110290000040,RA24110290000041,Social,2,2026-Sem1
EV006116,RA24110290000040,RA24110290000041,Social,3,2025-Sem1
EV006117,RA24110290000040,RA24110290000042,Project,2,2026-Sem2
EV006118,RA24110290000040,RA24110290000042,Project,1,2025-Sem1
EV006119,RA24110290000040,RA24110290000042,Project,1,2026-Sem2
EV006120,RA24110290000040,RA24110290000042,Project,2,2026-Sem1
EV006121,RA24110290000040,RA24110290000044,Project,1,2026-Sem1
EV006122,RA24110290000040,RA25110030000047,Cross-Department,3,2026-Sem1
EV006123,RA24110290000040,RA25110030000047,Cross-Department,2,2026-Sem2
EV006124,RA24110290000041,RA24110290000042,Club,2,2025-Sem1
EV006125,RA24110290000041,RA24110290000042,Club,1,2025-Sem1
EV006126,RA24110290000041,RA24110290000042,Club,1,2026-Sem2
EV006127,RA24110290000041,RA24110290000042,Club,1,2026-Sem2
EV006128,RA24110290000041,RA24110290000043,Event,1,2025-Sem1
EV006129,RA24110290000041,RA24110290000043,Event,2,2026-Sem1
EV006130,RA24110290000041,RA25110030000048,Cross-Department,2,2025-Sem1
EV006131,RA24110290000041,RA25110030000048,Cross-Department,1,2026-Sem2
EV006132,RA24110290000041,RA25110030000048,Cross-Department,5,2025-Sem1
EV006133,RA24110290000041,RA25110030000056,Cross-Department,1,2026-Sem2
EV006134,RA24110290000041,RA25110030000056,Cross-Department,1,2026-Sem1
EV006135,RA24110290000041,RA25110030000056,Cross-Department,2,2026-Sem1
EV006136,RA24110290000041,RA25110290000061,Event,2,2025-Sem1
EV006137,RA24110290000041,RA25110290000062,Project,2,2026-Sem1
EV006138,RA24110290000041,RA25110290000062,Project,4,2026-Sem2
EV006139,RA24110290000041,RA26110030000079,Cross-Department,2,2026-Sem1
EV006140,RA24110290000041,RA26110030000079,Cross-Department,1,2026-Sem2
EV006141,RA24110290000041,RA26110030000079,Cross-Department,2,2025-Sem1
EV006142,RA24110290000041,RA26110290000072,Social,1,2025-Sem1
EV006143,RA24110290000041,RA26110290000076,Project,1,2026-Sem2
EV006144,RA24110290000041,RA26110290000076,Project,3,2026-Sem1
EV006145,RA24110290000041,RA26110290000076,Project,1,2026-Sem1
EV006146,RA24110290000042,RA24110290000043,Project,1,2026-Sem1
EV006147,RA24110290000042,RA24110290000043,Project,1,2025-Sem1
EV006148,RA24110290000042,RA24110290000043,Project,3,2025-Sem1
EV006149,RA24110290000042,RA24110290000043,Project,1,2025-Sem1
EV006150,RA24110290000042,RA25110030000056,Cross-Department,2,2026-Sem2
EV006151,RA24110290000042,RA25110030000056,Cross-Department,1,2025-Sem1
EV006152,RA24110290000042,RA25110030000056,Cross-Department,1,2026-Sem1
EV006153,RA24110290000042,RA25110030000056,Cross-Department,1,2025-Sem1
EV006154,RA24110290000042,RA25110030000056,Cross-Department,2,2026-Sem2
EV006155,RA24110290000042,RA25110030000066,Cross-Department,1,2026-Sem1
EV006156,RA24110290000042,RA25110030000066,Cross-Department,1,2026-Sem1
EV006157,RA24110290000042,RA25110030000066,Cross-Department,1,2025-Sem1
EV006158,RA24110290000042,RA25110030000066,Cross-Department,2,2026-Sem2
EV006159,RA24110290000042,RA25110290000062,Club,2,2025-Sem1
EV006160,RA24110290000042,RA25110290000062,Club,2,2026-Sem2
EV006161,RA24110290000042,RA25110290000062,Club,1,2026-Sem1
EV006162,RA24110290000042,RA25110290000062,Club,1,2026-Sem2
EV006163,RA24110290000043,RA24110290000044,Academic,1,2026-Sem2
EV006164,RA24110290000043,RA24110290000044,Academic,1,2026-Sem2
EV006165,RA24110290000043,RA25110030000046,Cross-Department,2,2026-Sem2
EV006166,RA24110290000043,RA25110030000046,Cross-Department,1,2026-Sem2
EV006167,RA24110290000043,RA25110030000046,Cross-Department,3,2026-Sem1
EV006168,RA24110290000043,RA25110280000048,Cross-Department,1,2026-Sem2
EV006169,RA24110290000043,RA25110280000048,Cross-Department,5,2026-Sem2
EV006170,RA24110290000043,RA25110280000048,Cross-Department,1,2026-Sem2
EV006171,RA24110290000043,RA25110280000066,Cross-Department,2,2026-Sem1
EV006172,RA24110290000043,RA25110280000066,Cross-Department,1,2025-Sem1
EV006173,RA24110290000044,RA25110030000059,Cross-Department,1,2025-Sem1
EV006174,RA24110290000044,RA25110030000059,Cross-Department,1,2025-Sem1
EV006175,RA24110290000044,RA25110030000059,Cross-Department,1,2026-Sem1
EV006176,RA24110290000044,RA25110030000059,Cross-Department,1,2025-Sem1
EV006177,RA24110290000044,RA25110030000059,Cross-Department,1,2025-Sem1
EV006178,RA24110290000044,RA25110030000059,Cross-Department,4,2026-Sem2
EV006179,RA24110290000044,RA25110280000050,Cross-Department,3,2026-Sem2
EV006180,RA24110290000044,RA25110280000050,Cross-Department,2,2026-Sem1
EV006181,RA24110290000044,RA26110030000072,Cross-Department,2,2026-Sem2
EV006182,RA24110290000044,RA26110030000072,Cross-Department,2,2025-Sem1
EV006183,RA24110290000044,RA26110030000072,Cross-Department,2,2025-Sem1
EV006184,RA24110290000044,RA26110030000072,Cross-Department,1,2025-Sem1
EV006185,RA24110290000044,RA26110540000084,Cross-Department,2,2025-Sem1
EV006186,RA24110290000044,RA26110540000084,Cross-Department,3,2026-Sem2
EV006187,RA24110290000044,RA26110540000084,Cross-Department,2,2026-Sem1
EV006188,RA24110300000023,RA24110300000024,Academic,2,2026-Sem1
EV006189,RA24110300000023,RA24110300000028,Event,1,2025-Sem1
EV006190,RA24110300000023,RA24110300000028,Event,2,2026-Sem1
EV006191,RA24110300000023,RA24110300000028,Event,1,2026-Sem2
EV006192,RA24110300000023,RA24110300000028,Event,1,2026-Sem1
EV006193,RA24110300000023,RA24110300000031,Event,2,2026-Sem2
EV006194,RA24110300000023,RA24110300000033,Event,1,2025-Sem1
EV006195,RA24110300000023,RA24110300000033,Event,1,2025-Sem1
EV006196,RA24110300000023,RA24110300000033,Event,1,2025-Sem1
EV006197,RA24110300000023,RA24110300000033,Event,1,2026-Sem1
EV006198,RA24110300000023,RA24110300000034,Project,1,2025-Sem1
EV006199,RA24110300000023,RA24110300000034,Project,2,2026-Sem1
EV006200,RA24110300000023,RA24110300000034,Project,2,2026-Sem2
EV006201,RA24110300000023,RA24110300000034,Project,2,2026-Sem1
EV006202,RA24110300000023,RA24110300000034,Project,1,2026-Sem1
EV006203,RA24110300000023,RA24110300000034,Project,1,2025-Sem1
EV006204,RA24110300000023,RA24110300000044,Event,2,2026-Sem2
EV006205,RA24110300000023,RA24110300000044,Event,3,2025-Sem1
EV006206,RA24110300000023,RA24110300000044,Event,1,2025-Sem1
EV006207,RA24110300000023,RA25110280000045,Cross-Department,2,2026-Sem2
EV006208,RA24110300000023,RA25110280000045,Cross-Department,2,2025-Sem1
EV006209,RA24110300000023,RA25110280000045,Cross-Department,2,2026-Sem1
EV006210,RA24110300000023,RA25110300000061,Club,1,2026-Sem2
EV006211,RA24110300000023,RA25110300000061,Club,2,2025-Sem1
EV006212,RA24110300000023,RA25110300000061,Club,1,2026-Sem2
EV006213,RA24110300000023,RA25110300000061,Club,1,2025-Sem1
EV006214,RA24110300000023,RA26110280000071,Cross-Department,2,2025-Sem1
EV006215,RA24110300000023,RA26110280000071,Cross-Department,2,2025-Sem1
EV006216,RA24110300000023,RA26110280000071,Cross-Department,1,2025-Sem1
EV006217,RA24110300000023,RA26110290000083,Cross-Department,3,2026-Sem1
EV006218,RA24110300000023,RA26110290000083,Cross-Department,2,2026-Sem1
EV006219,RA24110300000024,RA24110300000025,Social,2,2025-Sem1
EV006220,RA24110300000024,RA24110300000026,Project,1,2026-Sem1
EV006221,RA24110300000024,RA24110300000026,Project,1,2026-Sem2
EV006222,RA24110300000024,RA24110300000028,Project,4,2025-Sem1
EV006223,RA24110300000024,RA24110300000029,Project,3,2025-Sem1
EV006224,RA24110300000024,RA24110300000029,Project,1,2026-Sem2
EV006225,RA24110300000024,RA24110300000029,Project,1,2026-Sem1
EV006226,RA24110300000024,RA24110300000031,Academic,4,2025-Sem1
EV006227,RA24110300000024,RA24110300000031,Academic,1,2026-Sem2
EV006228,RA24110300000024,RA24110300000034,Event,2,2026-Sem1
EV006229,RA24110300000024,RA24110300000034,Event,1,2026-Sem1
EV006230,RA24110300000024,RA24110300000042,Social,2,2026-Sem1
EV006231,RA24110300000024,RA24110300000042,Social,5,2025-Sem1
EV006232,RA24110300000024,RA24110300000042,Social,1,2026-Sem1
EV006233,RA24110300000024,RA24110300000042,Social,2,2026-Sem2
EV006234,RA24110300000024,RA24110300000042,Social,3,2026-Sem1
EV006235,RA24110300000024,RA24110300000042,Social,1,2026-Sem2
EV006236,RA24110300000024,RA24110300000044,Event,2,2025-Sem1
EV006237,RA24110300000024,RA25110280000052,Cross-Department,2,2025-Sem1
EV006238,RA24110300000024,RA25110300000063,Academic,1,2026-Sem1
EV006239,RA24110300000024,RA26110030000073,Cross-Department,1,2026-Sem1
EV006240,RA24110300000024,RA26110030000073,Cross-Department,2,2026-Sem2
EV006241,RA24110300000024,RA26110030000073,Cross-Department,2,2026-Sem2
EV006242,RA24110300000024,RA26110030000073,Cross-Department,1,2026-Sem2
EV006243,RA24110300000024,RA26110030000073,Cross-Department,1,2026-Sem1
EV006244,RA24110300000024,RA26110030000073,Cross-Department,1,2026-Sem2
EV006245,RA24110300000025,RA24110300000026,Academic,3,2026-Sem2
EV006246,RA24110300000025,RA24110300000031,Academic,1,2026-Sem1
EV006247,RA24110300000025,RA24110300000033,Academic,1,2026-Sem1
EV006248,RA24110300000025,RA24110300000035,Event,5,2026-Sem1
EV006249,RA24110300000025,RA24110300000035,Event,1,2026-Sem2
EV006250,RA24110300000025,RA24110300000038,Social,2,2026-Sem2
EV006251,RA24110300000025,RA24110300000038,Social,2,2026-Sem2
EV006252,RA24110300000025,RA24110300000038,Social,1,2026-Sem1
EV006253,RA24110300000025,RA24110300000042,Project,1,2025-Sem1
EV006254,RA24110300000025,RA24110300000043,Club,3,2025-Sem1
EV006255,RA24110300000025,RA26110030000078,Cross-Department,2,2025-Sem1
EV006256,RA24110300000025,RA26110030000078,Cross-Department,2,2026-Sem2
EV006257,RA24110300000026,RA24110300000027,Social,3,2026-Sem1
EV006258,RA24110300000026,RA24110300000027,Social,1,2025-Sem1
EV006259,RA24110300000026,RA24110300000029,Academic,1,2026-Sem1
EV006260,RA24110300000026,RA24110300000029,Academic,4,2026-Sem1
EV006261,RA24110300000026,RA24110300000029,Academic,2,2026-Sem2
EV006262,RA24110300000026,RA24110300000030,Event,2,2026-Sem2
EV006263,RA24110300000026,RA24110300000030,Event,4,2025-Sem1
EV006264,RA24110300000026,RA24110300000031,Event,2,2026-Sem2
EV006265,RA24110300000026,RA24110300000031,Event,2,2025-Sem1
EV006266,RA24110300000026,RA24110300000031,Event,1,2025-Sem1
EV006267,RA24110300000026,RA24110300000032,Event,1,2025-Sem1
EV006268,RA24110300000026,RA24110300000032,Event,1,2026-Sem1
EV006269,RA24110300000026,RA24110300000032,Event,4,2026-Sem2
EV006270,RA24110300000026,RA24110300000032,Event,1,2026-Sem1
EV006271,RA24110300000026,RA24110300000034,Social,3,2025-Sem1
EV006272,RA24110300000026,RA24110300000034,Social,2,2025-Sem1
EV006273,RA24110300000026,RA24110300000034,Social,1,2026-Sem1
EV006274,RA24110300000026,RA24110300000034,Social,3,2026-Sem2
EV006275,RA24110300000026,RA24110300000041,Academic,2,2025-Sem1
EV006276,RA24110300000026,RA24110300000041,Academic,2,2025-Sem1
EV006277,RA24110300000026,RA24110300000041,Academic,1,2026-Sem1
EV006278,RA24110300000026,RA24110300000044,Event,1,2026-Sem1
EV006279,RA24110300000026,RA24110300000044,Event,3,2025-Sem1
EV006280,RA24110300000026,RA24110300000044,Event,4,2025-Sem1
EV006281,RA24110300000026,RA24110300000044,Event,1,2025-Sem1
EV006282,RA24110300000026,RA26110300000080,Club,2,2026-Sem1
EV006283,RA24110300000026,RA26110300000080,Club,3,2026-Sem1
EV006284,RA24110300000027,RA24110300000028,Club,1,2026-Sem1
EV006285,RA24110300000027,RA24110300000028,Club,3,2026-Sem1
EV006286,RA24110300000027,RA24110300000028,Club,1,2026-Sem1
EV006287,RA24110300000027,RA24110300000030,Academic,1,2025-Sem1
EV006288,RA24110300000027,RA24110300000031,Project,1,2025-Sem1
EV006289,RA24110300000027,RA24110300000031,Project,1,2025-Sem1
EV006290,RA24110300000027,RA24110300000032,Club,1,2026-Sem2
EV006291,RA24110300000027,RA24110300000032,Club,2,2026-Sem1
EV006292,RA24110300000027,RA24110300000032,Club,1,2026-Sem2
EV006293,RA24110300000027,RA24110300000033,Academic,1,2026-Sem1
EV006294,RA24110300000027,RA24110300000035,Academic,1,2026-Sem1
EV006295,RA24110300000027,RA24110300000037,Event,1,2025-Sem1
EV006296,RA24110300000027,RA24110300000041,Event,3,2025-Sem1
EV006297,RA24110300000027,RA24110300000041,Event,1,2026-Sem2
EV006298,RA24110300000027,RA24110300000042,Event,4,2026-Sem1
EV006299,RA24110300000027,RA24110300000042,Event,2,2026-Sem2
EV006300,RA24110300000027,RA24110300000042,Event,1,2025-Sem1
EV006301,RA24110300000027,RA24110300000042,Event,2,2025-Sem1
EV006302,RA24110300000027,RA24110300000044,Social,3,2026-Sem2
EV006303,RA24110300000027,RA24110300000044,Social,1,2025-Sem1
EV006304,RA24110300000027,RA25110030000047,Cross-Department,1,2026-Sem2
EV006305,RA24110300000027,RA25110030000047,Cross-Department,3,2026-Sem2
EV006306,RA24110300000027,RA25110030000047,Cross-Department,1,2026-Sem2
EV006307,RA24110300000027,RA25110030000047,Cross-Department,1,2026-Sem2
EV006308,RA24110300000027,RA25110030000047,Cross-Department,1,2025-Sem1
EV006309,RA24110300000027,RA25110030000061,Cross-Department,4,2026-Sem1
EV006310,RA24110300000027,RA25110030000061,Cross-Department,2,2026-Sem2
EV006311,RA24110300000027,RA25110280000057,Cross-Department,3,2026-Sem2
EV006312,RA24110300000027,RA25110300000046,Academic,3,2026-Sem1
EV006313,RA24110300000027,RA25110300000058,Club,2,2026-Sem1
EV006314,RA24110300000027,RA25110300000064,Project,1,2025-Sem1
EV006315,RA24110300000027,RA26110300000068,Academic,2,2026-Sem1
EV006316,RA24110300000027,RA26110300000068,Academic,1,2025-Sem1
EV006317,RA24110300000027,RA26110300000068,Academic,1,2025-Sem1
EV006318,RA24110300000028,RA24110300000029,Social,2,2025-Sem1
EV006319,RA24110300000028,RA24110300000032,Club,1,2026-Sem1
EV006320,RA24110300000028,RA24110300000032,Club,2,2025-Sem1
EV006321,RA24110300000028,RA24110300000032,Club,1,2026-Sem1
EV006322,RA24110300000028,RA24110300000032,Club,2,2026-Sem2
EV006323,RA24110300000028,RA24110300000032,Club,1,2026-Sem1
EV006324,RA24110300000028,RA24110300000041,Academic,1,2026-Sem2
EV006325,RA24110300000028,RA24110300000041,Academic,2,2026-Sem2
EV006326,RA24110300000028,RA24110300000041,Academic,2,2026-Sem2
EV006327,RA24110300000028,RA25110030000047,Cross-Department,2,2025-Sem1
EV006328,RA24110300000028,RA25110030000047,Cross-Department,1,2026-Sem2
EV006329,RA24110300000028,RA25110030000047,Cross-Department,3,2026-Sem1
EV006330,RA24110300000028,RA26110030000078,Cross-Department,1,2026-Sem2
EV006331,RA24110300000028,RA26110030000078,Cross-Department,3,2026-Sem2
EV006332,RA24110300000028,RA26110030000078,Cross-Department,1,2026-Sem1
EV006333,RA24110300000028,RA26110030000078,Cross-Department,1,2026-Sem1
EV006334,RA24110300000028,RA26110030000078,Cross-Department,1,2025-Sem1
EV006335,RA24110300000028,RA26110300000068,Academic,1,2026-Sem1
EV006336,RA24110300000028,RA26110300000068,Academic,1,2026-Sem2
EV006337,RA24110300000028,RA26110300000068,Academic,1,2026-Sem2
EV006338,RA24110300000029,RA24110300000030,Club,2,2025-Sem1
EV006339,RA24110300000029,RA24110300000030,Club,2,2025-Sem1
EV006340,RA24110300000029,RA24110300000031,Event,2,2025-Sem1
EV006341,RA24110300000029,RA24110300000031,Event,1,2026-Sem1
EV006342,RA24110300000029,RA24110300000032,Event,2,2026-Sem1
EV006343,RA24110300000029,RA24110300000034,Event,2,2026-Sem1
EV006344,RA24110300000029,RA24110300000035,Academic,2,2026-Sem1
EV006345,RA24110300000029,RA24110300000035,Academic,1,2025-Sem1
EV006346,RA24110300000029,RA24110300000038,Club,2,2026-Sem1
EV006347,RA24110300000029,RA24110300000039,Project,1,2026-Sem1
EV006348,RA24110300000029,RA24110300000039,Project,1,2026-Sem2
EV006349,RA24110300000029,RA24110300000039,Project,3,2026-Sem2
EV006350,RA24110300000029,RA24110300000039,Project,2,2026-Sem1
EV006351,RA24110300000029,RA24110300000041,Project,2,2025-Sem1
EV006352,RA24110300000029,RA24110300000041,Project,1,2025-Sem1
EV006353,RA24110300000029,RA24110300000041,Project,1,2025-Sem1
EV006354,RA24110300000029,RA24110300000042,Event,2,2026-Sem2
EV006355,RA24110300000029,RA24110300000042,Event,5,2025-Sem1
EV006356,RA24110300000029,RA24110300000043,Event,3,2026-Sem2
EV006357,RA24110300000029,RA24110300000043,Event,1,2026-Sem1
EV006358,RA24110300000029,RA24110300000043,Event,1,2026-Sem2
EV006359,RA24110300000029,RA24110300000044,Project,1,2025-Sem1
EV006360,RA24110300000029,RA24110300000044,Project,2,2026-Sem2
EV006361,RA24110300000029,RA24110300000044,Project,2,2026-Sem2
EV006362,RA24110300000029,RA24110300000044,Project,1,2026-Sem2
EV006363,RA24110300000029,RA24110300000044,Project,3,2026-Sem2
EV006364,RA24110300000029,RA25110300000048,Club,3,2025-Sem1
EV006365,RA24110300000029,RA25110300000048,Club,2,2025-Sem1
EV006366,RA24110300000029,RA26110300000086,Event,2,2026-Sem1
EV006367,RA24110300000030,RA24110300000031,Project,2,2025-Sem1
EV006368,RA24110300000030,RA24110300000031,Project,2,2026-Sem2
EV006369,RA24110300000030,RA24110300000038,Social,1,2026-Sem2
EV006370,RA24110300000030,RA24110300000040,Academic,1,2025-Sem1
EV006371,RA24110300000030,RA24110300000041,Project,1,2026-Sem1
EV006372,RA24110300000030,RA25110300000064,Project,1,2026-Sem1
EV006373,RA24110300000030,RA25110300000064,Project,1,2025-Sem1
EV006374,RA24110300000030,RA26110280000082,Cross-Department,3,2026-Sem2
EV006375,RA24110300000031,RA24110300000032,Project,1,2026-Sem2
EV006376,RA24110300000031,RA24110300000032,Project,5,2025-Sem1
EV006377,RA24110300000031,RA24110300000032,Project,1,2025-Sem1
EV006378,RA24110300000031,RA24110300000034,Academic,2,2026-Sem1
EV006379,RA24110300000031,RA24110300000035,Club,2,2026-Sem2
EV006380,RA24110300000031,RA24110300000044,Social,1,2026-Sem2
EV006381,RA24110300000031,RA24110300000044,Social,3,2026-Sem1
EV006382,RA24110300000031,RA24110300000044,Social,1,2026-Sem1
EV006383,RA24110300000031,RA25110280000050,Cross-Department,1,2026-Sem1
EV006384,RA24110300000031,RA25110280000050,Cross-Department,1,2026-Sem2
EV006385,RA24110300000031,RA25110280000050,Cross-Department,2,2025-Sem1
EV006386,RA24110300000031,RA25110300000049,Social,1,2025-Sem1
EV006387,RA24110300000031,RA26110030000073,Cross-Department,4,2025-Sem1
EV006388,RA24110300000031,RA26110280000087,Cross-Department,4,2026-Sem2
EV006389,RA24110300000031,RA26110280000087,Cross-Department,1,2026-Sem1
EV006390,RA24110300000031,RA26110280000087,Cross-Department,1,2025-Sem1
EV006391,RA24110300000032,RA24110300000033,Social,1,2026-Sem1
EV006392,RA24110300000032,RA24110300000035,Academic,3,2026-Sem1
EV006393,RA24110300000032,RA24110300000037,Event,2,2025-Sem1
EV006394,RA24110300000032,RA24110300000037,Event,1,2026-Sem2
EV006395,RA24110300000032,RA24110300000037,Event,1,2026-Sem1
EV006396,RA24110300000032,RA24110300000038,Social,3,2025-Sem1
EV006397,RA24110300000032,RA24110300000039,Social,1,2026-Sem2
EV006398,RA24110300000032,RA24110300000039,Social,1,2025-Sem1
EV006399,RA24110300000032,RA24110300000043,Club,1,2026-Sem1
EV006400,RA24110300000032,RA24110300000043,Club,2,2025-Sem1
EV006401,RA24110300000032,RA24110300000043,Club,1,2025-Sem1
EV006402,RA24110300000032,RA24110300000043,Club,1,2026-Sem2
EV006403,RA24110300000032,RA24110300000044,Event,2,2026-Sem1
EV006404,RA24110300000032,RA25110280000052,Cross-Department,3,2025-Sem1
EV006405,RA24110300000032,RA25110280000059,Cross-Department,1,2025-Sem1
EV006406,RA24110300000032,RA25110280000059,Cross-Department,4,2026-Sem2
EV006407,RA24110300000032,RA25110300000060,Club,1,2025-Sem1
EV006408,RA24110300000032,RA26110030000072,Cross-Department,2,2026-Sem2
EV006409,RA24110300000032,RA26110030000072,Cross-Department,1,2026-Sem2
EV006410,RA24110300000032,RA26110030000072,Cross-Department,1,2025-Sem1
EV006411,RA24110300000032,RA26110030000072,Cross-Department,3,2026-Sem2
EV006412,RA24110300000032,RA26110030000082,Cross-Department,3,2026-Sem2
EV006413,RA24110300000032,RA26110030000082,Cross-Department,2,2026-Sem2
EV006414,RA24110300000032,RA26110300000084,Event,1,2026-Sem2
EV006415,RA24110300000032,RA26110300000084,Event,2,2026-Sem2
EV006416,RA24110300000033,RA24110300000034,Event,1,2026-Sem2
EV006417,RA24110300000033,RA24110300000036,Club,2,2026-Sem1
EV006418,RA24110300000033,RA24110300000036,Club,1,2026-Sem1
EV006419,RA24110300000033,RA24110300000036,Club,2,2026-Sem1
EV006420,RA24110300000033,RA24110300000038,Academic,4,2025-Sem1
EV006421,RA24110300000033,RA24110300000038,Academic,2,2026-Sem1
EV006422,RA24110300000033,RA24110300000038,Academic,1,2026-Sem1
EV006423,RA24110300000033,RA24110300000041,Project,2,2025-Sem1
EV006424,RA24110300000033,RA24110300000042,Club,1,2025-Sem1
EV006425,RA24110300000033,RA24110300000042,Club,1,2025-Sem1
EV006426,RA24110300000033,RA24110300000042,Club,4,2026-Sem1
EV006427,RA24110300000033,RA24110300000043,Academic,1,2026-Sem1
EV006428,RA24110300000033,RA24110300000043,Academic,1,2025-Sem1
EV006429,RA24110300000033,RA24110300000043,Academic,2,2026-Sem2
EV006430,RA24110300000033,RA24110300000043,Academic,2,2025-Sem1
EV006431,RA24110300000033,RA25110030000064,Cross-Department,3,2026-Sem1
EV006432,RA24110300000033,RA25110280000058,Cross-Department,2,2026-Sem2
EV006433,RA24110300000033,RA25110300000056,Academic,2,2026-Sem1
EV006434,RA24110300000033,RA25110300000056,Academic,1,2026-Sem2
EV006435,RA24110300000033,RA25110300000059,Club,1,2026-Sem1
EV006436,RA24110300000033,RA25110300000059,Club,1,2025-Sem1
EV006437,RA24110300000033,RA26110280000082,Cross-Department,1,2026-Sem1
EV006438,RA24110300000033,RA26110280000082,Cross-Department,1,2026-Sem2
EV006439,RA24110300000033,RA26110300000082,Club,1,2025-Sem1
EV006440,RA24110300000033,RA26110300000082,Club,1,2026-Sem1
EV006441,RA24110300000033,RA26110300000082,Club,1,2026-Sem2
EV006442,RA24110300000034,RA24110300000035,Social,1,2026-Sem2
EV006443,RA24110300000034,RA24110300000035,Social,1,2026-Sem1
EV006444,RA24110300000034,RA24110300000036,Project,2,2026-Sem1
EV006445,RA24110300000034,RA24110300000036,Project,3,2026-Sem1
EV006446,RA24110300000034,RA24110300000036,Project,2,2026-Sem2
EV006447,RA24110300000034,RA24110300000036,Project,1,2026-Sem1
EV006448,RA24110300000034,RA24110300000038,Social,1,2025-Sem1
EV006449,RA24110300000034,RA24110300000041,Academic,1,2025-Sem1
EV006450,RA24110300000034,RA24110300000044,Event,3,2026-Sem2
EV006451,RA24110300000034,RA24110300000044,Event,1,2025-Sem1
EV006452,RA24110300000034,RA24110300000044,Event,1,2025-Sem1
EV006453,RA24110300000035,RA24110300000036,Social,1,2026-Sem2
EV006454,RA24110300000035,RA24110300000036,Social,1,2026-Sem1
EV006455,RA24110300000035,RA24110300000036,Social,1,2025-Sem1
EV006456,RA24110300000035,RA24110300000036,Social,1,2026-Sem1
EV006457,RA24110300000035,RA24110300000043,Academic,1,2025-Sem1
EV006458,RA24110300000035,RA24110300000043,Academic,4,2026-Sem2
EV006459,RA24110300000036,RA24110300000037,Project,3,2026-Sem2
EV006460,RA24110300000036,RA24110300000038,Project,1,2026-Sem1
EV006461,RA24110300000036,RA24110300000039,Club,2,2026-Sem1
EV006462,RA24110300000036,RA24110300000039,Club,1,2025-Sem1
EV006463,RA24110300000036,RA24110300000039,Club,1,2025-Sem1
EV006464,RA24110300000036,RA24110300000039,Club,2,2025-Sem1
EV006465,RA24110300000036,RA24110300000043,Academic,1,2025-Sem1
EV006466,RA24110300000036,RA24110300000043,Academic,1,2026-Sem2
EV006467,RA24110300000036,RA24110300000044,Club,2,2025-Sem1
EV006468,RA24110300000036,RA24110300000044,Club,2,2026-Sem1
EV006469,RA24110300000036,RA24110300000044,Club,1,2026-Sem1
EV006470,RA24110300000036,RA25110280000062,Cross-Department,1,2026-Sem2
EV006471,RA24110300000036,RA25110280000062,Cross-Department,2,2026-Sem1
EV006472,RA24110300000036,RA26110300000074,Social,2,2026-Sem2
EV006473,RA24110300000036,RA26110300000074,Social,1,2026-Sem2
EV006474,RA24110300000036,RA26110300000087,Academic,1,2025-Sem1
EV006475,RA24110300000036,RA26110300000087,Academic,3,2026-Sem2
EV006476,RA24110300000037,RA24110300000038,Event,1,2026-Sem1
EV006477,RA24110300000037,RA24110300000040,Social,2,2026-Sem1
EV006478,RA24110300000037,RA24110300000040,Social,2,2025-Sem1
EV006479,RA24110300000037,RA24110300000041,Project,2,2026-Sem2
EV006480,RA24110300000037,RA24110300000042,Project,4,2025-Sem1
EV006481,RA24110300000037,RA24110300000042,Project,1,2026-Sem1
EV006482,RA24110300000037,RA25110300000055,Social,3,2026-Sem2
EV006483,RA24110300000037,RA25110300000055,Social,1,2025-Sem1
EV006484,RA24110300000037,RA26110300000078,Social,2,2026-Sem2
EV006485,RA24110300000038,RA24110300000039,Event,1,2026-Sem1
EV006486,RA24110300000038,RA24110300000039,Event,1,2025-Sem1
EV006487,RA24110300000038,RA24110300000042,Event,1,2025-Sem1
EV006488,RA24110300000038,RA24110300000042,Event,1,2026-Sem2
EV006489,RA24110300000038,RA24110300000042,Event,1,2026-Sem1
EV006490,RA24110300000038,RA24110300000043,Event,1,2026-Sem2
EV006491,RA24110300000038,RA26110280000067,Cross-Department,2,2026-Sem2
EV006492,RA24110300000038,RA26110280000067,Cross-Department,1,2025-Sem1
EV006493,RA24110300000038,RA26110300000070,Social,1,2026-Sem2
EV006494,RA24110300000038,RA26110300000070,Social,2,2026-Sem2
EV006495,RA24110300000039,RA24110300000040,Academic,1,2026-Sem2
EV006496,RA24110300000039,RA24110300000040,Academic,2,2026-Sem2
EV006497,RA24110300000039,RA24110300000040,Academic,3,2026-Sem1
EV006498,RA24110300000039,RA24110300000040,Academic,1,2026-Sem1
EV006499,RA24110300000039,RA24110300000040,Academic,1,2025-Sem1
EV006500,RA24110300000039,RA24110300000040,Academic,1,2025-Sem1
EV006501,RA24110300000039,RA24110300000042,Social,2,2026-Sem2
EV006502,RA24110300000039,RA24110300000044,Social,1,2026-Sem2
EV006503,RA24110300000039,RA24110300000044,Social,5,2025-Sem1
EV006504,RA24110300000039,RA25110280000060,Cross-Department,1,2025-Sem1
EV006505,RA24110300000039,RA25110280000060,Cross-Department,3,2026-Sem1
EV006506,RA24110300000039,RA25110280000060,Cross-Department,4,2026-Sem2
EV006507,RA24110300000039,RA25110300000059,Academic,1,2026-Sem1
EV006508,RA24110300000039,RA26110300000073,Academic,1,2026-Sem2
EV006509,RA24110300000040,RA24110300000041,Project,1,2025-Sem1
EV006510,RA24110300000040,RA24110300000041,Project,3,2026-Sem2
EV006511,RA24110300000040,RA24110300000041,Project,1,2025-Sem1
EV006512,RA24110300000040,RA24110300000042,Academic,2,2026-Sem2
EV006513,RA24110300000040,RA24110300000042,Academic,1,2026-Sem2
EV006514,RA24110300000040,RA24110300000043,Social,1,2026-Sem2
EV006515,RA24110300000040,RA24110300000043,Social,1,2025-Sem1
EV006516,RA24110300000040,RA25110030000050,Cross-Department,1,2025-Sem1
EV006517,RA24110300000040,RA25110030000050,Cross-Department,2,2026-Sem2
EV006518,RA24110300000040,RA25110030000050,Cross-Department,2,2025-Sem1
EV006519,RA24110300000041,RA24110300000042,Event,2,2025-Sem1
EV006520,RA24110300000041,RA24110300000043,Social,5,2026-Sem2
EV006521,RA24110300000041,RA24110300000043,Social,2,2025-Sem1
EV006522,RA24110300000041,RA25110300000061,Club,1,2026-Sem2
EV006523,RA24110300000041,RA25110300000063,Event,2,2026-Sem2
EV006524,RA24110300000041,RA26110280000084,Cross-Department,3,2026-Sem1
EV006525,RA24110300000041,RA26110560000082,Cross-Department,1,2026-Sem2
EV006526,RA24110300000041,RA26110560000082,Cross-Department,2,2025-Sem1
EV006527,RA24110300000041,RA26110560000082,Cross-Department,1,2026-Sem2
EV006528,RA24110300000041,RA26110560000082,Cross-Department,2,2026-Sem1
EV006529,RA24110300000042,RA24110300000043,Academic,2,2026-Sem2
EV006530,RA24110300000042,RA24110300000043,Academic,1,2026-Sem2
EV006531,RA24110300000042,RA24110300000043,Academic,3,2025-Sem1
EV006532,RA24110300000042,RA24110300000043,Academic,2,2026-Sem1
EV006533,RA24110300000042,RA24110300000044,Project,1,2025-Sem1
EV006534,RA24110300000043,RA24110300000044,Academic,3,2026-Sem1
EV006535,RA24110300000043,RA24110300000044,Academic,2,2026-Sem2
EV006536,RA24110300000043,RA25110280000064,Cross-Department,1,2026-Sem1
EV006537,RA24110300000043,RA25110280000064,Cross-Department,2,2026-Sem1
EV006538,RA24110300000043,RA25110280000064,Cross-Department,1,2025-Sem1
EV006539,RA24110300000043,RA25110280000064,Cross-Department,3,2025-Sem1
EV006540,RA24110300000043,RA25110280000064,Cross-Department,1,2025-Sem1
EV006541,RA24110300000043,RA25110280000064,Cross-Department,1,2026-Sem2
EV006542,RA24110300000043,RA25110280000066,Cross-Department,1,2026-Sem2
EV006543,RA24110300000043,RA25110280000066,Cross-Department,2,2026-Sem1
EV006544,RA24110300000043,RA25110280000066,Cross-Department,1,2025-Sem1
EV006545,RA24110300000043,RA25110300000064,Social,1,2026-Sem2
EV006546,RA24110300000043,RA25110300000064,Social,1,2026-Sem1
EV006547,RA24110300000043,RA25110300000064,Social,1,2026-Sem1
EV006548,RA24110300000043,RA26110280000071,Cross-Department,3,2026-Sem2
EV006549,RA24110300000043,RA26110280000071,Cross-Department,3,2026-Sem2
EV006550,RA24110300000043,RA26110280000071,Cross-Department,1,2026-Sem1
EV006551,RA24110300000043,RA26110300000068,Academic,2,2026-Sem1
EV006552,RA24110300000043,RA26110300000068,Academic,1,2025-Sem1
EV006553,RA24110300000043,RA26110300000068,Academic,1,2025-Sem1
EV006554,RA24110300000043,RA26110300000080,Event,2,2026-Sem1
EV006555,RA24110300000043,RA26110300000080,Event,2,2026-Sem2
EV006556,RA24110300000043,RA26110300000080,Event,3,2025-Sem1
EV006557,RA24110300000043,RA26110300000080,Event,2,2026-Sem1
EV006558,RA24110300000044,RA25110030000049,Cross-Department,3,2025-Sem1
EV006559,RA24110300000044,RA25110030000049,Cross-Department,1,2026-Sem2
EV006560,RA24110300000044,RA26110300000078,Social,1,2026-Sem2
EV006561,RA24110300000044,RA26110300000078,Social,2,2025-Sem1
EV006562,RA24110300000044,RA26110300000078,Social,2,2026-Sem1
EV006563,RA24110540000023,RA24110540000024,Project,1,2025-Sem1
EV006564,RA24110540000023,RA24110540000024,Project,2,2025-Sem1
EV006565,RA24110540000023,RA24110540000024,Project,3,2026-Sem1
EV006566,RA24110540000023,RA24110540000025,Event,4,2025-Sem1
EV006567,RA24110540000023,RA24110540000025,Event,1,2025-Sem1
EV006568,RA24110540000023,RA24110540000025,Event,1,2025-Sem1
EV006569,RA24110540000023,RA24110540000028,Event,2,2026-Sem2
EV006570,RA24110540000023,RA24110540000028,Event,1,2026-Sem1
EV006571,RA24110540000023,RA24110540000028,Event,2,2026-Sem1
EV006572,RA24110540000023,RA24110540000033,Event,1,2026-Sem2
EV006573,RA24110540000023,RA24110540000033,Event,1,2026-Sem2
EV006574,RA24110540000023,RA24110540000033,Event,1,2025-Sem1
EV006575,RA24110540000023,RA24110540000035,Project,1,2026-Sem2
EV006576,RA24110540000023,RA24110540000037,Project,5,2026-Sem1
EV006577,RA24110540000023,RA24110540000040,Event,1,2025-Sem1
EV006578,RA24110540000023,RA24110540000040,Event,2,2025-Sem1
EV006579,RA24110540000023,RA24110540000044,Social,4,2026-Sem1
EV006580,RA24110540000023,RA24110540000044,Social,1,2025-Sem1
EV006581,RA24110540000023,RA24110540000044,Social,1,2025-Sem1
EV006582,RA24110540000023,RA25110030000059,Cross-Department,2,2025-Sem1
EV006583,RA24110540000023,RA25110030000059,Cross-Department,2,2026-Sem1
EV006584,RA24110540000023,RA26110030000084,Cross-Department,3,2026-Sem2
EV006585,RA24110540000023,RA26110270000071,Cross-Department,2,2025-Sem1
EV006586,RA24110540000023,RA26110270000071,Cross-Department,1,2026-Sem2
EV006587,RA24110540000023,RA26110270000071,Cross-Department,1,2026-Sem2
EV006588,RA24110540000023,RA26110270000071,Cross-Department,1,2026-Sem2
EV006589,RA24110540000023,RA26110540000071,Event,2,2025-Sem1
EV006590,RA24110540000023,RA26110540000071,Event,1,2026-Sem2
EV006591,RA24110540000023,RA26110540000071,Event,5,2026-Sem2
EV006592,RA24110540000024,RA24110540000025,Project,2,2026-Sem2
EV006593,RA24110540000024,RA24110540000025,Project,1,2025-Sem1
EV006594,RA24110540000024,RA24110540000029,Club,1,2026-Sem2
EV006595,RA24110540000024,RA24110540000029,Club,2,2026-Sem1
EV006596,RA24110540000024,RA24110540000029,Club,2,2026-Sem1
EV006597,RA24110540000024,RA24110540000033,Project,1,2026-Sem1
EV006598,RA24110540000024,RA24110540000033,Project,2,2025-Sem1
EV006599,RA24110540000024,RA24110540000033,Project,2,2025-Sem1
EV006600,RA24110540000024,RA24110540000033,Project,1,2026-Sem2
EV006601,RA24110540000024,RA24110540000037,Club,3,2025-Sem1
EV006602,RA24110540000024,RA25110270000049,Cross-Department,2,2025-Sem1
EV006603,RA24110540000024,RA25110270000049,Cross-Department,1,2026-Sem2
EV006604,RA24110540000024,RA25110270000049,Cross-Department,2,2026-Sem2
EV006605,RA24110540000024,RA26110540000070,Academic,2,2026-Sem2
EV006606,RA24110540000024,RA26110540000070,Academic,1,2026-Sem2
EV006607,RA24110540000024,RA26110540000080,Club,3,2026-Sem2
EV006608,RA24110540000024,RA26110540000080,Club,2,2026-Sem1
EV006609,RA24110540000025,RA24110540000026,Social,1,2025-Sem1
EV006610,RA24110540000025,RA24110540000030,Social,1,2026-Sem1
EV006611,RA24110540000025,RA24110540000030,Social,1,2025-Sem1
EV006612,RA24110540000025,RA24110540000031,Project,1,2025-Sem1
EV006613,RA24110540000025,RA24110540000031,Project,1,2026-Sem2
EV006614,RA24110540000025,RA24110540000034,Social,2,2026-Sem1
EV006615,RA24110540000025,RA24110540000034,Social,1,2025-Sem1
EV006616,RA24110540000025,RA24110540000034,Social,1,2026-Sem1
EV006617,RA24110540000025,RA24110540000036,Social,1,2025-Sem1
EV006618,RA24110540000025,RA24110540000036,Social,1,2026-Sem2
EV006619,RA24110540000025,RA24110540000039,Academic,1,2026-Sem2
EV006620,RA24110540000025,RA24110540000040,Club,1,2026-Sem2
EV006621,RA24110540000025,RA24110540000040,Club,1,2026-Sem1
EV006622,RA24110540000025,RA24110540000042,Social,2,2026-Sem1
EV006623,RA24110540000025,RA25110540000045,Project,1,2026-Sem1
EV006624,RA24110540000025,RA25110540000045,Project,2,2026-Sem1
EV006625,RA24110540000025,RA25110540000045,Project,2,2026-Sem1
EV006626,RA24110540000025,RA25110540000045,Project,1,2025-Sem1
EV006627,RA24110540000025,RA25110540000045,Project,2,2026-Sem1
EV006628,RA24110540000025,RA26110030000078,Cross-Department,3,2026-Sem1
EV006629,RA24110540000025,RA26110540000070,Event,1,2025-Sem1
EV006630,RA24110540000025,RA26110540000072,Academic,2,2026-Sem2
EV006631,RA24110540000025,RA26110540000072,Academic,1,2025-Sem1
EV006632,RA24110540000025,RA26110540000072,Academic,1,2025-Sem1
EV006633,RA24110540000025,RA26110540000072,Academic,4,2026-Sem2
EV006634,RA24110540000025,RA26110560000084,Cross-Department,1,2025-Sem1
EV006635,RA24110540000025,RA26110560000084,Cross-Department,4,2025-Sem1
EV006636,RA24110540000026,RA24110540000027,Club,3,2026-Sem1
EV006637,RA24110540000026,RA24110540000031,Event,3,2025-Sem1
EV006638,RA24110540000026,RA24110540000033,Academic,3,2026-Sem2
EV006639,RA24110540000026,RA24110540000033,Academic,4,2025-Sem1
EV006640,RA24110540000026,RA24110540000033,Academic,1,2026-Sem2
EV006641,RA24110540000026,RA24110540000034,Academic,1,2025-Sem1
EV006642,RA24110540000026,RA24110540000034,Academic,1,2025-Sem1
EV006643,RA24110540000026,RA24110540000034,Academic,3,2026-Sem1
EV006644,RA24110540000026,RA24110540000034,Academic,4,2026-Sem2
EV006645,RA24110540000026,RA24110540000034,Academic,1,2026-Sem1
EV006646,RA24110540000026,RA24110540000034,Academic,1,2025-Sem1
EV006647,RA24110540000026,RA24110540000034,Academic,1,2026-Sem2
EV006648,RA24110540000026,RA24110540000037,Club,5,2025-Sem1
EV006649,RA24110540000026,RA24110540000042,Social,2,2025-Sem1
EV006650,RA24110540000026,RA24110540000042,Social,2,2026-Sem1
EV006651,RA24110540000026,RA24110540000042,Social,2,2025-Sem1
EV006652,RA24110540000026,RA24110540000042,Social,1,2026-Sem2
EV006653,RA24110540000026,RA24110540000042,Social,1,2026-Sem1
EV006654,RA24110540000026,RA24110540000042,Social,2,2026-Sem2
EV006655,RA24110540000026,RA24110540000042,Social,1,2026-Sem2
EV006656,RA24110540000026,RA24110540000042,Social,1,2026-Sem2
EV006657,RA24110540000026,RA24110540000043,Project,1,2026-Sem2
EV006658,RA24110540000026,RA24110540000043,Project,1,2026-Sem1
EV006659,RA24110540000026,RA24110540000044,Event,2,2025-Sem1
EV006660,RA24110540000026,RA25110270000058,Cross-Department,3,2025-Sem1
EV006661,RA24110540000026,RA25110270000058,Cross-Department,2,2026-Sem1
EV006662,RA24110540000026,RA25110270000065,Cross-Department,1,2026-Sem2
EV006663,RA24110540000026,RA25110270000065,Cross-Department,1,2026-Sem2
EV006664,RA24110540000026,RA25110290000057,Cross-Department,1,2026-Sem1
EV006665,RA24110540000026,RA25110290000057,Cross-Department,2,2026-Sem2
EV006666,RA24110540000026,RA25110290000057,Cross-Department,1,2026-Sem1
EV006667,RA24110540000026,RA25110290000057,Cross-Department,3,2026-Sem2
EV006668,RA24110540000026,RA26110030000070,Cross-Department,2,2026-Sem1
EV006669,RA24110540000026,RA26110030000070,Cross-Department,1,2025-Sem1
EV006670,RA24110540000026,RA26110030000070,Cross-Department,1,2026-Sem1
EV006671,RA24110540000027,RA24110540000028,Club,2,2026-Sem1
EV006672,RA24110540000027,RA24110540000029,Club,1,2026-Sem1
EV006673,RA24110540000027,RA24110540000029,Club,1,2025-Sem1
EV006674,RA24110540000027,RA24110540000029,Club,2,2025-Sem1
EV006675,RA24110540000027,RA24110540000029,Club,1,2026-Sem1
EV006676,RA24110540000027,RA24110540000034,Academic,2,2026-Sem1
EV006677,RA24110540000027,RA24110540000034,Academic,2,2026-Sem1
EV006678,RA24110540000027,RA24110540000034,Academic,3,2026-Sem2
EV006679,RA24110540000027,RA24110540000035,Social,2,2025-Sem1
EV006680,RA24110540000027,RA24110540000035,Social,1,2025-Sem1
EV006681,RA24110540000027,RA24110540000038,Club,1,2025-Sem1
EV006682,RA24110540000027,RA24110540000038,Club,3,2026-Sem1
EV006683,RA24110540000027,RA24110540000039,Event,5,2026-Sem2
EV006684,RA24110540000027,RA24110540000039,Event,1,2026-Sem2
EV006685,RA24110540000027,RA24110540000040,Social,1,2026-Sem1
EV006686,RA24110540000027,RA24110540000040,Social,2,2026-Sem1
EV006687,RA24110540000027,RA24110540000042,Project,1,2026-Sem1
EV006688,RA24110540000027,RA24110540000042,Project,2,2026-Sem2
EV006689,RA24110540000027,RA24110540000043,Academic,4,2026-Sem1
EV006690,RA24110540000027,RA24110540000043,Academic,1,2025-Sem1
EV006691,RA24110540000027,RA25110270000054,Cross-Department,3,2025-Sem1
EV006692,RA24110540000027,RA25110270000054,Cross-Department,1,2026-Sem2
EV006693,RA24110540000027,RA25110270000054,Cross-Department,1,2026-Sem2
EV006694,RA24110540000027,RA25110540000047,Academic,2,2025-Sem1
EV006695,RA24110540000027,RA25110540000047,Academic,4,2026-Sem2
EV006696,RA24110540000027,RA25110540000057,Club,3,2026-Sem2
EV006697,RA24110540000027,RA25110540000058,Club,1,2026-Sem1
EV006698,RA24110540000027,RA25110540000058,Club,2,2026-Sem2
EV006699,RA24110540000027,RA25110540000058,Club,2,2026-Sem1
EV006700,RA24110540000027,RA26110540000072,Social,2,2026-Sem1
EV006701,RA24110540000027,RA26110540000072,Social,4,2025-Sem1
EV006702,RA24110540000027,RA26110540000072,Social,1,2025-Sem1
EV006703,RA24110540000027,RA26110540000076,Social,2,2026-Sem1
EV006704,RA24110540000027,RA26110540000076,Social,1,2026-Sem2
EV006705,RA24110540000027,RA26110560000071,Cross-Department,1,2025-Sem1
EV006706,RA24110540000027,RA26110560000071,Cross-Department,3,2026-Sem1
EV006707,RA24110540000027,RA26110560000071,Cross-Department,1,2026-Sem2
EV006708,RA24110540000027,RA26110560000071,Cross-Department,1,2026-Sem2
EV006709,RA24110540000027,RA26110560000071,Cross-Department,1,2026-Sem1
EV006710,RA24110540000027,RA26110560000071,Cross-Department,2,2025-Sem1
EV006711,RA24110540000028,RA24110540000029,Social,1,2026-Sem2
EV006712,RA24110540000028,RA24110540000030,Project,2,2025-Sem1
EV006713,RA24110540000028,RA24110540000032,Project,1,2026-Sem2
EV006714,RA24110540000028,RA24110540000032,Project,2,2025-Sem1
EV006715,RA24110540000028,RA24110540000032,Project,2,2026-Sem2
EV006716,RA24110540000028,RA24110540000032,Project,1,2026-Sem1
EV006717,RA24110540000028,RA24110540000033,Project,2,2025-Sem1
EV006718,RA24110540000028,RA24110540000033,Project,1,2026-Sem1
EV006719,RA24110540000028,RA24110540000039,Event,1,2026-Sem1
EV006720,RA24110540000028,RA24110540000040,Club,2,2026-Sem1
EV006721,RA24110540000028,RA24110540000041,Project,2,2026-Sem1
EV006722,RA24110540000028,RA24110540000041,Project,1,2026-Sem2
EV006723,RA24110540000028,RA24110560000029,Cross-Department,2,2026-Sem2
EV006724,RA24110540000028,RA24110560000029,Cross-Department,2,2025-Sem1
EV006725,RA24110540000028,RA24110560000029,Cross-Department,2,2026-Sem2
EV006726,RA24110540000028,RA25110270000045,Cross-Department,2,2025-Sem1
EV006727,RA24110540000028,RA26110030000082,Cross-Department,3,2026-Sem1
EV006728,RA24110540000028,RA26110030000082,Cross-Department,1,2026-Sem1
EV006729,RA24110540000028,RA26110540000083,Academic,1,2026-Sem1
EV006730,RA24110540000028,RA26110540000083,Academic,1,2026-Sem2
EV006731,RA24110540000028,RA26110540000083,Academic,3,2026-Sem2
EV006732,RA24110540000029,RA24110540000030,Event,4,2025-Sem1
EV006733,RA24110540000029,RA24110540000030,Event,4,2026-Sem1
EV006734,RA24110540000029,RA24110540000031,Club,1,2026-Sem2
EV006735,RA24110540000029,RA24110540000031,Club,1,2026-Sem2
EV006736,RA24110540000029,RA24110540000031,Club,2,2025-Sem1
EV006737,RA24110540000029,RA24110540000031,Club,2,2026-Sem2
EV006738,RA24110540000029,RA24110540000036,Project,2,2026-Sem1
EV006739,RA24110540000029,RA24110540000038,Academic,2,2026-Sem1
EV006740,RA24110540000029,RA24110540000038,Academic,1,2026-Sem2
EV006741,RA24110540000029,RA24110540000038,Academic,3,2026-Sem2
EV006742,RA24110540000029,RA24110540000043,Club,1,2026-Sem2
EV006743,RA24110540000029,RA24110540000043,Club,2,2025-Sem1
EV006744,RA24110540000029,RA24110540000044,Project,4,2026-Sem2
EV006745,RA24110540000029,RA24110540000044,Project,2,2026-Sem1
EV006746,RA24110540000029,RA25110030000057,Cross-Department,1,2025-Sem1
EV006747,RA24110540000029,RA25110030000057,Cross-Department,2,2026-Sem1
EV006748,RA24110540000029,RA25110560000047,Cross-Department,2,2026-Sem2
EV006749,RA24110540000029,RA25110560000047,Cross-Department,2,2025-Sem1
EV006750,RA24110540000029,RA25110560000047,Cross-Department,1,2026-Sem1
EV006751,RA24110540000030,RA24110540000031,Social,1,2026-Sem1
EV006752,RA24110540000030,RA24110540000035,Club,1,2026-Sem2
EV006753,RA24110540000030,RA24110540000035,Club,1,2026-Sem1
EV006754,RA24110540000030,RA24110540000035,Club,2,2026-Sem2
EV006755,RA24110540000030,RA24110540000035,Club,2,2026-Sem1
EV006756,RA24110540000030,RA24110540000035,Club,2,2026-Sem1
EV006757,RA24110540000030,RA24110540000036,Club,1,2026-Sem1
EV006758,RA24110540000030,RA24110540000038,Event,2,2026-Sem1
EV006759,RA24110540000030,RA24110540000042,Academic,1,2026-Sem1
EV006760,RA24110540000030,RA24110540000042,Academic,3,2025-Sem1
EV006761,RA24110540000030,RA24110540000042,Academic,1,2026-Sem2
EV006762,RA24110540000030,RA24110540000043,Club,3,2026-Sem2
EV006763,RA24110540000030,RA24110540000043,Club,1,2026-Sem2
EV006764,RA24110540000030,RA25110540000057,Club,1,2026-Sem2
EV006765,RA24110540000030,RA26110270000072,Cross-Department,1,2025-Sem1
EV006766,RA24110540000030,RA26110270000072,Cross-Department,1,2026-Sem1
EV006767,RA24110540000030,RA26110270000072,Cross-Department,1,2026-Sem1
EV006768,RA24110540000030,RA26110270000072,Cross-Department,1,2025-Sem1
EV006769,RA24110540000030,RA26110270000072,Cross-Department,1,2026-Sem2
EV006770,RA24110540000030,RA26110270000072,Cross-Department,1,2026-Sem2
EV006771,RA24110540000031,RA24110540000032,Social,2,2026-Sem1
EV006772,RA24110540000031,RA24110540000032,Social,2,2025-Sem1
EV006773,RA24110540000031,RA24110540000032,Social,2,2026-Sem2
EV006774,RA24110540000031,RA24110540000032,Social,2,2026-Sem1
EV006775,RA24110540000031,RA24110540000032,Social,2,2026-Sem2
EV006776,RA24110540000031,RA24110540000032,Social,4,2025-Sem1
EV006777,RA24110540000031,RA24110540000033,Project,1,2026-Sem2
EV006778,RA24110540000031,RA24110540000033,Project,1,2025-Sem1
EV006779,RA24110540000031,RA24110540000034,Project,1,2026-Sem1
EV006780,RA24110540000031,RA24110540000036,Club,3,2026-Sem2
EV006781,RA24110540000031,RA24110540000036,Club,5,2026-Sem1
EV006782,RA24110540000031,RA24110540000036,Club,2,2026-Sem2
EV006783,RA24110540000031,RA24110540000040,Club,1,2026-Sem1
EV006784,RA24110540000031,RA24110540000040,Club,2,2025-Sem1
EV006785,RA24110540000031,RA24110540000041,Academic,1,2026-Sem2
EV006786,RA24110540000031,RA24110540000042,Academic,1,2025-Sem1
EV006787,RA24110540000031,RA24110540000042,Academic,2,2025-Sem1
EV006788,RA24110540000031,RA24110540000043,Event,1,2026-Sem2
EV006789,RA24110540000031,RA24110540000043,Event,1,2025-Sem1
EV006790,RA24110540000031,RA24110540000043,Event,2,2026-Sem2
EV006791,RA24110540000031,RA25110030000055,Cross-Department,1,2026-Sem2
EV006792,RA24110540000031,RA25110030000055,Cross-Department,3,2025-Sem1
EV006793,RA24110540000031,RA25110030000055,Cross-Department,1,2026-Sem1
EV006794,RA24110540000031,RA25110030000055,Cross-Department,1,2026-Sem1
EV006795,RA24110540000031,RA25110030000055,Cross-Department,1,2026-Sem2
EV006796,RA24110540000031,RA25110540000066,Social,3,2026-Sem2
EV006797,RA24110540000031,RA25110540000066,Social,1,2026-Sem2
EV006798,RA24110540000031,RA25110540000066,Social,1,2026-Sem2
EV006799,RA24110540000031,RA25110540000066,Social,2,2026-Sem2
EV006800,RA24110540000031,RA26110030000073,Cross-Department,4,2026-Sem1
EV006801,RA24110540000031,RA26110540000079,Club,3,2026-Sem1
EV006802,RA24110540000031,RA26110540000079,Club,2,2026-Sem2
EV006803,RA24110540000031,RA26110540000088,Social,3,2026-Sem1
EV006804,RA24110540000031,RA26110540000088,Social,1,2026-Sem2
EV006805,RA24110540000032,RA24110540000033,Club,3,2026-Sem2
EV006806,RA24110540000032,RA24110540000033,Club,4,2026-Sem2
EV006807,RA24110540000032,RA24110540000033,Club,1,2026-Sem1
EV006808,RA24110540000032,RA24110540000036,Social,2,2025-Sem1
EV006809,RA24110540000032,RA24110540000036,Social,2,2025-Sem1
EV006810,RA24110540000032,RA24110540000037,Club,1,2026-Sem1
EV006811,RA24110540000032,RA24110540000037,Club,2,2025-Sem1
EV006812,RA24110540000032,RA24110540000041,Club,1,2026-Sem1
EV006813,RA24110540000032,RA24110540000041,Club,4,2025-Sem1
EV006814,RA24110540000032,RA24110540000041,Club,1,2026-Sem2
EV006815,RA24110540000032,RA24110540000041,Club,1,2026-Sem2
EV006816,RA24110540000032,RA24110540000042,Club,1,2026-Sem1
EV006817,RA24110540000032,RA24110540000042,Club,2,2025-Sem1
EV006818,RA24110540000032,RA24110540000044,Academic,3,2026-Sem2
EV006819,RA24110540000032,RA24110540000044,Academic,2,2026-Sem1
EV006820,RA24110540000032,RA25110270000054,Cross-Department,2,2026-Sem1
EV006821,RA24110540000032,RA25110270000054,Cross-Department,3,2026-Sem1
EV006822,RA24110540000032,RA25110270000054,Cross-Department,1,2026-Sem2
EV006823,RA24110540000032,RA25110540000056,Club,1,2026-Sem2
EV006824,RA24110540000032,RA26110270000071,Cross-Department,1,2026-Sem2
EV006825,RA24110540000032,RA26110270000071,Cross-Department,2,2025-Sem1
EV006826,RA24110540000032,RA26110270000071,Cross-Department,2,2025-Sem1
EV006827,RA24110540000032,RA26110270000076,Cross-Department,2,2025-Sem1
EV006828,RA24110540000032,RA26110270000076,Cross-Department,3,2026-Sem1
EV006829,RA24110540000032,RA26110270000076,Cross-Department,1,2025-Sem1
EV006830,RA24110540000032,RA26110270000076,Cross-Department,1,2026-Sem1
EV006831,RA24110540000033,RA24110540000034,Club,1,2026-Sem1
EV006832,RA24110540000033,RA24110540000035,Club,1,2025-Sem1
EV006833,RA24110540000033,RA24110540000036,Project,3,2026-Sem2
EV006834,RA24110540000033,RA24110540000036,Project,2,2025-Sem1
EV006835,RA24110540000033,RA24110540000037,Project,1,2026-Sem1
EV006836,RA24110540000033,RA24110540000037,Project,1,2026-Sem2
EV006837,RA24110540000033,RA24110540000037,Project,2,2026-Sem1
EV006838,RA24110540000033,RA24110540000040,Project,1,2026-Sem2
EV006839,RA24110540000033,RA24110540000042,Academic,1,2025-Sem1
EV006840,RA24110540000033,RA24110540000042,Academic,1,2025-Sem1
EV006841,RA24110540000033,RA24110540000042,Academic,2,2025-Sem1
EV006842,RA24110540000033,RA24110540000043,Club,1,2026-Sem1
EV006843,RA24110540000033,RA24110560000031,Cross-Department,2,2025-Sem1
EV006844,RA24110540000033,RA24110560000031,Cross-Department,1,2025-Sem1
EV006845,RA24110540000033,RA25110270000065,Cross-Department,2,2025-Sem1
EV006846,RA24110540000033,RA25110270000065,Cross-Department,1,2025-Sem1
EV006847,RA24110540000033,RA25110270000065,Cross-Department,1,2026-Sem2
EV006848,RA24110540000033,RA25110560000055,Cross-Department,2,2026-Sem2
EV006849,RA24110540000033,RA25110560000055,Cross-Department,2,2026-Sem1
EV006850,RA24110540000033,RA26110030000088,Cross-Department,3,2025-Sem1
EV006851,RA24110540000033,RA26110030000088,Cross-Department,2,2025-Sem1
EV006852,RA24110540000033,RA26110270000070,Cross-Department,1,2026-Sem1
EV006853,RA24110540000033,RA26110270000070,Cross-Department,4,2025-Sem1
EV006854,RA24110540000033,RA26110270000071,Cross-Department,3,2026-Sem2
EV006855,RA24110540000033,RA26110270000071,Cross-Department,2,2025-Sem1
EV006856,RA24110540000033,RA26110270000079,Cross-Department,1,2026-Sem2
EV006857,RA24110540000033,RA26110270000079,Cross-Department,1,2025-Sem1
EV006858,RA24110540000033,RA26110270000079,Cross-Department,1,2026-Sem2
EV006859,RA24110540000034,RA24110540000035,Social,1,2026-Sem2
EV006860,RA24110540000034,RA24110540000035,Social,2,2026-Sem1
EV006861,RA24110540000034,RA24110540000036,Event,1,2026-Sem2
EV006862,RA24110540000034,RA24110540000037,Club,1,2026-Sem1
EV006863,RA24110540000034,RA24110560000029,Cross-Department,2,2025-Sem1
EV006864,RA24110540000034,RA24110560000029,Cross-Department,2,2026-Sem2
EV006865,RA24110540000034,RA24110560000036,Cross-Department,1,2026-Sem1
EV006866,RA24110540000034,RA24110560000036,Cross-Department,3,2026-Sem2
EV006867,RA24110540000034,RA25110030000045,Cross-Department,3,2025-Sem1
EV006868,RA24110540000034,RA25110030000045,Cross-Department,2,2026-Sem1
EV006869,RA24110540000034,RA25110540000058,Social,1,2025-Sem1
EV006870,RA24110540000034,RA25110560000050,Cross-Department,2,2026-Sem1
EV006871,RA24110540000034,RA25110560000050,Cross-Department,2,2026-Sem1
EV006872,RA24110540000034,RA25110560000050,Cross-Department,3,2026-Sem1
EV006873,RA24110540000034,RA26110030000079,Cross-Department,2,2026-Sem1
EV006874,RA24110540000034,RA26110030000079,Cross-Department,1,2026-Sem2
EV006875,RA24110540000034,RA26110280000080,Cross-Department,3,2025-Sem1
EV006876,RA24110540000034,RA26110280000080,Cross-Department,1,2025-Sem1
EV006877,RA24110540000034,RA26110280000080,Cross-Department,1,2025-Sem1
EV006878,RA24110540000034,RA26110540000075,Club,1,2025-Sem1
EV006879,RA24110540000034,RA26110540000075,Club,1,2026-Sem1
EV006880,RA24110540000034,RA26110540000075,Club,3,2026-Sem2
EV006881,RA24110540000034,RA26110540000075,Club,2,2026-Sem1
EV006882,RA24110540000034,RA26110540000075,Club,1,2026-Sem2
EV006883,RA24110540000034,RA26110540000075,Club,1,2026-Sem1
EV006884,RA24110540000035,RA24110540000036,Project,1,2026-Sem1
EV006885,RA24110540000035,RA24110540000036,Project,1,2026-Sem1
EV006886,RA24110540000035,RA24110540000036,Project,1,2025-Sem1
EV006887,RA24110540000035,RA24110540000037,Event,1,2025-Sem1
EV006888,RA24110540000035,RA24110540000037,Event,2,2026-Sem1
EV006889,RA24110540000035,RA24110540000039,Project,1,2026-Sem2
EV006890,RA24110540000035,RA24110540000039,Project,2,2025-Sem1
EV006891,RA24110540000035,RA24110540000042,Project,3,2026-Sem1
EV006892,RA24110540000035,RA24110540000042,Project,1,2025-Sem1
EV006893,RA24110540000035,RA24110540000043,Event,1,2026-Sem1
EV006894,RA24110540000035,RA24110560000043,Cross-Department,4,2026-Sem2
EV006895,RA24110540000035,RA24110560000043,Cross-Department,1,2026-Sem1
EV006896,RA24110540000035,RA25110270000045,Cross-Department,3,2026-Sem2
EV006897,RA24110540000035,RA25110270000045,Cross-Department,2,2026-Sem2
EV006898,RA24110540000035,RA25110540000049,Event,2,2026-Sem1
EV006899,RA24110540000035,RA25110560000045,Cross-Department,3,2025-Sem1
EV006900,RA24110540000035,RA25110560000045,Cross-Department,2,2025-Sem1
EV006901,RA24110540000035,RA26110030000068,Cross-Department,1,2026-Sem2
EV006902,RA24110540000035,RA26110030000068,Cross-Department,1,2025-Sem1
EV006903,RA24110540000035,RA26110030000078,Cross-Department,2,2026-Sem1
EV006904,RA24110540000035,RA26110030000078,Cross-Department,1,2025-Sem1
EV006905,RA24110540000035,RA26110030000080,Cross-Department,1,2025-Sem1
EV006906,RA24110540000035,RA26110030000080,Cross-Department,2,2025-Sem1
EV006907,RA24110540000035,RA26110270000073,Cross-Department,3,2025-Sem1
EV006908,RA24110540000035,RA26110270000073,Cross-Department,1,2026-Sem1
EV006909,RA24110540000036,RA24110540000037,Club,2,2026-Sem1
EV006910,RA24110540000036,RA24110540000042,Academic,3,2025-Sem1
EV006911,RA24110540000036,RA24110540000043,Academic,2,2026-Sem1
EV006912,RA24110540000036,RA24110540000043,Academic,2,2025-Sem1
EV006913,RA24110540000036,RA24110560000024,Cross-Department,1,2025-Sem1
EV006914,RA24110540000036,RA24110560000024,Cross-Department,3,2026-Sem1
EV006915,RA24110540000036,RA25110270000057,Cross-Department,1,2025-Sem1
EV006916,RA24110540000036,RA25110270000057,Cross-Department,1,2026-Sem2
EV006917,RA24110540000036,RA25110270000057,Cross-Department,1,2026-Sem1
EV006918,RA24110540000036,RA26110270000071,Cross-Department,4,2025-Sem1
EV006919,RA24110540000036,RA26110270000071,Cross-Department,3,2025-Sem1
EV006920,RA24110540000036,RA26110270000071,Cross-Department,3,2025-Sem1
EV006921,RA24110540000036,RA26110290000070,Cross-Department,1,2026-Sem2
EV006922,RA24110540000036,RA26110290000070,Cross-Department,1,2026-Sem1
EV006923,RA24110540000036,RA26110290000070,Cross-Department,4,2026-Sem1
EV006924,RA24110540000036,RA26110540000081,Project,1,2025-Sem1
EV006925,RA24110540000036,RA26110540000081,Project,2,2025-Sem1
EV006926,RA24110540000036,RA26110540000081,Project,1,2025-Sem1
EV006927,RA24110540000036,RA26110540000081,Project,2,2025-Sem1
EV006928,RA24110540000036,RA26110560000080,Cross-Department,2,2026-Sem2
EV006929,RA24110540000037,RA24110540000038,Event,2,2026-Sem1
EV006930,RA24110540000037,RA24110540000038,Event,1,2026-Sem1
EV006931,RA24110540000037,RA24110540000040,Academic,1,2026-Sem1
EV006932,RA24110540000037,RA24110540000040,Academic,1,2026-Sem2
EV006933,RA24110540000037,RA24110540000042,Project,1,2026-Sem2
EV006934,RA24110540000037,RA24110540000043,Event,1,2025-Sem1
EV006935,RA24110540000037,RA24110540000043,Event,2,2025-Sem1
EV006936,RA24110540000037,RA24110540000044,Event,2,2026-Sem2
EV006937,RA24110540000037,RA24110560000025,Cross-Department,2,2025-Sem1
EV006938,RA24110540000037,RA25110030000051,Cross-Department,2,2026-Sem1
EV006939,RA24110540000037,RA25110030000051,Cross-Department,1,2026-Sem2
EV006940,RA24110540000037,RA25110030000051,Cross-Department,1,2026-Sem2
EV006941,RA24110540000037,RA25110030000051,Cross-Department,1,2026-Sem2
EV006942,RA24110540000037,RA25110030000051,Cross-Department,1,2025-Sem1
EV006943,RA24110540000037,RA25110030000051,Cross-Department,1,2025-Sem1
EV006944,RA24110540000037,RA25110030000058,Cross-Department,1,2026-Sem2
EV006945,RA24110540000037,RA25110030000058,Cross-Department,1,2025-Sem1
EV006946,RA24110540000037,RA25110030000058,Cross-Department,1,2026-Sem2
EV006947,RA24110540000037,RA25110030000058,Cross-Department,3,2026-Sem1
EV006948,RA24110540000037,RA26110030000080,Cross-Department,1,2025-Sem1
EV006949,RA24110540000037,RA26110030000080,Cross-Department,1,2025-Sem1
EV006950,RA24110540000037,RA26110030000080,Cross-Department,2,2026-Sem1
EV006951,RA24110540000037,RA26110030000088,Cross-Department,3,2026-Sem2
EV006952,RA24110540000037,RA26110270000078,Cross-Department,1,2025-Sem1
EV006953,RA24110540000037,RA26110270000078,Cross-Department,2,2025-Sem1
EV006954,RA24110540000037,RA26110270000078,Cross-Department,4,2026-Sem2
EV006955,RA24110540000038,RA24110540000039,Club,1,2026-Sem1
EV006956,RA24110540000038,RA24110540000040,Event,1,2026-Sem2
EV006957,RA24110540000038,RA24110540000040,Event,1,2026-Sem2
EV006958,RA24110540000038,RA24110540000040,Event,1,2026-Sem2
EV006959,RA24110540000038,RA24110540000041,Academic,2,2025-Sem1
EV006960,RA24110540000038,RA24110540000041,Academic,1,2026-Sem1
EV006961,RA24110540000038,RA24110540000041,Academic,1,2026-Sem2
EV006962,RA24110540000038,RA24110540000043,Event,2,2026-Sem1
EV006963,RA24110540000038,RA24110540000044,Social,2,2026-Sem1
EV006964,RA24110540000038,RA24110540000044,Social,1,2025-Sem1
EV006965,RA24110540000038,RA25110540000049,Event,1,2026-Sem2
EV006966,RA24110540000038,RA25110540000057,Project,1,2025-Sem1
EV006967,RA24110540000038,RA26110270000071,Cross-Department,1,2026-Sem2
EV006968,RA24110540000038,RA26110270000071,Cross-Department,1,2026-Sem1
EV006969,RA24110540000038,RA26110560000086,Cross-Department,1,2025-Sem1
EV006970,RA24110540000038,RA26110560000086,Cross-Department,1,2026-Sem1
EV006971,RA24110540000038,RA26110560000086,Cross-Department,1,2025-Sem1
EV006972,RA24110540000038,RA26110560000086,Cross-Department,1,2025-Sem1
EV006973,RA24110540000039,RA24110540000040,Club,1,2026-Sem2
EV006974,RA24110540000039,RA24110540000040,Club,1,2026-Sem1
EV006975,RA24110540000039,RA24110540000042,Social,2,2025-Sem1
EV006976,RA24110540000039,RA24110540000042,Social,1,2026-Sem1
EV006977,RA24110540000039,RA24110540000042,Social,2,2025-Sem1
EV006978,RA24110540000039,RA24110540000042,Social,2,2025-Sem1
EV006979,RA24110540000039,RA24110540000042,Social,3,2026-Sem2
EV006980,RA24110540000039,RA24110540000042,Social,2,2025-Sem1
EV006981,RA24110540000039,RA24110560000035,Cross-Department,2,2025-Sem1
EV006982,RA24110540000039,RA25110560000045,Cross-Department,2,2026-Sem1
EV006983,RA24110540000039,RA25110560000049,Cross-Department,1,2026-Sem2
EV006984,RA24110540000039,RA25110560000049,Cross-Department,2,2025-Sem1
EV006985,RA24110540000039,RA26110270000068,Cross-Department,1,2026-Sem2
EV006986,RA24110540000039,RA26110270000068,Cross-Department,2,2025-Sem1
EV006987,RA24110540000039,RA26110270000068,Cross-Department,2,2026-Sem1
EV006988,RA24110540000039,RA26110270000068,Cross-Department,1,2025-Sem1
EV006989,RA24110540000040,RA24110540000041,Social,1,2026-Sem2
EV006990,RA24110540000040,RA24110540000041,Social,2,2025-Sem1
EV006991,RA24110540000040,RA24110540000042,Academic,1,2025-Sem1
EV006992,RA24110540000040,RA24110540000043,Club,2,2025-Sem1
EV006993,RA24110540000040,RA25110030000053,Cross-Department,1,2025-Sem1
EV006994,RA24110540000040,RA25110030000053,Cross-Department,1,2026-Sem2
EV006995,RA24110540000040,RA25110540000049,Social,1,2026-Sem1
EV006996,RA24110540000040,RA25110540000049,Social,1,2025-Sem1
EV006997,RA24110540000040,RA25110540000049,Social,3,2025-Sem1
EV006998,RA24110540000040,RA25110560000058,Cross-Department,3,2025-Sem1
EV006999,RA24110540000040,RA25110560000058,Cross-Department,1,2026-Sem1
EV007000,RA24110540000040,RA25110560000058,Cross-Department,1,2026-Sem2
EV007001,RA24110540000040,RA26110030000069,Cross-Department,4,2026-Sem1
EV007002,RA24110540000040,RA26110030000069,Cross-Department,1,2025-Sem1
EV007003,RA24110540000040,RA26110030000069,Cross-Department,1,2026-Sem2
EV007004,RA24110540000040,RA26110030000069,Cross-Department,2,2026-Sem1
EV007005,RA24110540000040,RA26110030000069,Cross-Department,1,2025-Sem1
EV007006,RA24110540000040,RA26110030000080,Cross-Department,2,2026-Sem2
EV007007,RA24110540000040,RA26110030000080,Cross-Department,1,2026-Sem1
EV007008,RA24110540000041,RA24110540000042,Club,1,2026-Sem1
EV007009,RA24110540000041,RA24110540000042,Club,1,2025-Sem1
EV007010,RA24110540000041,RA24110540000042,Club,2,2026-Sem2
EV007011,RA24110540000041,RA24110560000026,Cross-Department,1,2026-Sem1
EV007012,RA24110540000041,RA24110560000026,Cross-Department,2,2026-Sem1
EV007013,RA24110540000041,RA24110560000026,Cross-Department,1,2025-Sem1
EV007014,RA24110540000041,RA25110030000046,Cross-Department,1,2026-Sem1
EV007015,RA24110540000041,RA25110030000046,Cross-Department,1,2025-Sem1
EV007016,RA24110540000041,RA25110270000053,Cross-Department,3,2026-Sem2
EV007017,RA24110540000041,RA25110270000066,Cross-Department,2,2025-Sem1
EV007018,RA24110540000041,RA25110270000066,Cross-Department,1,2026-Sem2
EV007019,RA24110540000041,RA25110560000066,Cross-Department,1,2026-Sem2
EV007020,RA24110540000041,RA25110560000066,Cross-Department,2,2025-Sem1
EV007021,RA24110540000041,RA25110560000066,Cross-Department,2,2026-Sem1
EV007022,RA24110540000041,RA25110560000066,Cross-Department,1,2026-Sem1
EV007023,RA24110540000041,RA26110030000087,Cross-Department,3,2025-Sem1
EV007024,RA24110540000042,RA24110540000043,Club,4,2026-Sem1
EV007025,RA24110540000042,RA25110270000064,Cross-Department,2,2025-Sem1
EV007026,RA24110540000042,RA25110270000064,Cross-Department,2,2026-Sem1
EV007027,RA24110540000042,RA25110270000064,Cross-Department,1,2025-Sem1
EV007028,RA24110540000042,RA25110540000057,Social,2,2026-Sem2
EV007029,RA24110540000042,RA26110270000072,Cross-Department,2,2026-Sem2
EV007030,RA24110540000042,RA26110270000072,Cross-Department,4,2026-Sem2
EV007031,RA24110540000042,RA26110270000072,Cross-Department,1,2025-Sem1
EV007032,RA24110540000042,RA26110540000081,Academic,1,2025-Sem1
EV007033,RA24110540000042,RA26110540000081,Academic,3,2026-Sem1
EV007034,RA24110540000043,RA24110540000044,Academic,1,2025-Sem1
EV007035,RA24110540000043,RA24110540000044,Academic,4,2026-Sem1
EV007036,RA24110540000043,RA24110540000044,Academic,6,2025-Sem1
EV007037,RA24110540000043,RA24110540000044,Academic,1,2026-Sem1
EV007038,RA24110540000043,RA24110560000030,Cross-Department,3,2026-Sem2
EV007039,RA24110540000043,RA24110560000030,Cross-Department,2,2026-Sem1
EV007040,RA24110540000043,RA25110560000057,Cross-Department,3,2026-Sem1
EV007041,RA24110540000043,RA25110560000057,Cross-Department,1,2026-Sem2
EV007042,RA24110540000043,RA26110030000069,Cross-Department,1,2025-Sem1
EV007043,RA24110540000043,RA26110030000069,Cross-Department,2,2026-Sem2
EV007044,RA24110540000043,RA26110030000069,Cross-Department,2,2026-Sem2
EV007045,RA24110540000043,RA26110030000069,Cross-Department,1,2026-Sem2
EV007046,RA24110540000043,RA26110030000078,Cross-Department,2,2025-Sem1
EV007047,RA24110540000043,RA26110030000078,Cross-Department,1,2025-Sem1
EV007048,RA24110540000043,RA26110030000078,Cross-Department,1,2025-Sem1
EV007049,RA24110540000044,RA25110270000055,Cross-Department,2,2026-Sem1
EV007050,RA24110540000044,RA25110270000055,Cross-Department,2,2026-Sem2
EV007051,RA24110540000044,RA25110300000062,Cross-Department,3,2025-Sem1
EV007052,RA24110540000044,RA25110300000062,Cross-Department,2,2026-Sem2
EV007053,RA24110540000044,RA25110540000058,Club,1,2025-Sem1
EV007054,RA24110540000044,RA25110540000058,Club,1,2025-Sem1
EV007055,RA24110540000044,RA25110540000058,Club,2,2025-Sem1
EV007056,RA24110540000044,RA25110560000048,Cross-Department,4,2025-Sem1
EV007057,RA24110540000044,RA25110560000048,Cross-Department,1,2026-Sem2
EV007058,RA24110540000044,RA26110560000072,Cross-Department,2,2026-Sem2
EV007059,RA24110540000044,RA26110560000072,Cross-Department,2,2026-Sem2
EV007060,RA24110540000044,RA26110560000073,Cross-Department,4,2025-Sem1
EV007061,RA24110540000044,RA26110560000073,Cross-Department,1,2026-Sem1
EV007062,RA24110540000044,RA26110560000073,Cross-Department,1,2026-Sem1
EV007063,RA24110540000044,RA26110560000073,Cross-Department,2,2026-Sem2
EV007064,RA24110560000023,RA24110560000024,Academic,2,2026-Sem1
EV007065,RA24110560000023,RA24110560000028,Academic,2,2026-Sem2
EV007066,RA24110560000023,RA24110560000031,Project,2,2026-Sem1
EV007067,RA24110560000023,RA24110560000033,Event,1,2026-Sem1
EV007068,RA24110560000023,RA24110560000033,Event,2,2026-Sem1
EV007069,RA24110560000023,RA24110560000037,Event,1,2026-Sem2
EV007070,RA24110560000023,RA24110560000037,Event,1,2026-Sem1
EV007071,RA24110560000023,RA24110560000037,Event,1,2025-Sem1
EV007072,RA24110560000023,RA24110560000041,Academic,2,2026-Sem1
EV007073,RA24110560000023,RA24110560000043,Event,3,2026-Sem1
EV007074,RA24110560000023,RA24110560000044,Academic,1,2025-Sem1
EV007075,RA24110560000023,RA25110540000059,Cross-Department,5,2026-Sem2
EV007076,RA24110560000023,RA26110270000078,Cross-Department,1,2026-Sem2
EV007077,RA24110560000023,RA26110270000078,Cross-Department,1,2026-Sem2
EV007078,RA24110560000023,RA26110270000078,Cross-Department,1,2026-Sem2
EV007079,RA24110560000023,RA26110270000078,Cross-Department,1,2025-Sem1
EV007080,RA24110560000023,RA26110270000078,Cross-Department,2,2026-Sem1
EV007081,RA24110560000023,RA26110560000067,Academic,2,2026-Sem1
EV007082,RA24110560000023,RA26110560000067,Academic,1,2026-Sem1
EV007083,RA24110560000024,RA24110560000025,Club,2,2026-Sem1
EV007084,RA24110560000024,RA24110560000026,Event,2,2026-Sem1
EV007085,RA24110560000024,RA24110560000026,Event,2,2026-Sem2
EV007086,RA24110560000024,RA24110560000028,Club,1,2025-Sem1
EV007087,RA24110560000024,RA24110560000028,Club,2,2025-Sem1
EV007088,RA24110560000024,RA24110560000028,Club,1,2026-Sem2
EV007089,RA24110560000024,RA24110560000034,Academic,2,2025-Sem1
EV007090,RA24110560000024,RA24110560000034,Academic,1,2026-Sem1
EV007091,RA24110560000024,RA24110560000034,Academic,1,2026-Sem2
EV007092,RA24110560000024,RA24110560000034,Academic,1,2026-Sem2
EV007093,RA24110560000024,RA24110560000034,Academic,1,2025-Sem1
EV007094,RA24110560000024,RA24110560000034,Academic,2,2026-Sem2
EV007095,RA24110560000024,RA24110560000034,Academic,1,2025-Sem1
EV007096,RA24110560000024,RA24110560000036,Academic,2,2025-Sem1
EV007097,RA24110560000024,RA24110560000040,Social,2,2025-Sem1
EV007098,RA24110560000024,RA24110560000042,Academic,1,2026-Sem1
EV007099,RA24110560000024,RA24110560000042,Academic,2,2026-Sem1
EV007100,RA24110560000024,RA24110560000042,Academic,2,2026-Sem1
EV007101,RA24110560000024,RA25110030000047,Cross-Department,2,2026-Sem2
EV007102,RA24110560000024,RA25110030000047,Cross-Department,2,2025-Sem1
EV007103,RA24110560000024,RA25110030000047,Cross-Department,1,2026-Sem1
EV007104,RA24110560000024,RA25110030000047,Cross-Department,1,2025-Sem1
EV007105,RA24110560000024,RA25110030000047,Cross-Department,1,2026-Sem1
EV007106,RA24110560000024,RA26110270000080,Cross-Department,3,2025-Sem1
EV007107,RA24110560000024,RA26110270000080,Cross-Department,1,2025-Sem1
EV007108,RA24110560000024,RA26110270000080,Cross-Department,2,2025-Sem1
EV007109,RA24110560000024,RA26110560000085,Club,2,2026-Sem2
EV007110,RA24110560000024,RA26110560000085,Club,1,2026-Sem1
EV007111,RA24110560000024,RA26110560000085,Club,1,2025-Sem1
EV007112,RA24110560000025,RA24110560000026,Project,2,2025-Sem1
EV007113,RA24110560000025,RA24110560000026,Project,1,2026-Sem1
EV007114,RA24110560000025,RA24110560000027,Event,3,2026-Sem1
EV007115,RA24110560000025,RA24110560000027,Event,1,2026-Sem2
EV007116,RA24110560000025,RA24110560000028,Academic,1,2026-Sem1
EV007117,RA24110560000025,RA24110560000031,Project,1,2026-Sem2
EV007118,RA24110560000025,RA24110560000032,Club,2,2026-Sem1
EV007119,RA24110560000025,RA24110560000032,Club,3,2026-Sem2
EV007120,RA24110560000025,RA24110560000035,Club,1,2026-Sem1
EV007121,RA24110560000025,RA24110560000037,Event,4,2026-Sem1
EV007122,RA24110560000025,RA24110560000037,Event,2,2026-Sem2
EV007123,RA24110560000025,RA24110560000038,Social,2,2026-Sem2
EV007124,RA24110560000025,RA24110560000039,Academic,3,2026-Sem1
EV007125,RA24110560000025,RA24110560000042,Social,2,2025-Sem1
EV007126,RA24110560000025,RA24110560000042,Social,3,2025-Sem1
EV007127,RA24110560000025,RA24110560000042,Social,1,2026-Sem2
EV007128,RA24110560000025,RA24110560000044,Academic,3,2026-Sem2
EV007129,RA24110560000025,RA25110270000050,Cross-Department,1,2025-Sem1
EV007130,RA24110560000025,RA25110270000050,Cross-Department,1,2026-Sem1
EV007131,RA24110560000025,RA25110270000050,Cross-Department,1,2026-Sem1
EV007132,RA24110560000025,RA25110270000053,Cross-Department,1,2025-Sem1
EV007133,RA24110560000025,RA25110270000053,Cross-Department,6,2026-Sem2
EV007134,RA24110560000025,RA25110270000053,Cross-Department,1,2025-Sem1
EV007135,RA24110560000025,RA25110270000053,Cross-Department,1,2026-Sem1
EV007136,RA24110560000025,RA25110270000059,Cross-Department,4,2025-Sem1
EV007137,RA24110560000025,RA26110030000082,Cross-Department,2,2025-Sem1
EV007138,RA24110560000025,RA26110030000082,Cross-Department,4,2026-Sem1
EV007139,RA24110560000025,RA26110030000082,Cross-Department,1,2025-Sem1
EV007140,RA24110560000025,RA26110030000082,Cross-Department,1,2026-Sem2
EV007141,RA24110560000025,RA26110030000082,Cross-Department,1,2026-Sem2
EV007142,RA24110560000025,RA26110030000082,Cross-Department,2,2025-Sem1
EV007143,RA24110560000025,RA26110030000082,Cross-Department,1,2026-Sem1
EV007144,RA24110560000025,RA26110030000082,Cross-Department,2,2026-Sem1
EV007145,RA24110560000025,RA26110270000067,Cross-Department,1,2026-Sem2
EV007146,RA24110560000025,RA26110270000067,Cross-Department,4,2025-Sem1
EV007147,RA24110560000025,RA26110270000067,Cross-Department,1,2026-Sem1
EV007148,RA24110560000025,RA26110560000076,Club,2,2025-Sem1
EV007149,RA24110560000025,RA26110560000076,Club,1,2026-Sem1
EV007150,RA24110560000025,RA26110560000076,Club,1,2026-Sem2
EV007151,RA24110560000025,RA26110560000086,Social,1,2026-Sem2
EV007152,RA24110560000026,RA24110560000027,Academic,2,2025-Sem1
EV007153,RA24110560000026,RA24110560000030,Club,2,2026-Sem2
EV007154,RA24110560000026,RA24110560000030,Club,1,2026-Sem2
EV007155,RA24110560000026,RA24110560000032,Social,1,2026-Sem1
EV007156,RA24110560000026,RA24110560000033,Project,1,2026-Sem1
EV007157,RA24110560000026,RA24110560000033,Project,2,2026-Sem1
EV007158,RA24110560000026,RA24110560000037,Project,1,2026-Sem2
EV007159,RA24110560000026,RA24110560000037,Project,4,2025-Sem1
EV007160,RA24110560000026,RA24110560000038,Social,3,2025-Sem1
EV007161,RA24110560000026,RA24110560000039,Social,4,2026-Sem1
EV007162,RA24110560000026,RA24110560000039,Social,1,2026-Sem1
EV007163,RA24110560000026,RA24110560000042,Social,2,2026-Sem1
EV007164,RA24110560000026,RA24110560000042,Social,1,2026-Sem1
EV007165,RA24110560000026,RA25110270000065,Cross-Department,1,2026-Sem2
EV007166,RA24110560000026,RA25110270000065,Cross-Department,3,2026-Sem1
EV007167,RA24110560000026,RA25110270000065,Cross-Department,1,2025-Sem1
EV007168,RA24110560000026,RA25110560000049,Project,1,2026-Sem2
EV007169,RA24110560000026,RA25110560000049,Project,1,2026-Sem1
EV007170,RA24110560000026,RA25110560000055,Club,1,2026-Sem1
EV007171,RA24110560000026,RA25110560000057,Project,2,2026-Sem2
EV007172,RA24110560000026,RA26110540000080,Cross-Department,2,2025-Sem1
EV007173,RA24110560000026,RA26110540000080,Cross-Department,4,2026-Sem2
EV007174,RA24110560000027,RA24110560000028,Project,2,2026-Sem2
EV007175,RA24110560000027,RA24110560000028,Project,1,2025-Sem1
EV007176,RA24110560000027,RA24110560000028,Project,4,2026-Sem2
EV007177,RA24110560000027,RA24110560000028,Project,1,2026-Sem1
EV007178,RA24110560000027,RA24110560000030,Social,1,2026-Sem2
EV007179,RA24110560000027,RA24110560000034,Project,1,2025-Sem1
EV007180,RA24110560000027,RA24110560000035,Event,2,2026-Sem2
EV007181,RA24110560000027,RA24110560000035,Event,2,2026-Sem2
EV007182,RA24110560000027,RA24110560000036,Academic,1,2026-Sem2
EV007183,RA24110560000027,RA24110560000036,Academic,2,2026-Sem2
EV007184,RA24110560000027,RA24110560000037,Social,2,2026-Sem1
EV007185,RA24110560000027,RA24110560000037,Social,1,2025-Sem1
EV007186,RA24110560000027,RA24110560000037,Social,2,2026-Sem2
EV007187,RA24110560000027,RA24110560000038,Project,2,2026-Sem1
EV007188,RA24110560000027,RA24110560000040,Project,3,2025-Sem1
EV007189,RA24110560000027,RA25110030000048,Cross-Department,1,2026-Sem1
EV007190,RA24110560000027,RA25110030000048,Cross-Department,3,2025-Sem1
EV007191,RA24110560000027,RA25110560000046,Academic,2,2026-Sem1
EV007192,RA24110560000027,RA25110560000046,Academic,2,2025-Sem1
EV007193,RA24110560000027,RA26110030000077,Cross-Department,1,2026-Sem1
EV007194,RA24110560000027,RA26110030000077,Cross-Department,3,2025-Sem1
EV007195,RA24110560000027,RA26110270000079,Cross-Department,2,2026-Sem1
EV007196,RA24110560000027,RA26110560000081,Event,1,2026-Sem2
EV007197,RA24110560000027,RA26110560000081,Event,2,2026-Sem1
EV007198,RA24110560000027,RA26110560000082,Event,3,2025-Sem1
EV007199,RA24110560000028,RA24110560000029,Event,1,2025-Sem1
EV007200,RA24110560000028,RA24110560000029,Event,1,2026-Sem1
EV007201,RA24110560000028,RA24110560000029,Event,1,2025-Sem1
EV007202,RA24110560000028,RA24110560000029,Event,1,2025-Sem1
EV007203,RA24110560000028,RA24110560000029,Event,1,2026-Sem2
EV007204,RA24110560000028,RA24110560000029,Event,1,2026-Sem1
EV007205,RA24110560000028,RA24110560000029,Event,3,2026-Sem1
EV007206,RA24110560000028,RA24110560000032,Event,3,2025-Sem1
EV007207,RA24110560000028,RA24110560000032,Event,4,2025-Sem1
EV007208,RA24110560000028,RA24110560000033,Academic,2,2025-Sem1
EV007209,RA24110560000028,RA24110560000034,Academic,1,2025-Sem1
EV007210,RA24110560000028,RA24110560000034,Academic,2,2026-Sem1
EV007211,RA24110560000028,RA24110560000036,Event,2,2026-Sem1
EV007212,RA24110560000028,RA24110560000036,Event,1,2026-Sem2
EV007213,RA24110560000028,RA24110560000036,Event,1,2026-Sem1
EV007214,RA24110560000028,RA24110560000038,Academic,1,2026-Sem1
EV007215,RA24110560000028,RA24110560000039,Event,2,2025-Sem1
EV007216,RA24110560000028,RA24110560000039,Event,2,2025-Sem1
EV007217,RA24110560000028,RA24110560000041,Project,1,2025-Sem1
EV007218,RA24110560000028,RA24110560000041,Project,1,2026-Sem2
EV007219,RA24110560000028,RA24110560000042,Social,2,2026-Sem1
EV007220,RA24110560000028,RA24110560000042,Social,2,2026-Sem2
EV007221,RA24110560000028,RA26110030000087,Cross-Department,1,2025-Sem1
EV007222,RA24110560000028,RA26110030000087,Cross-Department,2,2026-Sem1
EV007223,RA24110560000028,RA26110030000087,Cross-Department,1,2025-Sem1
EV007224,RA24110560000028,RA26110280000088,Cross-Department,1,2026-Sem2
EV007225,RA24110560000028,RA26110280000088,Cross-Department,1,2026-Sem2
EV007226,RA24110560000028,RA26110280000088,Cross-Department,2,2026-Sem2
EV007227,RA24110560000028,RA26110280000088,Cross-Department,3,2026-Sem1
EV007228,RA24110560000029,RA24110560000030,Project,2,2026-Sem2
EV007229,RA24110560000029,RA24110560000031,Project,1,2026-Sem2
EV007230,RA24110560000029,RA24110560000034,Event,1,2026-Sem1
EV007231,RA24110560000029,RA24110560000034,Event,1,2026-Sem2
EV007232,RA24110560000029,RA24110560000038,Academic,3,2026-Sem2
EV007233,RA24110560000029,RA24110560000038,Academic,1,2026-Sem1
EV007234,RA24110560000029,RA24110560000038,Academic,5,2026-Sem2
EV007235,RA24110560000029,RA24110560000038,Academic,1,2025-Sem1
EV007236,RA24110560000029,RA24110560000038,Academic,1,2026-Sem1
EV007237,RA24110560000029,RA24110560000038,Academic,1,2026-Sem2
EV007238,RA24110560000029,RA24110560000038,Academic,1,2025-Sem1
EV007239,RA24110560000029,RA24110560000038,Academic,1,2026-Sem1
EV007240,RA24110560000029,RA24110560000044,Event,1,2026-Sem2
EV007241,RA24110560000029,RA25110270000063,Cross-Department,2,2026-Sem1
EV007242,RA24110560000029,RA25110270000063,Cross-Department,1,2026-Sem1
EV007243,RA24110560000029,RA25110270000063,Cross-Department,1,2026-Sem1
EV007244,RA24110560000029,RA25110560000048,Project,1,2026-Sem2
EV007245,RA24110560000029,RA25110560000048,Project,1,2026-Sem2
EV007246,RA24110560000029,RA26110030000086,Cross-Department,3,2026-Sem1
EV007247,RA24110560000029,RA26110540000082,Cross-Department,1,2026-Sem1
EV007248,RA24110560000029,RA26110540000082,Cross-Department,1,2025-Sem1
EV007249,RA24110560000029,RA26110540000082,Cross-Department,2,2026-Sem1
EV007250,RA24110560000029,RA26110540000082,Cross-Department,1,2026-Sem2
EV007251,RA24110560000029,RA26110540000082,Cross-Department,1,2026-Sem1
EV007252,RA24110560000029,RA26110560000068,Club,1,2026-Sem1
EV007253,RA24110560000029,RA26110560000068,Club,1,2026-Sem1
EV007254,RA24110560000029,RA26110560000080,Social,2,2026-Sem2
EV007255,RA24110560000030,RA24110560000031,Academic,1,2026-Sem1
EV007256,RA24110560000030,RA24110560000033,Club,4,2026-Sem1
EV007257,RA24110560000030,RA24110560000033,Club,1,2026-Sem2
EV007258,RA24110560000030,RA24110560000036,Club,3,2026-Sem2
EV007259,RA24110560000030,RA24110560000042,Event,1,2026-Sem1
EV007260,RA24110560000030,RA24110560000042,Event,2,2026-Sem1
EV007261,RA24110560000030,RA24110560000042,Event,2,2026-Sem2
EV007262,RA24110560000030,RA24110560000042,Event,2,2026-Sem2
EV007263,RA24110560000030,RA24110560000044,Academic,2,2025-Sem1
EV007264,RA24110560000030,RA24110560000044,Academic,1,2026-Sem1
EV007265,RA24110560000030,RA25110030000063,Cross-Department,2,2026-Sem2
EV007266,RA24110560000030,RA25110030000063,Cross-Department,1,2026-Sem1
EV007267,RA24110560000030,RA25110030000063,Cross-Department,1,2026-Sem2
EV007268,RA24110560000030,RA26110540000072,Cross-Department,1,2026-Sem2
EV007269,RA24110560000030,RA26110540000072,Cross-Department,3,2026-Sem2
EV007270,RA24110560000030,RA26110540000072,Cross-Department,1,2026-Sem1
EV007271,RA24110560000030,RA26110560000087,Academic,1,2026-Sem1
EV007272,RA24110560000030,RA26110560000087,Academic,2,2026-Sem2
EV007273,RA24110560000030,RA26110560000087,Academic,2,2026-Sem2
EV007274,RA24110560000031,RA24110560000032,Event,1,2026-Sem2
EV007275,RA24110560000031,RA24110560000032,Event,1,2026-Sem1
EV007276,RA24110560000031,RA24110560000032,Event,1,2026-Sem2
EV007277,RA24110560000031,RA24110560000033,Event,2,2026-Sem2
EV007278,RA24110560000031,RA24110560000033,Event,2,2026-Sem2
EV007279,RA24110560000031,RA24110560000033,Event,3,2025-Sem1
EV007280,RA24110560000031,RA24110560000033,Event,1,2025-Sem1
EV007281,RA24110560000031,RA24110560000037,Academic,2,2026-Sem2
EV007282,RA24110560000031,RA24110560000037,Academic,2,2026-Sem2
EV007283,RA24110560000031,RA24110560000039,Project,2,2026-Sem1
EV007284,RA24110560000031,RA24110560000039,Project,2,2026-Sem1
EV007285,RA24110560000031,RA24110560000040,Event,1,2026-Sem2
EV007286,RA24110560000031,RA24110560000040,Event,3,2026-Sem1
EV007287,RA24110560000031,RA24110560000040,Event,2,2026-Sem2
EV007288,RA24110560000031,RA24110560000040,Event,1,2026-Sem2
EV007289,RA24110560000031,RA24110560000041,Club,5,2026-Sem2
EV007290,RA24110560000031,RA24110560000042,Project,2,2026-Sem2
EV007291,RA24110560000031,RA24110560000042,Project,2,2026-Sem1
EV007292,RA24110560000031,RA25110030000059,Cross-Department,2,2026-Sem1
EV007293,RA24110560000031,RA25110030000059,Cross-Department,2,2025-Sem1
EV007294,RA24110560000031,RA25110560000061,Club,1,2025-Sem1
EV007295,RA24110560000031,RA26110030000083,Cross-Department,4,2026-Sem1
EV007296,RA24110560000031,RA26110030000083,Cross-Department,1,2026-Sem2
EV007297,RA24110560000031,RA26110030000083,Cross-Department,1,2026-Sem2
EV007298,RA24110560000031,RA26110270000083,Cross-Department,2,2025-Sem1
EV007299,RA24110560000031,RA26110270000083,Cross-Department,1,2026-Sem2
EV007300,RA24110560000031,RA26110270000083,Cross-Department,2,2026-Sem2
EV007301,RA24110560000031,RA26110270000083,Cross-Department,1,2026-Sem2
EV007302,RA24110560000031,RA26110270000083,Cross-Department,1,2025-Sem1
EV007303,RA24110560000031,RA26110540000067,Cross-Department,2,2026-Sem1
EV007304,RA24110560000031,RA26110540000067,Cross-Department,4,2025-Sem1
EV007305,RA24110560000031,RA26110540000067,Cross-Department,1,2026-Sem1
EV007306,RA24110560000031,RA26110540000067,Cross-Department,1,2026-Sem2
EV007307,RA24110560000031,RA26110540000082,Cross-Department,1,2026-Sem1
EV007308,RA24110560000031,RA26110540000082,Cross-Department,4,2026-Sem2
EV007309,RA24110560000031,RA26110540000082,Cross-Department,2,2026-Sem2
EV007310,RA24110560000031,RA26110560000079,Club,1,2026-Sem1
EV007311,RA24110560000031,RA26110560000079,Club,3,2026-Sem2
EV007312,RA24110560000031,RA26110560000079,Club,2,2026-Sem2
EV007313,RA24110560000031,RA26110560000079,Club,1,2025-Sem1
EV007314,RA24110560000031,RA26110560000079,Club,1,2026-Sem1
EV007315,RA24110560000032,RA24110560000033,Academic,1,2025-Sem1
EV007316,RA24110560000032,RA24110560000033,Academic,1,2026-Sem2
EV007317,RA24110560000032,RA24110560000035,Event,2,2026-Sem2
EV007318,RA24110560000032,RA24110560000035,Event,1,2026-Sem2
EV007319,RA24110560000032,RA24110560000035,Event,1,2026-Sem1
EV007320,RA24110560000032,RA24110560000039,Social,1,2026-Sem2
EV007321,RA24110560000032,RA24110560000039,Social,3,2025-Sem1
EV007322,RA24110560000032,RA24110560000043,Social,3,2026-Sem2
EV007323,RA24110560000032,RA24110560000043,Social,4,2026-Sem2
EV007324,RA24110560000032,RA24110560000043,Social,2,2025-Sem1
EV007325,RA24110560000032,RA25110030000045,Cross-Department,1,2026-Sem1
EV007326,RA24110560000032,RA25110030000045,Cross-Department,1,2026-Sem1
EV007327,RA24110560000032,RA25110030000045,Cross-Department,2,2026-Sem1
EV007328,RA24110560000032,RA25110030000063,Cross-Department,4,2026-Sem2
EV007329,RA24110560000032,RA25110560000046,Event,3,2025-Sem1
EV007330,RA24110560000032,RA25110560000046,Event,1,2025-Sem1
EV007331,RA24110560000032,RA25110560000046,Event,1,2026-Sem2
EV007332,RA24110560000032,RA25110560000046,Event,1,2026-Sem2
EV007333,RA24110560000032,RA25110560000046,Event,2,2026-Sem2
EV007334,RA24110560000032,RA25110560000046,Event,1,2026-Sem1
EV007335,RA24110560000032,RA26110540000081,Cross-Department,3,2026-Sem2
EV007336,RA24110560000032,RA26110540000081,Cross-Department,1,2026-Sem2
EV007337,RA24110560000032,RA26110540000081,Cross-Department,1,2026-Sem2
EV007338,RA24110560000032,RA26110540000081,Cross-Department,2,2026-Sem1
EV007339,RA24110560000032,RA26110540000084,Cross-Department,4,2026-Sem2
EV007340,RA24110560000032,RA26110540000088,Cross-Department,1,2025-Sem1
EV007341,RA24110560000032,RA26110540000088,Cross-Department,3,2026-Sem2
EV007342,RA24110560000032,RA26110560000086,Social,2,2025-Sem1
EV007343,RA24110560000032,RA26110560000086,Social,2,2025-Sem1
EV007344,RA24110560000032,RA26110560000086,Social,1,2026-Sem2
EV007345,RA24110560000033,RA24110560000034,Social,1,2026-Sem1
EV007346,RA24110560000033,RA24110560000034,Social,4,2025-Sem1
EV007347,RA24110560000033,RA24110560000036,Social,1,2026-Sem1
EV007348,RA24110560000033,RA24110560000036,Social,3,2025-Sem1
EV007349,RA24110560000033,RA24110560000036,Social,4,2026-Sem2
EV007350,RA24110560000033,RA24110560000036,Social,2,2026-Sem2
EV007351,RA24110560000033,RA24110560000036,Social,1,2026-Sem1
EV007352,RA24110560000033,RA24110560000036,Social,1,2026-Sem1
EV007353,RA24110560000033,RA24110560000036,Social,1,2026-Sem1
EV007354,RA24110560000033,RA24110560000036,Social,1,2026-Sem2
EV007355,RA24110560000033,RA24110560000038,Project,1,2025-Sem1
EV007356,RA24110560000033,RA24110560000039,Club,1,2026-Sem1
EV007357,RA24110560000033,RA24110560000041,Event,1,2025-Sem1
EV007358,RA24110560000033,RA24110560000041,Event,1,2026-Sem2
EV007359,RA24110560000033,RA24110560000041,Event,1,2026-Sem1
EV007360,RA24110560000033,RA25110030000063,Cross-Department,3,2026-Sem1
EV007361,RA24110560000033,RA25110030000063,Cross-Department,1,2026-Sem1
EV007362,RA24110560000033,RA25110560000048,Club,2,2026-Sem2
EV007363,RA24110560000033,RA25110560000048,Club,3,2026-Sem2
EV007364,RA24110560000033,RA26110030000079,Cross-Department,2,2025-Sem1
EV007365,RA24110560000033,RA26110030000079,Cross-Department,3,2025-Sem1
EV007366,RA24110560000033,RA26110030000079,Cross-Department,1,2026-Sem2
EV007367,RA24110560000033,RA26110030000079,Cross-Department,6,2026-Sem2
EV007368,RA24110560000033,RA26110540000083,Cross-Department,1,2025-Sem1
EV007369,RA24110560000033,RA26110540000083,Cross-Department,3,2026-Sem2
EV007370,RA24110560000033,RA26110560000075,Club,2,2026-Sem2
EV007371,RA24110560000033,RA26110560000075,Club,1,2026-Sem1
EV007372,RA24110560000033,RA26110560000075,Club,2,2026-Sem2
EV007373,RA24110560000033,RA26110560000075,Club,1,2026-Sem2
EV007374,RA24110560000033,RA26110560000075,Club,2,2026-Sem1
EV007375,RA24110560000033,RA26110560000075,Club,1,2025-Sem1
EV007376,RA24110560000034,RA24110560000035,Social,1,2026-Sem1
EV007377,RA24110560000034,RA24110560000035,Social,1,2026-Sem1
EV007378,RA24110560000034,RA24110560000040,Club,2,2026-Sem2
EV007379,RA24110560000034,RA24110560000040,Club,2,2025-Sem1
EV007380,RA24110560000034,RA24110560000040,Club,1,2025-Sem1
EV007381,RA24110560000034,RA24110560000041,Social,1,2026-Sem1
EV007382,RA24110560000034,RA24110560000041,Social,1,2026-Sem1
EV007383,RA24110560000034,RA24110560000041,Social,3,2025-Sem1
EV007384,RA24110560000034,RA24110560000041,Social,2,2026-Sem2
EV007385,RA24110560000034,RA24110560000042,Project,1,2026-Sem1
EV007386,RA24110560000034,RA24110560000042,Project,1,2026-Sem1
EV007387,RA24110560000034,RA24110560000042,Project,2,2026-Sem2
EV007388,RA24110560000034,RA24110560000042,Project,2,2025-Sem1
EV007389,RA24110560000034,RA24110560000044,Social,2,2026-Sem1
EV007390,RA24110560000034,RA24110560000044,Social,1,2026-Sem1
EV007391,RA24110560000034,RA24110560000044,Social,4,2026-Sem2
EV007392,RA24110560000034,RA25110030000055,Cross-Department,1,2026-Sem1
EV007393,RA24110560000034,RA25110030000055,Cross-Department,3,2025-Sem1
EV007394,RA24110560000034,RA25110560000052,Club,1,2026-Sem2
EV007395,RA24110560000034,RA25110560000052,Club,1,2026-Sem1
EV007396,RA24110560000034,RA25110560000052,Club,2,2026-Sem2
EV007397,RA24110560000034,RA26110030000070,Cross-Department,3,2026-Sem2
EV007398,RA24110560000034,RA26110030000070,Cross-Department,1,2026-Sem1
EV007399,RA24110560000034,RA26110030000087,Cross-Department,1,2026-Sem2
EV007400,RA24110560000034,RA26110030000087,Cross-Department,1,2026-Sem2
EV007401,RA24110560000034,RA26110030000087,Cross-Department,2,2026-Sem1
EV007402,RA24110560000034,RA26110030000087,Cross-Department,1,2025-Sem1
EV007403,RA24110560000034,RA26110280000079,Cross-Department,3,2025-Sem1
EV007404,RA24110560000034,RA26110280000079,Cross-Department,2,2026-Sem2
EV007405,RA24110560000035,RA24110560000036,Project,2,2026-Sem2
EV007406,RA24110560000035,RA24110560000039,Project,2,2026-Sem2
EV007407,RA24110560000035,RA24110560000039,Project,1,2025-Sem1
EV007408,RA24110560000035,RA24110560000039,Project,1,2026-Sem1
EV007409,RA24110560000035,RA24110560000041,Social,2,2025-Sem1
EV007410,RA24110560000035,RA24110560000041,Social,2,2026-Sem2
EV007411,RA24110560000035,RA24110560000043,Event,1,2026-Sem1
EV007412,RA24110560000035,RA24110560000043,Event,4,2025-Sem1
EV007413,RA24110560000035,RA25110030000050,Cross-Department,2,2025-Sem1
EV007414,RA24110560000035,RA25110030000050,Cross-Department,2,2025-Sem1
EV007415,RA24110560000035,RA25110270000052,Cross-Department,2,2025-Sem1
EV007416,RA24110560000035,RA25110270000052,Cross-Department,3,2026-Sem1
EV007417,RA24110560000035,RA25110270000052,Cross-Department,1,2025-Sem1
EV007418,RA24110560000036,RA24110560000037,Academic,2,2025-Sem1
EV007419,RA24110560000036,RA24110560000039,Social,1,2026-Sem2
EV007420,RA24110560000036,RA24110560000039,Social,2,2026-Sem1
EV007421,RA24110560000036,RA24110560000039,Social,1,2025-Sem1
EV007422,RA24110560000036,RA24110560000041,Club,1,2026-Sem1
EV007423,RA24110560000036,RA24110560000044,Event,3,2026-Sem1
EV007424,RA24110560000036,RA26110030000082,Cross-Department,1,2026-Sem2
EV007425,RA24110560000036,RA26110030000082,Cross-Department,2,2026-Sem1
EV007426,RA24110560000036,RA26110270000079,Cross-Department,1,2025-Sem1
EV007427,RA24110560000036,RA26110270000079,Cross-Department,5,2026-Sem1
EV007428,RA24110560000036,RA26110270000079,Cross-Department,1,2026-Sem1
EV007429,RA24110560000036,RA26110270000079,Cross-Department,2,2026-Sem1
EV007430,RA24110560000036,RA26110560000070,Academic,2,2025-Sem1
EV007431,RA24110560000036,RA26110560000070,Academic,2,2025-Sem1
EV007432,RA24110560000036,RA26110560000079,Social,2,2026-Sem1
EV007433,RA24110560000037,RA24110560000038,Event,2,2026-Sem2
EV007434,RA24110560000037,RA24110560000039,Event,3,2026-Sem2
EV007435,RA24110560000037,RA24110560000039,Event,3,2026-Sem2
EV007436,RA24110560000037,RA24110560000039,Event,3,2026-Sem2
EV007437,RA24110560000037,RA24110560000039,Event,2,2025-Sem1
EV007438,RA24110560000037,RA24110560000039,Event,3,2025-Sem1
EV007439,RA24110560000037,RA24110560000040,Social,3,2025-Sem1
EV007440,RA24110560000037,RA24110560000041,Project,1,2026-Sem1
EV007441,RA24110560000037,RA24110560000042,Event,2,2026-Sem1
EV007442,RA24110560000037,RA24110560000042,Event,1,2026-Sem1
EV007443,RA24110560000037,RA24110560000044,Event,1,2026-Sem1
EV007444,RA24110560000037,RA24110560000044,Event,1,2026-Sem2
EV007445,RA24110560000037,RA24110560000044,Event,1,2026-Sem2
EV007446,RA24110560000037,RA24110560000044,Event,1,2026-Sem2
EV007447,RA24110560000037,RA25110290000064,Cross-Department,2,2026-Sem2
EV007448,RA24110560000037,RA25110290000064,Cross-Department,1,2025-Sem1
EV007449,RA24110560000037,RA25110560000058,Social,2,2025-Sem1
EV007450,RA24110560000037,RA25110560000058,Social,1,2026-Sem1
EV007451,RA24110560000037,RA25110560000058,Social,2,2025-Sem1
EV007452,RA24110560000037,RA25110560000062,Event,2,2026-Sem2
EV007453,RA24110560000037,RA25110560000062,Event,3,2026-Sem1
EV007454,RA24110560000037,RA25110560000062,Event,2,2026-Sem1
EV007455,RA24110560000037,RA25110560000062,Event,1,2025-Sem1
EV007456,RA24110560000037,RA26110270000088,Cross-Department,2,2025-Sem1
EV007457,RA24110560000037,RA26110270000088,Cross-Department,2,2026-Sem1
EV007458,RA24110560000037,RA26110560000069,Academic,1,2026-Sem1
EV007459,RA24110560000037,RA26110560000069,Academic,1,2026-Sem1
EV007460,RA24110560000037,RA26110560000069,Academic,1,2025-Sem1
EV007461,RA24110560000037,RA26110560000078,Social,3,2026-Sem1
EV007462,RA24110560000038,RA24110560000039,Project,4,2026-Sem1
EV007463,RA24110560000038,RA24110560000040,Club,4,2026-Sem1
EV007464,RA24110560000038,RA24110560000040,Club,1,2025-Sem1
EV007465,RA24110560000038,RA24110560000044,Club,2,2025-Sem1
EV007466,RA24110560000038,RA24110560000044,Club,1,2025-Sem1
EV007467,RA24110560000038,RA24110560000044,Club,1,2025-Sem1
EV007468,RA24110560000038,RA26110270000081,Cross-Department,4,2025-Sem1
EV007469,RA24110560000038,RA26110540000083,Cross-Department,1,2025-Sem1
EV007470,RA24110560000038,RA26110540000083,Cross-Department,1,2025-Sem1
EV007471,RA24110560000038,RA26110540000083,Cross-Department,2,2025-Sem1
EV007472,RA24110560000039,RA24110560000040,Project,3,2025-Sem1
EV007473,RA24110560000039,RA24110560000041,Club,1,2026-Sem1
EV007474,RA24110560000039,RA24110560000041,Club,3,2026-Sem1
EV007475,RA24110560000039,RA24110560000041,Club,2,2026-Sem2
EV007476,RA24110560000039,RA24110560000041,Club,1,2026-Sem2
EV007477,RA24110560000039,RA24110560000044,Event,2,2025-Sem1
EV007478,RA24110560000039,RA24110560000044,Event,1,2026-Sem2
EV007479,RA24110560000039,RA24110560000044,Event,1,2025-Sem1
EV007480,RA24110560000039,RA24110560000044,Event,1,2025-Sem1
EV007481,RA24110560000039,RA25110560000055,Academic,2,2026-Sem1
EV007482,RA24110560000039,RA26110540000071,Cross-Department,2,2025-Sem1
EV007483,RA24110560000039,RA26110540000071,Cross-Department,2,2025-Sem1
EV007484,RA24110560000040,RA24110560000041,Event,4,2025-Sem1
EV007485,RA24110560000040,RA24110560000041,Event,1,2026-Sem2
EV007486,RA24110560000040,RA24110560000042,Academic,1,2026-Sem2
EV007487,RA24110560000040,RA24110560000043,Event,1,2026-Sem1
EV007488,RA24110560000040,RA24110560000043,Event,1,2026-Sem2
EV007489,RA24110560000040,RA24110560000043,Event,1,2026-Sem1
EV007490,RA24110560000040,RA25110030000049,Cross-Department,1,2026-Sem2
EV007491,RA24110560000040,RA25110030000049,Cross-Department,3,2026-Sem1
EV007492,RA24110560000040,RA25110030000049,Cross-Department,1,2025-Sem1
EV007493,RA24110560000040,RA25110030000061,Cross-Department,1,2026-Sem1
EV007494,RA24110560000040,RA25110030000061,Cross-Department,2,2026-Sem1
EV007495,RA24110560000040,RA26110030000067,Cross-Department,4,2026-Sem1
EV007496,RA24110560000040,RA26110030000067,Cross-Department,1,2026-Sem2
EV007497,RA24110560000041,RA24110560000042,Academic,1,2026-Sem2
EV007498,RA24110560000041,RA24110560000042,Academic,1,2026-Sem1
EV007499,RA24110560000041,RA24110560000042,Academic,1,2026-Sem2
EV007500,RA24110560000041,RA24110560000044,Social,2,2026-Sem2
EV007501,RA24110560000041,RA24110560000044,Social,1,2026-Sem1
EV007502,RA24110560000041,RA24110560000044,Social,2,2026-Sem1
EV007503,RA24110560000041,RA25110270000049,Cross-Department,1,2026-Sem2
EV007504,RA24110560000041,RA25110270000049,Cross-Department,1,2026-Sem2
EV007505,RA24110560000041,RA25110270000049,Cross-Department,1,2026-Sem2
EV007506,RA24110560000041,RA25110560000049,Academic,1,2026-Sem2
EV007507,RA24110560000041,RA25110560000049,Academic,2,2026-Sem2
EV007508,RA24110560000041,RA25110560000049,Academic,4,2026-Sem1
EV007509,RA24110560000041,RA25110560000049,Academic,1,2025-Sem1
EV007510,RA24110560000041,RA26110270000087,Cross-Department,2,2026-Sem2
EV007511,RA24110560000041,RA26110270000087,Cross-Department,3,2026-Sem1
EV007512,RA24110560000041,RA26110270000087,Cross-Department,3,2026-Sem2
EV007513,RA24110560000041,RA26110560000081,Club,3,2026-Sem1
EV007514,RA24110560000041,RA26110560000081,Club,1,2026-Sem2
EV007515,RA24110560000042,RA24110560000043,Club,1,2026-Sem2
EV007516,RA24110560000042,RA25110030000045,Cross-Department,3,2026-Sem2
EV007517,RA24110560000042,RA25110030000045,Cross-Department,1,2026-Sem1
EV007518,RA24110560000042,RA25110030000060,Cross-Department,3,2026-Sem1
EV007519,RA24110560000042,RA25110540000056,Cross-Department,1,2026-Sem1
EV007520,RA24110560000042,RA25110540000056,Cross-Department,2,2026-Sem2
EV007521,RA24110560000042,RA25110540000056,Cross-Department,1,2026-Sem2
EV007522,RA24110560000042,RA25110540000056,Cross-Department,2,2026-Sem1
EV007523,RA24110560000042,RA25110540000056,Cross-Department,3,2025-Sem1
EV007524,RA24110560000042,RA26110030000080,Cross-Department,2,2026-Sem1
EV007525,RA24110560000042,RA26110030000080,Cross-Department,1,2025-Sem1
EV007526,RA24110560000042,RA26110030000080,Cross-Department,2,2026-Sem1
EV007527,RA24110560000042,RA26110030000080,Cross-Department,1,2026-Sem1
EV007528,RA24110560000042,RA26110270000078,Cross-Department,1,2025-Sem1
EV007529,RA24110560000042,RA26110270000078,Cross-Department,2,2026-Sem2
EV007530,RA24110560000042,RA26110270000078,Cross-Department,1,2025-Sem1
EV007531,RA24110560000042,RA26110540000079,Cross-Department,1,2026-Sem1
EV007532,RA24110560000042,RA26110540000079,Cross-Department,1,2026-Sem2
EV007533,RA24110560000042,RA26110540000079,Cross-Department,1,2025-Sem1
EV007534,RA24110560000042,RA26110540000086,Cross-Department,5,2025-Sem1
EV007535,RA24110560000043,RA24110560000044,Social,1,2026-Sem2
EV007536,RA24110560000043,RA24110560000044,Social,1,2026-Sem1
EV007537,RA24110560000043,RA24110560000044,Social,3,2025-Sem1
EV007538,RA24110560000043,RA26110030000076,Cross-Department,2,2026-Sem2
EV007539,RA24110560000043,RA26110540000087,Cross-Department,1,2026-Sem1
EV007540,RA24110560000043,RA26110540000087,Cross-Department,2,2026-Sem1
EV007541,RA24110560000043,RA26110540000087,Cross-Department,3,2026-Sem2
EV007542,RA24110560000043,RA26110540000087,Cross-Department,1,2026-Sem2
EV007543,RA24110560000044,RA26110030000081,Cross-Department,2,2026-Sem2
EV007544,RA24110560000044,RA26110030000081,Cross-Department,3,2026-Sem1
EV007545,RA24110560000044,RA26110030000081,Cross-Department,2,2026-Sem2
EV007546,RA25110030000045,RA25110030000046,Project,1,2026-Sem2
EV007547,RA25110030000045,RA25110030000052,Academic,1,2026-Sem1
EV007548,RA25110030000045,RA25110030000052,Academic,5,2025-Sem1
EV007549,RA25110030000045,RA25110030000052,Academic,1,2025-Sem1
EV007550,RA25110030000045,RA25110030000052,Academic,4,2026-Sem1
EV007551,RA25110030000045,RA25110030000052,Academic,1,2025-Sem1
EV007552,RA25110030000045,RA25110030000054,Club,1,2026-Sem2
EV007553,RA25110030000045,RA25110030000054,Club,1,2026-Sem1
EV007554,RA25110030000045,RA25110030000054,Club,1,2026-Sem1
EV007555,RA25110030000045,RA25110030000054,Club,1,2025-Sem1
EV007556,RA25110030000045,RA25110030000060,Club,1,2025-Sem1
EV007557,RA25110030000045,RA25110030000060,Club,1,2026-Sem2
EV007558,RA25110030000045,RA25110030000060,Club,1,2025-Sem1
EV007559,RA25110030000045,RA25110030000062,Event,1,2026-Sem2
EV007560,RA25110030000045,RA25110030000064,Club,1,2025-Sem1
EV007561,RA25110030000045,RA25110030000064,Club,2,2026-Sem1
EV007562,RA25110030000045,RA25110030000064,Club,1,2026-Sem2
EV007563,RA25110030000045,RA25110030000064,Club,1,2026-Sem1
EV007564,RA25110030000045,RA25110030000066,Project,3,2026-Sem1
EV007565,RA25110030000045,RA25110280000048,Cross-Department,4,2026-Sem2
EV007566,RA25110030000045,RA25110280000057,Cross-Department,1,2026-Sem1
EV007567,RA25110030000045,RA25110280000057,Cross-Department,2,2026-Sem2
EV007568,RA25110030000045,RA25110280000057,Cross-Department,2,2026-Sem1
EV007569,RA25110030000045,RA26110030000074,Social,1,2025-Sem1
EV007570,RA25110030000045,RA26110030000081,Academic,3,2026-Sem1
EV007571,RA25110030000045,RA26110030000081,Academic,1,2025-Sem1
EV007572,RA25110030000045,RA26110030000081,Academic,1,2026-Sem1
EV007573,RA25110030000045,RA26110280000073,Cross-Department,3,2026-Sem1
EV007574,RA25110030000045,RA26110300000079,Cross-Department,1,2026-Sem1
EV007575,RA25110030000045,RA26110300000079,Cross-Department,1,2025-Sem1
EV007576,RA25110030000045,RA26110300000079,Cross-Department,1,2026-Sem2
EV007577,RA25110030000045,RA26110300000079,Cross-Department,3,2026-Sem1
EV007578,RA25110030000045,RA26110300000079,Cross-Department,1,2025-Sem1
EV007579,RA25110030000046,RA25110030000047,Event,1,2026-Sem2
EV007580,RA25110030000046,RA25110030000047,Event,1,2026-Sem1
EV007581,RA25110030000046,RA25110030000047,Event,1,2025-Sem1
EV007582,RA25110030000046,RA25110030000048,Club,2,2026-Sem2
EV007583,RA25110030000046,RA25110030000050,Club,2,2025-Sem1
EV007584,RA25110030000046,RA25110030000055,Event,3,2025-Sem1
EV007585,RA25110030000046,RA25110030000057,Academic,3,2026-Sem1
EV007586,RA25110030000046,RA25110030000057,Academic,2,2025-Sem1
EV007587,RA25110030000046,RA25110030000057,Academic,4,2026-Sem1
EV007588,RA25110030000046,RA25110030000059,Social,1,2026-Sem1
EV007589,RA25110030000046,RA25110030000064,Academic,3,2026-Sem1
EV007590,RA25110030000046,RA25110560000055,Cross-Department,2,2026-Sem2
EV007591,RA25110030000046,RA25110560000055,Cross-Department,1,2026-Sem1
EV007592,RA25110030000046,RA25110560000055,Cross-Department,1,2025-Sem1
EV007593,RA25110030000046,RA25110560000055,Cross-Department,4,2025-Sem1
EV007594,RA25110030000046,RA25110560000055,Cross-Department,2,2026-Sem2
EV007595,RA25110030000046,RA25110560000055,Cross-Department,2,2025-Sem1
EV007596,RA25110030000046,RA26110030000082,Project,1,2026-Sem2
EV007597,RA25110030000046,RA26110030000082,Project,3,2025-Sem1
EV007598,RA25110030000046,RA26110030000082,Project,1,2026-Sem1
EV007599,RA25110030000047,RA25110030000048,Social,1,2025-Sem1
EV007600,RA25110030000047,RA25110030000049,Event,2,2026-Sem2
EV007601,RA25110030000047,RA25110030000049,Event,1,2026-Sem1
EV007602,RA25110030000047,RA25110030000050,Event,2,2025-Sem1
EV007603,RA25110030000047,RA25110030000052,Project,2,2026-Sem1
EV007604,RA25110030000047,RA25110030000052,Project,2,2026-Sem1
EV007605,RA25110030000047,RA25110030000052,Project,1,2025-Sem1
EV007606,RA25110030000047,RA25110030000055,Social,1,2025-Sem1
EV007607,RA25110030000047,RA25110030000057,Academic,3,2026-Sem2
EV007608,RA25110030000047,RA25110030000057,Academic,2,2026-Sem1
EV007609,RA25110030000047,RA25110030000059,Social,1,2025-Sem1
EV007610,RA25110030000047,RA25110030000059,Social,2,2026-Sem2
EV007611,RA25110030000047,RA25110030000060,Project,2,2026-Sem2
EV007612,RA25110030000047,RA25110030000061,Event,1,2026-Sem1
EV007613,RA25110030000047,RA25110030000061,Event,1,2026-Sem1
EV007614,RA25110030000047,RA25110030000064,Event,1,2025-Sem1
EV007615,RA25110030000047,RA25110030000064,Event,2,2026-Sem2
EV007616,RA25110030000047,RA25110030000064,Event,1,2025-Sem1
EV007617,RA25110030000047,RA25110030000064,Event,1,2026-Sem1
EV007618,RA25110030000047,RA25110030000064,Event,2,2026-Sem2
EV007619,RA25110030000047,RA25110030000064,Event,2,2026-Sem2
EV007620,RA25110030000047,RA25110280000057,Cross-Department,1,2026-Sem1
EV007621,RA25110030000047,RA25110280000057,Cross-Department,1,2026-Sem2
EV007622,RA25110030000047,RA25110280000057,Cross-Department,1,2026-Sem2
EV007623,RA25110030000047,RA25110280000058,Cross-Department,3,2025-Sem1
EV007624,RA25110030000047,RA25110280000058,Cross-Department,1,2026-Sem2
EV007625,RA25110030000047,RA25110280000058,Cross-Department,3,2026-Sem2
EV007626,RA25110030000047,RA25110280000058,Cross-Department,1,2026-Sem1
EV007627,RA25110030000047,RA25110300000052,Cross-Department,1,2026-Sem2
EV007628,RA25110030000047,RA25110300000052,Cross-Department,2,2026-Sem2
EV007629,RA25110030000047,RA25110300000052,Cross-Department,2,2025-Sem1
EV007630,RA25110030000047,RA26110030000070,Social,2,2025-Sem1
EV007631,RA25110030000047,RA26110030000078,Club,1,2026-Sem1
EV007632,RA25110030000047,RA26110030000078,Club,1,2026-Sem1
EV007633,RA25110030000047,RA26110030000078,Club,1,2026-Sem1
EV007634,RA25110030000047,RA26110030000078,Club,2,2026-Sem1
EV007635,RA25110030000047,RA26110030000082,Club,5,2026-Sem1
EV007636,RA25110030000047,RA26110030000082,Club,3,2026-Sem1
EV007637,RA25110030000047,RA26110030000082,Club,1,2025-Sem1
EV007638,RA25110030000047,RA26110030000082,Club,2,2026-Sem2
EV007639,RA25110030000047,RA26110030000082,Club,1,2026-Sem1
EV007640,RA25110030000047,RA26110280000082,Cross-Department,3,2025-Sem1
EV007641,RA25110030000047,RA26110280000082,Cross-Department,3,2026-Sem1
EV007642,RA25110030000047,RA26110280000088,Cross-Department,1,2025-Sem1
EV007643,RA25110030000047,RA26110280000088,Cross-Department,2,2026-Sem1
EV007644,RA25110030000047,RA26110280000088,Cross-Department,1,2026-Sem1
EV007645,RA25110030000047,RA26110540000082,Cross-Department,1,2026-Sem2
EV007646,RA25110030000047,RA26110540000082,Cross-Department,1,2026-Sem2
EV007647,RA25110030000047,RA26110540000082,Cross-Department,2,2026-Sem2
EV007648,RA25110030000047,RA26110540000088,Cross-Department,3,2026-Sem1
EV007649,RA25110030000048,RA25110030000049,Academic,2,2026-Sem1
EV007650,RA25110030000048,RA25110030000049,Academic,2,2026-Sem2
EV007651,RA25110030000048,RA25110030000050,Event,1,2026-Sem1
EV007652,RA25110030000048,RA25110030000058,Club,1,2026-Sem2
EV007653,RA25110030000048,RA25110030000059,Project,1,2026-Sem2
EV007654,RA25110030000048,RA25110030000059,Project,2,2026-Sem2
EV007655,RA25110030000048,RA25110030000060,Project,1,2026-Sem1
EV007656,RA25110030000048,RA25110030000060,Project,1,2026-Sem2
EV007657,RA25110030000048,RA25110030000062,Project,2,2026-Sem2
EV007658,RA25110030000048,RA25110030000062,Project,1,2026-Sem1
EV007659,RA25110030000048,RA25110030000062,Project,1,2026-Sem1
EV007660,RA25110030000048,RA25110030000063,Project,3,2025-Sem1
EV007661,RA25110030000048,RA25110030000063,Project,1,2025-Sem1
EV007662,RA25110030000048,RA25110030000065,Academic,2,2026-Sem2
EV007663,RA25110030000048,RA25110030000065,Academic,1,2025-Sem1
EV007664,RA25110030000048,RA25110030000066,Social,5,2026-Sem1
EV007665,RA25110030000048,RA25110030000066,Social,5,2025-Sem1
EV007666,RA25110030000048,RA25110030000066,Social,2,2026-Sem1
EV007667,RA25110030000048,RA25110540000056,Cross-Department,2,2026-Sem2
EV007668,RA25110030000048,RA26110540000081,Cross-Department,1,2025-Sem1
EV007669,RA25110030000048,RA26110540000081,Cross-Department,3,2025-Sem1
EV007670,RA25110030000048,RA26110540000081,Cross-Department,1,2026-Sem2
EV007671,RA25110030000049,RA25110030000050,Club,2,2026-Sem1
EV007672,RA25110030000049,RA25110030000050,Club,2,2025-Sem1
EV007673,RA25110030000049,RA25110030000056,Social,1,2026-Sem2
EV007674,RA25110030000049,RA25110030000056,Social,1,2026-Sem1
EV007675,RA25110030000049,RA25110030000056,Social,2,2026-Sem1
EV007676,RA25110030000049,RA25110030000057,Club,4,2025-Sem1
EV007677,RA25110030000049,RA25110030000057,Club,5,2026-Sem1
EV007678,RA25110030000049,RA25110030000057,Club,1,2026-Sem1
EV007679,RA25110030000049,RA25110030000058,Club,1,2026-Sem1
EV007680,RA25110030000049,RA25110030000058,Club,2,2025-Sem1
EV007681,RA25110030000049,RA25110030000058,Club,2,2025-Sem1
EV007682,RA25110030000049,RA25110030000059,Project,2,2026-Sem2
EV007683,RA25110030000049,RA25110030000059,Project,2,2026-Sem2
EV007684,RA25110030000049,RA25110030000059,Project,1,2026-Sem2
EV007685,RA25110030000049,RA25110030000059,Project,1,2026-Sem1
EV007686,RA25110030000049,RA25110030000061,Project,2,2025-Sem1
EV007687,RA25110030000049,RA25110030000062,Academic,3,2026-Sem1
EV007688,RA25110030000049,RA25110030000062,Academic,1,2025-Sem1
EV007689,RA25110030000049,RA25110030000062,Academic,2,2025-Sem1
EV007690,RA25110030000049,RA25110030000062,Academic,1,2026-Sem2
EV007691,RA25110030000049,RA25110030000063,Club,1,2025-Sem1
EV007692,RA25110030000049,RA25110030000063,Club,1,2026-Sem2
EV007693,RA25110030000049,RA25110030000065,Club,3,2026-Sem1
EV007694,RA25110030000049,RA25110030000065,Club,2,2026-Sem1
EV007695,RA25110030000049,RA25110030000065,Club,1,2026-Sem2
EV007696,RA25110030000049,RA25110560000056,Cross-Department,1,2026-Sem1
EV007697,RA25110030000049,RA25110560000056,Cross-Department,2,2025-Sem1
EV007698,RA25110030000049,RA26110290000082,Cross-Department,3,2026-Sem2
EV007699,RA25110030000050,RA25110030000051,Social,1,2026-Sem2
EV007700,RA25110030000050,RA25110030000051,Social,1,2026-Sem2
EV007701,RA25110030000050,RA25110030000052,Club,2,2026-Sem2
EV007702,RA25110030000050,RA25110030000052,Club,1,2026-Sem2
EV007703,RA25110030000050,RA25110030000052,Club,3,2026-Sem1
EV007704,RA25110030000050,RA25110030000054,Club,2,2026-Sem2
EV007705,RA25110030000050,RA25110030000055,Social,2,2025-Sem1
EV007706,RA25110030000050,RA25110030000055,Social,5,2026-Sem2
EV007707,RA25110030000050,RA25110030000056,Academic,4,2026-Sem1
EV007708,RA25110030000050,RA25110030000056,Academic,2,2026-Sem2
EV007709,RA25110030000050,RA25110030000057,Academic,1,2026-Sem1
EV007710,RA25110030000050,RA25110030000058,Social,1,2025-Sem1
EV007711,RA25110030000050,RA25110030000058,Social,1,2026-Sem2
EV007712,RA25110030000050,RA25110030000058,Social,1,2026-Sem2
EV007713,RA25110030000050,RA25110030000058,Social,1,2025-Sem1
EV007714,RA25110030000050,RA25110030000061,Academic,1,2025-Sem1
EV007715,RA25110030000050,RA25110030000061,Academic,4,2025-Sem1
EV007716,RA25110030000050,RA25110030000061,Academic,2,2026-Sem2
EV007717,RA25110030000050,RA25110030000062,Academic,1,2026-Sem1
EV007718,RA25110030000050,RA25110030000062,Academic,1,2026-Sem2
EV007719,RA25110030000050,RA25110540000052,Cross-Department,2,2026-Sem2
EV007720,RA25110030000050,RA25110540000052,Cross-Department,2,2025-Sem1
EV007721,RA25110030000050,RA25110540000065,Cross-Department,1,2026-Sem1
EV007722,RA25110030000050,RA25110540000065,Cross-Department,1,2026-Sem2
EV007723,RA25110030000050,RA26110030000076,Social,1,2026-Sem2
EV007724,RA25110030000050,RA26110030000080,Event,1,2026-Sem2
EV007725,RA25110030000050,RA26110030000080,Event,3,2025-Sem1
EV007726,RA25110030000050,RA26110280000071,Cross-Department,1,2026-Sem1
EV007727,RA25110030000050,RA26110280000071,Cross-Department,2,2026-Sem2
EV007728,RA25110030000050,RA26110280000071,Cross-Department,2,2026-Sem1
EV007729,RA25110030000050,RA26110540000084,Cross-Department,4,2026-Sem2
EV007730,RA25110030000050,RA26110540000084,Cross-Department,1,2026-Sem2
EV007731,RA25110030000050,RA26110540000084,Cross-Department,2,2026-Sem1
EV007732,RA25110030000051,RA25110030000052,Project,1,2025-Sem1
EV007733,RA25110030000051,RA25110030000052,Project,1,2026-Sem1
EV007734,RA25110030000051,RA25110030000053,Social,3,2026-Sem2
EV007735,RA25110030000051,RA25110030000054,Social,3,2026-Sem2
EV007736,RA25110030000051,RA25110030000054,Social,2,2025-Sem1
EV007737,RA25110030000051,RA25110030000056,Project,2,2025-Sem1
EV007738,RA25110030000051,RA25110030000056,Project,3,2026-Sem2
EV007739,RA25110030000051,RA25110030000062,Club,3,2026-Sem2
EV007740,RA25110030000051,RA25110030000063,Social,2,2025-Sem1
EV007741,RA25110030000051,RA25110030000063,Social,3,2025-Sem1
EV007742,RA25110030000051,RA25110030000065,Project,3,2025-Sem1
EV007743,RA25110030000051,RA25110030000065,Project,1,2026-Sem1
EV007744,RA25110030000051,RA26110030000076,Social,1,2026-Sem1
EV007745,RA25110030000051,RA26110280000085,Cross-Department,2,2026-Sem2
EV007746,RA25110030000051,RA26110280000085,Cross-Department,4,2026-Sem2
EV007747,RA25110030000051,RA26110290000069,Cross-Department,3,2026-Sem2
EV007748,RA25110030000051,RA26110290000069,Cross-Department,1,2025-Sem1
EV007749,RA25110030000051,RA26110560000088,Cross-Department,3,2026-Sem2
EV007750,RA25110030000052,RA25110030000053,Project,3,2025-Sem1
EV007751,RA25110030000052,RA25110030000054,Project,2,2026-Sem2
EV007752,RA25110030000052,RA25110030000055,Academic,3,2026-Sem2
EV007753,RA25110030000052,RA25110030000057,Social,2,2026-Sem2
EV007754,RA25110030000052,RA25110030000057,Social,1,2025-Sem1
EV007755,RA25110030000052,RA25110030000057,Social,2,2026-Sem2
EV007756,RA25110030000052,RA25110030000057,Social,1,2026-Sem2
EV007757,RA25110030000052,RA25110030000059,Social,3,2025-Sem1
EV007758,RA25110030000052,RA25110030000061,Academic,1,2026-Sem2
EV007759,RA25110030000052,RA25110030000062,Social,1,2026-Sem1
EV007760,RA25110030000052,RA25110030000065,Social,1,2026-Sem2
EV007761,RA25110030000052,RA25110030000065,Social,1,2026-Sem2
EV007762,RA25110030000052,RA25110030000066,Academic,1,2025-Sem1
EV007763,RA25110030000052,RA26110300000072,Cross-Department,3,2025-Sem1
EV007764,RA25110030000052,RA26110300000072,Cross-Department,1,2025-Sem1
EV007765,RA25110030000052,RA26110540000069,Cross-Department,4,2025-Sem1
EV007766,RA25110030000052,RA26110540000069,Cross-Department,1,2026-Sem1
EV007767,RA25110030000052,RA26110540000069,Cross-Department,3,2025-Sem1
EV007768,RA25110030000052,RA26110540000069,Cross-Department,2,2026-Sem1
EV007769,RA25110030000052,RA26110540000069,Cross-Department,4,2026-Sem1
EV007770,RA25110030000052,RA26110540000086,Cross-Department,3,2025-Sem1
EV007771,RA25110030000052,RA26110540000087,Cross-Department,2,2026-Sem2
EV007772,RA25110030000052,RA26110540000087,Cross-Department,1,2026-Sem1
EV007773,RA25110030000052,RA26110540000087,Cross-Department,1,2026-Sem2
EV007774,RA25110030000053,RA25110030000054,Event,1,2026-Sem2
EV007775,RA25110030000053,RA25110030000056,Social,1,2025-Sem1
EV007776,RA25110030000053,RA25110030000061,Club,2,2026-Sem2
EV007777,RA25110030000053,RA25110030000061,Club,1,2026-Sem2
EV007778,RA25110030000053,RA25110030000063,Academic,2,2026-Sem1
EV007779,RA25110030000053,RA25110030000063,Academic,3,2025-Sem1
EV007780,RA25110030000053,RA25110030000063,Academic,1,2026-Sem1
EV007781,RA25110030000053,RA25110030000063,Academic,1,2026-Sem2
EV007782,RA25110030000053,RA25110030000063,Academic,1,2026-Sem1
EV007783,RA25110030000053,RA25110030000063,Academic,1,2026-Sem1
EV007784,RA25110030000053,RA25110030000066,Academic,1,2025-Sem1
EV007785,RA25110030000053,RA25110030000066,Academic,1,2026-Sem2
EV007786,RA25110030000053,RA25110560000048,Cross-Department,2,2025-Sem1
EV007787,RA25110030000053,RA25110560000048,Cross-Department,2,2025-Sem1
EV007788,RA25110030000053,RA26110280000082,Cross-Department,1,2026-Sem2
EV007789,RA25110030000053,RA26110280000082,Cross-Department,2,2026-Sem2
EV007790,RA25110030000053,RA26110280000082,Cross-Department,1,2026-Sem1
EV007791,RA25110030000053,RA26110280000082,Cross-Department,2,2025-Sem1
EV007792,RA25110030000053,RA26110280000088,Cross-Department,2,2026-Sem1
EV007793,RA25110030000053,RA26110280000088,Cross-Department,1,2026-Sem2
EV007794,RA25110030000053,RA26110300000069,Cross-Department,2,2026-Sem1
EV007795,RA25110030000053,RA26110300000069,Cross-Department,2,2026-Sem2
EV007796,RA25110030000053,RA26110300000069,Cross-Department,4,2026-Sem2
EV007797,RA25110030000054,RA25110030000055,Club,1,2026-Sem2
EV007798,RA25110030000054,RA25110030000056,Event,2,2025-Sem1
EV007799,RA25110030000054,RA25110030000056,Event,1,2025-Sem1
EV007800,RA25110030000054,RA25110030000056,Event,1,2025-Sem1
EV007801,RA25110030000054,RA25110030000056,Event,1,2026-Sem2
EV007802,RA25110030000054,RA25110030000056,Event,1,2026-Sem2
EV007803,RA25110030000054,RA25110030000057,Academic,1,2026-Sem1
EV007804,RA25110030000054,RA25110030000057,Academic,2,2026-Sem1
EV007805,RA25110030000054,RA25110030000057,Academic,2,2025-Sem1
EV007806,RA25110030000054,RA25110030000058,Social,2,2026-Sem2
EV007807,RA25110030000054,RA25110030000058,Social,1,2025-Sem1
EV007808,RA25110030000054,RA25110030000061,Social,3,2025-Sem1
EV007809,RA25110030000054,RA25110030000061,Social,1,2026-Sem2
EV007810,RA25110030000054,RA25110030000062,Academic,1,2026-Sem1
EV007811,RA25110030000054,RA25110280000052,Cross-Department,1,2025-Sem1
EV007812,RA25110030000054,RA25110280000052,Cross-Department,1,2025-Sem1
EV007813,RA25110030000054,RA25110280000052,Cross-Department,1,2026-Sem1
EV007814,RA25110030000054,RA25110280000052,Cross-Department,1,2026-Sem2
EV007815,RA25110030000054,RA25110540000053,Cross-Department,3,2026-Sem2
EV007816,RA25110030000054,RA25110540000053,Cross-Department,2,2026-Sem2
EV007817,RA25110030000054,RA26110030000069,Club,3,2026-Sem2
EV007818,RA25110030000054,RA26110030000069,Club,1,2026-Sem2
EV007819,RA25110030000054,RA26110030000085,Academic,2,2026-Sem2
EV007820,RA25110030000054,RA26110030000085,Academic,3,2026-Sem1
EV007821,RA25110030000054,RA26110280000075,Cross-Department,1,2025-Sem1
EV007822,RA25110030000054,RA26110280000075,Cross-Department,1,2025-Sem1
EV007823,RA25110030000054,RA26110280000075,Cross-Department,3,2026-Sem1
EV007824,RA25110030000054,RA26110280000076,Cross-Department,3,2026-Sem1
EV007825,RA25110030000054,RA26110280000076,Cross-Department,1,2025-Sem1
EV007826,RA25110030000054,RA26110280000076,Cross-Department,1,2026-Sem2
EV007827,RA25110030000054,RA26110280000076,Cross-Department,1,2025-Sem1
EV007828,RA25110030000054,RA26110280000076,Cross-Department,1,2026-Sem1
EV007829,RA25110030000054,RA26110280000079,Cross-Department,2,2026-Sem2
EV007830,RA25110030000054,RA26110560000080,Cross-Department,3,2025-Sem1
EV007831,RA25110030000054,RA26110560000080,Cross-Department,2,2026-Sem1
EV007832,RA25110030000054,RA26110560000083,Cross-Department,2,2026-Sem2
EV007833,RA25110030000054,RA26110560000083,Cross-Department,2,2025-Sem1
EV007834,RA25110030000055,RA25110030000056,Academic,1,2025-Sem1
EV007835,RA25110030000055,RA25110030000057,Academic,3,2026-Sem1
EV007836,RA25110030000055,RA25110030000057,Academic,2,2026-Sem2
EV007837,RA25110030000055,RA25110030000057,Academic,2,2025-Sem1
EV007838,RA25110030000055,RA25110030000057,Academic,1,2025-Sem1
EV007839,RA25110030000055,RA25110030000059,Project,1,2026-Sem2
EV007840,RA25110030000055,RA25110030000061,Social,1,2025-Sem1
EV007841,RA25110030000055,RA25110030000061,Social,2,2026-Sem1
EV007842,RA25110030000055,RA25110030000061,Social,2,2026-Sem2
EV007843,RA25110030000055,RA25110030000065,Event,1,2026-Sem1
EV007844,RA25110030000055,RA25110030000065,Event,1,2025-Sem1
EV007845,RA25110030000055,RA25110030000065,Event,1,2026-Sem1
EV007846,RA25110030000055,RA25110030000065,Event,2,2026-Sem2
EV007847,RA25110030000055,RA25110030000065,Event,1,2026-Sem2
EV007848,RA25110030000055,RA25110030000065,Event,2,2026-Sem2
EV007849,RA25110030000055,RA25110030000065,Event,1,2026-Sem2
EV007850,RA25110030000055,RA25110030000066,Club,1,2026-Sem1
EV007851,RA25110030000055,RA25110560000063,Cross-Department,2,2026-Sem2
EV007852,RA25110030000055,RA25110560000063,Cross-Department,2,2025-Sem1
EV007853,RA25110030000055,RA26110280000076,Cross-Department,1,2025-Sem1
EV007854,RA25110030000055,RA26110280000076,Cross-Department,3,2026-Sem1
EV007855,RA25110030000055,RA26110290000069,Cross-Department,1,2026-Sem2
EV007856,RA25110030000055,RA26110290000069,Cross-Department,4,2026-Sem1
EV007857,RA25110030000055,RA26110290000069,Cross-Department,1,2026-Sem2
EV007858,RA25110030000055,RA26110300000082,Cross-Department,1,2026-Sem2
EV007859,RA25110030000055,RA26110300000082,Cross-Department,2,2025-Sem1
EV007860,RA25110030000055,RA26110300000082,Cross-Department,4,2025-Sem1
EV007861,RA25110030000055,RA26110300000082,Cross-Department,2,2026-Sem1
EV007862,RA25110030000056,RA25110030000057,Event,2,2026-Sem1
EV007863,RA25110030000056,RA25110030000062,Event,2,2026-Sem2
EV007864,RA25110030000056,RA25110290000049,Cross-Department,1,2025-Sem1
EV007865,RA25110030000056,RA25110290000049,Cross-Department,3,2026-Sem1
EV007866,RA25110030000056,RA25110300000049,Cross-Department,1,2025-Sem1
EV007867,RA25110030000056,RA25110300000049,Cross-Department,1,2026-Sem1
EV007868,RA25110030000056,RA25110300000049,Cross-Department,3,2026-Sem1
EV007869,RA25110030000056,RA25110300000050,Cross-Department,1,2025-Sem1
EV007870,RA25110030000056,RA25110300000050,Cross-Department,2,2026-Sem2
EV007871,RA25110030000056,RA25110300000050,Cross-Department,3,2026-Sem2
EV007872,RA25110030000056,RA25110300000053,Cross-Department,1,2026-Sem2
EV007873,RA25110030000056,RA25110300000053,Cross-Department,3,2025-Sem1
EV007874,RA25110030000056,RA25110560000056,Cross-Department,2,2026-Sem2
EV007875,RA25110030000056,RA25110560000056,Cross-Department,2,2026-Sem1
EV007876,RA25110030000056,RA25110560000056,Cross-Department,2,2025-Sem1
EV007877,RA25110030000056,RA26110280000081,Cross-Department,1,2026-Sem2
EV007878,RA25110030000056,RA26110280000081,Cross-Department,2,2026-Sem2
EV007879,RA25110030000056,RA26110280000081,Cross-Department,1,2026-Sem2
EV007880,RA25110030000057,RA25110030000058,Social,2,2026-Sem2
EV007881,RA25110030000057,RA25110030000059,Academic,4,2026-Sem1
EV007882,RA25110030000057,RA25110030000063,Club,1,2026-Sem2
EV007883,RA25110030000057,RA25110030000063,Club,1,2026-Sem1
EV007884,RA25110030000057,RA25110030000066,Academic,3,2026-Sem2
EV007885,RA25110030000057,RA25110290000053,Cross-Department,2,2025-Sem1
EV007886,RA25110030000057,RA25110290000053,Cross-Department,2,2026-Sem1
EV007887,RA25110030000057,RA25110300000050,Cross-Department,1,2026-Sem2
EV007888,RA25110030000057,RA25110300000050,Cross-Department,2,2026-Sem2
EV007889,RA25110030000057,RA25110300000050,Cross-Department,2,2025-Sem1
EV007890,RA25110030000057,RA26110300000087,Cross-Department,1,2025-Sem1
EV007891,RA25110030000057,RA26110300000087,Cross-Department,1,2026-Sem2
EV007892,RA25110030000057,RA26110300000087,Cross-Department,3,2026-Sem2
EV007893,RA25110030000058,RA25110030000059,Social,1,2026-Sem1
EV007894,RA25110030000058,RA25110030000061,Social,2,2026-Sem2
EV007895,RA25110030000058,RA25110030000061,Social,3,2026-Sem1
EV007896,RA25110030000058,RA25110030000064,Academic,1,2026-Sem1
EV007897,RA25110030000058,RA25110030000064,Academic,2,2026-Sem2
EV007898,RA25110030000058,RA25110030000065,Project,4,2025-Sem1
EV007899,RA25110030000058,RA25110290000046,Cross-Department,1,2026-Sem1
EV007900,RA25110030000058,RA25110290000046,Cross-Department,2,2026-Sem1
EV007901,RA25110030000058,RA25110290000046,Cross-Department,1,2025-Sem1
EV007902,RA25110030000058,RA25110540000059,Cross-Department,3,2026-Sem2
EV007903,RA25110030000058,RA25110540000059,Cross-Department,1,2025-Sem1
EV007904,RA25110030000058,RA25110540000059,Cross-Department,2,2026-Sem2
EV007905,RA25110030000058,RA25110540000060,Cross-Department,3,2026-Sem2
EV007906,RA25110030000058,RA25110540000060,Cross-Department,2,2026-Sem2
EV007907,RA25110030000058,RA25110560000066,Cross-Department,1,2025-Sem1
EV007908,RA25110030000058,RA25110560000066,Cross-Department,1,2026-Sem2
EV007909,RA25110030000058,RA25110560000066,Cross-Department,1,2025-Sem1
EV007910,RA25110030000058,RA26110030000077,Academic,2,2026-Sem2
EV007911,RA25110030000058,RA26110280000073,Cross-Department,4,2025-Sem1
EV007912,RA25110030000058,RA26110280000073,Cross-Department,1,2026-Sem2
EV007913,RA25110030000058,RA26110280000073,Cross-Department,3,2026-Sem1
EV007914,RA25110030000058,RA26110280000073,Cross-Department,2,2026-Sem2
EV007915,RA25110030000058,RA26110280000073,Cross-Department,3,2026-Sem2
EV007916,RA25110030000058,RA26110280000073,Cross-Department,1,2026-Sem2
EV007917,RA25110030000058,RA26110560000088,Cross-Department,3,2025-Sem1
EV007918,RA25110030000059,RA25110030000060,Event,2,2026-Sem2
EV007919,RA25110030000059,RA25110030000060,Event,3,2025-Sem1
EV007920,RA25110030000059,RA25110030000060,Event,1,2026-Sem1
EV007921,RA25110030000059,RA25110030000061,Academic,5,2025-Sem1
EV007922,RA25110030000059,RA25110030000063,Social,2,2026-Sem2
EV007923,RA25110030000059,RA25110030000064,Academic,1,2026-Sem1
EV007924,RA25110030000059,RA25110030000065,Club,1,2026-Sem1
EV007925,RA25110030000059,RA25110030000065,Club,3,2025-Sem1
EV007926,RA25110030000059,RA25110030000066,Project,3,2026-Sem2
EV007927,RA25110030000059,RA25110280000050,Cross-Department,2,2026-Sem1
EV007928,RA25110030000059,RA25110280000050,Cross-Department,1,2026-Sem1
EV007929,RA25110030000059,RA25110280000050,Cross-Department,2,2026-Sem1
EV007930,RA25110030000059,RA25110280000050,Cross-Department,1,2026-Sem2
EV007931,RA25110030000059,RA25110280000054,Cross-Department,1,2026-Sem1
EV007932,RA25110030000059,RA25110280000054,Cross-Department,3,2026-Sem1
EV007933,RA25110030000059,RA26110030000071,Social,4,2026-Sem1
EV007934,RA25110030000059,RA26110030000071,Social,2,2026-Sem2
EV007935,RA25110030000059,RA26110280000086,Cross-Department,2,2026-Sem2
EV007936,RA25110030000059,RA26110280000086,Cross-Department,2,2026-Sem2
EV007937,RA25110030000059,RA26110280000086,Cross-Department,2,2025-Sem1
EV007938,RA25110030000059,RA26110300000067,Cross-Department,3,2026-Sem2
EV007939,RA25110030000059,RA26110300000067,Cross-Department,1,2026-Sem1
EV007940,RA25110030000059,RA26110300000067,Cross-Department,1,2025-Sem1
EV007941,RA25110030000059,RA26110300000067,Cross-Department,1,2026-Sem2
EV007942,RA25110030000059,RA26110300000083,Cross-Department,3,2026-Sem1
EV007943,RA25110030000059,RA26110300000083,Cross-Department,2,2026-Sem2
EV007944,RA25110030000059,RA26110300000083,Cross-Department,2,2026-Sem2
EV007945,RA25110030000059,RA26110540000087,Cross-Department,1,2026-Sem2
EV007946,RA25110030000059,RA26110540000087,Cross-Department,1,2025-Sem1
EV007947,RA25110030000060,RA25110030000061,Project,2,2026-Sem1
EV007948,RA25110030000060,RA25110030000061,Project,2,2026-Sem1
EV007949,RA25110030000060,RA25110030000061,Project,4,2025-Sem1
EV007950,RA25110030000060,RA25110030000061,Project,1,2025-Sem1
EV007951,RA25110030000060,RA25110030000065,Social,2,2026-Sem2
EV007952,RA25110030000060,RA25110030000065,Social,1,2026-Sem2
EV007953,RA25110030000060,RA25110030000065,Social,2,2026-Sem1
EV007954,RA25110030000060,RA25110030000066,Academic,1,2026-Sem2
EV007955,RA25110030000060,RA25110030000066,Academic,2,2026-Sem2
EV007956,RA25110030000060,RA25110280000051,Cross-Department,1,2026-Sem1
EV007957,RA25110030000060,RA25110280000051,Cross-Department,2,2025-Sem1
EV007958,RA25110030000060,RA26110030000069,Club,3,2026-Sem1
EV007959,RA25110030000060,RA26110030000069,Club,1,2026-Sem2
EV007960,RA25110030000060,RA26110030000069,Club,2,2025-Sem1
EV007961,RA25110030000060,RA26110280000075,Cross-Department,2,2026-Sem1
EV007962,RA25110030000060,RA26110280000075,Cross-Department,2,2025-Sem1
EV007963,RA25110030000060,RA26110540000069,Cross-Department,3,2026-Sem2
EV007964,RA25110030000061,RA25110030000062,Club,2,2025-Sem1
EV007965,RA25110030000061,RA25110030000062,Club,2,2025-Sem1
EV007966,RA25110030000061,RA25110030000063,Event,2,2025-Sem1
EV007967,RA25110030000061,RA25110030000063,Event,1,2025-Sem1
EV007968,RA25110030000061,RA25110290000056,Cross-Department,1,2025-Sem1
EV007969,RA25110030000061,RA25110290000056,Cross-Department,4,2025-Sem1
EV007970,RA25110030000061,RA25110290000056,Cross-Department,1,2026-Sem2
EV007971,RA25110030000061,RA25110290000056,Cross-Department,1,2025-Sem1
EV007972,RA25110030000061,RA25110290000066,Cross-Department,1,2025-Sem1
EV007973,RA25110030000061,RA25110290000066,Cross-Department,2,2025-Sem1
EV007974,RA25110030000061,RA25110290000066,Cross-Department,1,2026-Sem1
EV007975,RA25110030000061,RA25110300000050,Cross-Department,2,2026-Sem1
EV007976,RA25110030000061,RA25110300000050,Cross-Department,2,2026-Sem2
EV007977,RA25110030000061,RA25110300000050,Cross-Department,1,2026-Sem2
EV007978,RA25110030000061,RA26110290000082,Cross-Department,4,2026-Sem1
EV007979,RA25110030000061,RA26110290000086,Cross-Department,1,2026-Sem1
EV007980,RA25110030000061,RA26110290000086,Cross-Department,1,2026-Sem2
EV007981,RA25110030000061,RA26110300000073,Cross-Department,4,2026-Sem1
EV007982,RA25110030000061,RA26110300000073,Cross-Department,2,2026-Sem2
EV007983,RA25110030000061,RA26110300000073,Cross-Department,1,2026-Sem2
EV007984,RA25110030000061,RA26110300000076,Cross-Department,2,2026-Sem2
EV007985,RA25110030000061,RA26110300000076,Cross-Department,5,2025-Sem1
EV007986,RA25110030000061,RA26110300000076,Cross-Department,1,2026-Sem2
EV007987,RA25110030000061,RA26110560000087,Cross-Department,1,2026-Sem1
EV007988,RA25110030000061,RA26110560000087,Cross-Department,1,2026-Sem1
EV007989,RA25110030000061,RA26110560000087,Cross-Department,1,2025-Sem1
EV007990,RA25110030000061,RA26110560000087,Cross-Department,1,2025-Sem1
EV007991,RA25110030000062,RA25110030000063,Event,2,2026-Sem2
EV007992,RA25110030000062,RA25110030000063,Event,2,2025-Sem1
EV007993,RA25110030000062,RA25110030000064,Event,5,2025-Sem1
EV007994,RA25110030000062,RA25110030000065,Project,1,2026-Sem2
EV007995,RA25110030000062,RA25110030000065,Project,4,2026-Sem2
EV007996,RA25110030000062,RA25110030000065,Project,2,2026-Sem1
EV007997,RA25110030000062,RA25110290000063,Cross-Department,1,2026-Sem2
EV007998,RA25110030000062,RA25110290000063,Cross-Department,3,2026-Sem2
EV007999,RA25110030000062,RA26110030000080,Academic,3,2026-Sem2
EV008000,RA25110030000062,RA26110300000082,Cross-Department,4,2026-Sem2
EV008001,RA25110030000062,RA26110300000082,Cross-Department,1,2026-Sem2
EV008002,RA25110030000063,RA25110030000064,Project,1,2025-Sem1
EV008003,RA25110030000063,RA25110030000064,Project,5,2025-Sem1
EV008004,RA25110030000063,RA25110030000064,Project,2,2025-Sem1
EV008005,RA25110030000063,RA25110030000065,Project,1,2026-Sem2
EV008006,RA25110030000063,RA25110030000065,Project,3,2026-Sem1
EV008007,RA25110030000063,RA25110030000066,Social,3,2025-Sem1
EV008008,RA25110030000063,RA25110280000055,Cross-Department,2,2025-Sem1
EV008009,RA25110030000063,RA25110280000055,Cross-Department,6,2025-Sem1
EV008010,RA25110030000063,RA25110300000050,Cross-Department,1,2026-Sem2
EV008011,RA25110030000063,RA25110300000050,Cross-Department,1,2026-Sem1
EV008012,RA25110030000063,RA25110300000050,Cross-Department,2,2025-Sem1
EV008013,RA25110030000063,RA25110300000050,Cross-Department,1,2025-Sem1
EV008014,RA25110030000063,RA25110300000050,Cross-Department,3,2026-Sem1
EV008015,RA25110030000063,RA25110300000050,Cross-Department,1,2026-Sem2
EV008016,RA25110030000063,RA25110540000055,Cross-Department,1,2026-Sem2
EV008017,RA25110030000063,RA25110540000055,Cross-Department,1,2026-Sem2
EV008018,RA25110030000063,RA25110540000055,Cross-Department,2,2026-Sem2
EV008019,RA25110030000063,RA25110540000055,Cross-Department,1,2025-Sem1
EV008020,RA25110030000063,RA25110540000055,Cross-Department,1,2026-Sem1
EV008021,RA25110030000063,RA25110560000065,Cross-Department,4,2026-Sem1
EV008022,RA25110030000063,RA26110560000078,Cross-Department,2,2025-Sem1
EV008023,RA25110030000064,RA25110030000065,Event,3,2026-Sem2
EV008024,RA25110030000064,RA25110030000065,Event,1,2026-Sem2
EV008025,RA25110030000064,RA25110030000065,Event,2,2026-Sem1
EV008026,RA25110030000064,RA25110030000066,Academic,3,2026-Sem1
EV008027,RA25110030000064,RA25110280000058,Cross-Department,1,2026-Sem2
EV008028,RA25110030000064,RA25110280000058,Cross-Department,1,2026-Sem2
EV008029,RA25110030000064,RA25110280000058,Cross-Department,1,2025-Sem1
EV008030,RA25110030000064,RA25110290000065,Cross-Department,3,2026-Sem1
EV008031,RA25110030000064,RA25110290000065,Cross-Department,3,2025-Sem1
EV008032,RA25110030000064,RA25110300000065,Cross-Department,2,2025-Sem1
EV008033,RA25110030000064,RA25110300000065,Cross-Department,4,2025-Sem1
EV008034,RA25110030000064,RA25110540000045,Cross-Department,1,2026-Sem2
EV008035,RA25110030000064,RA25110540000045,Cross-Department,1,2026-Sem1
EV008036,RA25110030000064,RA25110540000045,Cross-Department,1,2026-Sem2
EV008037,RA25110030000064,RA25110540000045,Cross-Department,2,2026-Sem1
EV008038,RA25110030000064,RA25110540000045,Cross-Department,1,2026-Sem2
EV008039,RA25110030000064,RA26110030000082,Social,2,2026-Sem2
EV008040,RA25110030000064,RA26110280000072,Cross-Department,3,2026-Sem1
EV008041,RA25110030000064,RA26110290000072,Cross-Department,1,2026-Sem2
EV008042,RA25110030000064,RA26110290000072,Cross-Department,2,2026-Sem1
EV008043,RA25110030000064,RA26110300000069,Cross-Department,5,2025-Sem1
EV008044,RA25110030000064,RA26110300000082,Cross-Department,2,2026-Sem1
EV008045,RA25110030000064,RA26110300000082,Cross-Department,1,2026-Sem1
EV008046,RA25110030000064,RA26110300000084,Cross-Department,1,2026-Sem2
EV008047,RA25110030000064,RA26110300000084,Cross-Department,2,2025-Sem1
EV008048,RA25110030000064,RA26110540000080,Cross-Department,3,2025-Sem1
EV008049,RA25110030000064,RA26110560000072,Cross-Department,1,2026-Sem2
EV008050,RA25110030000064,RA26110560000072,Cross-Department,1,2025-Sem1
EV008051,RA25110030000064,RA26110560000072,Cross-Department,1,2026-Sem1
EV008052,RA25110030000065,RA25110030000066,Academic,2,2025-Sem1
EV008053,RA25110030000065,RA25110540000045,Cross-Department,4,2026-Sem1
EV008054,RA25110030000065,RA25110540000045,Cross-Department,2,2026-Sem2
EV008055,RA25110030000065,RA25110540000045,Cross-Department,1,2025-Sem1
EV008056,RA25110030000065,RA25110540000045,Cross-Department,2,2026-Sem1
EV008057,RA25110030000065,RA26110030000085,Project,2,2025-Sem1
EV008058,RA25110030000065,RA26110280000073,Cross-Department,1,2025-Sem1
EV008059,RA25110030000065,RA26110280000073,Cross-Department,1,2026-Sem1
EV008060,RA25110030000065,RA26110280000073,Cross-Department,4,2026-Sem1
EV008061,RA25110030000066,RA25110280000054,Cross-Department,4,2026-Sem2
EV008062,RA25110030000066,RA25110540000058,Cross-Department,2,2026-Sem1
EV008063,RA25110030000066,RA25110540000058,Cross-Department,1,2025-Sem1
EV008064,RA25110030000066,RA25110560000045,Cross-Department,1,2025-Sem1
EV008065,RA25110030000066,RA25110560000045,Cross-Department,1,2026-Sem2
EV008066,RA25110030000066,RA25110560000045,Cross-Department,2,2026-Sem2
EV008067,RA25110030000066,RA25110560000045,Cross-Department,1,2026-Sem1
EV008068,RA25110030000066,RA26110280000067,Cross-Department,4,2026-Sem1
EV008069,RA25110030000066,RA26110280000067,Cross-Department,1,2026-Sem1
EV008070,RA25110030000066,RA26110280000082,Cross-Department,2,2026-Sem1
EV008071,RA25110030000066,RA26110540000069,Cross-Department,3,2025-Sem1
EV008072,RA25110270000045,RA25110270000046,Academic,1,2026-Sem2
EV008073,RA25110270000045,RA25110270000047,Event,2,2025-Sem1
EV008074,RA25110270000045,RA25110270000047,Event,2,2025-Sem1
EV008075,RA25110270000045,RA25110270000047,Event,1,2026-Sem1
EV008076,RA25110270000045,RA25110270000051,Academic,1,2025-Sem1
EV008077,RA25110270000045,RA25110270000054,Club,1,2026-Sem1
EV008078,RA25110270000045,RA25110270000054,Club,1,2026-Sem2
EV008079,RA25110270000045,RA25110270000054,Club,1,2025-Sem1
EV008080,RA25110270000045,RA25110270000060,Project,2,2026-Sem2
EV008081,RA25110270000045,RA25110270000061,Project,1,2026-Sem1
EV008082,RA25110270000045,RA25110270000061,Project,1,2026-Sem2
EV008083,RA25110270000045,RA25110270000062,Club,3,2026-Sem1
EV008084,RA25110270000045,RA25110270000062,Club,2,2026-Sem2
EV008085,RA25110270000045,RA25110270000062,Club,1,2026-Sem1
EV008086,RA25110270000045,RA25110270000066,Event,2,2026-Sem2
EV008087,RA25110270000045,RA25110270000066,Event,1,2026-Sem1
EV008088,RA25110270000045,RA25110540000054,Cross-Department,2,2026-Sem1
EV008089,RA25110270000045,RA25110540000054,Cross-Department,1,2026-Sem1
EV008090,RA25110270000045,RA25110540000054,Cross-Department,2,2026-Sem2
EV008091,RA25110270000045,RA25110560000051,Cross-Department,1,2025-Sem1
EV008092,RA25110270000045,RA25110560000051,Cross-Department,3,2025-Sem1
EV008093,RA25110270000045,RA25110560000051,Cross-Department,2,2026-Sem1
EV008094,RA25110270000045,RA25110560000051,Cross-Department,2,2026-Sem1
EV008095,RA25110270000045,RA25110560000051,Cross-Department,1,2026-Sem2
EV008096,RA25110270000045,RA25110560000051,Cross-Department,3,2025-Sem1
EV008097,RA25110270000045,RA25110560000051,Cross-Department,2,2025-Sem1
EV008098,RA25110270000045,RA26110270000070,Social,3,2026-Sem1
EV008099,RA25110270000045,RA26110270000081,Academic,3,2026-Sem2
EV008100,RA25110270000045,RA26110270000081,Academic,1,2026-Sem2
EV008101,RA25110270000045,RA26110270000081,Academic,1,2026-Sem2
EV008102,RA25110270000045,RA26110270000081,Academic,1,2025-Sem1
EV008103,RA25110270000046,RA25110270000047,Project,1,2026-Sem2
EV008104,RA25110270000046,RA25110270000048,Project,1,2026-Sem1
EV008105,RA25110270000046,RA25110270000048,Project,3,2026-Sem2
EV008106,RA25110270000046,RA25110270000049,Project,1,2025-Sem1
EV008107,RA25110270000046,RA25110270000049,Project,2,2026-Sem2
EV008108,RA25110270000046,RA25110270000049,Project,1,2025-Sem1
EV008109,RA25110270000046,RA25110270000049,Project,1,2025-Sem1
EV008110,RA25110270000046,RA25110270000050,Club,2,2026-Sem1
EV008111,RA25110270000046,RA25110270000050,Club,1,2026-Sem1
EV008112,RA25110270000046,RA25110270000050,Club,1,2026-Sem2
EV008113,RA25110270000046,RA25110270000055,Project,1,2026-Sem2
EV008114,RA25110270000046,RA25110270000055,Project,2,2026-Sem2
EV008115,RA25110270000046,RA25110270000055,Project,1,2026-Sem1
EV008116,RA25110270000046,RA25110270000056,Event,1,2026-Sem1
EV008117,RA25110270000046,RA25110270000056,Event,1,2026-Sem2
EV008118,RA25110270000046,RA25110270000057,Event,2,2025-Sem1
EV008119,RA25110270000046,RA25110270000057,Event,1,2026-Sem2
EV008120,RA25110270000046,RA25110270000061,Club,2,2025-Sem1
EV008121,RA25110270000046,RA25110270000062,Club,1,2025-Sem1
EV008122,RA25110270000046,RA25110270000063,Academic,1,2026-Sem1
EV008123,RA25110270000046,RA25110270000064,Academic,1,2025-Sem1
EV008124,RA25110270000046,RA25110270000065,Event,1,2025-Sem1
EV008125,RA25110270000046,RA25110270000066,Event,3,2025-Sem1
EV008126,RA25110270000046,RA26110560000069,Cross-Department,1,2026-Sem1
EV008127,RA25110270000046,RA26110560000069,Cross-Department,2,2026-Sem2
EV008128,RA25110270000047,RA25110270000048,Event,2,2026-Sem1
EV008129,RA25110270000047,RA25110270000050,Event,1,2026-Sem2
EV008130,RA25110270000047,RA25110270000051,Project,1,2026-Sem1
EV008131,RA25110270000047,RA25110270000051,Project,2,2026-Sem2
EV008132,RA25110270000047,RA25110270000051,Project,2,2026-Sem1
EV008133,RA25110270000047,RA25110270000052,Event,2,2026-Sem2
EV008134,RA25110270000047,RA25110270000053,Event,1,2025-Sem1
EV008135,RA25110270000047,RA25110270000054,Project,3,2025-Sem1
EV008136,RA25110270000047,RA25110270000055,Project,1,2025-Sem1
EV008137,RA25110270000047,RA25110270000058,Club,2,2025-Sem1
EV008138,RA25110270000047,RA25110270000058,Club,1,2026-Sem1
EV008139,RA25110270000047,RA25110270000058,Club,3,2026-Sem2
EV008140,RA25110270000047,RA25110270000058,Club,1,2026-Sem1
EV008141,RA25110270000047,RA25110270000058,Club,1,2026-Sem1
EV008142,RA25110270000047,RA25110270000059,Event,1,2026-Sem2
EV008143,RA25110270000047,RA25110270000059,Event,2,2025-Sem1
EV008144,RA25110270000047,RA25110270000059,Event,2,2026-Sem2
EV008145,RA25110270000047,RA25110270000060,Event,1,2025-Sem1
EV008146,RA25110270000047,RA25110270000060,Event,1,2026-Sem2
EV008147,RA25110270000047,RA25110270000060,Event,1,2025-Sem1
EV008148,RA25110270000047,RA25110270000063,Social,1,2026-Sem1
EV008149,RA25110270000047,RA25110270000063,Social,1,2026-Sem2
EV008150,RA25110270000047,RA25110270000063,Social,1,2025-Sem1
EV008151,RA25110270000047,RA25110270000063,Social,2,2026-Sem1
EV008152,RA25110270000047,RA25110270000063,Social,3,2026-Sem2
EV008153,RA25110270000047,RA25110270000063,Social,2,2025-Sem1
EV008154,RA25110270000047,RA25110540000058,Cross-Department,2,2026-Sem2
EV008155,RA25110270000047,RA26110540000068,Cross-Department,1,2026-Sem1
EV008156,RA25110270000047,RA26110540000068,Cross-Department,1,2026-Sem1
EV008157,RA25110270000047,RA26110540000074,Cross-Department,2,2026-Sem2
EV008158,RA25110270000047,RA26110540000074,Cross-Department,3,2026-Sem1
EV008159,RA25110270000047,RA26110540000074,Cross-Department,3,2026-Sem2
EV008160,RA25110270000047,RA26110540000074,Cross-Department,1,2026-Sem2
EV008161,RA25110270000047,RA26110560000072,Cross-Department,2,2025-Sem1
EV008162,RA25110270000047,RA26110560000072,Cross-Department,1,2025-Sem1
EV008163,RA25110270000047,RA26110560000072,Cross-Department,4,2026-Sem2
EV008164,RA25110270000047,RA26110560000072,Cross-Department,2,2026-Sem1
EV008165,RA25110270000048,RA25110270000049,Social,1,2026-Sem2
EV008166,RA25110270000048,RA25110270000053,Club,3,2026-Sem1
EV008167,RA25110270000048,RA25110270000053,Club,2,2026-Sem1
EV008168,RA25110270000048,RA25110270000053,Club,2,2026-Sem2
EV008169,RA25110270000048,RA25110270000053,Club,1,2025-Sem1
EV008170,RA25110270000048,RA25110270000055,Social,2,2026-Sem1
EV008171,RA25110270000048,RA25110270000055,Social,2,2025-Sem1
EV008172,RA25110270000048,RA25110270000055,Social,3,2026-Sem1
EV008173,RA25110270000048,RA25110270000056,Project,2,2025-Sem1
EV008174,RA25110270000048,RA25110270000056,Project,2,2026-Sem1
EV008175,RA25110270000048,RA25110270000056,Project,2,2026-Sem2
EV008176,RA25110270000048,RA25110270000056,Project,2,2025-Sem1
EV008177,RA25110270000048,RA25110270000056,Project,3,2025-Sem1
EV008178,RA25110270000048,RA25110270000056,Project,2,2025-Sem1
EV008179,RA25110270000048,RA25110270000056,Project,1,2026-Sem1
EV008180,RA25110270000048,RA25110270000058,Academic,2,2025-Sem1
EV008181,RA25110270000048,RA25110270000059,Club,2,2025-Sem1
EV008182,RA25110270000048,RA25110270000059,Club,1,2026-Sem1
EV008183,RA25110270000048,RA25110270000059,Club,1,2025-Sem1
EV008184,RA25110270000048,RA25110270000059,Club,1,2025-Sem1
EV008185,RA25110270000048,RA25110270000061,Club,1,2026-Sem2
EV008186,RA25110270000048,RA25110270000061,Club,4,2025-Sem1
EV008187,RA25110270000048,RA25110270000062,Academic,3,2026-Sem1
EV008188,RA25110270000048,RA25110270000062,Academic,1,2026-Sem2
EV008189,RA25110270000048,RA25110270000064,Academic,4,2025-Sem1
EV008190,RA25110270000048,RA25110270000064,Academic,3,2026-Sem1
EV008191,RA25110270000048,RA26110540000085,Cross-Department,3,2026-Sem1
EV008192,RA25110270000048,RA26110540000085,Cross-Department,1,2025-Sem1
EV008193,RA25110270000048,RA26110540000085,Cross-Department,1,2026-Sem1
EV008194,RA25110270000048,RA26110540000085,Cross-Department,1,2026-Sem2
EV008195,RA25110270000048,RA26110540000085,Cross-Department,2,2026-Sem1
EV008196,RA25110270000049,RA25110270000050,Event,2,2026-Sem1
EV008197,RA25110270000049,RA25110270000050,Event,1,2026-Sem1
EV008198,RA25110270000049,RA25110270000052,Academic,1,2026-Sem2
EV008199,RA25110270000049,RA25110270000059,Academic,6,2026-Sem2
EV008200,RA25110270000049,RA25110270000059,Academic,2,2025-Sem1
EV008201,RA25110270000049,RA25110270000062,Event,2,2026-Sem2
EV008202,RA25110270000049,RA26110560000070,Cross-Department,6,2025-Sem1
EV008203,RA25110270000049,RA26110560000070,Cross-Department,2,2026-Sem2
EV008204,RA25110270000050,RA25110270000051,Event,3,2026-Sem2
EV008205,RA25110270000050,RA25110270000052,Social,3,2026-Sem2
EV008206,RA25110270000050,RA25110270000052,Social,1,2025-Sem1
EV008207,RA25110270000050,RA25110270000054,Club,1,2025-Sem1
EV008208,RA25110270000050,RA25110270000054,Club,2,2026-Sem1
EV008209,RA25110270000050,RA25110270000054,Club,2,2026-Sem2
EV008210,RA25110270000050,RA25110270000057,Club,2,2025-Sem1
EV008211,RA25110270000050,RA25110270000058,Academic,2,2026-Sem2
EV008212,RA25110270000050,RA25110270000058,Academic,2,2025-Sem1
EV008213,RA25110270000050,RA25110270000059,Project,2,2026-Sem1
EV008214,RA25110270000050,RA25110270000059,Project,2,2025-Sem1
EV008215,RA25110270000050,RA25110270000059,Project,2,2026-Sem1
EV008216,RA25110270000050,RA25110270000060,Project,2,2026-Sem2
EV008217,RA25110270000050,RA25110270000060,Project,1,2025-Sem1
EV008218,RA25110270000050,RA25110270000060,Project,2,2026-Sem1
EV008219,RA25110270000050,RA25110270000061,Academic,1,2026-Sem1
EV008220,RA25110270000050,RA25110270000061,Academic,1,2026-Sem1
EV008221,RA25110270000050,RA25110270000062,Event,1,2025-Sem1
EV008222,RA25110270000050,RA25110270000062,Event,1,2025-Sem1
EV008223,RA25110270000050,RA25110270000062,Event,3,2026-Sem1
EV008224,RA25110270000050,RA25110270000062,Event,4,2026-Sem1
EV008225,RA25110270000050,RA25110270000065,Event,2,2026-Sem2
EV008226,RA25110270000050,RA25110270000065,Event,2,2026-Sem1
EV008227,RA25110270000050,RA25110540000051,Cross-Department,3,2026-Sem1
EV008228,RA25110270000050,RA25110540000051,Cross-Department,2,2026-Sem1
EV008229,RA25110270000050,RA25110560000051,Cross-Department,3,2026-Sem1
EV008230,RA25110270000050,RA25110560000051,Cross-Department,3,2025-Sem1
EV008231,RA25110270000050,RA25110560000051,Cross-Department,3,2025-Sem1
EV008232,RA25110270000050,RA25110560000051,Cross-Department,1,2025-Sem1
EV008233,RA25110270000050,RA26110270000067,Academic,1,2026-Sem1
EV008234,RA25110270000050,RA26110270000088,Project,1,2026-Sem2
EV008235,RA25110270000050,RA26110270000088,Project,2,2025-Sem1
EV008236,RA25110270000050,RA26110270000088,Project,1,2026-Sem2
EV008237,RA25110270000051,RA25110270000052,Academic,1,2025-Sem1
EV008238,RA25110270000051,RA25110270000052,Academic,2,2026-Sem1
EV008239,RA25110270000051,RA25110270000052,Academic,4,2025-Sem1
EV008240,RA25110270000051,RA25110270000056,Event,1,2025-Sem1
EV008241,RA25110270000051,RA25110270000058,Academic,2,2026-Sem1
EV008242,RA25110270000051,RA25110270000059,Event,1,2025-Sem1
EV008243,RA25110270000051,RA25110270000064,Event,1,2026-Sem2
EV008244,RA25110270000051,RA26110560000069,Cross-Department,1,2025-Sem1
EV008245,RA25110270000051,RA26110560000069,Cross-Department,2,2026-Sem2
EV008246,RA25110270000051,RA26110560000069,Cross-Department,2,2026-Sem1
EV008247,RA25110270000051,RA26110560000081,Cross-Department,2,2026-Sem2
EV008248,RA25110270000051,RA26110560000081,Cross-Department,2,2026-Sem1
EV008249,RA25110270000052,RA25110270000053,Club,3,2025-Sem1
EV008250,RA25110270000052,RA25110270000056,Club,1,2025-Sem1
EV008251,RA25110270000052,RA25110270000056,Club,1,2026-Sem1
EV008252,RA25110270000052,RA25110270000056,Club,2,2025-Sem1
EV008253,RA25110270000052,RA25110270000056,Club,3,2026-Sem1
EV008254,RA25110270000052,RA25110270000057,Project,1,2026-Sem2
EV008255,RA25110270000052,RA25110270000058,Project,3,2026-Sem2
EV008256,RA25110270000052,RA25110270000059,Academic,1,2026-Sem2
EV008257,RA25110270000052,RA25110270000059,Academic,1,2026-Sem2
EV008258,RA25110270000052,RA25110270000060,Club,4,2026-Sem2
EV008259,RA25110270000052,RA25110270000060,Club,1,2026-Sem2
EV008260,RA25110270000052,RA25110270000060,Club,2,2026-Sem1
EV008261,RA25110270000052,RA25110270000063,Club,4,2025-Sem1
EV008262,RA25110270000052,RA25110270000064,Event,2,2026-Sem1
EV008263,RA25110270000052,RA25110270000066,Club,2,2026-Sem1
EV008264,RA25110270000052,RA25110270000066,Club,3,2025-Sem1
EV008265,RA25110270000052,RA25110540000061,Cross-Department,2,2026-Sem2
EV008266,RA25110270000052,RA25110540000061,Cross-Department,1,2026-Sem1
EV008267,RA25110270000052,RA25110540000061,Cross-Department,3,2025-Sem1
EV008268,RA25110270000052,RA26110540000073,Cross-Department,1,2026-Sem1
EV008269,RA25110270000052,RA26110540000073,Cross-Department,1,2025-Sem1
EV008270,RA25110270000052,RA26110540000073,Cross-Department,2,2025-Sem1
EV008271,RA25110270000052,RA26110540000073,Cross-Department,2,2026-Sem1
EV008272,RA25110270000052,RA26110540000073,Cross-Department,3,2026-Sem2
EV008273,RA25110270000053,RA25110270000054,Social,1,2026-Sem1
EV008274,RA25110270000053,RA25110270000054,Social,2,2025-Sem1
EV008275,RA25110270000053,RA25110270000054,Social,2,2025-Sem1
EV008276,RA25110270000053,RA25110270000055,Project,3,2025-Sem1
EV008277,RA25110270000053,RA25110270000055,Project,3,2026-Sem1
EV008278,RA25110270000053,RA25110270000055,Project,2,2026-Sem1
EV008279,RA25110270000053,RA25110270000056,Project,2,2026-Sem1
EV008280,RA25110270000053,RA25110270000057,Academic,3,2025-Sem1
EV008281,RA25110270000053,RA25110270000057,Academic,2,2025-Sem1
EV008282,RA25110270000053,RA25110270000059,Club,1,2026-Sem1
EV008283,RA25110270000053,RA25110270000061,Event,1,2025-Sem1
EV008284,RA25110270000053,RA25110270000061,Event,1,2026-Sem2
EV008285,RA25110270000053,RA25110270000061,Event,1,2026-Sem1
EV008286,RA25110270000053,RA25110270000063,Academic,1,2026-Sem2
EV008287,RA25110270000053,RA25110270000063,Academic,1,2026-Sem1
EV008288,RA25110270000053,RA25110270000063,Academic,2,2026-Sem2
EV008289,RA25110270000053,RA25110270000064,Club,1,2026-Sem1
EV008290,RA25110270000053,RA25110270000064,Club,3,2025-Sem1
EV008291,RA25110270000053,RA25110270000064,Club,1,2026-Sem1
EV008292,RA25110270000053,RA25110270000066,Academic,2,2025-Sem1
EV008293,RA25110270000053,RA25110270000066,Academic,1,2026-Sem1
EV008294,RA25110270000053,RA25110270000066,Academic,1,2026-Sem1
EV008295,RA25110270000053,RA26110030000078,Cross-Department,1,2026-Sem1
EV008296,RA25110270000053,RA26110030000078,Cross-Department,3,2026-Sem1
EV008297,RA25110270000053,RA26110030000078,Cross-Department,2,2025-Sem1
EV008298,RA25110270000053,RA26110030000078,Cross-Department,2,2026-Sem1
EV008299,RA25110270000053,RA26110560000078,Cross-Department,2,2026-Sem1
EV008300,RA25110270000053,RA26110560000078,Cross-Department,1,2025-Sem1
EV008301,RA25110270000053,RA26110560000078,Cross-Department,4,2025-Sem1
EV008302,RA25110270000054,RA25110270000055,Project,3,2026-Sem2
EV008303,RA25110270000054,RA25110270000058,Event,2,2026-Sem2
EV008304,RA25110270000054,RA25110270000064,Project,3,2026-Sem2
EV008305,RA25110270000054,RA25110270000065,Social,4,2026-Sem1
EV008306,RA25110270000054,RA25110270000065,Social,1,2026-Sem2
EV008307,RA25110270000054,RA25110540000066,Cross-Department,3,2025-Sem1
EV008308,RA25110270000054,RA25110540000066,Cross-Department,1,2025-Sem1
EV008309,RA25110270000054,RA25110560000049,Cross-Department,4,2025-Sem1
EV008310,RA25110270000054,RA25110560000049,Cross-Department,1,2025-Sem1
EV008311,RA25110270000054,RA26110560000068,Cross-Department,1,2025-Sem1
EV008312,RA25110270000054,RA26110560000068,Cross-Department,3,2025-Sem1
EV008313,RA25110270000055,RA25110270000056,Social,1,2025-Sem1
EV008314,RA25110270000055,RA25110270000056,Social,1,2026-Sem1
EV008315,RA25110270000055,RA25110270000056,Social,1,2026-Sem2
EV008316,RA25110270000055,RA25110270000060,Social,1,2026-Sem2
EV008317,RA25110270000055,RA25110270000060,Social,1,2026-Sem2
EV008318,RA25110270000055,RA25110270000060,Social,1,2026-Sem1
EV008319,RA25110270000055,RA25110270000062,Social,1,2026-Sem1
EV008320,RA25110270000055,RA25110270000062,Social,1,2026-Sem2
EV008321,RA25110270000055,RA25110270000064,Club,2,2025-Sem1
EV008322,RA25110270000055,RA25110270000064,Club,1,2026-Sem1
EV008323,RA25110270000055,RA25110540000060,Cross-Department,1,2026-Sem1
EV008324,RA25110270000055,RA25110540000060,Cross-Department,1,2026-Sem1
EV008325,RA25110270000055,RA25110560000062,Cross-Department,5,2025-Sem1
EV008326,RA25110270000055,RA25110560000062,Cross-Department,1,2025-Sem1
EV008327,RA25110270000055,RA26110540000084,Cross-Department,1,2026-Sem2
EV008328,RA25110270000055,RA26110540000084,Cross-Department,2,2025-Sem1
EV008329,RA25110270000055,RA26110540000084,Cross-Department,2,2026-Sem2
EV008330,RA25110270000055,RA26110560000085,Cross-Department,1,2026-Sem2
EV008331,RA25110270000055,RA26110560000085,Cross-Department,1,2025-Sem1
EV008332,RA25110270000055,RA26110560000085,Cross-Department,1,2026-Sem1
EV008333,RA25110270000055,RA26110560000085,Cross-Department,2,2026-Sem2
EV008334,RA25110270000056,RA25110270000057,Academic,1,2025-Sem1
EV008335,RA25110270000056,RA25110270000057,Academic,1,2026-Sem2
EV008336,RA25110270000056,RA25110270000057,Academic,3,2025-Sem1
EV008337,RA25110270000056,RA25110270000057,Academic,3,2025-Sem1
EV008338,RA25110270000056,RA25110270000060,Project,1,2026-Sem1
EV008339,RA25110270000056,RA25110270000062,Social,3,2026-Sem2
EV008340,RA25110270000056,RA25110270000062,Social,1,2025-Sem1
EV008341,RA25110270000056,RA25110270000064,Club,3,2026-Sem1
EV008342,RA25110270000056,RA25110270000064,Club,1,2026-Sem2
EV008343,RA25110270000056,RA25110270000064,Club,1,2026-Sem1
EV008344,RA25110270000056,RA26110270000067,Academic,3,2025-Sem1
EV008345,RA25110270000057,RA25110270000058,Event,3,2026-Sem1
EV008346,RA25110270000057,RA25110270000062,Club,1,2026-Sem1
EV008347,RA25110270000057,RA25110270000062,Club,2,2026-Sem1
EV008348,RA25110270000057,RA25110270000065,Academic,2,2026-Sem2
EV008349,RA25110270000057,RA25110270000065,Academic,2,2025-Sem1
EV008350,RA25110270000057,RA25110270000065,Academic,1,2026-Sem2
EV008351,RA25110270000057,RA25110270000066,Club,3,2026-Sem2
EV008352,RA25110270000058,RA25110270000059,Project,1,2025-Sem1
EV008353,RA25110270000058,RA25110270000059,Project,3,2025-Sem1
EV008354,RA25110270000058,RA25110270000059,Project,1,2025-Sem1
EV008355,RA25110270000058,RA25110270000061,Social,1,2025-Sem1
EV008356,RA25110270000058,RA25110270000065,Club,1,2026-Sem1
EV008357,RA25110270000058,RA25110270000065,Club,1,2026-Sem1
EV008358,RA25110270000058,RA25110540000048,Cross-Department,3,2026-Sem1
EV008359,RA25110270000058,RA25110540000048,Cross-Department,3,2026-Sem2
EV008360,RA25110270000058,RA25110540000048,Cross-Department,1,2026-Sem1
EV008361,RA25110270000058,RA25110540000048,Cross-Department,2,2026-Sem2
EV008362,RA25110270000058,RA26110270000069,Project,4,2026-Sem1
EV008363,RA25110270000058,RA26110270000069,Project,3,2026-Sem1
EV008364,RA25110270000058,RA26110270000069,Project,1,2025-Sem1
EV008365,RA25110270000058,RA26110270000069,Project,2,2026-Sem2
EV008366,RA25110270000058,RA26110270000069,Project,2,2026-Sem1
EV008367,RA25110270000058,RA26110270000069,Project,1,2026-Sem1
EV008368,RA25110270000058,RA26110270000069,Project,1,2026-Sem1
EV008369,RA25110270000058,RA26110540000072,Cross-Department,1,2026-Sem2
EV008370,RA25110270000058,RA26110540000072,Cross-Department,1,2025-Sem1
EV008371,RA25110270000058,RA26110540000072,Cross-Department,1,2026-Sem1
EV008372,RA25110270000058,RA26110540000075,Cross-Department,1,2025-Sem1
EV008373,RA25110270000058,RA26110540000075,Cross-Department,1,2026-Sem1
EV008374,RA25110270000058,RA26110540000075,Cross-Department,1,2026-Sem1
EV008375,RA25110270000059,RA25110270000060,Project,1,2026-Sem1
EV008376,RA25110270000059,RA25110270000066,Project,2,2025-Sem1
EV008377,RA25110270000059,RA25110270000066,Project,2,2026-Sem2
EV008378,RA25110270000059,RA26110270000075,Social,1,2025-Sem1
EV008379,RA25110270000059,RA26110270000075,Social,4,2026-Sem1
EV008380,RA25110270000059,RA26110270000075,Social,2,2026-Sem1
EV008381,RA25110270000059,RA26110540000077,Cross-Department,2,2026-Sem2
EV008382,RA25110270000059,RA26110560000083,Cross-Department,2,2025-Sem1
EV008383,RA25110270000060,RA25110270000061,Project,1,2026-Sem1
EV008384,RA25110270000060,RA25110270000063,Club,1,2026-Sem2
EV008385,RA25110270000060,RA25110270000063,Club,2,2026-Sem2
EV008386,RA25110270000060,RA25110270000064,Social,1,2026-Sem1
EV008387,RA25110270000060,RA26110270000075,Event,1,2026-Sem2
EV008388,RA25110270000060,RA26110270000080,Social,1,2025-Sem1
EV008389,RA25110270000060,RA26110270000080,Social,2,2026-Sem1
EV008390,RA25110270000060,RA26110270000080,Social,1,2025-Sem1
EV008391,RA25110270000060,RA26110270000080,Social,2,2025-Sem1
EV008392,RA25110270000060,RA26110270000080,Social,3,2025-Sem1
EV008393,RA25110270000060,RA26110270000082,Event,2,2025-Sem1
EV008394,RA25110270000060,RA26110560000068,Cross-Department,1,2026-Sem1
EV008395,RA25110270000060,RA26110560000068,Cross-Department,5,2026-Sem2
EV008396,RA25110270000061,RA25110270000062,Social,2,2026-Sem2
EV008397,RA25110270000061,RA25110270000062,Social,1,2025-Sem1
EV008398,RA25110270000061,RA25110270000062,Social,2,2026-Sem2
EV008399,RA25110270000061,RA25110270000065,Club,3,2026-Sem1
EV008400,RA25110270000061,RA25110270000065,Club,1,2026-Sem2
EV008401,RA25110270000061,RA25110270000066,Club,2,2026-Sem2
EV008402,RA25110270000061,RA25110270000066,Club,2,2026-Sem2
EV008403,RA25110270000061,RA25110270000066,Club,1,2026-Sem2
EV008404,RA25110270000061,RA25110560000058,Cross-Department,1,2026-Sem2
EV008405,RA25110270000061,RA25110560000058,Cross-Department,1,2026-Sem2
EV008406,RA25110270000061,RA25110560000058,Cross-Department,4,2026-Sem1
EV008407,RA25110270000061,RA25110560000058,Cross-Department,1,2026-Sem1
EV008408,RA25110270000061,RA26110270000074,Social,2,2026-Sem1
EV008409,RA25110270000061,RA26110270000074,Social,1,2026-Sem1
EV008410,RA25110270000061,RA26110270000074,Social,3,2026-Sem1
EV008411,RA25110270000061,RA26110540000077,Cross-Department,2,2026-Sem1
EV008412,RA25110270000062,RA25110270000063,Event,1,2026-Sem2
EV008413,RA25110270000062,RA26110270000085,Academic,1,2025-Sem1
EV008414,RA25110270000062,RA26110270000085,Academic,3,2025-Sem1
EV008415,RA25110270000062,RA26110270000085,Academic,1,2026-Sem2
EV008416,RA25110270000062,RA26110560000078,Cross-Department,1,2026-Sem2
EV008417,RA25110270000062,RA26110560000078,Cross-Department,1,2026-Sem1
EV008418,RA25110270000062,RA26110560000078,Cross-Department,1,2026-Sem2
EV008419,RA25110270000062,RA26110560000078,Cross-Department,2,2026-Sem1
EV008420,RA25110270000063,RA25110270000064,Project,3,2025-Sem1
EV008421,RA25110270000064,RA25110270000065,Academic,2,2026-Sem2
EV008422,RA25110270000064,RA25110270000065,Academic,2,2026-Sem1
EV008423,RA25110270000064,RA25110270000065,Academic,1,2026-Sem2
EV008424,RA25110270000064,RA25110270000066,Social,2,2026-Sem2
EV008425,RA25110270000065,RA25110270000066,Event,1,2025-Sem1
EV008426,RA25110270000065,RA25110270000066,Event,2,2026-Sem1
EV008427,RA25110270000065,RA25110270000066,Event,2,2026-Sem1
EV008428,RA25110270000065,RA25110270000066,Event,1,2026-Sem1
EV008429,RA25110270000065,RA25110270000066,Event,2,2026-Sem1
EV008430,RA25110270000065,RA25110540000058,Cross-Department,2,2026-Sem1
EV008431,RA25110270000065,RA25110540000058,Cross-Department,1,2026-Sem2
EV008432,RA25110270000065,RA25110540000058,Cross-Department,1,2025-Sem1
EV008433,RA25110270000065,RA25110540000063,Cross-Department,1,2025-Sem1
EV008434,RA25110270000065,RA25110540000063,Cross-Department,2,2026-Sem2
EV008435,RA25110270000065,RA25110540000063,Cross-Department,3,2026-Sem1
EV008436,RA25110270000065,RA26110270000073,Social,2,2026-Sem1
EV008437,RA25110270000065,RA26110270000073,Social,1,2025-Sem1
EV008438,RA25110270000065,RA26110540000079,Cross-Department,2,2026-Sem1
EV008439,RA25110270000065,RA26110540000086,Cross-Department,1,2026-Sem1
EV008440,RA25110270000065,RA26110540000086,Cross-Department,1,2025-Sem1
EV008441,RA25110270000065,RA26110540000086,Cross-Department,3,2026-Sem1
EV008442,RA25110270000065,RA26110560000067,Cross-Department,2,2026-Sem1
EV008443,RA25110270000065,RA26110560000067,Cross-Department,2,2026-Sem2
EV008444,RA25110270000065,RA26110560000067,Cross-Department,1,2025-Sem1
EV008445,RA25110270000066,RA25110540000050,Cross-Department,3,2026-Sem2
EV008446,RA25110270000066,RA25110560000064,Cross-Department,1,2026-Sem2
EV008447,RA25110270000066,RA25110560000064,Cross-Department,3,2025-Sem1
EV008448,RA25110270000066,RA25110560000066,Cross-Department,1,2026-Sem1
EV008449,RA25110270000066,RA25110560000066,Cross-Department,1,2026-Sem2
EV008450,RA25110270000066,RA26110270000070,Social,1,2026-Sem1
EV008451,RA25110270000066,RA26110270000087,Event,1,2025-Sem1
EV008452,RA25110270000066,RA26110540000085,Cross-Department,1,2026-Sem2
EV008453,RA25110270000066,RA26110540000085,Cross-Department,2,2025-Sem1
EV008454,RA25110280000045,RA25110280000046,Club,2,2026-Sem1
EV008455,RA25110280000045,RA25110280000050,Club,1,2026-Sem1
EV008456,RA25110280000045,RA25110280000050,Club,1,2026-Sem2
EV008457,RA25110280000045,RA25110280000056,Academic,1,2026-Sem1
EV008458,RA25110280000045,RA25110280000056,Academic,1,2025-Sem1
EV008459,RA25110280000045,RA25110280000057,Club,1,2026-Sem1
EV008460,RA25110280000045,RA25110280000057,Club,2,2026-Sem2
EV008461,RA25110280000045,RA25110280000058,Project,2,2026-Sem2
EV008462,RA25110280000045,RA25110280000058,Project,1,2026-Sem2
EV008463,RA25110280000045,RA25110280000058,Project,1,2025-Sem1
EV008464,RA25110280000045,RA25110280000058,Project,2,2026-Sem2
EV008465,RA25110280000045,RA25110280000059,Club,1,2025-Sem1
EV008466,RA25110280000045,RA25110280000059,Club,1,2026-Sem1
EV008467,RA25110280000045,RA25110280000063,Academic,1,2026-Sem2
EV008468,RA25110280000045,RA25110280000066,Event,1,2025-Sem1
EV008469,RA25110280000045,RA26110030000077,Cross-Department,2,2025-Sem1
EV008470,RA25110280000045,RA26110030000077,Cross-Department,1,2025-Sem1
EV008471,RA25110280000045,RA26110030000077,Cross-Department,1,2025-Sem1
EV008472,RA25110280000045,RA26110030000087,Cross-Department,2,2026-Sem1
EV008473,RA25110280000045,RA26110300000080,Cross-Department,6,2026-Sem1
EV008474,RA25110280000045,RA26110300000080,Cross-Department,1,2026-Sem1
EV008475,RA25110280000045,RA26110300000080,Cross-Department,1,2025-Sem1
EV008476,RA25110280000046,RA25110280000047,Event,1,2026-Sem2
EV008477,RA25110280000046,RA25110280000047,Event,1,2025-Sem1
EV008478,RA25110280000046,RA25110280000048,Social,2,2026-Sem2
EV008479,RA25110280000046,RA25110280000050,Club,2,2026-Sem1
EV008480,RA25110280000046,RA25110280000050,Club,1,2026-Sem1
EV008481,RA25110280000046,RA25110280000050,Club,1,2026-Sem1
EV008482,RA25110280000046,RA25110280000051,Academic,1,2026-Sem2
EV008483,RA25110280000046,RA25110280000052,Project,2,2025-Sem1
EV008484,RA25110280000046,RA25110280000052,Project,1,2026-Sem2
EV008485,RA25110280000046,RA25110280000052,Project,2,2026-Sem2
EV008486,RA25110280000046,RA25110280000052,Project,1,2026-Sem2
EV008487,RA25110280000046,RA25110280000053,Event,2,2026-Sem2
EV008488,RA25110280000046,RA25110280000059,Event,2,2025-Sem1
EV008489,RA25110280000046,RA25110280000059,Event,1,2025-Sem1
EV008490,RA25110280000046,RA25110280000063,Academic,3,2026-Sem2
EV008491,RA25110280000046,RA26110290000079,Cross-Department,4,2026-Sem1
EV008492,RA25110280000046,RA26110290000079,Cross-Department,2,2025-Sem1
EV008493,RA25110280000046,RA26110290000085,Cross-Department,1,2026-Sem1
EV008494,RA25110280000046,RA26110290000085,Cross-Department,1,2026-Sem1
EV008495,RA25110280000047,RA25110280000048,Academic,1,2026-Sem2
EV008496,RA25110280000047,RA25110280000048,Academic,1,2025-Sem1
EV008497,RA25110280000047,RA25110280000050,Academic,1,2026-Sem2
EV008498,RA25110280000047,RA25110280000053,Academic,1,2026-Sem1
EV008499,RA25110280000047,RA25110280000055,Project,1,2026-Sem2
EV008500,RA25110280000047,RA25110280000057,Academic,3,2026-Sem1
EV008501,RA25110280000047,RA25110280000060,Social,2,2026-Sem2
EV008502,RA25110280000047,RA25110280000060,Social,1,2026-Sem1
EV008503,RA25110280000047,RA25110280000063,Social,2,2026-Sem1
EV008504,RA25110280000047,RA25110280000063,Social,1,2026-Sem1
EV008505,RA25110280000047,RA25110280000063,Social,4,2026-Sem1
EV008506,RA25110280000047,RA25110280000063,Social,1,2026-Sem1
EV008507,RA25110280000047,RA25110280000063,Social,1,2025-Sem1
EV008508,RA25110280000047,RA25110280000063,Social,1,2025-Sem1
EV008509,RA25110280000047,RA25110280000064,Social,1,2026-Sem2
EV008510,RA25110280000047,RA25110280000064,Social,1,2026-Sem2
EV008511,RA25110280000047,RA25110280000064,Social,3,2026-Sem1
EV008512,RA25110280000047,RA25110280000064,Social,1,2026-Sem2
EV008513,RA25110280000047,RA26110030000078,Cross-Department,1,2025-Sem1
EV008514,RA25110280000047,RA26110030000078,Cross-Department,3,2026-Sem2
EV008515,RA25110280000047,RA26110030000078,Cross-Department,3,2026-Sem2
EV008516,RA25110280000047,RA26110030000078,Cross-Department,3,2026-Sem2
EV008517,RA25110280000047,RA26110030000078,Cross-Department,1,2026-Sem1
EV008518,RA25110280000047,RA26110030000078,Cross-Department,1,2026-Sem1
EV008519,RA25110280000047,RA26110030000078,Cross-Department,2,2025-Sem1
EV008520,RA25110280000047,RA26110280000083,Project,2,2026-Sem1
EV008521,RA25110280000047,RA26110280000083,Project,2,2026-Sem1
EV008522,RA25110280000047,RA26110280000083,Project,3,2026-Sem2
EV008523,RA25110280000047,RA26110280000083,Project,2,2026-Sem2
EV008524,RA25110280000047,RA26110280000083,Project,1,2026-Sem2
EV008525,RA25110280000048,RA25110280000049,Social,4,2026-Sem1
EV008526,RA25110280000048,RA25110280000049,Social,1,2026-Sem2
EV008527,RA25110280000048,RA25110280000050,Social,1,2026-Sem1
EV008528,RA25110280000048,RA25110280000052,Event,1,2025-Sem1
EV008529,RA25110280000048,RA25110280000052,Event,1,2025-Sem1
EV008530,RA25110280000048,RA25110280000054,Social,2,2026-Sem2
EV008531,RA25110280000048,RA25110280000059,Social,2,2025-Sem1
EV008532,RA25110280000048,RA25110280000059,Social,1,2026-Sem2
EV008533,RA25110280000048,RA25110280000059,Social,1,2026-Sem1
EV008534,RA25110280000048,RA25110280000060,Event,4,2025-Sem1
EV008535,RA25110280000048,RA25110280000064,Academic,2,2026-Sem2
EV008536,RA25110280000048,RA25110280000066,Club,3,2026-Sem1
EV008537,RA25110280000048,RA26110030000085,Cross-Department,2,2025-Sem1
EV008538,RA25110280000049,RA25110280000050,Academic,1,2025-Sem1
EV008539,RA25110280000049,RA25110280000050,Academic,1,2025-Sem1
EV008540,RA25110280000049,RA25110280000050,Academic,3,2025-Sem1
EV008541,RA25110280000049,RA25110280000052,Academic,1,2026-Sem1
EV008542,RA25110280000049,RA25110280000052,Academic,1,2026-Sem2
EV008543,RA25110280000049,RA25110280000052,Academic,1,2025-Sem1
EV008544,RA25110280000049,RA25110280000052,Academic,3,2026-Sem1
EV008545,RA25110280000049,RA25110280000054,Social,1,2026-Sem2
EV008546,RA25110280000049,RA25110280000056,Event,1,2026-Sem2
EV008547,RA25110280000049,RA25110280000056,Event,1,2026-Sem1
EV008548,RA25110280000049,RA25110280000056,Event,2,2026-Sem2
EV008549,RA25110280000049,RA25110280000057,Academic,2,2025-Sem1
EV008550,RA25110280000049,RA25110280000057,Academic,1,2025-Sem1
EV008551,RA25110280000049,RA25110280000059,Project,1,2026-Sem2
EV008552,RA25110280000049,RA25110280000059,Project,3,2026-Sem2
EV008553,RA25110280000049,RA25110280000061,Social,2,2026-Sem2
EV008554,RA25110280000049,RA25110280000064,Social,1,2026-Sem1
EV008555,RA25110280000049,RA26110280000076,Academic,2,2026-Sem1
EV008556,RA25110280000049,RA26110280000083,Academic,1,2025-Sem1
EV008557,RA25110280000049,RA26110280000083,Academic,2,2025-Sem1
EV008558,RA25110280000050,RA25110280000051,Project,3,2026-Sem2
EV008559,RA25110280000050,RA25110280000051,Project,1,2026-Sem2
EV008560,RA25110280000050,RA25110280000052,Event,1,2025-Sem1
EV008561,RA25110280000050,RA25110280000054,Club,2,2025-Sem1
EV008562,RA25110280000050,RA25110280000054,Club,2,2026-Sem1
EV008563,RA25110280000050,RA25110280000054,Club,1,2026-Sem1
EV008564,RA25110280000050,RA25110280000055,Event,3,2026-Sem1
EV008565,RA25110280000050,RA25110280000056,Social,1,2026-Sem1
EV008566,RA25110280000050,RA25110280000056,Social,1,2025-Sem1
EV008567,RA25110280000050,RA25110280000058,Event,2,2025-Sem1
EV008568,RA25110280000050,RA25110280000058,Event,3,2026-Sem1
EV008569,RA25110280000050,RA25110280000058,Event,2,2026-Sem1
EV008570,RA25110280000050,RA25110280000058,Event,2,2026-Sem2
EV008571,RA25110280000050,RA25110280000059,Social,2,2025-Sem1
EV008572,RA25110280000050,RA25110280000061,Event,2,2026-Sem2
EV008573,RA25110280000050,RA25110280000062,Project,3,2025-Sem1
EV008574,RA25110280000050,RA25110280000062,Project,1,2025-Sem1
EV008575,RA25110280000050,RA25110280000064,Academic,1,2026-Sem1
EV008576,RA25110280000050,RA25110280000065,Project,2,2025-Sem1
EV008577,RA25110280000050,RA25110280000065,Project,1,2026-Sem2
EV008578,RA25110280000050,RA25110300000066,Cross-Department,2,2026-Sem2
EV008579,RA25110280000050,RA25110300000066,Cross-Department,1,2026-Sem1
EV008580,RA25110280000050,RA25110300000066,Cross-Department,2,2026-Sem1
EV008581,RA25110280000050,RA25110300000066,Cross-Department,1,2026-Sem2
EV008582,RA25110280000050,RA26110300000075,Cross-Department,2,2025-Sem1
EV008583,RA25110280000050,RA26110300000075,Cross-Department,1,2026-Sem1
EV008584,RA25110280000051,RA25110280000052,Club,1,2026-Sem1
EV008585,RA25110280000051,RA25110280000052,Club,1,2026-Sem1
EV008586,RA25110280000051,RA25110280000054,Club,3,2025-Sem1
EV008587,RA25110280000051,RA25110280000063,Academic,1,2026-Sem2
EV008588,RA25110280000051,RA25110290000062,Cross-Department,4,2025-Sem1
EV008589,RA25110280000051,RA25110290000062,Cross-Department,2,2026-Sem1
EV008590,RA25110280000051,RA25110290000062,Cross-Department,1,2026-Sem1
EV008591,RA25110280000051,RA25110300000052,Cross-Department,3,2025-Sem1
EV008592,RA25110280000051,RA25110300000052,Cross-Department,2,2025-Sem1
EV008593,RA25110280000051,RA26110030000084,Cross-Department,2,2026-Sem1
EV008594,RA25110280000051,RA26110030000084,Cross-Department,3,2026-Sem2
EV008595,RA25110280000052,RA25110280000053,Social,1,2026-Sem2
EV008596,RA25110280000052,RA25110280000055,Event,2,2026-Sem1
EV008597,RA25110280000052,RA25110280000055,Event,2,2025-Sem1
EV008598,RA25110280000052,RA25110280000056,Club,1,2026-Sem1
EV008599,RA25110280000052,RA25110280000057,Event,1,2025-Sem1
EV008600,RA25110280000052,RA25110280000060,Club,3,2026-Sem1
EV008601,RA25110280000052,RA25110280000063,Social,3,2026-Sem1
EV008602,RA25110280000052,RA25110280000063,Social,1,2026-Sem1
EV008603,RA25110280000052,RA25110280000065,Project,2,2025-Sem1
EV008604,RA25110280000052,RA25110280000065,Project,1,2026-Sem1
EV008605,RA25110280000052,RA25110280000065,Project,2,2025-Sem1
EV008606,RA25110280000052,RA26110300000067,Cross-Department,1,2026-Sem2
EV008607,RA25110280000052,RA26110300000067,Cross-Department,1,2026-Sem1
EV008608,RA25110280000052,RA26110300000067,Cross-Department,3,2026-Sem1
EV008609,RA25110280000052,RA26110300000067,Cross-Department,1,2025-Sem1
EV008610,RA25110280000052,RA26110300000067,Cross-Department,1,2026-Sem2
EV008611,RA25110280000052,RA26110300000078,Cross-Department,1,2026-Sem2
EV008612,RA25110280000052,RA26110300000078,Cross-Department,2,2026-Sem2
EV008613,RA25110280000052,RA26110300000078,Cross-Department,1,2026-Sem1
EV008614,RA25110280000052,RA26110300000078,Cross-Department,1,2025-Sem1
EV008615,RA25110280000053,RA25110280000054,Academic,2,2025-Sem1
EV008616,RA25110280000053,RA25110280000054,Academic,1,2026-Sem1
EV008617,RA25110280000053,RA25110280000056,Club,1,2026-Sem1
EV008618,RA25110280000053,RA25110280000056,Club,1,2026-Sem2
EV008619,RA25110280000053,RA25110280000060,Club,4,2025-Sem1
EV008620,RA25110280000053,RA25110280000061,Club,1,2025-Sem1
EV008621,RA25110280000053,RA25110280000061,Club,2,2026-Sem1
EV008622,RA25110280000053,RA25110300000045,Cross-Department,1,2026-Sem2
EV008623,RA25110280000053,RA25110300000045,Cross-Department,1,2025-Sem1
EV008624,RA25110280000053,RA25110300000045,Cross-Department,1,2026-Sem1
EV008625,RA25110280000053,RA25110300000048,Cross-Department,1,2026-Sem1
EV008626,RA25110280000053,RA25110300000048,Cross-Department,2,2025-Sem1
EV008627,RA25110280000053,RA25110300000048,Cross-Department,2,2026-Sem1
EV008628,RA25110280000053,RA25110300000048,Cross-Department,2,2026-Sem2
EV008629,RA25110280000053,RA25110300000048,Cross-Department,2,2025-Sem1
EV008630,RA25110280000053,RA25110300000065,Cross-Department,1,2026-Sem1
EV008631,RA25110280000053,RA25110300000065,Cross-Department,4,2026-Sem1
EV008632,RA25110280000053,RA26110030000078,Cross-Department,4,2026-Sem2
EV008633,RA25110280000053,RA26110030000078,Cross-Department,4,2026-Sem1
EV008634,RA25110280000053,RA26110280000070,Social,4,2026-Sem2
EV008635,RA25110280000053,RA26110280000083,Social,1,2026-Sem1
EV008636,RA25110280000053,RA26110280000083,Social,1,2025-Sem1
EV008637,RA25110280000053,RA26110290000077,Cross-Department,3,2026-Sem1
EV008638,RA25110280000053,RA26110290000077,Cross-Department,1,2026-Sem1
EV008639,RA25110280000053,RA26110290000077,Cross-Department,1,2026-Sem2
EV008640,RA25110280000053,RA26110290000086,Cross-Department,2,2026-Sem2
EV008641,RA25110280000053,RA26110290000086,Cross-Department,3,2026-Sem2
EV008642,RA25110280000053,RA26110290000086,Cross-Department,1,2025-Sem1
EV008643,RA25110280000054,RA25110280000055,Event,1,2026-Sem1
EV008644,RA25110280000054,RA25110280000055,Event,1,2026-Sem2
EV008645,RA25110280000054,RA25110280000055,Event,1,2026-Sem1
EV008646,RA25110280000054,RA25110280000060,Social,2,2026-Sem1
EV008647,RA25110280000054,RA25110280000060,Social,2,2025-Sem1
EV008648,RA25110280000054,RA25110280000061,Social,1,2025-Sem1
EV008649,RA25110280000054,RA25110280000062,Social,1,2026-Sem1
EV008650,RA25110280000054,RA25110280000062,Social,1,2026-Sem1
EV008651,RA25110280000054,RA25110280000062,Social,1,2025-Sem1
EV008652,RA25110280000054,RA25110280000062,Social,3,2025-Sem1
EV008653,RA25110280000054,RA25110280000064,Academic,3,2025-Sem1
EV008654,RA25110280000054,RA25110280000064,Academic,2,2026-Sem1
EV008655,RA25110280000054,RA25110280000064,Academic,1,2026-Sem2
EV008656,RA25110280000054,RA25110280000066,Academic,1,2026-Sem2
EV008657,RA25110280000054,RA25110280000066,Academic,1,2025-Sem1
EV008658,RA25110280000054,RA25110280000066,Academic,2,2026-Sem2
EV008659,RA25110280000054,RA25110280000066,Academic,2,2026-Sem1
EV008660,RA25110280000054,RA25110280000066,Academic,1,2025-Sem1
EV008661,RA25110280000054,RA25110290000066,Cross-Department,3,2025-Sem1
EV008662,RA25110280000054,RA25110290000066,Cross-Department,2,2025-Sem1
EV008663,RA25110280000054,RA25110290000066,Cross-Department,1,2026-Sem1
EV008664,RA25110280000054,RA26110030000084,Cross-Department,1,2026-Sem2
EV008665,RA25110280000054,RA26110030000084,Cross-Department,1,2025-Sem1
EV008666,RA25110280000054,RA26110030000084,Cross-Department,1,2025-Sem1
EV008667,RA25110280000054,RA26110030000084,Cross-Department,4,2026-Sem2
EV008668,RA25110280000054,RA26110300000078,Cross-Department,3,2026-Sem1
EV008669,RA25110280000055,RA25110280000056,Club,1,2025-Sem1
EV008670,RA25110280000055,RA25110280000056,Club,1,2026-Sem1
EV008671,RA25110280000055,RA25110280000057,Event,2,2026-Sem2
EV008672,RA25110280000055,RA25110280000058,Club,3,2025-Sem1
EV008673,RA25110280000055,RA25110280000059,Academic,1,2026-Sem1
EV008674,RA25110280000055,RA25110280000059,Academic,1,2026-Sem2
EV008675,RA25110280000055,RA25110280000059,Academic,1,2026-Sem1
EV008676,RA25110280000055,RA25110280000060,Academic,2,2026-Sem2
EV008677,RA25110280000055,RA25110280000060,Academic,3,2025-Sem1
EV008678,RA25110280000055,RA25110280000061,Project,3,2026-Sem1
EV008679,RA25110280000055,RA25110280000064,Event,3,2026-Sem2
EV008680,RA25110280000055,RA25110280000064,Event,1,2026-Sem2
EV008681,RA25110280000055,RA25110280000065,Academic,1,2026-Sem1
EV008682,RA25110280000055,RA25110280000065,Academic,3,2026-Sem2
EV008683,RA25110280000055,RA25110280000065,Academic,1,2026-Sem2
EV008684,RA25110280000055,RA25110280000066,Club,1,2026-Sem2
EV008685,RA25110280000055,RA25110280000066,Club,1,2026-Sem1
EV008686,RA25110280000055,RA25110290000053,Cross-Department,2,2026-Sem2
EV008687,RA25110280000055,RA25110290000053,Cross-Department,1,2026-Sem2
EV008688,RA25110280000055,RA26110280000088,Club,3,2026-Sem1
EV008689,RA25110280000055,RA26110290000069,Cross-Department,1,2026-Sem2
EV008690,RA25110280000055,RA26110290000069,Cross-Department,2,2026-Sem1
EV008691,RA25110280000055,RA26110290000069,Cross-Department,1,2025-Sem1
EV008692,RA25110280000056,RA25110280000057,Club,2,2026-Sem1
EV008693,RA25110280000056,RA25110280000057,Club,1,2026-Sem1
EV008694,RA25110280000056,RA25110280000061,Academic,1,2025-Sem1
EV008695,RA25110280000056,RA25110280000061,Academic,1,2025-Sem1
EV008696,RA25110280000056,RA25110280000063,Project,2,2026-Sem2
EV008697,RA25110280000056,RA25110280000065,Social,1,2025-Sem1
EV008698,RA25110280000056,RA25110280000066,Project,2,2026-Sem1
EV008699,RA25110280000056,RA25110280000066,Project,1,2026-Sem2
EV008700,RA25110280000056,RA25110290000055,Cross-Department,1,2026-Sem2
EV008701,RA25110280000056,RA25110290000055,Cross-Department,3,2026-Sem2
EV008702,RA25110280000056,RA25110290000055,Cross-Department,3,2026-Sem2
EV008703,RA25110280000056,RA25110290000055,Cross-Department,1,2025-Sem1
EV008704,RA25110280000056,RA26110280000088,Social,1,2026-Sem1
EV008705,RA25110280000057,RA25110280000058,Event,2,2026-Sem2
EV008706,RA25110280000057,RA25110280000059,Academic,1,2026-Sem2
EV008707,RA25110280000057,RA25110280000059,Academic,1,2026-Sem2
EV008708,RA25110280000057,RA25110280000059,Academic,2,2025-Sem1
EV008709,RA25110280000057,RA25110280000059,Academic,2,2026-Sem1
EV008710,RA25110280000057,RA25110290000046,Cross-Department,2,2026-Sem2
EV008711,RA25110280000057,RA25110290000046,Cross-Department,1,2026-Sem2
EV008712,RA25110280000057,RA25110300000052,Cross-Department,1,2026-Sem2
EV008713,RA25110280000057,RA25110300000052,Cross-Department,2,2026-Sem2
EV008714,RA25110280000057,RA25110540000045,Cross-Department,4,2026-Sem1
EV008715,RA25110280000057,RA26110030000085,Cross-Department,2,2026-Sem2
EV008716,RA25110280000057,RA26110290000070,Cross-Department,4,2026-Sem2
EV008717,RA25110280000057,RA26110290000070,Cross-Department,4,2026-Sem2
EV008718,RA25110280000057,RA26110290000070,Cross-Department,2,2025-Sem1
EV008719,RA25110280000058,RA25110280000059,Project,2,2025-Sem1
EV008720,RA25110280000058,RA25110280000061,Social,2,2026-Sem2
EV008721,RA25110280000058,RA25110280000064,Social,2,2025-Sem1
EV008722,RA25110280000058,RA25110280000064,Social,1,2026-Sem2
EV008723,RA25110280000058,RA25110280000064,Social,1,2026-Sem1
EV008724,RA25110280000058,RA25110290000050,Cross-Department,2,2026-Sem1
EV008725,RA25110280000058,RA25110290000050,Cross-Department,1,2026-Sem2
EV008726,RA25110280000058,RA25110290000064,Cross-Department,3,2025-Sem1
EV008727,RA25110280000058,RA25110290000064,Cross-Department,1,2026-Sem1
EV008728,RA25110280000058,RA26110280000074,Club,1,2026-Sem2
EV008729,RA25110280000058,RA26110280000074,Club,1,2025-Sem1
EV008730,RA25110280000058,RA26110280000074,Club,2,2026-Sem1
EV008731,RA25110280000058,RA26110280000085,Club,3,2025-Sem1
EV008732,RA25110280000059,RA25110280000060,Social,1,2026-Sem1
EV008733,RA25110280000059,RA25110280000060,Social,2,2025-Sem1
EV008734,RA25110280000059,RA25110280000063,Event,2,2026-Sem2
EV008735,RA25110280000059,RA25110280000063,Event,3,2026-Sem2
EV008736,RA25110280000059,RA25110280000064,Event,2,2026-Sem1
EV008737,RA25110280000059,RA25110280000065,Social,1,2025-Sem1
EV008738,RA25110280000059,RA25110280000065,Social,2,2026-Sem1
EV008739,RA25110280000059,RA25110280000065,Social,2,2026-Sem1
EV008740,RA25110280000059,RA25110280000065,Social,2,2025-Sem1
EV008741,RA25110280000059,RA25110280000065,Social,1,2026-Sem2
EV008742,RA25110280000059,RA26110030000078,Cross-Department,3,2026-Sem2
EV008743,RA25110280000059,RA26110030000078,Cross-Department,1,2025-Sem1
EV008744,RA25110280000060,RA25110280000061,Event,1,2026-Sem2
EV008745,RA25110280000060,RA25110280000061,Event,2,2026-Sem1
EV008746,RA25110280000060,RA25110280000061,Event,1,2025-Sem1
EV008747,RA25110280000060,RA25110280000061,Event,1,2026-Sem1
EV008748,RA25110280000060,RA25110280000061,Event,1,2026-Sem2
EV008749,RA25110280000060,RA25110280000062,Academic,1,2025-Sem1
EV008750,RA25110280000060,RA25110280000066,Academic,2,2025-Sem1
EV008751,RA25110280000060,RA25110280000066,Academic,1,2025-Sem1
EV008752,RA25110280000060,RA25110280000066,Academic,2,2025-Sem1
EV008753,RA25110280000060,RA25110280000066,Academic,1,2025-Sem1
EV008754,RA25110280000060,RA25110290000053,Cross-Department,4,2026-Sem2
EV008755,RA25110280000060,RA25110290000053,Cross-Department,1,2026-Sem1
EV008756,RA25110280000060,RA25110290000053,Cross-Department,2,2026-Sem1
EV008757,RA25110280000060,RA25110300000054,Cross-Department,2,2026-Sem1
EV008758,RA25110280000060,RA25110300000054,Cross-Department,2,2025-Sem1
EV008759,RA25110280000060,RA26110280000082,Club,2,2026-Sem1
EV008760,RA25110280000060,RA26110280000082,Club,3,2026-Sem1
EV008761,RA25110280000060,RA26110280000082,Club,1,2026-Sem1
EV008762,RA25110280000060,RA26110280000082,Club,1,2026-Sem2
EV008763,RA25110280000060,RA26110300000076,Cross-Department,2,2026-Sem2
EV008764,RA25110280000060,RA26110300000076,Cross-Department,1,2026-Sem1
EV008765,RA25110280000061,RA25110280000062,Social,2,2026-Sem1
EV008766,RA25110280000061,RA25110280000062,Social,2,2025-Sem1
EV008767,RA25110280000061,RA25110280000062,Social,4,2025-Sem1
EV008768,RA25110280000061,RA25110280000062,Social,2,2026-Sem1
EV008769,RA25110280000061,RA25110280000063,Event,3,2026-Sem1
EV008770,RA25110280000061,RA25110280000064,Club,3,2026-Sem2
EV008771,RA25110280000061,RA25110280000064,Club,1,2025-Sem1
EV008772,RA25110280000061,RA25110280000064,Club,2,2026-Sem2
EV008773,RA25110280000061,RA25110280000065,Club,1,2025-Sem1
EV008774,RA25110280000061,RA25110300000050,Cross-Department,3,2026-Sem1
EV008775,RA25110280000061,RA26110030000077,Cross-Department,2,2026-Sem1
EV008776,RA25110280000061,RA26110030000077,Cross-Department,3,2026-Sem2
EV008777,RA25110280000061,RA26110030000077,Cross-Department,1,2026-Sem1
EV008778,RA25110280000061,RA26110030000077,Cross-Department,1,2026-Sem2
EV008779,RA25110280000061,RA26110290000087,Cross-Department,4,2026-Sem2
EV008780,RA25110280000061,RA26110290000087,Cross-Department,2,2025-Sem1
EV008781,RA25110280000062,RA25110280000063,Project,2,2026-Sem1
EV008782,RA25110280000062,RA25110280000065,Social,1,2026-Sem1
EV008783,RA25110280000062,RA26110290000073,Cross-Department,3,2026-Sem1
EV008784,RA25110280000063,RA25110280000064,Project,2,2025-Sem1
EV008785,RA25110280000063,RA25110280000064,Project,1,2026-Sem2
EV008786,RA25110280000063,RA26110270000067,Cross-Department,1,2026-Sem1
EV008787,RA25110280000063,RA26110270000067,Cross-Department,1,2026-Sem2
EV008788,RA25110280000063,RA26110270000067,Cross-Department,2,2025-Sem1
EV008789,RA25110280000063,RA26110300000082,Cross-Department,2,2026-Sem1
EV008790,RA25110280000063,RA26110300000082,Cross-Department,2,2026-Sem2
EV008791,RA25110280000064,RA25110280000065,Project,1,2025-Sem1
EV008792,RA25110280000064,RA25110280000065,Project,2,2026-Sem1
EV008793,RA25110280000064,RA25110280000065,Project,3,2026-Sem1
EV008794,RA25110280000064,RA25110280000066,Event,3,2026-Sem2
EV008795,RA25110280000064,RA25110280000066,Event,1,2025-Sem1
EV008796,RA25110280000064,RA25110290000065,Cross-Department,1,2026-Sem1
EV008797,RA25110280000064,RA25110290000065,Cross-Department,3,2025-Sem1
EV008798,RA25110280000064,RA25110300000060,Cross-Department,2,2025-Sem1
EV008799,RA25110280000064,RA25110300000060,Cross-Department,1,2026-Sem1
EV008800,RA25110280000064,RA25110300000060,Cross-Department,3,2026-Sem2
EV008801,RA25110280000065,RA25110280000066,Event,3,2026-Sem2
EV008802,RA25110280000065,RA25110300000051,Cross-Department,2,2025-Sem1
EV008803,RA25110280000065,RA25110300000051,Cross-Department,2,2026-Sem2
EV008804,RA25110280000065,RA25110300000051,Cross-Department,1,2026-Sem2
EV008805,RA25110280000065,RA26110280000087,Social,4,2026-Sem1
EV008806,RA25110280000065,RA26110300000074,Cross-Department,3,2025-Sem1
EV008807,RA25110280000065,RA26110300000074,Cross-Department,1,2025-Sem1
EV008808,RA25110280000066,RA25110290000049,Cross-Department,1,2026-Sem2
EV008809,RA25110280000066,RA25110290000049,Cross-Department,1,2026-Sem1
EV008810,RA25110280000066,RA25110290000049,Cross-Department,2,2026-Sem2
EV008811,RA25110280000066,RA25110290000049,Cross-Department,1,2026-Sem2
EV008812,RA25110280000066,RA25110290000049,Cross-Department,1,2025-Sem1
EV008813,RA25110280000066,RA25110290000049,Cross-Department,2,2026-Sem2
EV008814,RA25110280000066,RA26110030000071,Cross-Department,1,2025-Sem1
EV008815,RA25110280000066,RA26110030000071,Cross-Department,1,2026-Sem1
EV008816,RA25110280000066,RA26110030000071,Cross-Department,1,2025-Sem1
EV008817,RA25110280000066,RA26110030000071,Cross-Department,1,2026-Sem2
EV008818,RA25110280000066,RA26110030000071,Cross-Department,1,2026-Sem1
EV008819,RA25110280000066,RA26110280000084,Social,1,2026-Sem2
EV008820,RA25110280000066,RA26110300000075,Cross-Department,6,2026-Sem2
EV008821,RA25110280000066,RA26110300000075,Cross-Department,1,2026-Sem1
EV008822,RA25110280000066,RA26110300000088,Cross-Department,4,2026-Sem1
EV008823,RA25110280000066,RA26110300000088,Cross-Department,3,2025-Sem1
EV008824,RA25110280000066,RA26110300000088,Cross-Department,1,2026-Sem2
EV008825,RA25110290000045,RA25110290000046,Project,1,2026-Sem1
EV008826,RA25110290000045,RA25110290000046,Project,2,2026-Sem1
EV008827,RA25110290000045,RA25110290000046,Project,2,2025-Sem1
EV008828,RA25110290000045,RA25110290000046,Project,1,2026-Sem2
EV008829,RA25110290000045,RA25110290000046,Project,3,2025-Sem1
EV008830,RA25110290000045,RA25110290000048,Social,1,2026-Sem2
EV008831,RA25110290000045,RA25110290000048,Social,2,2026-Sem1
EV008832,RA25110290000045,RA25110290000048,Social,1,2026-Sem1
EV008833,RA25110290000045,RA25110290000048,Social,1,2025-Sem1
EV008834,RA25110290000045,RA25110290000049,Project,1,2026-Sem1
EV008835,RA25110290000045,RA25110290000056,Academic,3,2026-Sem1
EV008836,RA25110290000045,RA25110290000056,Academic,2,2026-Sem1
EV008837,RA25110290000045,RA25110290000059,Social,2,2025-Sem1
EV008838,RA25110290000045,RA25110290000059,Social,1,2026-Sem2
EV008839,RA25110290000045,RA25110290000060,Club,2,2026-Sem1
EV008840,RA25110290000045,RA25110290000061,Social,1,2025-Sem1
EV008841,RA25110290000045,RA25110290000065,Project,2,2026-Sem1
EV008842,RA25110290000045,RA25110290000065,Project,1,2026-Sem1
EV008843,RA25110290000045,RA25110290000065,Project,1,2026-Sem1
EV008844,RA25110290000045,RA25110290000065,Project,2,2025-Sem1
EV008845,RA25110290000045,RA25110290000065,Project,1,2026-Sem1
EV008846,RA25110290000045,RA25110290000065,Project,1,2026-Sem1
EV008847,RA25110290000045,RA25110290000065,Project,1,2026-Sem2
EV008848,RA25110290000045,RA25110290000066,Project,1,2026-Sem1
EV008849,RA25110290000045,RA25110290000066,Project,1,2026-Sem1
EV008850,RA25110290000045,RA25110290000066,Project,1,2025-Sem1
EV008851,RA25110290000045,RA25110290000066,Project,2,2026-Sem2
EV008852,RA25110290000045,RA25110290000066,Project,1,2026-Sem2
EV008853,RA25110290000045,RA26110290000085,Club,1,2026-Sem2
EV008854,RA25110290000045,RA26110290000085,Club,2,2026-Sem1
EV008855,RA25110290000045,RA26110290000085,Club,2,2026-Sem2
EV008856,RA25110290000045,RA26110290000085,Club,1,2025-Sem1
EV008857,RA25110290000045,RA26110290000085,Club,2,2026-Sem1
EV008858,RA25110290000045,RA26110290000085,Club,1,2026-Sem2
EV008859,RA25110290000046,RA25110290000047,Social,1,2026-Sem1
EV008860,RA25110290000046,RA25110290000047,Social,3,2026-Sem2
EV008861,RA25110290000046,RA25110290000049,Event,2,2026-Sem1
EV008862,RA25110290000046,RA25110290000051,Academic,1,2026-Sem1
EV008863,RA25110290000046,RA25110290000053,Academic,1,2025-Sem1
EV008864,RA25110290000046,RA25110290000053,Academic,2,2025-Sem1
EV008865,RA25110290000046,RA25110290000054,Project,1,2026-Sem1
EV008866,RA25110290000046,RA25110290000054,Project,1,2026-Sem2
EV008867,RA25110290000046,RA25110290000054,Project,2,2025-Sem1
EV008868,RA25110290000046,RA25110290000054,Project,1,2025-Sem1
EV008869,RA25110290000046,RA25110290000054,Project,3,2025-Sem1
EV008870,RA25110290000046,RA25110290000055,Project,1,2026-Sem1
EV008871,RA25110290000046,RA25110290000057,Project,1,2026-Sem2
EV008872,RA25110290000046,RA25110290000057,Project,1,2025-Sem1
EV008873,RA25110290000046,RA25110290000059,Project,3,2026-Sem1
EV008874,RA25110290000046,RA25110290000059,Project,1,2025-Sem1
EV008875,RA25110290000046,RA26110030000076,Cross-Department,1,2025-Sem1
EV008876,RA25110290000046,RA26110030000076,Cross-Department,2,2025-Sem1
EV008877,RA25110290000046,RA26110280000073,Cross-Department,4,2026-Sem1
EV008878,RA25110290000046,RA26110290000071,Social,3,2025-Sem1
EV008879,RA25110290000046,RA26110290000071,Social,1,2025-Sem1
EV008880,RA25110290000046,RA26110290000073,Project,2,2026-Sem1
EV008881,RA25110290000047,RA25110290000048,Event,1,2025-Sem1
EV008882,RA25110290000047,RA25110290000048,Event,3,2026-Sem2
EV008883,RA25110290000047,RA25110290000048,Event,1,2026-Sem2
EV008884,RA25110290000047,RA25110290000048,Event,1,2025-Sem1
EV008885,RA25110290000047,RA25110290000055,Club,1,2026-Sem2
EV008886,RA25110290000047,RA25110290000055,Club,3,2026-Sem2
EV008887,RA25110290000047,RA25110290000055,Club,1,2026-Sem1
EV008888,RA25110290000047,RA25110290000056,Event,4,2026-Sem2
EV008889,RA25110290000047,RA25110290000056,Event,1,2026-Sem1
EV008890,RA25110290000047,RA25110290000057,Academic,3,2026-Sem1
EV008891,RA25110290000047,RA25110290000057,Academic,1,2026-Sem1
EV008892,RA25110290000047,RA25110290000057,Academic,2,2026-Sem1
EV008893,RA25110290000047,RA25110290000061,Academic,1,2025-Sem1
EV008894,RA25110290000047,RA25110290000061,Academic,1,2026-Sem1
EV008895,RA25110290000047,RA25110290000061,Academic,2,2026-Sem2
EV008896,RA25110290000047,RA25110290000062,Event,3,2026-Sem1
EV008897,RA25110290000047,RA25110290000063,Project,1,2025-Sem1
EV008898,RA25110290000047,RA25110540000062,Cross-Department,1,2026-Sem2
EV008899,RA25110290000047,RA25110540000062,Cross-Department,1,2025-Sem1
EV008900,RA25110290000047,RA25110540000062,Cross-Department,1,2026-Sem1
EV008901,RA25110290000047,RA26110290000071,Project,2,2026-Sem1
EV008902,RA25110290000047,RA26110290000071,Project,2,2025-Sem1
EV008903,RA25110290000047,RA26110290000071,Project,2,2025-Sem1
EV008904,RA25110290000047,RA26110290000082,Social,2,2025-Sem1
EV008905,RA25110290000047,RA26110290000087,Academic,2,2026-Sem1
EV008906,RA25110290000048,RA25110290000049,Project,2,2025-Sem1
EV008907,RA25110290000048,RA25110290000049,Project,1,2025-Sem1
EV008908,RA25110290000048,RA25110290000049,Project,2,2025-Sem1
EV008909,RA25110290000048,RA25110290000049,Project,3,2026-Sem1
EV008910,RA25110290000048,RA25110290000051,Event,2,2026-Sem1
EV008911,RA25110290000048,RA25110290000061,Social,4,2025-Sem1
EV008912,RA25110290000048,RA25110290000061,Social,1,2026-Sem1
EV008913,RA25110290000048,RA25110290000062,Event,4,2025-Sem1
EV008914,RA25110290000048,RA25110290000065,Club,2,2026-Sem2
EV008915,RA25110290000048,RA25110290000065,Club,1,2026-Sem2
EV008916,RA25110290000048,RA25110290000065,Club,1,2025-Sem1
EV008917,RA25110290000049,RA25110290000050,Event,1,2025-Sem1
EV008918,RA25110290000049,RA25110290000050,Event,1,2026-Sem1
EV008919,RA25110290000049,RA25110290000050,Event,1,2025-Sem1
EV008920,RA25110290000049,RA25110290000056,Social,1,2026-Sem1
EV008921,RA25110290000049,RA25110290000058,Academic,1,2026-Sem2
EV008922,RA25110290000049,RA25110290000059,Event,2,2026-Sem2
EV008923,RA25110290000049,RA25110290000062,Academic,2,2026-Sem2
EV008924,RA25110290000049,RA25110290000063,Event,1,2025-Sem1
EV008925,RA25110290000049,RA25110290000066,Event,2,2026-Sem1
EV008926,RA25110290000049,RA26110030000086,Cross-Department,3,2026-Sem1
EV008927,RA25110290000049,RA26110030000086,Cross-Department,2,2026-Sem1
EV008928,RA25110290000049,RA26110030000086,Cross-Department,2,2026-Sem1
EV008929,RA25110290000049,RA26110290000076,Event,1,2026-Sem1
EV008930,RA25110290000050,RA25110290000051,Academic,3,2025-Sem1
EV008931,RA25110290000050,RA25110290000051,Academic,1,2026-Sem1
EV008932,RA25110290000050,RA25110290000051,Academic,1,2025-Sem1
EV008933,RA25110290000050,RA25110290000051,Academic,1,2026-Sem2
EV008934,RA25110290000050,RA25110290000054,Club,1,2025-Sem1
EV008935,RA25110290000050,RA25110290000057,Project,1,2026-Sem2
EV008936,RA25110290000050,RA25110290000057,Project,2,2026-Sem1
EV008937,RA25110290000050,RA25110290000057,Project,1,2026-Sem1
EV008938,RA25110290000050,RA25110290000060,Social,2,2026-Sem1
EV008939,RA25110290000050,RA25110290000061,Academic,2,2026-Sem1
EV008940,RA25110290000050,RA25110290000064,Event,2,2026-Sem1
EV008941,RA25110290000050,RA25110290000064,Event,1,2025-Sem1
EV008942,RA25110290000050,RA25110290000064,Event,1,2026-Sem2
EV008943,RA25110290000050,RA25110290000064,Event,1,2025-Sem1
EV008944,RA25110290000050,RA25110290000065,Event,1,2026-Sem1
EV008945,RA25110290000050,RA25110290000065,Event,1,2025-Sem1
EV008946,RA25110290000050,RA25110290000065,Event,1,2026-Sem1
EV008947,RA25110290000050,RA25110290000065,Event,2,2026-Sem2
EV008948,RA25110290000050,RA25110290000065,Event,3,2026-Sem2
EV008949,RA25110290000050,RA25110290000065,Event,1,2025-Sem1
EV008950,RA25110290000050,RA25110290000065,Event,3,2025-Sem1
EV008951,RA25110290000050,RA26110290000077,Social,1,2026-Sem2
EV008952,RA25110290000050,RA26110290000077,Social,5,2026-Sem2
EV008953,RA25110290000051,RA25110290000052,Club,2,2025-Sem1
EV008954,RA25110290000051,RA25110290000052,Club,2,2026-Sem2
EV008955,RA25110290000051,RA25110290000052,Club,2,2025-Sem1
EV008956,RA25110290000051,RA25110290000054,Club,1,2025-Sem1
EV008957,RA25110290000051,RA25110290000057,Social,1,2026-Sem1
EV008958,RA25110290000051,RA25110290000057,Social,1,2025-Sem1
EV008959,RA25110290000051,RA25110290000060,Club,1,2026-Sem1
EV008960,RA25110290000051,RA25110290000062,Project,2,2025-Sem1
EV008961,RA25110290000051,RA25110290000063,Project,1,2026-Sem2
EV008962,RA25110290000051,RA25110290000063,Project,2,2026-Sem1
EV008963,RA25110290000051,RA25110290000063,Project,2,2026-Sem2
EV008964,RA25110290000051,RA25110290000065,Club,1,2026-Sem1
EV008965,RA25110290000051,RA26110280000072,Cross-Department,1,2026-Sem1
EV008966,RA25110290000051,RA26110280000072,Cross-Department,1,2026-Sem2
EV008967,RA25110290000051,RA26110280000072,Cross-Department,2,2026-Sem1
EV008968,RA25110290000051,RA26110290000077,Project,1,2025-Sem1
EV008969,RA25110290000051,RA26110290000080,Event,6,2026-Sem1
EV008970,RA25110290000051,RA26110290000080,Event,2,2025-Sem1
EV008971,RA25110290000051,RA26110290000080,Event,2,2025-Sem1
EV008972,RA25110290000051,RA26110290000080,Event,1,2026-Sem2
EV008973,RA25110290000051,RA26110290000080,Event,1,2026-Sem1
EV008974,RA25110290000052,RA25110290000053,Club,2,2026-Sem1
EV008975,RA25110290000052,RA25110290000053,Club,1,2026-Sem1
EV008976,RA25110290000052,RA25110290000053,Club,1,2026-Sem2
EV008977,RA25110290000052,RA25110290000063,Event,2,2026-Sem1
EV008978,RA25110290000052,RA25110290000065,Social,3,2026-Sem2
EV008979,RA25110290000052,RA25110290000066,Project,2,2025-Sem1
EV008980,RA25110290000052,RA26110030000070,Cross-Department,3,2025-Sem1
EV008981,RA25110290000052,RA26110030000070,Cross-Department,2,2025-Sem1
EV008982,RA25110290000052,RA26110030000070,Cross-Department,1,2025-Sem1
EV008983,RA25110290000052,RA26110280000071,Cross-Department,2,2026-Sem1
EV008984,RA25110290000052,RA26110280000071,Cross-Department,1,2025-Sem1
EV008985,RA25110290000052,RA26110280000071,Cross-Department,2,2026-Sem2
EV008986,RA25110290000052,RA26110280000071,Cross-Department,2,2026-Sem1
EV008987,RA25110290000052,RA26110280000077,Cross-Department,1,2026-Sem1
EV008988,RA25110290000052,RA26110280000077,Cross-Department,4,2026-Sem1
EV008989,RA25110290000053,RA25110290000054,Event,2,2025-Sem1
EV008990,RA25110290000053,RA25110290000054,Event,2,2026-Sem1
EV008991,RA25110290000053,RA25110290000055,Social,2,2026-Sem1
EV008992,RA25110290000053,RA25110290000057,Event,1,2026-Sem2
EV008993,RA25110290000053,RA25110290000058,Academic,4,2026-Sem2
EV008994,RA25110290000053,RA25110290000059,Event,1,2026-Sem1
EV008995,RA25110290000053,RA25110290000060,Project,5,2026-Sem1
EV008996,RA25110290000053,RA25110290000061,Club,2,2026-Sem2
EV008997,RA25110290000053,RA25110290000061,Club,1,2026-Sem2
EV008998,RA25110290000053,RA25110290000063,Social,2,2026-Sem1
EV008999,RA25110290000053,RA25110290000063,Social,1,2026-Sem1
EV009000,RA25110290000053,RA25110290000063,Social,1,2025-Sem1
EV009001,RA25110290000053,RA25110290000063,Social,2,2025-Sem1
EV009002,RA25110290000053,RA25110290000064,Academic,2,2026-Sem2
EV009003,RA25110290000053,RA25110290000066,Club,2,2025-Sem1
EV009004,RA25110290000053,RA25110290000066,Club,1,2025-Sem1
EV009005,RA25110290000053,RA25110290000066,Club,2,2026-Sem1
EV009006,RA25110290000053,RA26110290000084,Social,1,2026-Sem2
EV009007,RA25110290000053,RA26110290000084,Social,2,2026-Sem1
EV009008,RA25110290000053,RA26110290000084,Social,4,2026-Sem2
EV009009,RA25110290000053,RA26110290000084,Social,1,2026-Sem1
EV009010,RA25110290000053,RA26110290000084,Social,3,2026-Sem2
EV009011,RA25110290000053,RA26110290000084,Social,1,2026-Sem1
EV009012,RA25110290000054,RA25110290000055,Academic,2,2026-Sem1
EV009013,RA25110290000054,RA25110290000056,Social,2,2026-Sem2
EV009014,RA25110290000054,RA25110290000057,Event,1,2026-Sem2
EV009015,RA25110290000054,RA25110290000057,Event,1,2026-Sem2
EV009016,RA25110290000054,RA25110290000059,Project,1,2026-Sem2
EV009017,RA25110290000054,RA25110290000060,Club,2,2026-Sem2
EV009018,RA25110290000054,RA25110290000060,Club,1,2026-Sem1
EV009019,RA25110290000054,RA25110290000061,Event,1,2026-Sem2
EV009020,RA25110290000054,RA25110290000062,Social,1,2026-Sem2
EV009021,RA25110290000054,RA25110290000062,Social,1,2025-Sem1
EV009022,RA25110290000054,RA25110290000062,Social,2,2026-Sem1
EV009023,RA25110290000054,RA25110290000065,Event,5,2026-Sem1
EV009024,RA25110290000054,RA25110290000065,Event,1,2026-Sem2
EV009025,RA25110290000054,RA25110290000066,Club,2,2025-Sem1
EV009026,RA25110290000054,RA25110290000066,Club,1,2026-Sem2
EV009027,RA25110290000054,RA25110290000066,Club,1,2026-Sem1
EV009028,RA25110290000054,RA26110290000068,Project,1,2026-Sem1
EV009029,RA25110290000054,RA26110290000076,Project,2,2026-Sem1
EV009030,RA25110290000054,RA26110290000076,Project,1,2025-Sem1
EV009031,RA25110290000055,RA25110290000056,Project,1,2026-Sem1
EV009032,RA25110290000055,RA25110290000058,Project,1,2025-Sem1
EV009033,RA25110290000055,RA25110290000059,Social,4,2025-Sem1
EV009034,RA25110290000055,RA25110290000059,Social,2,2025-Sem1
EV009035,RA25110290000056,RA25110290000057,Academic,1,2026-Sem2
EV009036,RA25110290000056,RA25110290000057,Academic,2,2026-Sem2
EV009037,RA25110290000056,RA25110290000060,Academic,3,2026-Sem2
EV009038,RA25110290000056,RA25110290000060,Academic,1,2025-Sem1
EV009039,RA25110290000056,RA26110280000073,Cross-Department,2,2025-Sem1
EV009040,RA25110290000056,RA26110280000073,Cross-Department,2,2026-Sem1
EV009041,RA25110290000056,RA26110280000073,Cross-Department,1,2026-Sem1
EV009042,RA25110290000056,RA26110280000073,Cross-Department,1,2026-Sem2
EV009043,RA25110290000056,RA26110280000073,Cross-Department,1,2025-Sem1
EV009044,RA25110290000056,RA26110290000074,Club,2,2026-Sem2
EV009045,RA25110290000056,RA26110290000074,Club,1,2026-Sem2
EV009046,RA25110290000056,RA26110290000074,Club,1,2026-Sem1
EV009047,RA25110290000057,RA25110290000058,Social,1,2026-Sem1
EV009048,RA25110290000057,RA25110290000058,Social,1,2026-Sem2
EV009049,RA25110290000057,RA25110290000058,Social,1,2026-Sem1
EV009050,RA25110290000057,RA25110290000063,Club,2,2025-Sem1
EV009051,RA25110290000057,RA25110290000064,Social,5,2025-Sem1
EV009052,RA25110290000057,RA25110290000064,Social,2,2026-Sem2
EV009053,RA25110290000057,RA25110290000064,Social,1,2026-Sem1
EV009054,RA25110290000057,RA25110290000066,Academic,2,2026-Sem2
EV009055,RA25110290000057,RA25110290000066,Academic,2,2025-Sem1
EV009056,RA25110290000057,RA26110280000081,Cross-Department,2,2026-Sem2
EV009057,RA25110290000057,RA26110280000081,Cross-Department,1,2025-Sem1
EV009058,RA25110290000058,RA25110290000059,Project,2,2025-Sem1
EV009059,RA25110290000058,RA25110290000059,Project,1,2026-Sem2
EV009060,RA25110290000058,RA25110290000060,Social,3,2025-Sem1
EV009061,RA25110290000058,RA25110290000066,Academic,1,2025-Sem1
EV009062,RA25110290000058,RA26110290000086,Event,1,2026-Sem1
EV009063,RA25110290000058,RA26110290000086,Event,1,2025-Sem1
EV009064,RA25110290000058,RA26110290000087,Academic,1,2025-Sem1
EV009065,RA25110290000058,RA26110290000087,Academic,1,2026-Sem1
EV009066,RA25110290000058,RA26110290000087,Academic,1,2025-Sem1
EV009067,RA25110290000059,RA25110290000060,Project,1,2025-Sem1
EV009068,RA25110290000059,RA25110290000060,Project,1,2026-Sem2
EV009069,RA25110290000059,RA25110290000061,Social,1,2026-Sem2
EV009070,RA25110290000059,RA25110290000061,Social,1,2026-Sem1
EV009071,RA25110290000059,RA25110290000061,Social,1,2025-Sem1
EV009072,RA25110290000059,RA25110290000062,Academic,1,2026-Sem2
EV009073,RA25110290000059,RA25110290000062,Academic,1,2025-Sem1
EV009074,RA25110290000059,RA25110290000062,Academic,2,2025-Sem1
EV009075,RA25110290000059,RA26110290000088,Event,1,2026-Sem1
EV009076,RA25110290000059,RA26110290000088,Event,2,2026-Sem2
EV009077,RA25110290000059,RA26110290000088,Event,1,2025-Sem1
EV009078,RA25110290000060,RA25110290000061,Academic,4,2026-Sem1
EV009079,RA25110290000060,RA25110290000061,Academic,1,2025-Sem1
EV009080,RA25110290000060,RA25110290000062,Project,3,2026-Sem1
EV009081,RA25110290000060,RA25110290000066,Academic,1,2026-Sem2
EV009082,RA25110290000061,RA25110290000062,Event,3,2026-Sem1
EV009083,RA25110290000061,RA25110290000062,Event,2,2026-Sem1
EV009084,RA25110290000061,RA25110290000063,Club,1,2025-Sem1
EV009085,RA25110290000061,RA25110290000064,Academic,2,2026-Sem2
EV009086,RA25110290000061,RA25110290000064,Academic,1,2026-Sem2
EV009087,RA25110290000061,RA25110290000065,Event,3,2026-Sem1
EV009088,RA25110290000061,RA25110290000066,Project,2,2026-Sem2
EV009089,RA25110290000061,RA26110280000069,Cross-Department,5,2025-Sem1
EV009090,RA25110290000061,RA26110290000073,Social,2,2025-Sem1
EV009091,RA25110290000061,RA26110290000073,Social,3,2026-Sem1
EV009092,RA25110290000062,RA25110290000063,Project,6,2025-Sem1
EV009093,RA25110290000062,RA25110290000063,Project,1,2025-Sem1
EV009094,RA25110290000062,RA25110290000063,Project,3,2026-Sem1
EV009095,RA25110290000062,RA25110290000063,Project,3,2025-Sem1
EV009096,RA25110290000062,RA25110290000063,Project,1,2026-Sem1
EV009097,RA25110290000062,RA25110290000064,Social,1,2026-Sem2
EV009098,RA25110290000062,RA25110290000066,Club,4,2025-Sem1
EV009099,RA25110290000062,RA25110290000066,Club,2,2025-Sem1
EV009100,RA25110290000062,RA26110030000073,Cross-Department,4,2025-Sem1
EV009101,RA25110290000062,RA26110030000073,Cross-Department,1,2026-Sem1
EV009102,RA25110290000062,RA26110030000086,Cross-Department,2,2026-Sem2
EV009103,RA25110290000062,RA26110030000086,Cross-Department,2,2026-Sem2
EV009104,RA25110290000062,RA26110290000078,Project,1,2026-Sem2
EV009105,RA25110290000062,RA26110290000078,Project,1,2025-Sem1
EV009106,RA25110290000063,RA25110290000064,Academic,1,2025-Sem1
EV009107,RA25110290000063,RA25110290000064,Academic,1,2025-Sem1
EV009108,RA25110290000063,RA25110290000064,Academic,1,2025-Sem1
EV009109,RA25110290000063,RA25110290000065,Academic,3,2026-Sem2
EV009110,RA25110290000063,RA26110030000069,Cross-Department,2,2026-Sem2
EV009111,RA25110290000063,RA26110280000072,Cross-Department,4,2025-Sem1
EV009112,RA25110290000063,RA26110280000072,Cross-Department,1,2026-Sem2
EV009113,RA25110290000063,RA26110280000083,Cross-Department,2,2026-Sem2
EV009114,RA25110290000063,RA26110280000083,Cross-Department,2,2025-Sem1
EV009115,RA25110290000063,RA26110280000083,Cross-Department,1,2025-Sem1
EV009116,RA25110290000063,RA26110280000083,Cross-Department,1,2026-Sem2
EV009117,RA25110290000063,RA26110290000069,Club,2,2025-Sem1
EV009118,RA25110290000064,RA25110290000065,Social,2,2025-Sem1
EV009119,RA25110290000064,RA25110290000065,Social,2,2025-Sem1
EV009120,RA25110290000064,RA25110290000065,Social,1,2026-Sem2
EV009121,RA25110290000064,RA26110030000080,Cross-Department,1,2025-Sem1
EV009122,RA25110290000064,RA26110030000080,Cross-Department,3,2026-Sem1
EV009123,RA25110290000064,RA26110030000084,Cross-Department,2,2026-Sem1
EV009124,RA25110290000064,RA26110030000084,Cross-Department,2,2026-Sem1
EV009125,RA25110290000064,RA26110280000070,Cross-Department,1,2026-Sem1
EV009126,RA25110290000064,RA26110280000070,Cross-Department,1,2025-Sem1
EV009127,RA25110290000064,RA26110280000070,Cross-Department,2,2026-Sem2
EV009128,RA25110290000064,RA26110280000070,Cross-Department,1,2025-Sem1
EV009129,RA25110290000064,RA26110280000079,Cross-Department,3,2025-Sem1
EV009130,RA25110290000064,RA26110290000081,Project,3,2026-Sem2
EV009131,RA25110290000064,RA26110290000081,Project,2,2025-Sem1
EV009132,RA25110290000064,RA26110290000081,Project,1,2026-Sem2
EV009133,RA25110290000065,RA25110290000066,Academic,2,2026-Sem2
EV009134,RA25110290000065,RA26110270000080,Cross-Department,2,2025-Sem1
EV009135,RA25110290000065,RA26110270000080,Cross-Department,2,2026-Sem2
EV009136,RA25110290000065,RA26110270000080,Cross-Department,1,2025-Sem1
EV009137,RA25110290000065,RA26110280000087,Cross-Department,4,2025-Sem1
EV009138,RA25110290000065,RA26110280000087,Cross-Department,3,2026-Sem1
EV009139,RA25110290000066,RA26110290000070,Academic,2,2026-Sem2
EV009140,RA25110300000045,RA25110300000046,Club,2,2026-Sem1
EV009141,RA25110300000045,RA25110300000046,Club,3,2026-Sem2
EV009142,RA25110300000045,RA25110300000047,Project,4,2025-Sem1
EV009143,RA25110300000045,RA25110300000048,Social,2,2026-Sem2
EV009144,RA25110300000045,RA25110300000048,Social,1,2025-Sem1
EV009145,RA25110300000045,RA25110300000048,Social,2,2026-Sem1
EV009146,RA25110300000045,RA25110300000049,Project,1,2026-Sem2
EV009147,RA25110300000045,RA25110300000050,Event,2,2026-Sem1
EV009148,RA25110300000045,RA25110300000050,Event,2,2026-Sem2
EV009149,RA25110300000045,RA25110300000050,Event,1,2026-Sem1
EV009150,RA25110300000045,RA25110300000053,Academic,2,2026-Sem1
EV009151,RA25110300000045,RA25110300000055,Social,1,2026-Sem2
EV009152,RA25110300000045,RA25110300000055,Social,3,2026-Sem1
EV009153,RA25110300000045,RA25110300000055,Social,1,2026-Sem2
EV009154,RA25110300000045,RA25110300000055,Social,1,2026-Sem2
EV009155,RA25110300000045,RA25110300000056,Event,2,2026-Sem2
EV009156,RA25110300000045,RA25110300000064,Event,3,2026-Sem2
EV009157,RA25110300000045,RA25110300000065,Club,1,2026-Sem1
EV009158,RA25110300000045,RA25110300000065,Club,1,2025-Sem1
EV009159,RA25110300000045,RA25110300000065,Club,3,2026-Sem1
EV009160,RA25110300000045,RA25110300000065,Club,2,2026-Sem1
EV009161,RA25110300000045,RA25110300000066,Project,1,2026-Sem2
EV009162,RA25110300000045,RA25110300000066,Project,4,2025-Sem1
EV009163,RA25110300000045,RA25110300000066,Project,1,2026-Sem1
EV009164,RA25110300000045,RA25110300000066,Project,1,2025-Sem1
EV009165,RA25110300000045,RA25110300000066,Project,2,2026-Sem2
EV009166,RA25110300000045,RA25110540000066,Cross-Department,1,2025-Sem1
EV009167,RA25110300000045,RA25110540000066,Cross-Department,2,2025-Sem1
EV009168,RA25110300000045,RA26110270000086,Cross-Department,1,2026-Sem1
EV009169,RA25110300000045,RA26110270000086,Cross-Department,4,2025-Sem1
EV009170,RA25110300000045,RA26110300000073,Social,2,2025-Sem1
EV009171,RA25110300000045,RA26110300000073,Social,3,2026-Sem2
EV009172,RA25110300000045,RA26110300000073,Social,1,2025-Sem1
EV009173,RA25110300000046,RA25110300000047,Academic,1,2025-Sem1
EV009174,RA25110300000046,RA25110300000049,Club,2,2025-Sem1
EV009175,RA25110300000046,RA25110300000052,Academic,1,2025-Sem1
EV009176,RA25110300000046,RA25110300000052,Academic,1,2026-Sem1
EV009177,RA25110300000046,RA25110300000052,Academic,2,2026-Sem2
EV009178,RA25110300000046,RA25110300000053,Event,3,2025-Sem1
EV009179,RA25110300000046,RA25110300000055,Event,1,2025-Sem1
EV009180,RA25110300000046,RA25110300000056,Event,1,2026-Sem2
EV009181,RA25110300000046,RA25110300000056,Event,1,2025-Sem1
EV009182,RA25110300000046,RA25110300000058,Social,1,2026-Sem1
EV009183,RA25110300000046,RA25110300000058,Social,2,2026-Sem2
EV009184,RA25110300000046,RA25110300000063,Club,4,2025-Sem1
EV009185,RA25110300000046,RA25110300000064,Project,2,2026-Sem2
EV009186,RA25110300000046,RA25110300000065,Academic,1,2026-Sem2
EV009187,RA25110300000046,RA25110300000065,Academic,5,2025-Sem1
EV009188,RA25110300000046,RA25110300000066,Project,1,2026-Sem1
EV009189,RA25110300000046,RA25110300000066,Project,3,2026-Sem1
EV009190,RA25110300000046,RA25110300000066,Project,1,2026-Sem2
EV009191,RA25110300000046,RA26110270000088,Cross-Department,2,2026-Sem1
EV009192,RA25110300000046,RA26110270000088,Cross-Department,1,2025-Sem1
EV009193,RA25110300000047,RA25110300000048,Club,2,2026-Sem2
EV009194,RA25110300000047,RA25110300000048,Club,1,2026-Sem2
EV009195,RA25110300000047,RA25110300000048,Club,1,2026-Sem1
EV009196,RA25110300000047,RA25110300000053,Academic,3,2026-Sem2
EV009197,RA25110300000047,RA25110300000055,Social,2,2026-Sem1
EV009198,RA25110300000047,RA25110300000062,Club,1,2026-Sem1
EV009199,RA25110300000047,RA25110300000066,Project,1,2026-Sem2
EV009200,RA25110300000047,RA26110300000079,Project,1,2026-Sem2
EV009201,RA25110300000048,RA25110300000049,Social,2,2025-Sem1
EV009202,RA25110300000048,RA25110300000049,Social,4,2026-Sem2
EV009203,RA25110300000048,RA25110300000050,Social,1,2025-Sem1
EV009204,RA25110300000048,RA25110300000050,Social,1,2025-Sem1
EV009205,RA25110300000048,RA25110300000054,Event,4,2026-Sem2
EV009206,RA25110300000048,RA25110300000056,Club,2,2026-Sem2
EV009207,RA25110300000048,RA25110300000056,Club,1,2026-Sem1
EV009208,RA25110300000048,RA25110300000056,Club,3,2026-Sem1
EV009209,RA25110300000048,RA25110300000056,Club,1,2025-Sem1
EV009210,RA25110300000048,RA25110300000064,Club,1,2026-Sem2
EV009211,RA25110300000048,RA25110300000066,Project,2,2026-Sem2
EV009212,RA25110300000048,RA25110300000066,Project,5,2025-Sem1
EV009213,RA25110300000048,RA25110300000066,Project,3,2026-Sem2
EV009214,RA25110300000048,RA26110290000082,Cross-Department,2,2025-Sem1
EV009215,RA25110300000048,RA26110290000082,Cross-Department,2,2025-Sem1
EV009216,RA25110300000048,RA26110290000082,Cross-Department,2,2026-Sem1
EV009217,RA25110300000048,RA26110300000083,Event,1,2026-Sem2
EV009218,RA25110300000049,RA25110300000050,Project,1,2025-Sem1
EV009219,RA25110300000049,RA25110300000052,Academic,1,2025-Sem1
EV009220,RA25110300000049,RA25110300000052,Academic,1,2026-Sem2
EV009221,RA25110300000049,RA25110300000052,Academic,1,2025-Sem1
EV009222,RA25110300000049,RA25110300000052,Academic,2,2026-Sem2
EV009223,RA25110300000049,RA25110300000052,Academic,2,2026-Sem1
EV009224,RA25110300000049,RA25110300000055,Project,2,2025-Sem1
EV009225,RA25110300000049,RA25110300000057,Academic,1,2025-Sem1
EV009226,RA25110300000049,RA25110300000057,Academic,4,2025-Sem1
EV009227,RA25110300000049,RA25110300000057,Academic,1,2025-Sem1
EV009228,RA25110300000049,RA25110300000059,Academic,2,2026-Sem1
EV009229,RA25110300000049,RA25110300000064,Social,4,2026-Sem2
EV009230,RA25110300000049,RA25110300000064,Social,2,2025-Sem1
EV009231,RA25110300000049,RA25110300000064,Social,3,2026-Sem1
EV009232,RA25110300000049,RA25110300000064,Social,1,2026-Sem1
EV009233,RA25110300000049,RA25110300000064,Social,2,2026-Sem1
EV009234,RA25110300000049,RA25110300000064,Social,1,2026-Sem2
EV009235,RA25110300000049,RA25110300000064,Social,1,2025-Sem1
EV009236,RA25110300000049,RA25110300000065,Project,1,2026-Sem2
EV009237,RA25110300000049,RA25110300000065,Project,2,2026-Sem1
EV009238,RA25110300000049,RA25110300000065,Project,1,2026-Sem1
EV009239,RA25110300000049,RA25110540000064,Cross-Department,1,2026-Sem2
EV009240,RA25110300000049,RA25110540000064,Cross-Department,1,2026-Sem2
EV009241,RA25110300000049,RA25110540000064,Cross-Department,2,2026-Sem1
EV009242,RA25110300000049,RA25110540000064,Cross-Department,1,2025-Sem1
EV009243,RA25110300000049,RA26110280000081,Cross-Department,2,2026-Sem1
EV009244,RA25110300000049,RA26110300000072,Project,3,2025-Sem1
EV009245,RA25110300000049,RA26110300000083,Club,2,2026-Sem2
EV009246,RA25110300000049,RA26110300000083,Club,1,2026-Sem2
EV009247,RA25110300000049,RA26110300000083,Club,1,2026-Sem2
EV009248,RA25110300000049,RA26110300000083,Club,2,2025-Sem1
EV009249,RA25110300000049,RA26110300000083,Club,1,2026-Sem1
EV009250,RA25110300000050,RA25110300000051,Academic,1,2025-Sem1
EV009251,RA25110300000050,RA25110300000055,Club,1,2026-Sem1
EV009252,RA25110300000050,RA25110300000055,Club,3,2025-Sem1
EV009253,RA25110300000050,RA25110300000057,Social,3,2026-Sem1
EV009254,RA25110300000050,RA25110300000057,Social,2,2025-Sem1
EV009255,RA25110300000050,RA25110300000057,Social,2,2026-Sem1
EV009256,RA25110300000050,RA25110300000057,Social,1,2026-Sem2
EV009257,RA25110300000050,RA25110300000061,Event,1,2026-Sem1
EV009258,RA25110300000050,RA25110300000061,Event,1,2026-Sem2
EV009259,RA25110300000050,RA25110300000065,Club,1,2025-Sem1
EV009260,RA25110300000050,RA25110300000065,Club,1,2025-Sem1
EV009261,RA25110300000050,RA25110300000065,Club,2,2025-Sem1
EV009262,RA25110300000050,RA25110300000065,Club,2,2025-Sem1
EV009263,RA25110300000050,RA26110030000084,Cross-Department,1,2025-Sem1
EV009264,RA25110300000050,RA26110030000084,Cross-Department,1,2025-Sem1
EV009265,RA25110300000050,RA26110030000084,Cross-Department,1,2026-Sem1
EV009266,RA25110300000050,RA26110290000068,Cross-Department,1,2026-Sem1
EV009267,RA25110300000050,RA26110290000068,Cross-Department,1,2025-Sem1
EV009268,RA25110300000050,RA26110290000068,Cross-Department,1,2025-Sem1
EV009269,RA25110300000050,RA26110290000068,Cross-Department,1,2026-Sem1
EV009270,RA25110300000050,RA26110290000068,Cross-Department,2,2025-Sem1
EV009271,RA25110300000050,RA26110300000073,Academic,1,2026-Sem1
EV009272,RA25110300000050,RA26110300000079,Club,1,2026-Sem1
EV009273,RA25110300000050,RA26110300000079,Club,1,2026-Sem2
EV009274,RA25110300000050,RA26110300000079,Club,2,2026-Sem2
EV009275,RA25110300000050,RA26110300000079,Club,1,2026-Sem1
EV009276,RA25110300000050,RA26110300000079,Club,2,2026-Sem1
EV009277,RA25110300000050,RA26110300000079,Club,2,2025-Sem1
EV009278,RA25110300000050,RA26110300000079,Club,3,2025-Sem1
EV009279,RA25110300000050,RA26110300000084,Event,1,2025-Sem1
EV009280,RA25110300000050,RA26110300000084,Event,1,2025-Sem1
EV009281,RA25110300000050,RA26110300000084,Event,3,2025-Sem1
EV009282,RA25110300000050,RA26110300000084,Event,1,2026-Sem2
EV009283,RA25110300000051,RA25110300000052,Event,2,2026-Sem1
EV009284,RA25110300000051,RA25110300000054,Club,4,2026-Sem1
EV009285,RA25110300000051,RA25110300000054,Club,5,2025-Sem1
EV009286,RA25110300000051,RA25110300000060,Social,2,2026-Sem1
EV009287,RA25110300000051,RA25110300000062,Club,2,2026-Sem1
EV009288,RA25110300000051,RA25110300000062,Club,2,2025-Sem1
EV009289,RA25110300000051,RA25110300000064,Event,1,2026-Sem1
EV009290,RA25110300000051,RA25110300000064,Event,2,2026-Sem2
EV009291,RA25110300000051,RA25110300000066,Academic,2,2026-Sem1
EV009292,RA25110300000051,RA26110540000084,Cross-Department,2,2026-Sem1
EV009293,RA25110300000051,RA26110540000084,Cross-Department,1,2025-Sem1
EV009294,RA25110300000052,RA25110300000053,Project,3,2025-Sem1
EV009295,RA25110300000052,RA25110300000054,Social,2,2026-Sem2
EV009296,RA25110300000052,RA25110300000056,Club,1,2026-Sem1
EV009297,RA25110300000052,RA25110300000059,Club,1,2026-Sem2
EV009298,RA25110300000052,RA25110300000061,Club,2,2025-Sem1
EV009299,RA25110300000052,RA25110300000061,Club,2,2026-Sem1
EV009300,RA25110300000052,RA26110300000088,Club,1,2026-Sem1
EV009301,RA25110300000053,RA25110300000054,Academic,1,2025-Sem1
EV009302,RA25110300000053,RA25110300000058,Project,1,2025-Sem1
EV009303,RA25110300000053,RA25110300000058,Project,4,2026-Sem1
EV009304,RA25110300000053,RA25110300000058,Project,1,2025-Sem1
EV009305,RA25110300000053,RA25110300000058,Project,1,2026-Sem2
EV009306,RA25110300000053,RA25110300000058,Project,2,2026-Sem1
EV009307,RA25110300000053,RA25110300000058,Project,1,2026-Sem2
EV009308,RA25110300000053,RA25110300000060,Project,2,2026-Sem2
EV009309,RA25110300000053,RA25110300000060,Project,3,2026-Sem1
EV009310,RA25110300000053,RA25110300000060,Project,1,2026-Sem2
EV009311,RA25110300000053,RA25110300000064,Social,3,2025-Sem1
EV009312,RA25110300000053,RA25110300000064,Social,1,2026-Sem2
EV009313,RA25110300000053,RA26110280000087,Cross-Department,2,2026-Sem1
EV009314,RA25110300000053,RA26110280000087,Cross-Department,2,2026-Sem2
EV009315,RA25110300000053,RA26110300000068,Academic,5,2026-Sem1
EV009316,RA25110300000053,RA26110300000068,Academic,1,2026-Sem1
EV009317,RA25110300000054,RA25110300000055,Project,2,2025-Sem1
EV009318,RA25110300000054,RA25110300000057,Event,2,2026-Sem1
EV009319,RA25110300000054,RA25110300000057,Event,2,2025-Sem1
EV009320,RA25110300000054,RA25110300000057,Event,1,2026-Sem2
EV009321,RA25110300000054,RA26110030000080,Cross-Department,1,2025-Sem1
EV009322,RA25110300000054,RA26110030000080,Cross-Department,2,2026-Sem2
EV009323,RA25110300000054,RA26110030000080,Cross-Department,1,2026-Sem2
EV009324,RA25110300000054,RA26110030000087,Cross-Department,2,2026-Sem2
EV009325,RA25110300000055,RA25110300000056,Social,1,2025-Sem1
EV009326,RA25110300000055,RA25110300000057,Academic,3,2026-Sem2
EV009327,RA25110300000055,RA25110300000057,Academic,3,2025-Sem1
EV009328,RA25110300000055,RA25110300000059,Event,4,2026-Sem1
EV009329,RA25110300000055,RA25110300000061,Social,2,2026-Sem1
EV009330,RA25110300000055,RA25110300000061,Social,1,2026-Sem1
EV009331,RA25110300000055,RA25110300000061,Social,1,2026-Sem2
EV009332,RA25110300000055,RA25110300000063,Event,2,2026-Sem2
EV009333,RA25110300000055,RA25110300000063,Event,2,2025-Sem1
EV009334,RA25110300000055,RA25110300000065,Event,2,2026-Sem1
EV009335,RA25110300000055,RA25110300000065,Event,3,2026-Sem1
EV009336,RA25110300000055,RA25110300000066,Academic,1,2025-Sem1
EV009337,RA25110300000055,RA26110030000076,Cross-Department,1,2026-Sem2
EV009338,RA25110300000055,RA26110030000076,Cross-Department,1,2025-Sem1
EV009339,RA25110300000055,RA26110030000076,Cross-Department,2,2026-Sem1
EV009340,RA25110300000055,RA26110030000076,Cross-Department,1,2026-Sem1
EV009341,RA25110300000055,RA26110300000081,Event,1,2026-Sem1
EV009342,RA25110300000055,RA26110300000081,Event,3,2025-Sem1
EV009343,RA25110300000055,RA26110300000081,Event,1,2026-Sem1
EV009344,RA25110300000055,RA26110300000081,Event,1,2025-Sem1
EV009345,RA25110300000056,RA25110300000057,Club,1,2026-Sem2
EV009346,RA25110300000056,RA25110300000057,Club,2,2026-Sem2
EV009347,RA25110300000056,RA25110300000057,Club,2,2026-Sem2
EV009348,RA25110300000056,RA25110300000058,Project,1,2026-Sem2
EV009349,RA25110300000056,RA25110300000058,Project,2,2025-Sem1
EV009350,RA25110300000056,RA25110300000060,Social,1,2026-Sem1
EV009351,RA25110300000056,RA25110300000064,Academic,4,2025-Sem1
EV009352,RA25110300000056,RA25110300000065,Event,3,2025-Sem1
EV009353,RA25110300000056,RA25110300000065,Event,2,2026-Sem2
EV009354,RA25110300000056,RA26110030000068,Cross-Department,2,2026-Sem1
EV009355,RA25110300000056,RA26110030000068,Cross-Department,1,2026-Sem2
EV009356,RA25110300000056,RA26110030000068,Cross-Department,2,2025-Sem1
EV009357,RA25110300000056,RA26110030000068,Cross-Department,1,2026-Sem2
EV009358,RA25110300000056,RA26110030000086,Cross-Department,3,2025-Sem1
EV009359,RA25110300000056,RA26110030000086,Cross-Department,3,2025-Sem1
EV009360,RA25110300000057,RA25110300000058,Event,1,2026-Sem2
EV009361,RA25110300000057,RA25110300000062,Event,1,2025-Sem1
EV009362,RA25110300000057,RA25110300000062,Event,2,2026-Sem1
EV009363,RA25110300000057,RA25110300000063,Academic,4,2026-Sem2
EV009364,RA25110300000057,RA25110300000063,Academic,2,2026-Sem2
EV009365,RA25110300000057,RA25110300000064,Project,5,2025-Sem1
EV009366,RA25110300000057,RA25110300000064,Project,1,2025-Sem1
EV009367,RA25110300000057,RA25110300000065,Social,2,2026-Sem2
EV009368,RA25110300000057,RA25110300000065,Social,1,2025-Sem1
EV009369,RA25110300000057,RA25110300000065,Social,1,2025-Sem1
EV009370,RA25110300000057,RA25110300000066,Academic,1,2026-Sem1
EV009371,RA25110300000057,RA25110300000066,Academic,2,2026-Sem2
EV009372,RA25110300000058,RA25110300000059,Club,1,2025-Sem1
EV009373,RA25110300000058,RA25110300000061,Academic,2,2026-Sem2
EV009374,RA25110300000058,RA25110300000063,Club,1,2026-Sem1
EV009375,RA25110300000058,RA25110300000063,Club,1,2025-Sem1
EV009376,RA25110300000058,RA25110300000063,Club,1,2026-Sem2
EV009377,RA25110300000058,RA25110300000066,Social,1,2026-Sem2
EV009378,RA25110300000058,RA25110300000066,Social,1,2026-Sem2
EV009379,RA25110300000058,RA25110300000066,Social,2,2025-Sem1
EV009380,RA25110300000058,RA26110030000068,Cross-Department,2,2026-Sem1
EV009381,RA25110300000058,RA26110030000068,Cross-Department,2,2026-Sem2
EV009382,RA25110300000058,RA26110030000068,Cross-Department,2,2026-Sem1
EV009383,RA25110300000058,RA26110030000068,Cross-Department,2,2026-Sem1
EV009384,RA25110300000058,RA26110030000068,Cross-Department,1,2026-Sem1
EV009385,RA25110300000058,RA26110030000070,Cross-Department,1,2026-Sem1
EV009386,RA25110300000058,RA26110030000070,Cross-Department,1,2026-Sem1
EV009387,RA25110300000058,RA26110030000070,Cross-Department,2,2026-Sem2
EV009388,RA25110300000059,RA25110300000060,Social,1,2025-Sem1
EV009389,RA25110300000059,RA25110300000064,Club,3,2026-Sem1
EV009390,RA25110300000059,RA25110300000064,Club,1,2026-Sem2
EV009391,RA25110300000059,RA25110300000064,Club,1,2025-Sem1
EV009392,RA25110300000059,RA25110300000064,Club,1,2026-Sem2
EV009393,RA25110300000059,RA25110300000066,Event,2,2026-Sem2
EV009394,RA25110300000059,RA25110300000066,Event,2,2025-Sem1
EV009395,RA25110300000059,RA26110280000072,Cross-Department,2,2026-Sem1
EV009396,RA25110300000059,RA26110280000072,Cross-Department,1,2026-Sem1
EV009397,RA25110300000059,RA26110300000082,Social,2,2026-Sem1
EV009398,RA25110300000059,RA26110300000082,Social,1,2025-Sem1
EV009399,RA25110300000060,RA25110300000061,Social,2,2026-Sem2
EV009400,RA25110300000060,RA25110300000061,Social,3,2026-Sem2
EV009401,RA25110300000060,RA25110300000061,Social,1,2026-Sem2
EV009402,RA25110300000060,RA25110300000061,Social,2,2026-Sem1
EV009403,RA25110300000060,RA25110300000062,Social,1,2026-Sem1
EV009404,RA25110300000060,RA25110300000063,Club,2,2025-Sem1
EV009405,RA25110300000060,RA25110300000063,Club,3,2025-Sem1
EV009406,RA25110300000060,RA25110300000063,Club,1,2026-Sem2
EV009407,RA25110300000060,RA25110300000065,Social,1,2025-Sem1
EV009408,RA25110300000060,RA25110300000065,Social,2,2025-Sem1
EV009409,RA25110300000060,RA25110300000066,Social,3,2025-Sem1
EV009410,RA25110300000060,RA25110300000066,Social,3,2026-Sem2
EV009411,RA25110300000061,RA25110300000062,Club,1,2026-Sem1
EV009412,RA25110300000061,RA25110300000062,Club,4,2025-Sem1
EV009413,RA25110300000061,RA25110300000062,Club,2,2026-Sem2
EV009414,RA25110300000061,RA25110300000062,Club,1,2026-Sem2
EV009415,RA25110300000061,RA25110300000064,Project,1,2026-Sem2
EV009416,RA25110300000061,RA25110300000065,Project,3,2025-Sem1
EV009417,RA25110300000061,RA25110300000065,Project,3,2025-Sem1
EV009418,RA25110300000061,RA26110300000086,Event,1,2025-Sem1
EV009419,RA25110300000061,RA26110300000086,Event,3,2025-Sem1
EV009420,RA25110300000062,RA25110300000063,Event,1,2025-Sem1
EV009421,RA25110300000062,RA25110300000063,Event,1,2026-Sem2
EV009422,RA25110300000062,RA25110300000063,Event,1,2026-Sem2
EV009423,RA25110300000062,RA25110300000063,Event,1,2026-Sem1
EV009424,RA25110300000062,RA26110030000077,Cross-Department,3,2026-Sem1
EV009425,RA25110300000062,RA26110030000077,Cross-Department,2,2026-Sem2
EV009426,RA25110300000062,RA26110030000077,Cross-Department,2,2026-Sem1
EV009427,RA25110300000062,RA26110030000077,Cross-Department,1,2025-Sem1
EV009428,RA25110300000062,RA26110280000076,Cross-Department,4,2026-Sem2
EV009429,RA25110300000062,RA26110280000076,Cross-Department,1,2026-Sem2
EV009430,RA25110300000062,RA26110280000076,Cross-Department,1,2026-Sem2
EV009431,RA25110300000063,RA25110300000064,Event,1,2026-Sem2
EV009432,RA25110300000063,RA25110300000065,Club,3,2026-Sem1
EV009433,RA25110300000063,RA25110300000065,Club,1,2026-Sem1
EV009434,RA25110300000063,RA25110300000065,Club,3,2025-Sem1
EV009435,RA25110300000063,RA26110030000069,Cross-Department,2,2026-Sem2
EV009436,RA25110300000063,RA26110030000069,Cross-Department,2,2026-Sem2
EV009437,RA25110300000063,RA26110030000085,Cross-Department,1,2025-Sem1
EV009438,RA25110300000063,RA26110030000085,Cross-Department,1,2026-Sem1
EV009439,RA25110300000063,RA26110030000085,Cross-Department,3,2026-Sem1
EV009440,RA25110300000063,RA26110030000085,Cross-Department,1,2026-Sem2
EV009441,RA25110300000063,RA26110030000085,Cross-Department,3,2026-Sem2
EV009442,RA25110300000063,RA26110280000078,Cross-Department,1,2025-Sem1
EV009443,RA25110300000063,RA26110280000078,Cross-Department,1,2026-Sem2
EV009444,RA25110300000063,RA26110280000078,Cross-Department,3,2026-Sem2
EV009445,RA25110300000063,RA26110300000085,Club,2,2025-Sem1
EV009446,RA25110300000063,RA26110300000085,Club,1,2025-Sem1
EV009447,RA25110300000063,RA26110300000086,Club,2,2026-Sem1
EV009448,RA25110300000063,RA26110300000086,Club,1,2026-Sem2
EV009449,RA25110300000063,RA26110300000086,Club,1,2025-Sem1
EV009450,RA25110300000064,RA25110300000065,Event,1,2026-Sem1
EV009451,RA25110300000064,RA25110300000066,Academic,1,2026-Sem2
EV009452,RA25110300000064,RA26110280000076,Cross-Department,1,2026-Sem2
EV009453,RA25110300000064,RA26110280000076,Cross-Department,2,2026-Sem1
EV009454,RA25110300000065,RA25110300000066,Social,1,2025-Sem1
EV009455,RA25110300000065,RA25110300000066,Social,2,2026-Sem2
EV009456,RA25110300000065,RA26110300000082,Project,4,2025-Sem1
EV009457,RA25110300000065,RA26110300000082,Project,1,2025-Sem1
EV009458,RA25110300000065,RA26110300000082,Project,1,2026-Sem1
EV009459,RA25110300000066,RA26110030000067,Cross-Department,2,2026-Sem2
EV009460,RA25110540000045,RA25110540000046,Event,2,2026-Sem2
EV009461,RA25110540000045,RA25110540000046,Event,1,2026-Sem2
EV009462,RA25110540000045,RA25110540000048,Event,1,2026-Sem2
EV009463,RA25110540000045,RA25110540000048,Event,4,2026-Sem2
EV009464,RA25110540000045,RA25110540000051,Event,2,2025-Sem1
EV009465,RA25110540000045,RA25110540000052,Project,2,2025-Sem1
EV009466,RA25110540000045,RA25110540000052,Project,1,2026-Sem2
EV009467,RA25110540000045,RA25110540000053,Project,1,2025-Sem1
EV009468,RA25110540000045,RA25110540000053,Project,2,2026-Sem1
EV009469,RA25110540000045,RA25110540000053,Project,2,2025-Sem1
EV009470,RA25110540000045,RA25110540000053,Project,2,2026-Sem1
EV009471,RA25110540000045,RA25110540000053,Project,1,2025-Sem1
EV009472,RA25110540000045,RA25110540000054,Club,1,2025-Sem1
EV009473,RA25110540000045,RA25110540000054,Club,2,2026-Sem2
EV009474,RA25110540000045,RA25110540000054,Club,1,2026-Sem2
EV009475,RA25110540000045,RA25110540000054,Club,1,2025-Sem1
EV009476,RA25110540000045,RA25110540000056,Academic,2,2025-Sem1
EV009477,RA25110540000045,RA25110540000056,Academic,1,2025-Sem1
EV009478,RA25110540000045,RA25110540000056,Academic,1,2026-Sem2
EV009479,RA25110540000045,RA25110540000056,Academic,2,2026-Sem1
EV009480,RA25110540000045,RA25110540000066,Project,2,2025-Sem1
EV009481,RA25110540000045,RA25110560000045,Cross-Department,3,2026-Sem2
EV009482,RA25110540000045,RA25110560000045,Cross-Department,2,2026-Sem1
EV009483,RA25110540000045,RA25110560000057,Cross-Department,1,2026-Sem1
EV009484,RA25110540000045,RA25110560000057,Cross-Department,3,2026-Sem1
EV009485,RA25110540000045,RA25110560000057,Cross-Department,1,2026-Sem2
EV009486,RA25110540000045,RA25110560000057,Cross-Department,1,2026-Sem1
EV009487,RA25110540000045,RA26110300000086,Cross-Department,1,2025-Sem1
EV009488,RA25110540000045,RA26110300000086,Cross-Department,2,2026-Sem1
EV009489,RA25110540000045,RA26110300000086,Cross-Department,3,2026-Sem2
EV009490,RA25110540000045,RA26110300000086,Cross-Department,2,2025-Sem1
EV009491,RA25110540000046,RA25110540000047,Project,1,2026-Sem2
EV009492,RA25110540000046,RA25110540000048,Event,3,2026-Sem1
EV009493,RA25110540000046,RA25110540000050,Social,3,2025-Sem1
EV009494,RA25110540000046,RA25110540000051,Academic,1,2025-Sem1
EV009495,RA25110540000046,RA25110540000052,Academic,2,2026-Sem2
EV009496,RA25110540000046,RA25110540000057,Project,1,2026-Sem2
EV009497,RA25110540000046,RA25110540000057,Project,1,2026-Sem2
EV009498,RA25110540000046,RA25110540000060,Project,2,2025-Sem1
EV009499,RA25110540000046,RA25110540000060,Project,1,2026-Sem1
EV009500,RA25110540000046,RA25110540000061,Project,2,2025-Sem1
EV009501,RA25110540000046,RA25110540000064,Academic,2,2026-Sem1
EV009502,RA25110540000046,RA25110540000064,Academic,1,2025-Sem1
EV009503,RA25110540000046,RA25110540000064,Academic,2,2026-Sem1
EV009504,RA25110540000046,RA25110540000065,Project,3,2026-Sem1
EV009505,RA25110540000046,RA25110540000065,Project,1,2025-Sem1
EV009506,RA25110540000046,RA25110540000066,Academic,2,2026-Sem2
EV009507,RA25110540000046,RA25110540000066,Academic,3,2025-Sem1
EV009508,RA25110540000046,RA25110540000066,Academic,1,2026-Sem2
EV009509,RA25110540000046,RA26110270000069,Cross-Department,1,2025-Sem1
EV009510,RA25110540000046,RA26110270000069,Cross-Department,2,2026-Sem2
EV009511,RA25110540000046,RA26110270000069,Cross-Department,2,2025-Sem1
EV009512,RA25110540000046,RA26110270000069,Cross-Department,3,2025-Sem1
EV009513,RA25110540000047,RA25110540000048,Social,1,2025-Sem1
EV009514,RA25110540000047,RA25110540000048,Social,1,2026-Sem1
EV009515,RA25110540000047,RA25110540000048,Social,3,2025-Sem1
EV009516,RA25110540000047,RA25110540000050,Social,1,2025-Sem1
EV009517,RA25110540000047,RA25110540000052,Club,1,2026-Sem2
EV009518,RA25110540000047,RA25110540000053,Event,2,2026-Sem1
EV009519,RA25110540000047,RA25110540000053,Event,1,2026-Sem1
EV009520,RA25110540000047,RA25110540000055,Club,3,2026-Sem1
EV009521,RA25110540000047,RA25110540000055,Club,2,2026-Sem1
EV009522,RA25110540000047,RA25110540000059,Social,1,2026-Sem2
EV009523,RA25110540000047,RA25110540000059,Social,1,2025-Sem1
EV009524,RA25110540000047,RA25110540000059,Social,2,2026-Sem1
EV009525,RA25110540000047,RA25110540000059,Social,1,2025-Sem1
EV009526,RA25110540000047,RA25110540000062,Club,3,2026-Sem1
EV009527,RA25110540000047,RA25110540000063,Project,2,2026-Sem1
EV009528,RA25110540000047,RA25110540000063,Project,3,2025-Sem1
EV009529,RA25110540000047,RA25110540000063,Project,1,2026-Sem2
EV009530,RA25110540000047,RA25110560000057,Cross-Department,1,2026-Sem2
EV009531,RA25110540000047,RA25110560000057,Cross-Department,3,2026-Sem2
EV009532,RA25110540000047,RA25110560000057,Cross-Department,2,2025-Sem1
EV009533,RA25110540000047,RA25110560000060,Cross-Department,3,2026-Sem2
EV009534,RA25110540000047,RA25110560000060,Cross-Department,1,2025-Sem1
EV009535,RA25110540000047,RA26110030000088,Cross-Department,1,2026-Sem1
EV009536,RA25110540000047,RA26110030000088,Cross-Department,1,2025-Sem1
EV009537,RA25110540000047,RA26110540000087,Project,1,2026-Sem2
EV009538,RA25110540000047,RA26110540000087,Project,1,2026-Sem1
EV009539,RA25110540000047,RA26110540000087,Project,1,2026-Sem2
EV009540,RA25110540000047,RA26110560000079,Cross-Department,2,2026-Sem1
EV009541,RA25110540000048,RA25110540000049,Event,2,2026-Sem2
EV009542,RA25110540000048,RA25110540000049,Event,1,2026-Sem2
EV009543,RA25110540000048,RA25110540000049,Event,1,2026-Sem1
EV009544,RA25110540000048,RA25110540000051,Project,1,2026-Sem1
EV009545,RA25110540000048,RA25110540000053,Academic,2,2026-Sem2
EV009546,RA25110540000048,RA25110540000056,Social,2,2026-Sem1
EV009547,RA25110540000048,RA25110540000056,Social,1,2026-Sem2
EV009548,RA25110540000048,RA25110540000057,Club,1,2026-Sem1
EV009549,RA25110540000048,RA25110540000059,Academic,1,2025-Sem1
EV009550,RA25110540000048,RA25110540000061,Project,1,2026-Sem1
EV009551,RA25110540000048,RA25110540000061,Project,1,2026-Sem2
EV009552,RA25110540000048,RA25110540000065,Academic,2,2026-Sem1
EV009553,RA25110540000048,RA25110540000065,Academic,3,2025-Sem1
EV009554,RA25110540000048,RA25110540000065,Academic,1,2026-Sem1
EV009555,RA25110540000048,RA26110540000067,Event,1,2026-Sem1
EV009556,RA25110540000049,RA25110540000050,Club,4,2025-Sem1
EV009557,RA25110540000049,RA25110540000050,Club,2,2025-Sem1
EV009558,RA25110540000049,RA25110540000051,Club,2,2026-Sem2
EV009559,RA25110540000049,RA25110540000052,Club,2,2026-Sem2
EV009560,RA25110540000049,RA25110540000052,Club,1,2026-Sem2
EV009561,RA25110540000049,RA25110540000054,Academic,4,2026-Sem1
EV009562,RA25110540000049,RA25110540000057,Event,3,2025-Sem1
EV009563,RA25110540000049,RA25110540000057,Event,5,2026-Sem2
EV009564,RA25110540000049,RA25110540000057,Event,1,2026-Sem1
EV009565,RA25110540000049,RA25110540000058,Social,3,2025-Sem1
EV009566,RA25110540000049,RA25110540000062,Project,1,2026-Sem1
EV009567,RA25110540000049,RA25110540000066,Social,2,2026-Sem2
EV009568,RA25110540000049,RA25110540000066,Social,4,2026-Sem2
EV009569,RA25110540000049,RA25110540000066,Social,2,2025-Sem1
EV009570,RA25110540000049,RA25110560000051,Cross-Department,2,2026-Sem1
EV009571,RA25110540000049,RA25110560000051,Cross-Department,1,2026-Sem1
EV009572,RA25110540000049,RA26110560000078,Cross-Department,3,2026-Sem1
EV009573,RA25110540000049,RA26110560000078,Cross-Department,4,2026-Sem1
EV009574,RA25110540000050,RA25110540000051,Event,3,2026-Sem1
EV009575,RA25110540000050,RA25110540000051,Event,1,2026-Sem2
EV009576,RA25110540000050,RA25110540000054,Project,1,2026-Sem2
EV009577,RA25110540000050,RA25110540000055,Club,1,2026-Sem2
EV009578,RA25110540000050,RA25110540000057,Club,2,2025-Sem1
EV009579,RA25110540000050,RA25110540000057,Club,2,2025-Sem1
EV009580,RA25110540000050,RA25110540000057,Club,1,2026-Sem1
EV009581,RA25110540000050,RA25110540000058,Project,1,2025-Sem1
EV009582,RA25110540000050,RA25110540000058,Project,3,2025-Sem1
EV009583,RA25110540000050,RA25110540000059,Social,3,2025-Sem1
EV009584,RA25110540000050,RA25110540000062,Project,2,2025-Sem1
EV009585,RA25110540000050,RA25110540000062,Project,2,2026-Sem2
EV009586,RA25110540000050,RA25110540000062,Project,2,2026-Sem2
EV009587,RA25110540000050,RA25110540000062,Project,1,2026-Sem1
EV009588,RA25110540000050,RA25110540000063,Event,1,2026-Sem2
EV009589,RA25110540000050,RA25110540000063,Event,1,2025-Sem1
EV009590,RA25110540000050,RA25110540000066,Project,2,2026-Sem2
EV009591,RA25110540000050,RA26110540000079,Club,2,2025-Sem1
EV009592,RA25110540000050,RA26110540000079,Club,2,2026-Sem2
EV009593,RA25110540000050,RA26110540000083,Social,2,2025-Sem1
EV009594,RA25110540000050,RA26110540000084,Academic,2,2025-Sem1
EV009595,RA25110540000050,RA26110540000084,Academic,2,2025-Sem1
EV009596,RA25110540000050,RA26110560000075,Cross-Department,2,2025-Sem1
EV009597,RA25110540000051,RA25110540000052,Social,2,2026-Sem1
EV009598,RA25110540000051,RA25110540000052,Social,3,2025-Sem1
EV009599,RA25110540000051,RA25110540000052,Social,1,2026-Sem2
EV009600,RA25110540000051,RA25110540000056,Project,3,2026-Sem2
EV009601,RA25110540000051,RA25110540000062,Event,2,2026-Sem1
EV009602,RA25110540000051,RA25110540000062,Event,2,2026-Sem2
EV009603,RA25110540000051,RA25110540000062,Event,1,2025-Sem1
EV009604,RA25110540000051,RA25110540000065,Club,2,2026-Sem1
EV009605,RA25110540000051,RA26110560000076,Cross-Department,1,2026-Sem2
EV009606,RA25110540000051,RA26110560000076,Cross-Department,2,2026-Sem2
EV009607,RA25110540000051,RA26110560000076,Cross-Department,4,2025-Sem1
EV009608,RA25110540000052,RA25110540000053,Event,1,2026-Sem2
EV009609,RA25110540000052,RA25110540000053,Event,1,2026-Sem1
EV009610,RA25110540000052,RA25110540000053,Event,1,2025-Sem1
EV009611,RA25110540000052,RA25110540000054,Event,1,2026-Sem2
EV009612,RA25110540000052,RA25110540000057,Club,2,2025-Sem1
EV009613,RA25110540000052,RA25110540000057,Club,1,2025-Sem1
EV009614,RA25110540000052,RA25110540000060,Project,1,2026-Sem1
EV009615,RA25110540000052,RA25110540000060,Project,2,2026-Sem1
EV009616,RA25110540000052,RA25110540000060,Project,3,2025-Sem1
EV009617,RA25110540000052,RA25110540000062,Event,1,2026-Sem2
EV009618,RA25110540000052,RA25110540000063,Project,1,2026-Sem2
EV009619,RA25110540000052,RA25110540000063,Project,1,2026-Sem1
EV009620,RA25110540000052,RA25110540000063,Project,1,2025-Sem1
EV009621,RA25110540000052,RA25110540000065,Event,2,2026-Sem1
EV009622,RA25110540000052,RA25110540000065,Event,1,2025-Sem1
EV009623,RA25110540000052,RA25110540000065,Event,2,2026-Sem1
EV009624,RA25110540000052,RA26110540000071,Event,1,2025-Sem1
EV009625,RA25110540000052,RA26110540000072,Academic,2,2026-Sem2
EV009626,RA25110540000052,RA26110540000072,Academic,2,2026-Sem1
EV009627,RA25110540000052,RA26110540000072,Academic,1,2025-Sem1
EV009628,RA25110540000052,RA26110540000072,Academic,1,2026-Sem2
EV009629,RA25110540000053,RA25110540000054,Academic,3,2025-Sem1
EV009630,RA25110540000053,RA25110540000054,Academic,1,2026-Sem1
EV009631,RA25110540000053,RA25110540000054,Academic,1,2026-Sem2
EV009632,RA25110540000053,RA25110540000054,Academic,1,2025-Sem1
EV009633,RA25110540000053,RA25110540000057,Club,1,2026-Sem1
EV009634,RA25110540000053,RA25110540000060,Event,3,2025-Sem1
EV009635,RA25110540000053,RA25110540000063,Academic,1,2026-Sem1
EV009636,RA25110540000053,RA26110270000068,Cross-Department,4,2026-Sem2
EV009637,RA25110540000053,RA26110540000073,Social,2,2026-Sem2
EV009638,RA25110540000053,RA26110540000073,Social,2,2026-Sem1
EV009639,RA25110540000053,RA26110540000073,Social,2,2026-Sem2
EV009640,RA25110540000053,RA26110540000073,Social,1,2025-Sem1
EV009641,RA25110540000053,RA26110540000073,Social,2,2026-Sem1
EV009642,RA25110540000053,RA26110560000070,Cross-Department,2,2026-Sem1
EV009643,RA25110540000054,RA25110540000055,Social,2,2026-Sem2
EV009644,RA25110540000054,RA25110540000057,Club,1,2026-Sem2
EV009645,RA25110540000054,RA25110540000059,Social,3,2026-Sem1
EV009646,RA25110540000054,RA25110540000060,Social,2,2026-Sem2
EV009647,RA25110540000054,RA25110540000060,Social,1,2026-Sem1
EV009648,RA25110540000054,RA25110540000061,Event,1,2026-Sem1
EV009649,RA25110540000054,RA25110540000062,Project,2,2026-Sem1
EV009650,RA25110540000054,RA25110540000062,Project,1,2026-Sem2
EV009651,RA25110540000054,RA25110540000066,Club,1,2025-Sem1
EV009652,RA25110540000054,RA25110560000048,Cross-Department,2,2025-Sem1
EV009653,RA25110540000054,RA25110560000048,Cross-Department,1,2026-Sem2
EV009654,RA25110540000054,RA25110560000048,Cross-Department,2,2025-Sem1
EV009655,RA25110540000054,RA25110560000055,Cross-Department,1,2025-Sem1
EV009656,RA25110540000054,RA25110560000055,Cross-Department,3,2026-Sem1
EV009657,RA25110540000054,RA25110560000055,Cross-Department,1,2025-Sem1
EV009658,RA25110540000054,RA25110560000055,Cross-Department,1,2026-Sem2
EV009659,RA25110540000054,RA25110560000055,Cross-Department,1,2026-Sem2
EV009660,RA25110540000054,RA26110030000070,Cross-Department,3,2025-Sem1
EV009661,RA25110540000054,RA26110030000070,Cross-Department,2,2026-Sem2
EV009662,RA25110540000054,RA26110030000070,Cross-Department,2,2026-Sem2
EV009663,RA25110540000054,RA26110030000070,Cross-Department,1,2026-Sem1
EV009664,RA25110540000054,RA26110560000076,Cross-Department,3,2026-Sem2
EV009665,RA25110540000054,RA26110560000076,Cross-Department,2,2026-Sem1
EV009666,RA25110540000055,RA25110540000056,Club,1,2025-Sem1
EV009667,RA25110540000055,RA25110540000057,Social,1,2026-Sem1
EV009668,RA25110540000055,RA25110540000059,Social,2,2026-Sem1
EV009669,RA25110540000055,RA25110540000059,Social,2,2026-Sem2
EV009670,RA25110540000055,RA25110540000062,Social,1,2026-Sem2
EV009671,RA25110540000055,RA25110540000062,Social,1,2026-Sem1
EV009672,RA25110540000055,RA25110540000062,Social,2,2025-Sem1
EV009673,RA25110540000055,RA25110540000062,Social,1,2025-Sem1
EV009674,RA25110540000055,RA25110540000066,Social,1,2026-Sem2
EV009675,RA25110540000055,RA25110540000066,Social,2,2026-Sem1
EV009676,RA25110540000055,RA25110540000066,Social,2,2026-Sem2
EV009677,RA25110540000055,RA25110560000059,Cross-Department,1,2026-Sem2
EV009678,RA25110540000055,RA25110560000059,Cross-Department,6,2026-Sem2
EV009679,RA25110540000055,RA25110560000059,Cross-Department,1,2026-Sem2
EV009680,RA25110540000055,RA25110560000059,Cross-Department,1,2025-Sem1
EV009681,RA25110540000055,RA25110560000059,Cross-Department,1,2026-Sem1
EV009682,RA25110540000055,RA25110560000059,Cross-Department,1,2026-Sem2
EV009683,RA25110540000055,RA25110560000059,Cross-Department,1,2026-Sem2
EV009684,RA25110540000055,RA25110560000059,Cross-Department,1,2026-Sem1
EV009685,RA25110540000055,RA25110560000059,Cross-Department,1,2026-Sem1
EV009686,RA25110540000056,RA25110540000057,Social,2,2025-Sem1
EV009687,RA25110540000056,RA25110540000057,Social,1,2025-Sem1
EV009688,RA25110540000056,RA25110540000060,Social,4,2026-Sem1
EV009689,RA25110540000056,RA25110540000062,Project,2,2025-Sem1
EV009690,RA25110540000056,RA25110540000062,Project,1,2026-Sem2
EV009691,RA25110540000056,RA25110540000063,Academic,2,2026-Sem1
EV009692,RA25110540000056,RA25110540000063,Academic,1,2026-Sem1
EV009693,RA25110540000056,RA25110540000063,Academic,1,2025-Sem1
EV009694,RA25110540000056,RA25110540000064,Event,1,2026-Sem1
EV009695,RA25110540000056,RA25110540000065,Social,2,2026-Sem2
EV009696,RA25110540000056,RA25110540000065,Social,5,2026-Sem1
EV009697,RA25110540000056,RA25110540000066,Project,1,2025-Sem1
EV009698,RA25110540000056,RA25110540000066,Project,3,2026-Sem2
EV009699,RA25110540000056,RA26110030000078,Cross-Department,3,2026-Sem1
EV009700,RA25110540000056,RA26110030000078,Cross-Department,1,2025-Sem1
EV009701,RA25110540000056,RA26110270000068,Cross-Department,6,2026-Sem2
EV009702,RA25110540000056,RA26110540000082,Project,1,2026-Sem1
EV009703,RA25110540000056,RA26110540000082,Project,1,2025-Sem1
EV009704,RA25110540000057,RA25110540000058,Club,1,2025-Sem1
EV009705,RA25110540000057,RA25110540000062,Academic,1,2026-Sem1
EV009706,RA25110540000057,RA25110540000064,Academic,1,2026-Sem2
EV009707,RA25110540000057,RA25110540000064,Academic,1,2026-Sem2
EV009708,RA25110540000057,RA26110270000077,Cross-Department,1,2026-Sem2
EV009709,RA25110540000057,RA26110270000077,Cross-Department,2,2026-Sem2
EV009710,RA25110540000057,RA26110270000077,Cross-Department,2,2026-Sem1
EV009711,RA25110540000057,RA26110270000077,Cross-Department,1,2026-Sem2
EV009712,RA25110540000057,RA26110540000075,Event,1,2025-Sem1
EV009713,RA25110540000058,RA25110540000059,Project,1,2025-Sem1
EV009714,RA25110540000058,RA25110540000062,Academic,3,2026-Sem1
EV009715,RA25110540000058,RA25110540000063,Social,1,2026-Sem2
EV009716,RA25110540000058,RA25110540000063,Social,2,2025-Sem1
EV009717,RA25110540000058,RA25110540000065,Social,3,2026-Sem2
EV009718,RA25110540000058,RA25110540000066,Event,1,2026-Sem2
EV009719,RA25110540000058,RA26110030000071,Cross-Department,5,2026-Sem1
EV009720,RA25110540000059,RA25110540000060,Project,1,2026-Sem2
EV009721,RA25110540000059,RA25110540000060,Project,2,2025-Sem1
EV009722,RA25110540000059,RA25110540000061,Event,1,2026-Sem2
EV009723,RA25110540000059,RA25110540000061,Event,2,2025-Sem1
EV009724,RA25110540000059,RA25110540000061,Event,2,2026-Sem2
EV009725,RA25110540000059,RA25110540000065,Academic,1,2025-Sem1
EV009726,RA25110540000059,RA25110540000066,Project,4,2026-Sem2
EV009727,RA25110540000059,RA25110540000066,Project,2,2026-Sem2
EV009728,RA25110540000059,RA25110540000066,Project,3,2025-Sem1
EV009729,RA25110540000059,RA26110030000077,Cross-Department,3,2026-Sem1
EV009730,RA25110540000059,RA26110560000074,Cross-Department,2,2025-Sem1
EV009731,RA25110540000059,RA26110560000074,Cross-Department,2,2025-Sem1
EV009732,RA25110540000059,RA26110560000074,Cross-Department,2,2025-Sem1
EV009733,RA25110540000059,RA26110560000085,Cross-Department,1,2026-Sem1
EV009734,RA25110540000059,RA26110560000085,Cross-Department,1,2026-Sem2
EV009735,RA25110540000059,RA26110560000085,Cross-Department,2,2025-Sem1
EV009736,RA25110540000059,RA26110560000085,Cross-Department,2,2026-Sem2
EV009737,RA25110540000060,RA25110540000061,Event,1,2026-Sem2
EV009738,RA25110540000060,RA25110540000061,Event,1,2026-Sem1
EV009739,RA25110540000060,RA25110540000061,Event,1,2026-Sem1
EV009740,RA25110540000060,RA25110540000061,Event,1,2026-Sem2
EV009741,RA25110540000060,RA25110540000062,Event,3,2025-Sem1
EV009742,RA25110540000060,RA25110540000065,Club,2,2025-Sem1
EV009743,RA25110540000060,RA25110540000065,Club,2,2025-Sem1
EV009744,RA25110540000060,RA25110540000066,Academic,1,2026-Sem2
EV009745,RA25110540000060,RA26110030000084,Cross-Department,1,2026-Sem1
EV009746,RA25110540000060,RA26110030000084,Cross-Department,2,2026-Sem1
EV009747,RA25110540000060,RA26110560000070,Cross-Department,1,2026-Sem2
EV009748,RA25110540000060,RA26110560000070,Cross-Department,1,2025-Sem1
EV009749,RA25110540000060,RA26110560000083,Cross-Department,4,2026-Sem1
EV009750,RA25110540000060,RA26110560000083,Cross-Department,1,2026-Sem1
EV009751,RA25110540000060,RA26110560000088,Cross-Department,2,2025-Sem1
EV009752,RA25110540000061,RA25110540000062,Project,3,2026-Sem2
EV009753,RA25110540000061,RA25110540000062,Project,2,2026-Sem1
EV009754,RA25110540000061,RA25110540000065,Social,6,2026-Sem2
EV009755,RA25110540000061,RA25110540000065,Social,2,2025-Sem1
EV009756,RA25110540000061,RA26110270000067,Cross-Department,5,2026-Sem1
EV009757,RA25110540000061,RA26110270000067,Cross-Department,2,2026-Sem1
EV009758,RA25110540000061,RA26110270000067,Cross-Department,1,2026-Sem2
EV009759,RA25110540000061,RA26110540000070,Event,4,2025-Sem1
EV009760,RA25110540000061,RA26110540000070,Event,1,2026-Sem2
EV009761,RA25110540000061,RA26110560000080,Cross-Department,2,2026-Sem2
EV009762,RA25110540000062,RA25110540000063,Club,1,2026-Sem2
EV009763,RA25110540000062,RA25110540000064,Project,1,2026-Sem2
EV009764,RA25110540000062,RA25110540000064,Project,1,2026-Sem2
EV009765,RA25110540000062,RA25110540000064,Project,1,2026-Sem2
EV009766,RA25110540000062,RA25110540000064,Project,2,2026-Sem2
EV009767,RA25110540000062,RA25110540000064,Project,1,2026-Sem2
EV009768,RA25110540000062,RA25110560000048,Cross-Department,3,2026-Sem2
EV009769,RA25110540000062,RA25110560000048,Cross-Department,1,2026-Sem2
EV009770,RA25110540000062,RA25110560000060,Cross-Department,1,2025-Sem1
EV009771,RA25110540000062,RA25110560000060,Cross-Department,3,2026-Sem1
EV009772,RA25110540000062,RA26110030000086,Cross-Department,2,2025-Sem1
EV009773,RA25110540000062,RA26110030000086,Cross-Department,1,2025-Sem1
EV009774,RA25110540000063,RA25110540000064,Club,1,2025-Sem1
EV009775,RA25110540000063,RA25110540000064,Club,2,2025-Sem1
EV009776,RA25110540000063,RA25110540000065,Academic,1,2025-Sem1
EV009777,RA25110540000063,RA25110540000065,Academic,1,2026-Sem2
EV009778,RA25110540000063,RA25110540000066,Social,2,2026-Sem2
EV009779,RA25110540000063,RA25110540000066,Social,1,2025-Sem1
EV009780,RA25110540000063,RA25110540000066,Social,1,2026-Sem2
EV009781,RA25110540000063,RA25110560000048,Cross-Department,1,2026-Sem2
EV009782,RA25110540000063,RA25110560000048,Cross-Department,2,2025-Sem1
EV009783,RA25110540000063,RA25110560000048,Cross-Department,2,2026-Sem1
EV009784,RA25110540000063,RA26110540000077,Project,1,2025-Sem1
EV009785,RA25110540000063,RA26110540000079,Club,2,2025-Sem1
EV009786,RA25110540000063,RA26110540000079,Club,1,2026-Sem1
EV009787,RA25110540000063,RA26110540000079,Club,2,2026-Sem2
EV009788,RA25110540000063,RA26110540000079,Club,2,2026-Sem2
EV009789,RA25110540000063,RA26110540000079,Club,1,2026-Sem2
EV009790,RA25110540000063,RA26110540000087,Social,3,2026-Sem2
EV009791,RA25110540000063,RA26110540000087,Social,1,2026-Sem2
EV009792,RA25110540000063,RA26110540000087,Social,3,2026-Sem2
EV009793,RA25110540000064,RA25110540000065,Project,3,2026-Sem1
EV009794,RA25110540000064,RA25110540000065,Project,1,2026-Sem1
EV009795,RA25110540000064,RA25110540000066,Club,2,2026-Sem1
EV009796,RA25110540000064,RA25110540000066,Club,1,2026-Sem1
EV009797,RA25110540000064,RA26110030000074,Cross-Department,2,2026-Sem2
EV009798,RA25110540000064,RA26110030000074,Cross-Department,3,2026-Sem1
EV009799,RA25110540000064,RA26110030000078,Cross-Department,2,2026-Sem1
EV009800,RA25110540000064,RA26110560000082,Cross-Department,1,2026-Sem1
EV009801,RA25110540000064,RA26110560000082,Cross-Department,1,2026-Sem1
EV009802,RA25110540000064,RA26110560000082,Cross-Department,1,2026-Sem1
EV009803,RA25110540000065,RA25110540000066,Project,1,2026-Sem2
EV009804,RA25110540000065,RA26110560000070,Cross-Department,1,2025-Sem1
EV009805,RA25110540000065,RA26110560000070,Cross-Department,1,2025-Sem1
EV009806,RA25110540000065,RA26110560000070,Cross-Department,1,2026-Sem2
EV009807,RA25110540000066,RA26110270000087,Cross-Department,2,2025-Sem1
EV009808,RA25110540000066,RA26110540000083,Event,1,2026-Sem1
EV009809,RA25110540000066,RA26110540000083,Event,3,2026-Sem2
EV009810,RA25110540000066,RA26110540000083,Event,2,2025-Sem1
EV009811,RA25110540000066,RA26110540000083,Event,2,2026-Sem1
EV009812,RA25110560000045,RA25110560000046,Academic,1,2026-Sem2
EV009813,RA25110560000045,RA25110560000046,Academic,1,2025-Sem1
EV009814,RA25110560000045,RA25110560000046,Academic,1,2026-Sem2
EV009815,RA25110560000045,RA25110560000046,Academic,1,2026-Sem2
EV009816,RA25110560000045,RA25110560000046,Academic,1,2026-Sem2
EV009817,RA25110560000045,RA25110560000046,Academic,3,2026-Sem1
EV009818,RA25110560000045,RA25110560000049,Event,3,2025-Sem1
EV009819,RA25110560000045,RA25110560000050,Academic,4,2026-Sem1
EV009820,RA25110560000045,RA25110560000051,Project,1,2026-Sem1
EV009821,RA25110560000045,RA25110560000054,Club,1,2025-Sem1
EV009822,RA25110560000045,RA25110560000054,Club,1,2026-Sem2
EV009823,RA25110560000045,RA25110560000054,Club,2,2026-Sem1
EV009824,RA25110560000045,RA25110560000054,Club,2,2026-Sem1
EV009825,RA25110560000045,RA25110560000054,Club,1,2026-Sem1
EV009826,RA25110560000045,RA25110560000055,Club,1,2025-Sem1
EV009827,RA25110560000045,RA25110560000056,Social,1,2026-Sem2
EV009828,RA25110560000045,RA25110560000056,Social,3,2026-Sem1
EV009829,RA25110560000045,RA25110560000056,Social,1,2025-Sem1
EV009830,RA25110560000045,RA25110560000057,Event,2,2026-Sem2
EV009831,RA25110560000045,RA25110560000057,Event,1,2026-Sem1
EV009832,RA25110560000045,RA25110560000064,Social,1,2026-Sem2
EV009833,RA25110560000045,RA25110560000064,Social,1,2025-Sem1
EV009834,RA25110560000045,RA25110560000064,Social,3,2026-Sem1
EV009835,RA25110560000045,RA25110560000065,Academic,1,2025-Sem1
EV009836,RA25110560000045,RA25110560000065,Academic,1,2026-Sem1
EV009837,RA25110560000045,RA25110560000066,Club,1,2026-Sem2
EV009838,RA25110560000045,RA25110560000066,Club,1,2025-Sem1
EV009839,RA25110560000045,RA26110270000069,Cross-Department,3,2026-Sem1
EV009840,RA25110560000046,RA25110560000047,Academic,2,2026-Sem2
EV009841,RA25110560000046,RA25110560000047,Academic,3,2025-Sem1
EV009842,RA25110560000046,RA25110560000048,Social,2,2026-Sem1
EV009843,RA25110560000046,RA25110560000055,Academic,1,2025-Sem1
EV009844,RA25110560000046,RA25110560000055,Academic,2,2026-Sem2
EV009845,RA25110560000046,RA25110560000055,Academic,1,2025-Sem1
EV009846,RA25110560000046,RA25110560000065,Social,3,2026-Sem1
EV009847,RA25110560000046,RA26110030000068,Cross-Department,1,2025-Sem1
EV009848,RA25110560000046,RA26110030000068,Cross-Department,5,2025-Sem1
EV009849,RA25110560000046,RA26110030000068,Cross-Department,1,2025-Sem1
EV009850,RA25110560000046,RA26110560000088,Club,4,2026-Sem1
EV009851,RA25110560000047,RA25110560000048,Academic,1,2025-Sem1
EV009852,RA25110560000047,RA25110560000050,Social,1,2026-Sem1
EV009853,RA25110560000047,RA25110560000050,Social,1,2026-Sem2
EV009854,RA25110560000047,RA25110560000051,Academic,2,2026-Sem1
EV009855,RA25110560000047,RA25110560000051,Academic,1,2026-Sem2
EV009856,RA25110560000047,RA25110560000051,Academic,2,2026-Sem2
EV009857,RA25110560000047,RA25110560000051,Academic,1,2025-Sem1
EV009858,RA25110560000047,RA25110560000053,Academic,2,2026-Sem2
EV009859,RA25110560000047,RA25110560000053,Academic,2,2026-Sem1
EV009860,RA25110560000047,RA25110560000053,Academic,2,2026-Sem1
EV009861,RA25110560000047,RA25110560000053,Academic,2,2025-Sem1
EV009862,RA25110560000047,RA25110560000054,Club,3,2026-Sem2
EV009863,RA25110560000047,RA25110560000054,Club,2,2026-Sem1
EV009864,RA25110560000047,RA25110560000056,Social,2,2026-Sem1
EV009865,RA25110560000047,RA25110560000056,Social,2,2026-Sem2
EV009866,RA25110560000047,RA25110560000058,Event,1,2026-Sem2
EV009867,RA25110560000047,RA25110560000058,Event,1,2025-Sem1
EV009868,RA25110560000047,RA25110560000058,Event,2,2026-Sem1
EV009869,RA25110560000047,RA25110560000058,Event,2,2026-Sem2
EV009870,RA25110560000047,RA25110560000058,Event,1,2026-Sem2
EV009871,RA25110560000047,RA25110560000063,Project,2,2025-Sem1
EV009872,RA25110560000047,RA25110560000066,Project,1,2025-Sem1
EV009873,RA25110560000047,RA26110030000083,Cross-Department,5,2026-Sem2
EV009874,RA25110560000047,RA26110540000087,Cross-Department,3,2026-Sem2
EV009875,RA25110560000047,RA26110540000087,Cross-Department,2,2026-Sem2
EV009876,RA25110560000047,RA26110560000073,Club,2,2026-Sem2
EV009877,RA25110560000047,RA26110560000073,Club,2,2025-Sem1
EV009878,RA25110560000047,RA26110560000076,Club,3,2026-Sem2
EV009879,RA25110560000047,RA26110560000078,Social,4,2026-Sem2
EV009880,RA25110560000047,RA26110560000078,Social,2,2025-Sem1
EV009881,RA25110560000047,RA26110560000078,Social,1,2026-Sem1
EV009882,RA25110560000047,RA26110560000078,Social,1,2025-Sem1
EV009883,RA25110560000047,RA26110560000087,Social,2,2026-Sem2
EV009884,RA25110560000048,RA25110560000049,Project,1,2026-Sem2
EV009885,RA25110560000048,RA25110560000049,Project,2,2026-Sem2
EV009886,RA25110560000048,RA25110560000049,Project,2,2025-Sem1
EV009887,RA25110560000048,RA25110560000049,Project,1,2026-Sem2
EV009888,RA25110560000048,RA25110560000056,Project,1,2026-Sem2
EV009889,RA25110560000048,RA25110560000058,Social,1,2026-Sem2
EV009890,RA25110560000048,RA25110560000060,Project,2,2026-Sem2
EV009891,RA25110560000048,RA25110560000064,Social,4,2026-Sem2
EV009892,RA25110560000048,RA25110560000066,Academic,2,2025-Sem1
EV009893,RA25110560000048,RA25110560000066,Academic,1,2026-Sem1
EV009894,RA25110560000048,RA25110560000066,Academic,1,2026-Sem2
EV009895,RA25110560000048,RA26110030000068,Cross-Department,1,2026-Sem2
EV009896,RA25110560000048,RA26110030000068,Cross-Department,2,2025-Sem1
EV009897,RA25110560000048,RA26110030000068,Cross-Department,1,2026-Sem1
EV009898,RA25110560000048,RA26110270000081,Cross-Department,1,2026-Sem2
EV009899,RA25110560000048,RA26110270000081,Cross-Department,2,2026-Sem1
EV009900,RA25110560000048,RA26110270000081,Cross-Department,1,2026-Sem2
EV009901,RA25110560000049,RA25110560000050,Social,2,2026-Sem1
EV009902,RA25110560000049,RA25110560000061,Academic,1,2026-Sem1
EV009903,RA25110560000049,RA25110560000061,Academic,2,2026-Sem2
EV009904,RA25110560000049,RA25110560000062,Club,1,2025-Sem1
EV009905,RA25110560000049,RA25110560000062,Club,4,2026-Sem2
EV009906,RA25110560000049,RA25110560000062,Club,3,2026-Sem2
EV009907,RA25110560000049,RA25110560000062,Club,1,2026-Sem1
EV009908,RA25110560000049,RA25110560000063,Club,3,2026-Sem2
EV009909,RA25110560000049,RA25110560000063,Club,1,2026-Sem2
EV009910,RA25110560000049,RA25110560000063,Club,1,2026-Sem1
EV009911,RA25110560000049,RA25110560000063,Club,3,2026-Sem1
EV009912,RA25110560000049,RA25110560000066,Club,1,2026-Sem1
EV009913,RA25110560000049,RA26110270000078,Cross-Department,4,2026-Sem1
EV009914,RA25110560000049,RA26110270000079,Cross-Department,2,2026-Sem1
EV009915,RA25110560000049,RA26110270000079,Cross-Department,1,2026-Sem2
EV009916,RA25110560000050,RA25110560000051,Event,1,2026-Sem2
EV009917,RA25110560000050,RA25110560000057,Club,1,2026-Sem2
EV009918,RA25110560000050,RA25110560000065,Project,2,2026-Sem1
EV009919,RA25110560000050,RA25110560000066,Social,1,2026-Sem1
EV009920,RA25110560000050,RA25110560000066,Social,1,2025-Sem1
EV009921,RA25110560000050,RA26110030000072,Cross-Department,2,2025-Sem1
EV009922,RA25110560000050,RA26110030000072,Cross-Department,2,2026-Sem1
EV009923,RA25110560000050,RA26110030000072,Cross-Department,1,2026-Sem1
EV009924,RA25110560000050,RA26110030000072,Cross-Department,1,2026-Sem2
EV009925,RA25110560000050,RA26110270000083,Cross-Department,2,2026-Sem2
EV009926,RA25110560000050,RA26110270000083,Cross-Department,1,2026-Sem1
EV009927,RA25110560000050,RA26110270000083,Cross-Department,1,2025-Sem1
EV009928,RA25110560000051,RA25110560000052,Event,1,2026-Sem1
EV009929,RA25110560000051,RA25110560000053,Project,1,2026-Sem2
EV009930,RA25110560000051,RA25110560000055,Social,2,2026-Sem1
EV009931,RA25110560000051,RA25110560000055,Social,2,2026-Sem2
EV009932,RA25110560000051,RA25110560000057,Project,1,2026-Sem2
EV009933,RA25110560000051,RA25110560000059,Club,2,2026-Sem2
EV009934,RA25110560000051,RA25110560000059,Club,2,2025-Sem1
EV009935,RA25110560000051,RA25110560000060,Event,1,2025-Sem1
EV009936,RA25110560000051,RA25110560000060,Event,1,2026-Sem2
EV009937,RA25110560000051,RA25110560000061,Project,2,2026-Sem2
EV009938,RA25110560000051,RA26110030000078,Cross-Department,1,2026-Sem2
EV009939,RA25110560000051,RA26110030000078,Cross-Department,1,2026-Sem1
EV009940,RA25110560000051,RA26110030000078,Cross-Department,1,2026-Sem1
EV009941,RA25110560000051,RA26110030000078,Cross-Department,1,2026-Sem1
EV009942,RA25110560000051,RA26110030000078,Cross-Department,1,2026-Sem1
EV009943,RA25110560000051,RA26110270000075,Cross-Department,5,2026-Sem1
EV009944,RA25110560000051,RA26110270000075,Cross-Department,1,2026-Sem1
EV009945,RA25110560000051,RA26110270000077,Cross-Department,1,2026-Sem2
EV009946,RA25110560000051,RA26110270000077,Cross-Department,1,2026-Sem2
EV009947,RA25110560000051,RA26110270000077,Cross-Department,4,2026-Sem2
EV009948,RA25110560000051,RA26110270000077,Cross-Department,1,2026-Sem2
EV009949,RA25110560000051,RA26110270000077,Cross-Department,2,2026-Sem1
EV009950,RA25110560000052,RA25110560000053,Academic,1,2025-Sem1
EV009951,RA25110560000052,RA25110560000055,Project,2,2025-Sem1
EV009952,RA25110560000052,RA25110560000055,Project,2,2026-Sem2
EV009953,RA25110560000052,RA25110560000055,Project,2,2026-Sem2
EV009954,RA25110560000052,RA25110560000057,Event,1,2026-Sem2
EV009955,RA25110560000052,RA25110560000057,Event,1,2026-Sem1
EV009956,RA25110560000052,RA25110560000058,Club,2,2026-Sem1
EV009957,RA25110560000052,RA25110560000058,Club,3,2026-Sem1
EV009958,RA25110560000052,RA25110560000058,Club,3,2025-Sem1
EV009959,RA25110560000052,RA25110560000058,Club,3,2026-Sem1
EV009960,RA25110560000052,RA25110560000058,Club,1,2026-Sem2
EV009961,RA25110560000052,RA25110560000059,Social,1,2026-Sem1
EV009962,RA25110560000052,RA25110560000060,Club,1,2026-Sem1
EV009963,RA25110560000052,RA25110560000060,Club,2,2026-Sem1
EV009964,RA25110560000052,RA25110560000060,Club,2,2025-Sem1
EV009965,RA25110560000052,RA25110560000061,Project,2,2026-Sem1
EV009966,RA25110560000052,RA25110560000065,Event,4,2025-Sem1
EV009967,RA25110560000052,RA25110560000065,Event,1,2025-Sem1
EV009968,RA25110560000052,RA25110560000065,Event,3,2026-Sem2
EV009969,RA25110560000052,RA25110560000066,Event,1,2025-Sem1
EV009970,RA25110560000052,RA25110560000066,Event,1,2026-Sem2
EV009971,RA25110560000052,RA25110560000066,Event,1,2025-Sem1
EV009972,RA25110560000052,RA26110270000077,Cross-Department,3,2025-Sem1
EV009973,RA25110560000052,RA26110270000077,Cross-Department,1,2026-Sem2
EV009974,RA25110560000052,RA26110270000083,Cross-Department,3,2026-Sem1
EV009975,RA25110560000052,RA26110270000083,Cross-Department,1,2026-Sem2
EV009976,RA25110560000052,RA26110560000071,Club,1,2026-Sem1
EV009977,RA25110560000053,RA25110560000054,Project,1,2025-Sem1
EV009978,RA25110560000053,RA25110560000057,Event,1,2026-Sem1
EV009979,RA25110560000053,RA25110560000057,Event,6,2025-Sem1
EV009980,RA25110560000053,RA25110560000057,Event,1,2026-Sem2
EV009981,RA25110560000053,RA25110560000058,Social,2,2025-Sem1
EV009982,RA25110560000053,RA25110560000058,Social,1,2026-Sem2
EV009983,RA25110560000053,RA25110560000058,Social,2,2026-Sem2
EV009984,RA25110560000053,RA25110560000059,Academic,3,2026-Sem2
EV009985,RA25110560000053,RA25110560000059,Academic,1,2025-Sem1
EV009986,RA25110560000053,RA25110560000062,Event,1,2025-Sem1
EV009987,RA25110560000053,RA25110560000062,Event,1,2026-Sem1
EV009988,RA25110560000053,RA25110560000062,Event,1,2025-Sem1
EV009989,RA25110560000053,RA25110560000063,Event,2,2026-Sem2
EV009990,RA25110560000053,RA25110560000065,Project,2,2025-Sem1
EV009991,RA25110560000053,RA25110560000066,Event,2,2026-Sem2
EV009992,RA25110560000053,RA25110560000066,Event,1,2026-Sem1
EV009993,RA25110560000053,RA25110560000066,Event,1,2026-Sem2
EV009994,RA25110560000054,RA25110560000055,Social,1,2026-Sem2
EV009995,RA25110560000054,RA25110560000058,Social,2,2025-Sem1
EV009996,RA25110560000054,RA25110560000058,Social,1,2026-Sem1
EV009997,RA25110560000054,RA25110560000058,Social,4,2026-Sem1
EV009998,RA25110560000054,RA25110560000058,Social,1,2026-Sem1
EV009999,RA25110560000054,RA25110560000058,Social,2,2026-Sem2
EV010000,RA25110560000054,RA25110560000060,Event,3,2026-Sem2
EV010001,RA25110560000054,RA25110560000061,Academic,1,2026-Sem2
EV010002,RA25110560000054,RA25110560000061,Academic,1,2026-Sem2
EV010003,RA25110560000054,RA25110560000061,Academic,3,2026-Sem2
EV010004,RA25110560000054,RA25110560000063,Event,2,2026-Sem2
EV010005,RA25110560000054,RA25110560000064,Club,2,2026-Sem1
EV010006,RA25110560000054,RA25110560000064,Club,2,2025-Sem1
EV010007,RA25110560000054,RA25110560000064,Club,4,2026-Sem1
EV010008,RA25110560000054,RA26110030000080,Cross-Department,1,2026-Sem1
EV010009,RA25110560000054,RA26110030000080,Cross-Department,1,2025-Sem1
EV010010,RA25110560000054,RA26110560000077,Event,1,2025-Sem1
EV010011,RA25110560000054,RA26110560000077,Event,1,2025-Sem1
EV010012,RA25110560000054,RA26110560000087,Academic,2,2026-Sem1
EV010013,RA25110560000055,RA25110560000056,Academic,5,2026-Sem2
EV010014,RA25110560000055,RA25110560000061,Event,1,2026-Sem1
EV010015,RA25110560000055,RA25110560000063,Social,2,2026-Sem1
EV010016,RA25110560000055,RA25110560000063,Social,1,2026-Sem1
EV010017,RA25110560000055,RA26110030000080,Cross-Department,3,2026-Sem1
EV010018,RA25110560000055,RA26110030000080,Cross-Department,2,2026-Sem2
EV010019,RA25110560000055,RA26110270000088,Cross-Department,1,2026-Sem2
EV010020,RA25110560000055,RA26110270000088,Cross-Department,3,2026-Sem2
EV010021,RA25110560000055,RA26110270000088,Cross-Department,2,2026-Sem1
EV010022,RA25110560000055,RA26110270000088,Cross-Department,4,2026-Sem1
EV010023,RA25110560000055,RA26110270000088,Cross-Department,4,2025-Sem1
EV010024,RA25110560000055,RA26110540000079,Cross-Department,1,2026-Sem1
EV010025,RA25110560000055,RA26110540000079,Cross-Department,1,2026-Sem1
EV010026,RA25110560000055,RA26110560000078,Social,3,2025-Sem1
EV010027,RA25110560000055,RA26110560000081,Academic,1,2026-Sem2
EV010028,RA25110560000056,RA25110560000057,Club,1,2025-Sem1
EV010029,RA25110560000056,RA25110560000058,Academic,4,2026-Sem2
EV010030,RA25110560000056,RA25110560000059,Social,1,2026-Sem2
EV010031,RA25110560000056,RA25110560000059,Social,1,2026-Sem1
EV010032,RA25110560000056,RA25110560000059,Social,2,2025-Sem1
EV010033,RA25110560000056,RA25110560000059,Social,1,2026-Sem1
EV010034,RA25110560000056,RA25110560000061,Club,1,2025-Sem1
EV010035,RA25110560000056,RA25110560000061,Club,3,2026-Sem2
EV010036,RA25110560000056,RA25110560000061,Club,1,2026-Sem2
EV010037,RA25110560000056,RA25110560000061,Club,4,2026-Sem1
EV010038,RA25110560000056,RA26110540000079,Cross-Department,3,2026-Sem1
EV010039,RA25110560000056,RA26110560000068,Event,3,2025-Sem1
EV010040,RA25110560000056,RA26110560000068,Event,2,2026-Sem1
EV010041,RA25110560000057,RA25110560000058,Project,2,2026-Sem1
EV010042,RA25110560000057,RA25110560000058,Project,1,2026-Sem1
EV010043,RA25110560000057,RA25110560000058,Project,1,2025-Sem1
EV010044,RA25110560000057,RA25110560000060,Club,1,2026-Sem2
EV010045,RA25110560000057,RA25110560000063,Project,2,2026-Sem2
EV010046,RA25110560000057,RA25110560000063,Project,1,2025-Sem1
EV010047,RA25110560000057,RA25110560000063,Project,5,2026-Sem2
EV010048,RA25110560000057,RA25110560000065,Event,1,2026-Sem1
EV010049,RA25110560000057,RA26110030000077,Cross-Department,1,2026-Sem1
EV010050,RA25110560000057,RA26110030000077,Cross-Department,1,2026-Sem1
EV010051,RA25110560000057,RA26110030000077,Cross-Department,4,2025-Sem1
EV010052,RA25110560000057,RA26110030000077,Cross-Department,2,2025-Sem1
EV010053,RA25110560000057,RA26110030000077,Cross-Department,2,2025-Sem1
EV010054,RA25110560000057,RA26110560000071,Club,1,2026-Sem1
EV010055,RA25110560000057,RA26110560000083,Social,3,2026-Sem2
EV010056,RA25110560000058,RA25110560000059,Project,4,2026-Sem2
EV010057,RA25110560000058,RA25110560000059,Project,1,2026-Sem1
EV010058,RA25110560000058,RA25110560000059,Project,2,2026-Sem2
EV010059,RA25110560000058,RA25110560000062,Academic,1,2026-Sem1
EV010060,RA25110560000058,RA25110560000062,Academic,1,2026-Sem2
EV010061,RA25110560000058,RA25110560000062,Academic,2,2026-Sem1
EV010062,RA25110560000058,RA25110560000063,Academic,3,2025-Sem1
EV010063,RA25110560000058,RA25110560000064,Project,2,2026-Sem1
EV010064,RA25110560000058,RA25110560000064,Project,1,2025-Sem1
EV010065,RA25110560000058,RA25110560000064,Project,2,2026-Sem1
EV010066,RA25110560000058,RA25110560000065,Project,3,2026-Sem1
EV010067,RA25110560000058,RA25110560000065,Project,1,2026-Sem2
EV010068,RA25110560000058,RA25110560000066,Event,1,2025-Sem1
EV010069,RA25110560000058,RA26110270000075,Cross-Department,3,2025-Sem1
EV010070,RA25110560000058,RA26110560000077,Event,3,2025-Sem1
EV010071,RA25110560000058,RA26110560000077,Event,1,2026-Sem2
EV010072,RA25110560000059,RA25110560000060,Social,1,2025-Sem1
EV010073,RA25110560000059,RA25110560000061,Project,1,2026-Sem2
EV010074,RA25110560000059,RA25110560000063,Academic,1,2025-Sem1
EV010075,RA25110560000059,RA25110560000064,Academic,3,2025-Sem1
EV010076,RA25110560000059,RA25110560000064,Academic,2,2025-Sem1
EV010077,RA25110560000059,RA25110560000064,Academic,2,2026-Sem1
EV010078,RA25110560000059,RA25110560000064,Academic,1,2026-Sem1
EV010079,RA25110560000059,RA25110560000065,Social,1,2026-Sem1
EV010080,RA25110560000059,RA25110560000065,Social,1,2026-Sem1
EV010081,RA25110560000059,RA25110560000065,Social,2,2025-Sem1
EV010082,RA25110560000059,RA25110560000066,Club,3,2026-Sem1
EV010083,RA25110560000059,RA26110030000082,Cross-Department,1,2026-Sem1
EV010084,RA25110560000059,RA26110030000082,Cross-Department,1,2025-Sem1
EV010085,RA25110560000059,RA26110030000082,Cross-Department,1,2025-Sem1
EV010086,RA25110560000059,RA26110030000082,Cross-Department,1,2026-Sem2
EV010087,RA25110560000059,RA26110030000082,Cross-Department,1,2025-Sem1
EV010088,RA25110560000059,RA26110560000078,Event,3,2026-Sem2
EV010089,RA25110560000059,RA26110560000088,Club,2,2026-Sem1
EV010090,RA25110560000060,RA25110560000061,Academic,4,2025-Sem1
EV010091,RA25110560000060,RA25110560000061,Academic,2,2026-Sem1
EV010092,RA25110560000060,RA25110560000061,Academic,1,2025-Sem1
EV010093,RA25110560000060,RA25110560000061,Academic,2,2026-Sem2
EV010094,RA25110560000060,RA25110560000062,Social,4,2025-Sem1
EV010095,RA25110560000060,RA25110560000062,Social,2,2025-Sem1
EV010096,RA25110560000060,RA25110560000063,Academic,4,2026-Sem2
EV010097,RA25110560000060,RA25110560000066,Event,1,2025-Sem1
EV010098,RA25110560000060,RA25110560000066,Event,2,2026-Sem2
EV010099,RA25110560000060,RA25110560000066,Event,2,2025-Sem1
EV010100,RA25110560000060,RA25110560000066,Event,1,2025-Sem1
EV010101,RA25110560000060,RA26110030000081,Cross-Department,3,2025-Sem1
EV010102,RA25110560000060,RA26110030000081,Cross-Department,3,2026-Sem1
EV010103,RA25110560000060,RA26110030000081,Cross-Department,1,2025-Sem1
EV010104,RA25110560000061,RA25110560000062,Event,2,2026-Sem2
EV010105,RA25110560000061,RA25110560000062,Event,1,2026-Sem2
EV010106,RA25110560000061,RA25110560000062,Event,3,2025-Sem1
EV010107,RA25110560000061,RA25110560000064,Social,2,2026-Sem1
EV010108,RA25110560000061,RA25110560000064,Social,1,2026-Sem1
EV010109,RA25110560000061,RA25110560000064,Social,2,2025-Sem1
EV010110,RA25110560000061,RA25110560000064,Social,1,2026-Sem2
EV010111,RA25110560000061,RA26110030000067,Cross-Department,3,2025-Sem1
EV010112,RA25110560000061,RA26110030000067,Cross-Department,2,2025-Sem1
EV010113,RA25110560000061,RA26110030000067,Cross-Department,1,2025-Sem1
EV010114,RA25110560000062,RA25110560000063,Social,1,2025-Sem1
EV010115,RA25110560000062,RA25110560000064,Project,2,2025-Sem1
EV010116,RA25110560000062,RA25110560000064,Project,1,2026-Sem1
EV010117,RA25110560000062,RA25110560000065,Social,1,2026-Sem2
EV010118,RA25110560000062,RA26110560000067,Social,2,2026-Sem2
EV010119,RA25110560000062,RA26110560000067,Social,1,2026-Sem1
EV010120,RA25110560000062,RA26110560000067,Social,1,2026-Sem1
EV010121,RA25110560000062,RA26110560000079,Social,3,2025-Sem1
EV010122,RA25110560000063,RA25110560000064,Event,1,2026-Sem1
EV010123,RA25110560000063,RA25110560000064,Event,1,2026-Sem2
EV010124,RA25110560000063,RA25110560000064,Event,3,2025-Sem1
EV010125,RA25110560000063,RA25110560000065,Project,1,2026-Sem1
EV010126,RA25110560000063,RA26110270000082,Cross-Department,2,2026-Sem2
EV010127,RA25110560000063,RA26110270000082,Cross-Department,2,2026-Sem2
EV010128,RA25110560000063,RA26110270000082,Cross-Department,3,2025-Sem1
EV010129,RA25110560000063,RA26110270000082,Cross-Department,1,2026-Sem2
EV010130,RA25110560000063,RA26110270000082,Cross-Department,2,2025-Sem1
EV010131,RA25110560000063,RA26110540000078,Cross-Department,1,2026-Sem2
EV010132,RA25110560000063,RA26110540000078,Cross-Department,1,2026-Sem1
EV010133,RA25110560000064,RA25110560000065,Club,1,2026-Sem1
EV010134,RA25110560000064,RA25110560000065,Club,1,2026-Sem1
EV010135,RA25110560000064,RA25110560000065,Club,1,2025-Sem1
EV010136,RA25110560000064,RA25110560000066,Event,3,2025-Sem1
EV010137,RA25110560000064,RA26110030000087,Cross-Department,2,2026-Sem2
EV010138,RA25110560000064,RA26110030000087,Cross-Department,1,2025-Sem1
EV010139,RA25110560000065,RA25110560000066,Social,5,2026-Sem2
EV010140,RA25110560000065,RA26110030000081,Cross-Department,3,2026-Sem1
EV010141,RA25110560000065,RA26110030000081,Cross-Department,1,2025-Sem1
EV010142,RA25110560000065,RA26110560000081,Academic,3,2026-Sem2
EV010143,RA25110560000065,RA26110560000081,Academic,1,2026-Sem1
EV010144,RA25110560000066,RA26110270000079,Cross-Department,3,2026-Sem1
EV010145,RA25110560000066,RA26110270000079,Cross-Department,5,2026-Sem1
EV010146,RA25110560000066,RA26110270000079,Cross-Department,1,2026-Sem1
EV010147,RA26110030000067,RA26110030000068,Academic,2,2026-Sem1
EV010148,RA26110030000067,RA26110030000068,Academic,1,2025-Sem1
EV010149,RA26110030000067,RA26110030000072,Event,1,2026-Sem2
EV010150,RA26110030000067,RA26110030000072,Event,2,2026-Sem2
EV010151,RA26110030000067,RA26110030000074,Event,1,2026-Sem2
EV010152,RA26110030000067,RA26110030000074,Event,1,2026-Sem2
EV010153,RA26110030000067,RA26110030000074,Event,1,2025-Sem1
EV010154,RA26110030000067,RA26110030000074,Event,1,2025-Sem1
EV010155,RA26110030000067,RA26110030000074,Event,1,2026-Sem2
EV010156,RA26110030000067,RA26110030000075,Club,2,2026-Sem2
EV010157,RA26110030000067,RA26110030000075,Club,1,2025-Sem1
EV010158,RA26110030000067,RA26110030000075,Club,2,2026-Sem2
EV010159,RA26110030000067,RA26110030000075,Club,1,2026-Sem1
EV010160,RA26110030000067,RA26110030000080,Project,1,2026-Sem2
EV010161,RA26110030000067,RA26110030000081,Project,1,2025-Sem1
EV010162,RA26110030000067,RA26110030000081,Project,2,2026-Sem2
EV010163,RA26110030000067,RA26110030000083,Project,2,2026-Sem1
EV010164,RA26110030000067,RA26110030000084,Social,2,2026-Sem1
EV010165,RA26110030000067,RA26110030000084,Social,1,2025-Sem1
EV010166,RA26110030000067,RA26110030000084,Social,1,2026-Sem2
EV010167,RA26110030000067,RA26110030000088,Project,3,2026-Sem1
EV010168,RA26110030000067,RA26110290000074,Cross-Department,1,2026-Sem2
EV010169,RA26110030000067,RA26110290000074,Cross-Department,1,2025-Sem1
EV010170,RA26110030000067,RA26110560000083,Cross-Department,2,2026-Sem1
EV010171,RA26110030000067,RA26110560000083,Cross-Department,5,2026-Sem2
EV010172,RA26110030000068,RA26110030000069,Academic,3,2026-Sem2
EV010173,RA26110030000068,RA26110030000069,Academic,2,2026-Sem2
EV010174,RA26110030000068,RA26110030000069,Academic,1,2026-Sem2
EV010175,RA26110030000068,RA26110030000076,Academic,1,2025-Sem1
EV010176,RA26110030000068,RA26110030000076,Academic,2,2026-Sem2
EV010177,RA26110030000068,RA26110030000079,Project,2,2026-Sem1
EV010178,RA26110030000068,RA26110030000079,Project,1,2026-Sem1
EV010179,RA26110030000068,RA26110030000080,Social,2,2026-Sem1
EV010180,RA26110030000068,RA26110030000083,Event,1,2026-Sem2
EV010181,RA26110030000068,RA26110030000084,Academic,1,2026-Sem1
EV010182,RA26110030000068,RA26110030000084,Academic,3,2026-Sem1
EV010183,RA26110030000068,RA26110030000084,Academic,1,2026-Sem1
EV010184,RA26110030000068,RA26110030000084,Academic,1,2026-Sem2
EV010185,RA26110030000068,RA26110030000084,Academic,4,2026-Sem2
EV010186,RA26110030000068,RA26110030000086,Project,1,2026-Sem1
EV010187,RA26110030000068,RA26110030000086,Project,1,2025-Sem1
EV010188,RA26110030000068,RA26110290000074,Cross-Department,3,2025-Sem1
EV010189,RA26110030000068,RA26110290000074,Cross-Department,1,2025-Sem1
EV010190,RA26110030000068,RA26110290000085,Cross-Department,3,2025-Sem1
EV010191,RA26110030000068,RA26110290000085,Cross-Department,1,2026-Sem2
EV010192,RA26110030000068,RA26110290000085,Cross-Department,2,2026-Sem2
EV010193,RA26110030000069,RA26110030000070,Event,1,2026-Sem1
EV010194,RA26110030000069,RA26110030000070,Event,2,2026-Sem1
EV010195,RA26110030000069,RA26110030000071,Club,1,2025-Sem1
EV010196,RA26110030000069,RA26110030000071,Club,1,2026-Sem1
EV010197,RA26110030000069,RA26110030000071,Club,1,2026-Sem2
EV010198,RA26110030000069,RA26110030000071,Club,3,2025-Sem1
EV010199,RA26110030000069,RA26110030000071,Club,2,2026-Sem1
EV010200,RA26110030000069,RA26110030000071,Club,1,2026-Sem2
EV010201,RA26110030000069,RA26110030000073,Club,2,2026-Sem2
EV010202,RA26110030000069,RA26110030000075,Club,1,2026-Sem2
EV010203,RA26110030000069,RA26110030000076,Social,1,2026-Sem1
EV010204,RA26110030000069,RA26110030000076,Social,3,2026-Sem1
EV010205,RA26110030000069,RA26110030000077,Academic,1,2026-Sem1
EV010206,RA26110030000069,RA26110030000077,Academic,4,2025-Sem1
EV010207,RA26110030000069,RA26110030000077,Academic,1,2026-Sem1
EV010208,RA26110030000069,RA26110030000078,Social,2,2025-Sem1
EV010209,RA26110030000069,RA26110030000083,Social,2,2026-Sem2
EV010210,RA26110030000069,RA26110030000083,Social,1,2025-Sem1
EV010211,RA26110030000069,RA26110290000084,Cross-Department,2,2026-Sem1
EV010212,RA26110030000069,RA26110290000084,Cross-Department,2,2026-Sem1
EV010213,RA26110030000069,RA26110290000084,Cross-Department,2,2025-Sem1
EV010214,RA26110030000069,RA26110290000084,Cross-Department,1,2025-Sem1
EV010215,RA26110030000070,RA26110030000071,Club,2,2026-Sem1
EV010216,RA26110030000070,RA26110030000071,Club,2,2025-Sem1
EV010217,RA26110030000070,RA26110030000071,Club,1,2026-Sem1
EV010218,RA26110030000070,RA26110030000071,Club,1,2025-Sem1
EV010219,RA26110030000070,RA26110030000075,Event,1,2026-Sem1
EV010220,RA26110030000070,RA26110030000075,Event,1,2025-Sem1
EV010221,RA26110030000070,RA26110030000076,Academic,1,2026-Sem1
EV010222,RA26110030000070,RA26110030000076,Academic,3,2025-Sem1
EV010223,RA26110030000070,RA26110030000076,Academic,1,2026-Sem1
EV010224,RA26110030000070,RA26110030000079,Project,1,2026-Sem2
EV010225,RA26110030000070,RA26110030000083,Club,1,2025-Sem1
EV010226,RA26110030000070,RA26110030000083,Club,1,2025-Sem1
EV010227,RA26110030000070,RA26110030000083,Club,2,2026-Sem1
EV010228,RA26110030000070,RA26110030000083,Club,2,2025-Sem1
EV010229,RA26110030000070,RA26110030000083,Club,1,2026-Sem1
EV010230,RA26110030000070,RA26110030000084,Event,1,2026-Sem1
EV010231,RA26110030000070,RA26110030000085,Event,1,2025-Sem1
EV010232,RA26110030000070,RA26110030000085,Event,1,2026-Sem2
EV010233,RA26110030000070,RA26110030000087,Social,1,2025-Sem1
EV010234,RA26110030000070,RA26110290000081,Cross-Department,1,2026-Sem1
EV010235,RA26110030000070,RA26110290000081,Cross-Department,4,2025-Sem1
EV010236,RA26110030000070,RA26110300000075,Cross-Department,2,2025-Sem1
EV010237,RA26110030000070,RA26110300000075,Cross-Department,4,2026-Sem2
EV010238,RA26110030000070,RA26110560000067,Cross-Department,1,2026-Sem2
EV010239,RA26110030000070,RA26110560000067,Cross-Department,3,2025-Sem1
EV010240,RA26110030000070,RA26110560000067,Cross-Department,1,2026-Sem2
EV010241,RA26110030000070,RA26110560000087,Cross-Department,3,2026-Sem2
EV010242,RA26110030000071,RA26110030000072,Project,2,2026-Sem1
EV010243,RA26110030000071,RA26110030000079,Social,1,2026-Sem1
EV010244,RA26110030000071,RA26110030000081,Academic,2,2026-Sem1
EV010245,RA26110030000071,RA26110030000081,Academic,2,2025-Sem1
EV010246,RA26110030000071,RA26110030000082,Academic,1,2026-Sem2
EV010247,RA26110030000071,RA26110030000083,Academic,1,2025-Sem1
EV010248,RA26110030000071,RA26110030000083,Academic,1,2025-Sem1
EV010249,RA26110030000071,RA26110030000085,Event,2,2026-Sem2
EV010250,RA26110030000071,RA26110030000088,Social,1,2025-Sem1
EV010251,RA26110030000071,RA26110030000088,Social,2,2026-Sem1
EV010252,RA26110030000071,RA26110290000070,Cross-Department,2,2026-Sem2
EV010253,RA26110030000071,RA26110290000070,Cross-Department,2,2025-Sem1
EV010254,RA26110030000071,RA26110290000070,Cross-Department,1,2026-Sem2
EV010255,RA26110030000071,RA26110290000070,Cross-Department,1,2026-Sem1
EV010256,RA26110030000071,RA26110290000088,Cross-Department,1,2025-Sem1
EV010257,RA26110030000071,RA26110290000088,Cross-Department,2,2025-Sem1
EV010258,RA26110030000071,RA26110300000077,Cross-Department,1,2026-Sem2
EV010259,RA26110030000071,RA26110300000077,Cross-Department,4,2026-Sem1
EV010260,RA26110030000072,RA26110030000073,Project,1,2026-Sem2
EV010261,RA26110030000072,RA26110030000073,Project,2,2025-Sem1
EV010262,RA26110030000072,RA26110030000073,Project,2,2025-Sem1
EV010263,RA26110030000072,RA26110030000073,Project,1,2026-Sem1
EV010264,RA26110030000072,RA26110030000073,Project,1,2025-Sem1
EV010265,RA26110030000072,RA26110030000075,Academic,1,2025-Sem1
EV010266,RA26110030000072,RA26110030000075,Academic,1,2026-Sem1
EV010267,RA26110030000072,RA26110030000075,Academic,3,2026-Sem1
EV010268,RA26110030000072,RA26110030000075,Academic,1,2026-Sem2
EV010269,RA26110030000072,RA26110030000079,Social,2,2025-Sem1
EV010270,RA26110030000072,RA26110030000081,Academic,1,2025-Sem1
EV010271,RA26110030000072,RA26110030000081,Academic,3,2026-Sem1
EV010272,RA26110030000072,RA26110030000081,Academic,1,2025-Sem1
EV010273,RA26110030000072,RA26110290000073,Cross-Department,1,2025-Sem1
EV010274,RA26110030000072,RA26110290000073,Cross-Department,2,2026-Sem1
EV010275,RA26110030000072,RA26110290000073,Cross-Department,1,2026-Sem1
EV010276,RA26110030000072,RA26110290000073,Cross-Department,2,2026-Sem1
EV010277,RA26110030000072,RA26110290000079,Cross-Department,1,2026-Sem2
EV010278,RA26110030000072,RA26110290000079,Cross-Department,2,2026-Sem1
EV010279,RA26110030000072,RA26110290000079,Cross-Department,2,2025-Sem1
EV010280,RA26110030000072,RA26110290000080,Cross-Department,2,2026-Sem2
EV010281,RA26110030000072,RA26110290000080,Cross-Department,1,2026-Sem2
EV010282,RA26110030000072,RA26110290000080,Cross-Department,1,2025-Sem1
EV010283,RA26110030000072,RA26110540000082,Cross-Department,5,2025-Sem1
EV010284,RA26110030000072,RA26110540000082,Cross-Department,3,2026-Sem1
EV010285,RA26110030000072,RA26110540000082,Cross-Department,1,2026-Sem1
EV010286,RA26110030000072,RA26110540000082,Cross-Department,1,2026-Sem2
EV010287,RA26110030000072,RA26110540000082,Cross-Department,2,2025-Sem1
EV010288,RA26110030000072,RA26110540000082,Cross-Department,2,2026-Sem2
EV010289,RA26110030000073,RA26110030000074,Event,1,2025-Sem1
EV010290,RA26110030000073,RA26110030000074,Event,2,2026-Sem2
EV010291,RA26110030000073,RA26110030000081,Project,1,2025-Sem1
EV010292,RA26110030000073,RA26110030000081,Project,3,2026-Sem2
EV010293,RA26110030000073,RA26110030000084,Academic,1,2025-Sem1
EV010294,RA26110030000073,RA26110030000084,Academic,1,2025-Sem1
EV010295,RA26110030000073,RA26110030000084,Academic,1,2026-Sem2
EV010296,RA26110030000073,RA26110030000086,Academic,2,2025-Sem1
EV010297,RA26110030000073,RA26110030000086,Academic,2,2025-Sem1
EV010298,RA26110030000073,RA26110030000087,Event,2,2026-Sem1
EV010299,RA26110030000073,RA26110030000087,Event,1,2025-Sem1
EV010300,RA26110030000073,RA26110560000072,Cross-Department,3,2026-Sem2
EV010301,RA26110030000074,RA26110030000075,Project,2,2025-Sem1
EV010302,RA26110030000074,RA26110030000076,Event,2,2026-Sem2
EV010303,RA26110030000074,RA26110030000076,Event,1,2025-Sem1
EV010304,RA26110030000074,RA26110030000079,Academic,3,2026-Sem2
EV010305,RA26110030000074,RA26110030000083,Social,1,2025-Sem1
EV010306,RA26110030000074,RA26110030000084,Social,2,2026-Sem1
EV010307,RA26110030000074,RA26110030000084,Social,1,2026-Sem2
EV010308,RA26110030000074,RA26110030000084,Social,1,2026-Sem2
EV010309,RA26110030000074,RA26110030000085,Academic,1,2026-Sem2
EV010310,RA26110030000074,RA26110030000085,Academic,2,2025-Sem1
EV010311,RA26110030000074,RA26110030000086,Club,2,2026-Sem1
EV010312,RA26110030000074,RA26110030000086,Club,1,2026-Sem1
EV010313,RA26110030000074,RA26110030000086,Club,1,2026-Sem1
EV010314,RA26110030000074,RA26110030000086,Club,1,2025-Sem1
EV010315,RA26110030000074,RA26110030000087,Social,1,2026-Sem1
EV010316,RA26110030000075,RA26110030000076,Academic,1,2026-Sem1
EV010317,RA26110030000075,RA26110030000076,Academic,2,2026-Sem2
EV010318,RA26110030000075,RA26110030000077,Academic,1,2025-Sem1
EV010319,RA26110030000075,RA26110030000078,Club,1,2025-Sem1
EV010320,RA26110030000075,RA26110030000078,Club,3,2025-Sem1
EV010321,RA26110030000075,RA26110030000078,Club,4,2026-Sem1
EV010322,RA26110030000075,RA26110030000081,Project,1,2026-Sem1
EV010323,RA26110030000075,RA26110030000082,Event,1,2025-Sem1
EV010324,RA26110030000075,RA26110030000082,Event,1,2025-Sem1
EV010325,RA26110030000075,RA26110030000083,Club,1,2026-Sem2
EV010326,RA26110030000075,RA26110030000087,Academic,1,2026-Sem1
EV010327,RA26110030000075,RA26110030000087,Academic,1,2025-Sem1
EV010328,RA26110030000075,RA26110030000087,Academic,1,2026-Sem2
EV010329,RA26110030000075,RA26110030000087,Academic,3,2026-Sem2
EV010330,RA26110030000075,RA26110030000088,Academic,1,2025-Sem1
EV010331,RA26110030000075,RA26110030000088,Academic,1,2026-Sem2
EV010332,RA26110030000075,RA26110280000087,Cross-Department,1,2026-Sem1
EV010333,RA26110030000075,RA26110280000087,Cross-Department,1,2026-Sem1
EV010334,RA26110030000075,RA26110280000087,Cross-Department,4,2026-Sem2
EV010335,RA26110030000075,RA26110540000074,Cross-Department,1,2025-Sem1
EV010336,RA26110030000075,RA26110540000074,Cross-Department,2,2026-Sem2
EV010337,RA26110030000075,RA26110540000078,Cross-Department,1,2025-Sem1
EV010338,RA26110030000075,RA26110540000078,Cross-Department,1,2026-Sem2
EV010339,RA26110030000075,RA26110540000078,Cross-Department,2,2026-Sem2
EV010340,RA26110030000075,RA26110540000078,Cross-Department,2,2026-Sem1
EV010341,RA26110030000075,RA26110540000078,Cross-Department,2,2025-Sem1
EV010342,RA26110030000075,RA26110540000078,Cross-Department,1,2025-Sem1
EV010343,RA26110030000076,RA26110030000077,Social,2,2026-Sem1
EV010344,RA26110030000076,RA26110030000079,Club,1,2026-Sem2
EV010345,RA26110030000076,RA26110030000085,Event,1,2025-Sem1
EV010346,RA26110030000076,RA26110030000085,Event,2,2026-Sem1
EV010347,RA26110030000076,RA26110030000085,Event,1,2025-Sem1
EV010348,RA26110030000076,RA26110030000085,Event,1,2025-Sem1
EV010349,RA26110030000076,RA26110560000082,Cross-Department,1,2025-Sem1
EV010350,RA26110030000076,RA26110560000082,Cross-Department,1,2026-Sem2
EV010351,RA26110030000076,RA26110560000082,Cross-Department,3,2026-Sem2
EV010352,RA26110030000077,RA26110030000078,Event,2,2026-Sem2
EV010353,RA26110030000077,RA26110030000078,Event,2,2025-Sem1
EV010354,RA26110030000077,RA26110030000078,Event,3,2026-Sem1
EV010355,RA26110030000077,RA26110030000078,Event,2,2025-Sem1
EV010356,RA26110030000077,RA26110030000078,Event,2,2025-Sem1
EV010357,RA26110030000077,RA26110030000078,Event,1,2026-Sem2
EV010358,RA26110030000077,RA26110030000083,Event,2,2026-Sem1
EV010359,RA26110030000077,RA26110030000083,Event,1,2026-Sem2
EV010360,RA26110030000077,RA26110030000083,Event,2,2026-Sem1
EV010361,RA26110030000077,RA26110030000083,Event,1,2026-Sem1
EV010362,RA26110030000077,RA26110030000085,Event,4,2025-Sem1
EV010363,RA26110030000077,RA26110030000087,Academic,3,2026-Sem1
EV010364,RA26110030000077,RA26110030000087,Academic,1,2025-Sem1
EV010365,RA26110030000077,RA26110030000088,Club,2,2026-Sem1
EV010366,RA26110030000077,RA26110540000080,Cross-Department,4,2026-Sem2
EV010367,RA26110030000078,RA26110030000079,Project,1,2025-Sem1
EV010368,RA26110030000078,RA26110030000081,Event,2,2026-Sem1
EV010369,RA26110030000078,RA26110030000081,Event,1,2026-Sem2
EV010370,RA26110030000078,RA26110030000081,Event,3,2026-Sem1
EV010371,RA26110030000078,RA26110030000081,Event,1,2026-Sem1
EV010372,RA26110030000078,RA26110030000082,Event,1,2026-Sem2
EV010373,RA26110030000078,RA26110030000084,Social,5,2025-Sem1
EV010374,RA26110030000078,RA26110030000086,Project,3,2026-Sem2
EV010375,RA26110030000078,RA26110030000086,Project,2,2025-Sem1
EV010376,RA26110030000078,RA26110300000086,Cross-Department,2,2026-Sem2
EV010377,RA26110030000078,RA26110300000086,Cross-Department,1,2025-Sem1
EV010378,RA26110030000078,RA26110540000067,Cross-Department,4,2026-Sem1
EV010379,RA26110030000078,RA26110540000067,Cross-Department,1,2026-Sem1
EV010380,RA26110030000078,RA26110540000067,Cross-Department,1,2025-Sem1
EV010381,RA26110030000078,RA26110540000081,Cross-Department,1,2026-Sem2
EV010382,RA26110030000078,RA26110540000081,Cross-Department,3,2026-Sem2
EV010383,RA26110030000078,RA26110540000087,Cross-Department,2,2026-Sem1
EV010384,RA26110030000078,RA26110540000087,Cross-Department,3,2026-Sem1
EV010385,RA26110030000078,RA26110540000087,Cross-Department,3,2025-Sem1
EV010386,RA26110030000079,RA26110030000080,Social,1,2026-Sem2
EV010387,RA26110030000079,RA26110030000080,Social,1,2026-Sem2
EV010388,RA26110030000079,RA26110030000080,Social,1,2025-Sem1
EV010389,RA26110030000079,RA26110030000080,Social,3,2026-Sem2
EV010390,RA26110030000079,RA26110030000085,Academic,3,2025-Sem1
EV010391,RA26110030000079,RA26110030000086,Social,1,2026-Sem1
EV010392,RA26110030000079,RA26110030000086,Social,5,2026-Sem2
EV010393,RA26110030000079,RA26110030000086,Social,1,2026-Sem1
EV010394,RA26110030000079,RA26110030000086,Social,1,2026-Sem1
EV010395,RA26110030000079,RA26110030000086,Social,1,2026-Sem1
EV010396,RA26110030000079,RA26110030000088,Social,3,2026-Sem1
EV010397,RA26110030000079,RA26110030000088,Social,2,2025-Sem1
EV010398,RA26110030000079,RA26110280000069,Cross-Department,1,2025-Sem1
EV010399,RA26110030000079,RA26110280000069,Cross-Department,3,2026-Sem1
EV010400,RA26110030000079,RA26110280000069,Cross-Department,1,2026-Sem2
EV010401,RA26110030000079,RA26110280000069,Cross-Department,1,2025-Sem1
EV010402,RA26110030000079,RA26110540000067,Cross-Department,2,2025-Sem1
EV010403,RA26110030000079,RA26110540000067,Cross-Department,5,2025-Sem1
EV010404,RA26110030000080,RA26110030000081,Club,1,2026-Sem2
EV010405,RA26110030000080,RA26110030000082,Academic,1,2026-Sem2
EV010406,RA26110030000080,RA26110030000082,Academic,1,2026-Sem1
EV010407,RA26110030000080,RA26110030000082,Academic,1,2026-Sem2
EV010408,RA26110030000080,RA26110030000082,Academic,1,2025-Sem1
EV010409,RA26110030000080,RA26110030000082,Academic,2,2026-Sem1
