edge_id,registration_number_1,registration_number_2,interaction_count,interaction_type
E00001,RA23110030000001,RA23110030000002,5,Club
E00002,RA23110030000001,RA23110030000003,3,Event
E00003,RA23110030000001,RA23110030000007,2,Club
E00004,RA23110030000001,RA23110030000008,5,Club
E00005,RA23110030000001,RA23110030000017,1,Club
E00006,RA23110030000001,RA23110030000018,4,Event
E00007,RA23110030000001,RA23110030000019,5,Club
E00008,RA23110030000001,RA23110030000022,3,Project
E00009,RA23110030000001,RA23110290000003,2,Cross-Department
E00010,RA23110030000001,RA23110300000002,5,Cross-Department
E00011,RA23110030000001,RA23110300000022,4,Cross-Department
E00012,RA23110030000001,RA24110030000023,7,Event
E00013,RA23110030000001,RA24110290000028,3,Cross-Department
E00014,RA23110030000001,RA25110030000055,6,Event
E00015,RA23110030000001,RA25110030000058,3,Academic
E00016,RA23110030000001,RA25110030000060,5,Academic
E00017,RA23110030000001,RA25110290000053,3,Cross-Department
E00018,RA23110030000001,RA26110300000087,5,Cross-Department
E00019,RA23110030000001,RA26110540000088,2,Cross-Department
E00020,RA23110030000002,RA23110030000003,3,Academic
E00021,RA23110030000002,RA23110030000006,1,Club
E00022,RA23110030000002,RA23110030000007,3,Project
E00023,RA23110030000002,RA23110030000013,1,Event
E00024,RA23110030000002,RA23110030000014,6,Project
E00025,RA23110030000002,RA23110030000016,2,Project
E00026,RA23110030000002,RA23110030000021,3,Event
E00027,RA23110030000002,RA23110280000021,2,Cross-Department
E00028,RA23110030000002,RA24110030000043,1,Project
E00029,RA23110030000002,RA24110280000031,2,Cross-Department
E00030,RA23110030000002,RA24110300000025,4,Cross-Department
E00031,RA23110030000002,RA25110030000052,5,Project
E00032,RA23110030000002,RA26110290000078,2,Cross-Department
E00033,RA23110030000002,RA26110300000076,6,Cross-Department
E00034,RA23110030000002,RA26110560000077,4,Cross-Department
E00035,RA23110030000003,RA23110030000004,1,Club
E00036,RA23110030000003,RA23110030000005,2,Project
E00037,RA23110030000003,RA23110030000010,2,Social
E00038,RA23110030000003,RA23110030000016,2,Club
E00039,RA23110030000003,RA23110030000021,4,Project
E00040,RA23110030000003,RA23110030000022,2,Academic
E00041,RA23110030000003,RA23110300000005,3,Cross-Department
E00042,RA23110030000003,RA23110560000017,6,Cross-Department
E00043,RA23110030000003,RA24110030000038,3,Social
E00044,RA23110030000003,RA24110290000023,4,Cross-Department
E00045,RA23110030000003,RA24110290000026,8,Cross-Department
E00046,RA23110030000003,RA24110290000034,4,Cross-Department
E00047,RA23110030000003,RA24110300000041,7,Cross-Department
E00048,RA23110030000003,RA24110560000026,3,Cross-Department
E00049,RA23110030000003,RA25110290000054,3,Cross-Department
E00050,RA23110030000003,RA25110300000054,3,Cross-Department
E00051,RA23110030000003,RA26110280000074,5,Cross-Department
E00052,RA23110030000003,RA26110300000077,6,Cross-Department
E00053,RA23110030000003,RA26110560000075,4,Cross-Department
E00054,RA23110030000004,RA23110030000005,3,Social
E00055,RA23110030000004,RA23110030000006,1,Project
E00056,RA23110030000004,RA23110030000007,9,Club
E00057,RA23110030000004,RA23110030000010,1,Academic
E00058,RA23110030000004,RA23110030000014,3,Event
E00059,RA23110030000004,RA23110030000019,6,Project
E00060,RA23110030000004,RA23110300000003,3,Cross-Department
E00061,RA23110030000004,RA23110300000018,8,Cross-Department
E00062,RA23110030000004,RA23110560000022,4,Cross-Department
E00063,RA23110030000004,RA24110030000041,2,Event
E00064,RA23110030000004,RA24110030000043,1,Club
E00065,RA23110030000004,RA24110290000043,8,Cross-Department
E00066,RA23110030000004,RA24110300000033,3,Cross-Department
E00067,RA23110030000004,RA24110540000039,7,Cross-Department
E00068,RA23110030000004,RA25110030000066,2,Academic
E00069,RA23110030000004,RA25110540000061,3,Cross-Department
E00070,RA23110030000004,RA25110560000047,6,Cross-Department
E00071,RA23110030000004,RA25110560000050,4,Cross-Department
E00072,RA23110030000004,RA25110560000059,4,Cross-Department
E00073,RA23110030000004,RA26110280000084,6,Cross-Department
E00074,RA23110030000005,RA23110030000006,3,Club
E00075,RA23110030000005,RA23110030000008,2,Social
E00076,RA23110030000005,RA23110030000009,2,Event
E00077,RA23110030000005,RA23110030000014,2,Project
E00078,RA23110030000005,RA23110030000015,4,Event
E00079,RA23110030000005,RA23110030000016,5,Academic
E00080,RA23110030000005,RA23110030000019,3,Social
E00081,RA23110030000005,RA23110280000005,3,Cross-Department
E00082,RA23110030000005,RA23110540000018,6,Cross-Department
E00083,RA23110030000005,RA24110290000027,5,Cross-Department
E00084,RA23110030000005,RA24110290000031,6,Cross-Department
E00085,RA23110030000005,RA25110030000063,4,Social
E00086,RA23110030000005,RA25110290000057,3,Cross-Department
E00087,RA23110030000005,RA25110540000065,2,Cross-Department
E00088,RA23110030000005,RA26110030000070,3,Event
E00089,RA23110030000005,RA26110540000088,3,Cross-Department
E00090,RA23110030000006,RA23110030000007,4,Social
E00091,RA23110030000006,RA23110030000008,1,Project
E00092,RA23110030000006,RA23110030000016,2,Project
E00093,RA23110030000006,RA23110030000018,1,Project
E00094,RA23110030000006,RA23110280000002,4,Cross-Department
E00095,RA23110030000006,RA23110300000002,4,Cross-Department
E00096,RA23110030000006,RA24110300000039,3,Cross-Department
E00097,RA23110030000006,RA24110540000033,2,Cross-Department
E00098,RA23110030000006,RA24110560000035,3,Cross-Department
E00099,RA23110030000006,RA25110030000050,7,Academic
E00100,RA23110030000006,RA25110280000063,7,Cross-Department
E00101,RA23110030000006,RA25110300000059,2,Cross-Department
E00102,RA23110030000006,RA25110300000060,5,Cross-Department
E00103,RA23110030000006,RA25110560000056,8,Cross-Department
E00104,RA23110030000006,RA26110030000081,2,Social
E00105,RA23110030000006,RA26110280000077,4,Cross-Department
E00106,RA23110030000006,RA26110290000079,3,Cross-Department
E00107,RA23110030000007,RA23110030000008,2,Social
E00108,RA23110030000007,RA23110030000013,2,Academic
E00109,RA23110030000007,RA23110030000014,9,Social
E00110,RA23110030000007,RA23110030000016,2,Club
E00111,RA23110030000007,RA23110030000020,3,Club
E00112,RA23110030000007,RA23110030000021,3,Project
E00113,RA23110030000007,RA23110290000019,5,Cross-Department
E00114,RA23110030000007,RA23110300000007,6,Cross-Department
E00115,RA23110030000007,RA23110540000012,3,Cross-Department
E00116,RA23110030000007,RA24110290000035,3,Cross-Department
E00117,RA23110030000007,RA24110560000038,3,Cross-Department
E00118,RA23110030000007,RA25110290000056,6,Cross-Department
E00119,RA23110030000007,RA25110540000045,6,Cross-Department
E00120,RA23110030000007,RA25110560000050,5,Cross-Department
E00121,RA23110030000007,RA26110030000077,6,Project
E00122,RA23110030000007,RA26110290000074,3,Cross-Department
E00123,RA23110030000007,RA26110300000081,2,Cross-Department
E00124,RA23110030000008,RA23110030000009,2,Project
E00125,RA23110030000008,RA23110030000010,4,Club
E00126,RA23110030000008,RA23110030000011,3,Event
E00127,RA23110030000008,RA23110030000013,2,Academic
E00128,RA23110030000008,RA23110030000019,6,Event
E00129,RA23110030000008,RA23110030000020,4,Club
E00130,RA23110030000008,RA23110290000010,3,Cross-Department
E00131,RA23110030000008,RA23110560000005,7,Cross-Department
E00132,RA23110030000008,RA23110560000015,5,Cross-Department
E00133,RA23110030000008,RA24110280000024,2,Cross-Department
E00134,RA23110030000008,RA24110290000028,4,Cross-Department
E00135,RA23110030000008,RA24110540000023,4,Cross-Department
E00136,RA23110030000008,RA24110540000038,4,Cross-Department
E00137,RA23110030000008,RA25110030000064,4,Academic
E00138,RA23110030000008,RA25110280000064,3,Cross-Department
E00139,RA23110030000008,RA25110300000063,5,Cross-Department
E00140,RA23110030000008,RA26110030000084,4,Project
E00141,RA23110030000008,RA26110300000084,5,Cross-Department
E00142,RA23110030000009,RA23110030000010,2,Project
E00143,RA23110030000009,RA23110030000014,2,Event
E00144,RA23110030000009,RA23110030000015,4,Project
E00145,RA23110030000009,RA23110030000017,6,Social
E00146,RA23110030000009,RA23110030000020,7,Event
E00147,RA23110030000009,RA23110300000021,7,Cross-Department
E00148,RA23110030000009,RA23110560000003,4,Cross-Department
E00149,RA23110030000009,RA23110560000008,3,Cross-Department
E00150,RA23110030000009,RA24110300000023,3,Cross-Department
E00151,RA23110030000009,RA25110540000062,6,Cross-Department
E00152,RA23110030000009,RA26110290000075,4,Cross-Department
E00153,RA23110030000009,RA26110560000077,2,Cross-Department
E00154,RA23110030000010,RA23110030000011,4,Club
E00155,RA23110030000010,RA23110030000014,3,Club
E00156,RA23110030000010,RA23110030000018,5,Academic
E00157,RA23110030000010,RA23110030000019,2,Academic
E00158,RA23110030000010,RA23110030000020,3,Social
E00159,RA23110030000010,RA23110030000022,5,Project
E00160,RA23110030000010,RA23110540000002,7,Cross-Department
E00161,RA23110030000010,RA23110540000009,4,Cross-Department
E00162,RA23110030000010,RA24110280000035,7,Cross-Department
E00163,RA23110030000010,RA24110290000036,5,Cross-Department
E00164,RA23110030000010,RA25110540000066,4,Cross-Department
E00165,RA23110030000010,RA26110290000087,9,Cross-Department
E00166,RA23110030000011,RA23110030000012,1,Club
E00167,RA23110030000011,RA23110030000013,3,Academic
E00168,RA23110030000011,RA23110030000014,4,Social
E00169,RA23110030000011,RA23110030000016,1,Project
E00170,RA23110030000011,RA23110030000018,3,Club
E00171,RA23110030000011,RA23110030000019,1,Club
E00172,RA23110030000011,RA23110030000020,4,Academic
E00173,RA23110030000011,RA23110030000021,2,Event
E00174,RA23110030000011,RA23110290000003,2,Cross-Department
E00175,RA23110030000011,RA23110560000010,4,Cross-Department
E00176,RA23110030000011,RA24110280000034,3,Cross-Department
E00177,RA23110030000011,RA25110540000063,8,Cross-Department
E00178,RA23110030000011,RA26110030000073,2,Club
E00179,RA23110030000011,RA26110280000071,6,Cross-Department
E00180,RA23110030000011,RA26110280000081,6,Cross-Department
E00181,RA23110030000011,RA26110560000069,4,Cross-Department
E00182,RA23110030000012,RA23110030000013,2,Event
E00183,RA23110030000012,RA23110030000016,3,Academic
E00184,RA23110030000012,RA23110030000018,14,Project
E00185,RA23110030000012,RA23110030000019,6,Event
E00186,RA23110030000012,RA23110030000021,3,Club
E00187,RA23110030000012,RA23110030000022,2,Club
E00188,RA23110030000012,RA23110280000006,3,Cross-Department
E00189,RA23110030000012,RA23110300000007,4,Cross-Department
E00190,RA23110030000012,RA23110560000001,7,Cross-Department
E00191,RA23110030000012,RA24110290000037,6,Cross-Department
E00192,RA23110030000012,RA24110560000044,5,Cross-Department
E00193,RA23110030000012,RA25110030000050,4,Social
E00194,RA23110030000012,RA25110280000056,4,Cross-Department
E00195,RA23110030000012,RA25110290000055,4,Cross-Department
E00196,RA23110030000012,RA26110030000070,1,Club
E00197,RA23110030000013,RA23110030000014,3,Academic
E00198,RA23110030000013,RA23110030000016,8,Social
E00199,RA23110030000013,RA23110030000018,3,Club
E00200,RA23110030000013,RA23110560000014,5,Cross-Department
E00201,RA23110030000013,RA24110030000040,3,Social
E00202,RA23110030000013,RA25110030000061,1,Project
E00203,RA23110030000013,RA25110300000050,3,Cross-Department
E00204,RA23110030000013,RA25110560000045,4,Cross-Department
E00205,RA23110030000014,RA23110030000015,3,Social
E00206,RA23110030000014,RA23110030000016,4,Academic
E00207,RA23110030000014,RA23110030000019,1,Event
E00208,RA23110030000014,RA23110290000012,6,Cross-Department
E00209,RA23110030000014,RA23110300000021,4,Cross-Department
E00210,RA23110030000014,RA23110300000022,3,Cross-Department
E00211,RA23110030000014,RA24110030000023,4,Club
E00212,RA23110030000014,RA24110030000027,1,Academic
E00213,RA23110030000014,RA24110030000032,1,Project
E00214,RA23110030000014,RA24110280000041,5,Cross-Department
E00215,RA23110030000014,RA24110290000034,6,Cross-Department
E00216,RA23110030000014,RA25110280000066,14,Cross-Department
E00217,RA23110030000014,RA25110290000046,3,Cross-Department
E00218,RA23110030000014,RA25110290000051,5,Cross-Department
E00219,RA23110030000014,RA25110300000048,7,Cross-Department
E00220,RA23110030000014,RA25110540000055,5,Cross-Department
E00221,RA23110030000014,RA25110560000054,2,Cross-Department
E00222,RA23110030000014,RA26110030000083,4,Event
E00223,RA23110030000014,RA26110290000075,2,Cross-Department
E00224,RA23110030000014,RA26110540000069,14,Cross-Department
E00225,RA23110030000014,RA26110540000085,3,Cross-Department
E00226,RA23110030000014,RA26110560000081,7,Cross-Department
E00227,RA23110030000014,RA26110560000087,5,Cross-Department
E00228,RA23110030000015,RA23110030000016,3,Project
E00229,RA23110030000015,RA23110030000018,3,Club
E00230,RA23110030000015,RA23110290000022,3,Cross-Department
E00231,RA23110030000015,RA24110300000024,3,Cross-Department
E00232,RA23110030000015,RA24110300000025,3,Cross-Department
E00233,RA23110030000015,RA24110540000028,7,Cross-Department
E00234,RA23110030000015,RA25110290000060,4,Cross-Department
E00235,RA23110030000015,RA25110300000063,3,Cross-Department
E00236,RA23110030000015,RA26110290000068,4,Cross-Department
E00237,RA23110030000015,RA26110300000075,8,Cross-Department
E00238,RA23110030000015,RA26110540000081,4,Cross-Department
E00239,RA23110030000015,RA26110560000073,4,Cross-Department
E00240,RA23110030000015,RA26110560000088,2,Cross-Department
E00241,RA23110030000016,RA23110030000017,5,Academic
E00242,RA23110030000016,RA23110030000018,3,Academic
E00243,RA23110030000016,RA23110030000019,2,Event
E00244,RA23110030000016,RA23110030000020,6,Academic
E00245,RA23110030000016,RA23110030000021,3,Project
E00246,RA23110030000016,RA23110280000020,8,Cross-Department
E00247,RA23110030000016,RA23110290000008,4,Cross-Department
E00248,RA23110030000016,RA23110540000014,2,Cross-Department
E00249,RA23110030000016,RA24110540000031,4,Cross-Department
E00250,RA23110030000016,RA24110540000032,9,Cross-Department
E00251,RA23110030000016,RA24110540000043,2,Cross-Department
E00252,RA23110030000016,RA25110030000051,3,Social
E00253,RA23110030000016,RA25110300000045,2,Cross-Department
E00254,RA23110030000016,RA25110300000051,3,Cross-Department
E00255,RA23110030000016,RA25110560000058,3,Cross-Department
E00256,RA23110030000016,RA26110030000088,5,Event
E00257,RA23110030000016,RA26110280000083,5,Cross-Department
E00258,RA23110030000016,RA26110290000075,4,Cross-Department
E00259,RA23110030000016,RA26110300000086,3,Cross-Department
E00260,RA23110030000016,RA26110300000087,6,Cross-Department
E00261,RA23110030000016,RA26110560000078,3,Cross-Department
E00262,RA23110030000017,RA23110030000018,2,Academic
E00263,RA23110030000017,RA23110030000022,4,Social
E00264,RA23110030000017,RA24110030000027,1,Club
E00265,RA23110030000017,RA24110280000042,5,Cross-Department
E00266,RA23110030000017,RA24110560000031,12,Cross-Department
E00267,RA23110030000017,RA25110300000058,7,Cross-Department
E00268,RA23110030000017,RA25110540000060,5,Cross-Department
E00269,RA23110030000017,RA25110560000060,3,Cross-Department
E00270,RA23110030000017,RA26110280000075,2,Cross-Department
E00271,RA23110030000017,RA26110540000071,7,Cross-Department
E00272,RA23110030000018,RA23110030000019,2,Academic
E00273,RA23110030000018,RA23110030000021,1,Club
E00274,RA23110030000018,RA23110280000022,5,Cross-Department
E00275,RA23110030000018,RA23110290000017,5,Cross-Department
E00276,RA23110030000018,RA23110300000004,6,Cross-Department
E00277,RA23110030000018,RA24110030000035,8,Project
E00278,RA23110030000018,RA24110280000031,4,Cross-Department
E00279,RA23110030000018,RA24110290000027,5,Cross-Department
E00280,RA23110030000018,RA24110560000029,8,Cross-Department
E00281,RA23110030000018,RA25110030000051,4,Project
E00282,RA23110030000018,RA25110280000061,5,Cross-Department
E00283,RA23110030000018,RA25110290000054,3,Cross-Department
E00284,RA23110030000018,RA26110030000069,2,Club
E00285,RA23110030000018,RA26110030000083,2,Event
E00286,RA23110030000018,RA26110280000085,8,Cross-Department
E00287,RA23110030000018,RA26110290000068,5,Cross-Department
E00288,RA23110030000018,RA26110540000070,10,Cross-Department
E00289,RA23110030000019,RA23110030000020,4,Academic
E00290,RA23110030000019,RA23110540000022,5,Cross-Department
E00291,RA23110030000019,RA24110030000034,2,Academic
E00292,RA23110030000019,RA24110030000040,2,Event
E00293,RA23110030000019,RA24110280000035,7,Cross-Department
E00294,RA23110030000019,RA24110300000023,6,Cross-Department
E00295,RA23110030000019,RA25110030000047,2,Academic
E00296,RA23110030000019,RA25110030000053,1,Social
E00297,RA23110030000019,RA25110300000064,4,Cross-Department
E00298,RA23110030000019,RA26110280000076,4,Cross-Department
E00299,RA23110030000020,RA23110030000021,3,Social
E00300,RA23110030000020,RA23110290000014,4,Cross-Department
E00301,RA23110030000020,RA23110300000014,5,Cross-Department
E00302,RA23110030000020,RA24110030000042,5,Academic
E00303,RA23110030000020,RA24110290000035,6,Cross-Department
E00304,RA23110030000020,RA24110290000036,4,Cross-Department
E00305,RA23110030000020,RA25110030000048,2,Academic
E00306,RA23110030000020,RA25110290000057,4,Cross-Department
E00307,RA23110030000020,RA25110300000047,7,Cross-Department
E00308,RA23110030000020,RA25110300000049,14,Cross-Department
E00309,RA23110030000020,RA25110540000066,5,Cross-Department
E00310,RA23110030000020,RA26110280000069,5,Cross-Department
E00311,RA23110030000020,RA26110300000081,8,Cross-Department
E00312,RA23110030000021,RA23110030000022,3,Academic
E00313,RA23110030000021,RA23110560000020,6,Cross-Department
E00314,RA23110030000021,RA24110030000027,2,Academic
E00315,RA23110030000021,RA24110560000042,4,Cross-Department
E00316,RA23110030000021,RA25110030000051,3,Academic
E00317,RA23110030000021,RA25110540000054,6,Cross-Department
E00318,RA23110030000021,RA26110030000071,5,Event
E00319,RA23110030000021,RA26110030000085,2,Event
E00320,RA23110030000021,RA26110540000082,4,Cross-Department
E00321,RA23110030000022,RA23110290000003,3,Cross-Department
E00322,RA23110030000022,RA23110300000019,7,Cross-Department
E00323,RA23110030000022,RA23110540000007,5,Cross-Department
E00324,RA23110030000022,RA23110560000015,3,Cross-Department
E00325,RA23110030000022,RA24110030000026,1,Project
E00326,RA23110030000022,RA24110030000040,2,Project
E00327,RA23110030000022,RA24110300000035,5,Cross-Department
E00328,RA23110030000022,RA24110300000044,2,Cross-Department
E00329,RA23110030000022,RA24110540000033,3,Cross-Department
E00330,RA23110030000022,RA25110030000052,3,Club
E00331,RA23110030000022,RA25110280000062,7,Cross-Department
E00332,RA23110030000022,RA25110290000047,5,Cross-Department
E00333,RA23110030000022,RA25110290000058,4,Cross-Department
E00334,RA23110030000022,RA26110030000077,3,Academic
E00335,RA23110030000022,RA26110540000069,5,Cross-Department
E00336,RA23110030000022,RA26110540000077,6,Cross-Department
E00337,RA23110270000001,RA23110270000002,4,Event
E00338,RA23110270000001,RA23110270000003,12,Academic
E00339,RA23110270000001,RA23110270000009,1,Project
E00340,RA23110270000001,RA23110270000013,9,Academic
E00341,RA23110270000001,RA23110270000014,6,Social
E00342,RA23110270000001,RA23110270000015,2,Academic
E00343,RA23110270000001,RA23110270000016,2,Social
E00344,RA23110270000001,RA23110270000020,14,Club
E00345,RA23110270000001,RA23110270000022,4,Project
E00346,RA23110270000001,RA23110540000017,4,Cross-Department
E00347,RA23110270000001,RA24110270000023,1,Academic
E00348,RA23110270000001,RA24110270000024,1,Event
E00349,RA23110270000001,RA24110270000031,3,Academic
E00350,RA23110270000001,RA24110560000030,3,Cross-Department
E00351,RA23110270000001,RA25110540000059,4,Cross-Department
E00352,RA23110270000001,RA25110540000066,3,Cross-Department
E00353,RA23110270000001,RA26110270000084,2,Social
E00354,RA23110270000001,RA26110540000085,4,Cross-Department
E00355,RA23110270000002,RA23110270000003,12,Project
E00356,RA23110270000002,RA23110270000004,1,Project
E00357,RA23110270000002,RA23110270000008,3,Project
E00358,RA23110270000002,RA23110270000014,1,Project
E00359,RA23110270000002,RA23110270000015,4,Social
E00360,RA23110270000002,RA23110270000017,4,Club
E00361,RA23110270000002,RA23110270000019,4,Club
E00362,RA23110270000002,RA23110270000021,2,Social
E00363,RA23110270000002,RA23110270000022,1,Club
E00364,RA23110270000002,RA24110560000025,3,Cross-Department
E00365,RA23110270000002,RA26110270000077,2,Academic
E00366,RA23110270000002,RA26110560000079,4,Cross-Department
E00367,RA23110270000003,RA23110270000004,5,Academic
E00368,RA23110270000003,RA23110270000006,5,Event
E00369,RA23110270000003,RA23110270000008,4,Club
E00370,RA23110270000003,RA23110270000011,6,Event
E00371,RA23110270000003,RA23110270000013,3,Event
E00372,RA23110270000003,RA23110270000017,4,Academic
E00373,RA23110270000003,RA23110270000020,1,Project
E00374,RA23110270000003,RA23110270000021,1,Event
E00375,RA23110270000003,RA23110270000022,5,Academic
E00376,RA23110270000003,RA25110540000061,3,Cross-Department
E00377,RA23110270000003,RA25110540000063,4,Cross-Department
E00378,RA23110270000003,RA26110300000079,7,Cross-Department
E00379,RA23110270000004,RA23110270000005,2,Event
E00380,RA23110270000004,RA23110270000007,2,Academic
E00381,RA23110270000004,RA23110270000008,5,Project
E00382,RA23110270000004,RA23110270000015,5,Academic
E00383,RA23110270000004,RA23110270000016,4,Academic
E00384,RA23110270000004,RA23110270000022,8,Club
E00385,RA23110270000004,RA24110540000026,6,Cross-Department
E00386,RA23110270000004,RA25110540000060,5,Cross-Department
E00387,RA23110270000004,RA25110560000058,2,Cross-Department
E00388,RA23110270000005,RA23110270000006,2,Project
E00389,RA23110270000005,RA23110270000010,2,Project
E00390,RA23110270000005,RA23110270000012,3,Project
E00391,RA23110270000005,RA23110270000014,2,Club
E00392,RA23110270000005,RA23110270000016,4,Project
E00393,RA23110270000005,RA23110270000017,4,Project
E00394,RA23110270000005,RA23110270000021,3,Event
E00395,RA23110270000005,RA23110560000013,4,Cross-Department
E00396,RA23110270000005,RA24110270000044,3,Project
E00397,RA23110270000005,RA24110540000039,6,Cross-Department
E00398,RA23110270000005,RA25110270000047,4,Social
E00399,RA23110270000005,RA25110270000058,6,Social
E00400,RA23110270000005,RA25110540000049,6,Cross-Department
E00401,RA23110270000005,RA26110560000083,6,Cross-Department
E00402,RA23110270000006,RA23110270000007,4,Social
E00403,RA23110270000006,RA23110270000008,9,Academic
E00404,RA23110270000006,RA23110270000009,2,Social
E00405,RA23110270000006,RA23110270000010,2,Event
E00406,RA23110270000006,RA23110270000012,5,Event
E00407,RA23110270000006,RA23110270000013,2,Project
E00408,RA23110270000006,RA23110270000020,8,Academic
E00409,RA23110270000006,RA23110270000022,1,Event
E00410,RA23110270000006,RA24110270000030,2,Academic
E00411,RA23110270000006,RA24110270000032,4,Social
E00412,RA23110270000006,RA24110270000041,3,Project
E00413,RA23110270000006,RA25110270000046,2,Social
E00414,RA23110270000006,RA25110270000053,3,Event
E00415,RA23110270000006,RA26110540000080,2,Cross-Department
E00416,RA23110270000006,RA26110560000070,4,Cross-Department
E00417,RA23110270000007,RA23110270000008,6,Social
E00418,RA23110270000007,RA23110270000011,5,Academic
E00419,RA23110270000007,RA23110270000013,2,Social
E00420,RA23110270000007,RA23110270000021,2,Academic
E00421,RA23110270000007,RA24110270000043,3,Academic
E00422,RA23110270000007,RA24110540000029,7,Cross-Department
E00423,RA23110270000007,RA24110560000029,3,Cross-Department
E00424,RA23110270000007,RA25110540000054,4,Cross-Department
E00425,RA23110270000007,RA25110540000059,4,Cross-Department
E00426,RA23110270000007,RA25110560000060,3,Cross-Department
E00427,RA23110270000007,RA26110270000076,4,Social
E00428,RA23110270000007,RA26110540000067,5,Cross-Department
E00429,RA23110270000008,RA23110270000009,2,Club
E00430,RA23110270000008,RA23110270000011,8,Social
E00431,RA23110270000008,RA23110270000012,4,Club
E00432,RA23110270000008,RA23110270000013,4,Project
E00433,RA23110270000008,RA23110270000018,3,Social
E00434,RA23110270000008,RA23110270000019,4,Club
E00435,RA23110270000008,RA23110270000020,10,Club
E00436,RA23110270000008,RA23110270000021,1,Project
E00437,RA23110270000008,RA23110270000022,7,Event
E00438,RA23110270000008,RA24110560000040,5,Cross-Department
E00439,RA23110270000008,RA25110560000051,9,Cross-Department
E00440,RA23110270000008,RA26110270000073,4,Club
E00441,RA23110270000008,RA26110540000073,2,Cross-Department
E00442,RA23110270000008,RA26110540000074,8,Cross-Department
E00443,RA23110270000008,RA26110560000083,8,Cross-Department
E00444,RA23110270000009,RA23110270000010,1,Social
E00445,RA23110270000009,RA23110270000011,4,Project
E00446,RA23110270000009,RA23110270000017,2,Social
E00447,RA23110270000009,RA23110270000018,3,Event
E00448,RA23110270000009,RA23110270000019,4,Academic
E00449,RA23110270000009,RA23110270000020,4,Event
E00450,RA23110270000009,RA23110270000021,7,Academic
E00451,RA23110270000009,RA23110270000022,7,Academic
E00452,RA23110270000009,RA24110280000044,3,Cross-Department
E00453,RA23110270000009,RA24110560000036,7,Cross-Department
E00454,RA23110270000009,RA25110270000051,1,Club
E00455,RA23110270000009,RA25110270000055,2,Project
E00456,RA23110270000009,RA25110540000046,4,Cross-Department
E00457,RA23110270000010,RA23110270000011,5,Social
E00458,RA23110270000010,RA23110270000013,3,Academic
E00459,RA23110270000010,RA23110270000014,1,Social
E00460,RA23110270000010,RA23110270000020,3,Club
E00461,RA23110270000010,RA23110270000021,4,Event
E00462,RA23110270000010,RA23110270000022,2,Academic
E00463,RA23110270000010,RA24110270000040,6,Academic
E00464,RA23110270000010,RA24110270000044,1,Event
E00465,RA23110270000010,RA24110560000027,4,Cross-Department
E00466,RA23110270000010,RA25110270000062,2,Project
E00467,RA23110270000010,RA26110270000073,3,Social
E00468,RA23110270000010,RA26110560000077,3,Cross-Department
E00469,RA23110270000010,RA26110560000081,3,Cross-Department
E00470,RA23110270000011,RA23110270000012,9,Event
E00471,RA23110270000011,RA23110270000015,1,Social
E00472,RA23110270000011,RA23110270000020,2,Social
E00473,RA23110270000011,RA23110540000004,6,Cross-Department
E00474,RA23110270000011,RA23110540000018,8,Cross-Department
E00475,RA23110270000011,RA24110560000027,14,Cross-Department
E00476,RA23110270000011,RA26110540000086,2,Cross-Department
E00477,RA23110270000012,RA23110270000013,1,Event
E00478,RA23110270000012,RA23110270000016,2,Project
E00479,RA23110270000012,RA23110270000022,4,Social
E00480,RA23110270000012,RA23110540000019,5,Cross-Department
E00481,RA23110270000012,RA23110560000012,5,Cross-Department
E00482,RA23110270000012,RA24110270000040,5,Academic
E00483,RA23110270000012,RA24110540000043,4,Cross-Department
E00484,RA23110270000012,RA25110270000058,5,Club
E00485,RA23110270000012,RA25110540000059,3,Cross-Department
E00486,RA23110270000012,RA26110560000083,6,Cross-Department
E00487,RA23110270000013,RA23110270000014,3,Event
E00488,RA23110270000013,RA23110270000018,2,Club
E00489,RA23110270000013,RA23110270000019,3,Academic
E00490,RA23110270000013,RA24110270000036,4,Social
E00491,RA23110270000013,RA24110280000043,4,Cross-Department
E00492,RA23110270000013,RA24110540000043,3,Cross-Department
E00493,RA23110270000013,RA24110560000029,5,Cross-Department
E00494,RA23110270000013,RA25110270000058,2,Event
E00495,RA23110270000014,RA23110270000015,7,Event
E00496,RA23110270000014,RA23110270000016,3,Project
E00497,RA23110270000014,RA23110270000019,1,Academic
E00498,RA23110270000014,RA23110270000020,1,Project
E00499,RA23110270000014,RA24110540000023,7,Cross-Department
E00500,RA23110270000014,RA25110540000051,3,Cross-Department
E00501,RA23110270000014,RA25110560000058,4,Cross-Department
E00502,RA23110270000014,RA26110270000068,12,Club
E00503,RA23110270000014,RA26110560000082,5,Cross-Department
E00504,RA23110270000015,RA23110270000016,4,Project
E00505,RA23110270000015,RA23110270000020,8,Social
E00506,RA23110270000015,RA24110540000042,3,Cross-Department
E00507,RA23110270000015,RA24110560000041,5,Cross-Department
E00508,RA23110270000015,RA25110540000051,5,Cross-Department
E00509,RA23110270000015,RA26110270000078,1,Project
E00510,RA23110270000015,RA26110270000084,4,Project
E00511,RA23110270000016,RA23110270000017,6,Social
E00512,RA23110270000016,RA23110270000018,3,Social
E00513,RA23110270000016,RA23110270000020,2,Project
E00514,RA23110270000016,RA23110270000021,1,Event
E00515,RA23110270000016,RA23110270000022,5,Project
E00516,RA23110270000016,RA23110560000009,5,Cross-Department
E00517,RA23110270000016,RA25110540000046,5,Cross-Department
E00518,RA23110270000016,RA26110560000083,2,Cross-Department
E00519,RA23110270000017,RA23110270000018,2,Academic
E00520,RA23110270000017,RA23110270000019,2,Academic
E00521,RA23110270000017,RA23110270000022,6,Project
E00522,RA23110270000017,RA24110270000036,3,Academic
E00523,RA23110270000018,RA23110270000019,3,Event
E00524,RA23110270000018,RA23110270000022,1,Social
E00525,RA23110270000018,RA23110540000011,5,Cross-Department
E00526,RA23110270000018,RA24110270000039,1,Club
E00527,RA23110270000018,RA25110270000045,4,Academic
E00528,RA23110270000018,RA25110270000049,2,Club
E00529,RA23110270000018,RA25110540000051,8,Cross-Department
E00530,RA23110270000018,RA25110540000066,7,Cross-Department
E00531,RA23110270000018,RA25110560000047,4,Cross-Department
E00532,RA23110270000018,RA25110560000055,5,Cross-Department
E00533,RA23110270000019,RA23110270000020,1,Project
E00534,RA23110270000019,RA23110540000007,5,Cross-Department
E00535,RA23110270000019,RA24110560000039,5,Cross-Department
E00536,RA23110270000019,RA25110540000050,5,Cross-Department
E00537,RA23110270000019,RA25110560000052,3,Cross-Department
E00538,RA23110270000019,RA26110270000082,2,Event
E00539,RA23110270000020,RA23110270000021,1,Social
E00540,RA23110270000020,RA25110270000045,1,Project
E00541,RA23110270000020,RA25110270000061,2,Academic
E00542,RA23110270000020,RA26110270000067,3,Club
E00543,RA23110270000020,RA26110270000079,3,Academic
E00544,RA23110270000021,RA23110270000022,2,Social
E00545,RA23110270000021,RA24110270000028,6,Project
E00546,RA23110270000021,RA24110540000036,3,Cross-Department
E00547,RA23110270000021,RA25110540000049,4,Cross-Department
E00548,RA23110270000021,RA25110540000057,3,Cross-Department
E00549,RA23110270000021,RA25110560000064,8,Cross-Department
E00550,RA23110270000022,RA23110540000001,7,Cross-Department
E00551,RA23110270000022,RA24110270000027,4,Academic
E00552,RA23110270000022,RA24110270000034,6,Club
E00553,RA23110270000022,RA24110270000042,2,Project
E00554,RA23110270000022,RA24110560000028,6,Cross-Department
E00555,RA23110280000001,RA23110280000002,2,Club
E00556,RA23110280000001,RA23110280000004,1,Project
E00557,RA23110280000001,RA23110280000006,4,Social
E00558,RA23110280000001,RA23110280000007,5,Social
E00559,RA23110280000001,RA23110280000009,3,Academic
E00560,RA23110280000001,RA23110280000013,3,Social
E00561,RA23110280000001,RA23110280000014,3,Social
E00562,RA23110280000001,RA23110280000019,4,Project
E00563,RA23110280000001,RA23110280000022,8,Club
E00564,RA23110280000001,RA24110280000031,3,Academic
E00565,RA23110280000001,RA24110280000037,4,Club
E00566,RA23110280000001,RA24110290000040,12,Cross-Department
E00567,RA23110280000001,RA25110030000057,4,Cross-Department
E00568,RA23110280000001,RA25110280000054,12,Project
E00569,RA23110280000001,RA26110030000083,5,Cross-Department
E00570,RA23110280000001,RA26110030000084,5,Cross-Department
E00571,RA23110280000002,RA23110280000003,5,Social
E00572,RA23110280000002,RA23110280000004,8,Club
E00573,RA23110280000002,RA23110280000005,4,Project
E00574,RA23110280000002,RA23110280000010,4,Social
E00575,RA23110280000002,RA23110280000013,2,Academic
E00576,RA23110280000002,RA23110280000014,6,Social
E00577,RA23110280000002,RA23110280000020,2,Academic
E00578,RA23110280000002,RA23110280000022,5,Event
E00579,RA23110280000002,RA23110290000001,4,Cross-Department
E00580,RA23110280000002,RA23110560000015,4,Cross-Department
E00581,RA23110280000002,RA24110030000035,5,Cross-Department
E00582,RA23110280000002,RA24110280000034,3,Project
E00583,RA23110280000002,RA25110290000062,4,Cross-Department
E00584,RA23110280000002,RA26110280000070,5,Project
E00585,RA23110280000002,RA26110280000084,4,Social
E00586,RA23110280000003,RA23110280000004,2,Academic
E00587,RA23110280000003,RA23110280000005,6,Club
E00588,RA23110280000003,RA23110280000007,3,Project
E00589,RA23110280000003,RA23110280000011,4,Academic
E00590,RA23110280000003,RA23110280000012,1,Project
E00591,RA23110280000003,RA23110280000013,3,Project
E00592,RA23110280000003,RA23110280000015,2,Event
E00593,RA23110280000003,RA23110280000018,6,Social
E00594,RA23110280000003,RA23110280000019,14,Academic
E00595,RA23110280000003,RA23110280000020,1,Social
E00596,RA23110280000003,RA23110290000002,4,Cross-Department
E00597,RA23110280000003,RA23110290000016,4,Cross-Department
E00598,RA23110280000003,RA23110290000017,6,Cross-Department
E00599,RA23110280000003,RA24110280000023,1,Project
E00600,RA23110280000003,RA24110280000032,5,Project
E00601,RA23110280000003,RA25110280000049,3,Academic
E00602,RA23110280000003,RA25110280000055,4,Academic
E00603,RA23110280000003,RA25110280000056,2,Social
E00604,RA23110280000003,RA26110030000071,5,Cross-Department
E00605,RA23110280000003,RA26110030000072,3,Cross-Department
E00606,RA23110280000003,RA26110030000086,4,Cross-Department
E00607,RA23110280000003,RA26110290000075,7,Cross-Department
E00608,RA23110280000003,RA26110290000085,5,Cross-Department
E00609,RA23110280000004,RA23110280000005,4,Event
E00610,RA23110280000004,RA23110280000008,4,Social
E00611,RA23110280000004,RA23110280000009,3,Academic
E00612,RA23110280000004,RA23110280000010,1,Social
E00613,RA23110280000004,RA23110280000012,2,Project
E00614,RA23110280000004,RA23110280000014,3,Academic
E00615,RA23110280000004,RA23110280000019,4,Club
E00616,RA23110280000004,RA23110280000020,6,Project
E00617,RA23110280000004,RA23110280000021,4,Academic
E00618,RA23110280000004,RA23110290000008,12,Cross-Department
E00619,RA23110280000004,RA24110290000033,5,Cross-Department
E00620,RA23110280000004,RA24110290000036,6,Cross-Department
E00621,RA23110280000004,RA24110290000039,12,Cross-Department
E00622,RA23110280000004,RA26110030000086,5,Cross-Department
E00623,RA23110280000004,RA26110280000073,4,Academic
E00624,RA23110280000004,RA26110280000082,3,Club
E00625,RA23110280000005,RA23110280000006,9,Club
E00626,RA23110280000005,RA23110280000008,1,Project
E00627,RA23110280000005,RA23110280000009,1,Academic
E00628,RA23110280000005,RA23110280000010,4,Club
E00629,RA23110280000005,RA23110280000011,3,Social
E00630,RA23110280000005,RA23110280000013,3,Social
E00631,RA23110280000005,RA23110280000017,1,Social
E00632,RA23110280000005,RA23110280000019,5,Project
E00633,RA23110280000005,RA23110280000020,7,Project
E00634,RA23110280000005,RA23110280000022,9,Social
E00635,RA23110280000005,RA23110300000017,5,Cross-Department
E00636,RA23110280000005,RA23110300000021,3,Cross-Department
E00637,RA23110280000005,RA24110300000023,6,Cross-Department
E00638,RA23110280000005,RA24110300000044,2,Cross-Department
E00639,RA23110280000005,RA25110290000056,4,Cross-Department
E00640,RA23110280000005,RA26110030000071,5,Cross-Department
E00641,RA23110280000005,RA26110280000085,1,Event
E00642,RA23110280000005,RA26110300000073,2,Cross-Department
E00643,RA23110280000006,RA23110280000007,1,Academic
E00644,RA23110280000006,RA23110280000009,4,Academic
E00645,RA23110280000006,RA23110280000011,2,Social
E00646,RA23110280000006,RA23110280000012,7,Club
E00647,RA23110280000006,RA23110280000014,3,Club
E00648,RA23110280000006,RA23110280000017,2,Social
E00649,RA23110280000006,RA23110280000018,2,Club
E00650,RA23110280000006,RA23110280000020,2,Academic
E00651,RA23110280000006,RA23110280000022,4,Club
E00652,RA23110280000006,RA23110290000009,3,Cross-Department
E00653,RA23110280000006,RA23110290000015,4,Cross-Department
E00654,RA23110280000006,RA23110300000022,5,Cross-Department
E00655,RA23110280000006,RA24110030000029,3,Cross-Department
E00656,RA23110280000006,RA24110280000023,4,Social
E00657,RA23110280000006,RA24110280000025,5,Academic
E00658,RA23110280000006,RA24110300000043,4,Cross-Department
E00659,RA23110280000006,RA25110300000062,6,Cross-Department
E00660,RA23110280000006,RA26110290000073,5,Cross-Department
E00661,RA23110280000007,RA23110280000008,1,Academic
E00662,RA23110280000007,RA23110280000010,5,Club
E00663,RA23110280000007,RA23110280000011,8,Event
E00664,RA23110280000007,RA23110280000013,4,Event
E00665,RA23110280000007,RA23110280000014,4,Project
E00666,RA23110280000007,RA23110280000019,2,Social
E00667,RA23110280000007,RA23110280000020,4,Event
E00668,RA23110280000007,RA23110280000022,1,Project
E00669,RA23110280000007,RA23110300000016,4,Cross-Department
E00670,RA23110280000007,RA24110280000028,1,Club
E00671,RA23110280000007,RA25110280000056,2,Project
E00672,RA23110280000008,RA23110280000009,2,Social
E00673,RA23110280000008,RA23110280000010,3,Social
E00674,RA23110280000008,RA23110280000012,4,Academic
E00675,RA23110280000008,RA23110280000013,6,Club
E00676,RA23110280000008,RA23110280000016,3,Event
E00677,RA23110280000008,RA23110280000018,2,Project
E00678,RA23110280000008,RA23110280000021,6,Club
E00679,RA23110280000008,RA24110280000043,6,Social
E00680,RA23110280000008,RA24110290000031,5,Cross-Department
E00681,RA23110280000008,RA25110280000054,5,Social
E00682,RA23110280000008,RA25110290000051,7,Cross-Department
E00683,RA23110280000008,RA25110300000063,7,Cross-Department
E00684,RA23110280000008,RA26110030000088,7,Cross-Department
E00685,RA23110280000008,RA26110280000074,2,Club
E00686,RA23110280000008,RA26110280000083,4,Academic
E00687,RA23110280000008,RA26110280000086,1,Academic
E00688,RA23110280000008,RA26110290000071,4,Cross-Department
E00689,RA23110280000009,RA23110280000010,4,Club
E00690,RA23110280000009,RA23110280000012,4,Social
E00691,RA23110280000009,RA23110280000016,3,Academic
E00692,RA23110280000009,RA23110280000018,1,Project
E00693,RA23110280000009,RA23110280000021,4,Academic
E00694,RA23110280000009,RA23110300000010,7,Cross-Department
E00695,RA23110280000009,RA24110030000035,5,Cross-Department
E00696,RA23110280000009,RA24110030000039,14,Cross-Department
E00697,RA23110280000009,RA24110280000027,2,Event
E00698,RA23110280000009,RA24110560000037,9,Cross-Department
E00699,RA23110280000009,RA25110280000058,14,Academic
E00700,RA23110280000009,RA26110030000072,5,Cross-Department
E00701,RA23110280000009,RA26110280000081,3,Academic
E00702,RA23110280000009,RA26110290000083,2,Cross-Department
E00703,RA23110280000009,RA26110300000069,2,Cross-Department
E00704,RA23110280000009,RA26110300000071,8,Cross-Department
E00705,RA23110280000010,RA23110280000011,4,Club
E00706,RA23110280000010,RA23110280000020,4,Academic
E00707,RA23110280000010,RA24110280000034,4,Club
E00708,RA23110280000010,RA24110290000032,3,Cross-Department
E00709,RA23110280000010,RA25110280000066,2,Social
E00710,RA23110280000010,RA25110300000048,2,Cross-Department
E00711,RA23110280000010,RA25110300000059,3,Cross-Department
E00712,RA23110280000010,RA26110280000088,3,Event
E00713,RA23110280000011,RA23110280000012,6,Academic
E00714,RA23110280000011,RA23110280000013,3,Social
E00715,RA23110280000011,RA23110280000014,5,Academic
E00716,RA23110280000011,RA23110280000021,1,Academic
E00717,RA23110280000011,RA23110280000022,1,Club
E00718,RA23110280000011,RA23110290000003,6,Cross-Department
E00719,RA23110280000011,RA23110300000019,4,Cross-Department
E00720,RA23110280000011,RA24110030000034,5,Cross-Department
E00721,RA23110280000011,RA24110280000039,3,Project
E00722,RA23110280000011,RA24110300000032,2,Cross-Department
E00723,RA23110280000011,RA25110030000052,2,Cross-Department
E00724,RA23110280000011,RA25110030000053,7,Cross-Department
E00725,RA23110280000011,RA25110290000064,4,Cross-Department
E00726,RA23110280000011,RA26110280000080,3,Event
E00727,RA23110280000011,RA26110280000082,3,Social
E00728,RA23110280000011,RA26110290000077,2,Cross-Department
E00729,RA23110280000011,RA26110290000084,6,Cross-Department
E00730,RA23110280000012,RA23110280000013,1,Club
E00731,RA23110280000012,RA23110280000014,1,Event
E00732,RA23110280000012,RA23110280000015,2,Social
E00733,RA23110280000012,RA23110280000018,4,Project
E00734,RA23110280000012,RA23110280000020,4,Event
E00735,RA23110280000012,RA23110280000021,6,Event
E00736,RA23110280000012,RA23110300000010,4,Cross-Department
E00737,RA23110280000012,RA24110290000024,6,Cross-Department
E00738,RA23110280000012,RA25110280000056,1,Club
E00739,RA23110280000012,RA25110290000062,5,Cross-Department
E00740,RA23110280000012,RA26110290000071,8,Cross-Department
E00741,RA23110280000012,RA26110290000083,8,Cross-Department
E00742,RA23110280000013,RA23110280000014,1,Academic
E00743,RA23110280000013,RA23110280000015,1,Event
E00744,RA23110280000013,RA23110280000020,6,Project
E00745,RA23110280000013,RA24110300000023,4,Cross-Department
E00746,RA23110280000013,RA25110290000055,14,Cross-Department
E00747,RA23110280000013,RA26110290000071,6,Cross-Department
E00748,RA23110280000014,RA23110280000015,5,Academic
E00749,RA23110280000014,RA23110280000020,2,Club
E00750,RA23110280000014,RA23110280000022,3,Project
E00751,RA23110280000014,RA24110030000025,4,Cross-Department
E00752,RA23110280000014,RA24110030000031,3,Cross-Department
E00753,RA23110280000014,RA24110280000044,1,Club
E00754,RA23110280000014,RA25110280000049,1,Academic
E00755,RA23110280000014,RA25110290000055,2,Cross-Department
E00756,RA23110280000015,RA23110280000016,1,Project
E00757,RA23110280000015,RA23110280000017,3,Club
E00758,RA23110280000015,RA23110280000018,4,Project
E00759,RA23110280000015,RA23110280000019,2,Social
E00760,RA23110280000015,RA23110280000021,5,Social
E00761,RA23110280000015,RA23110290000001,5,Cross-Department
E00762,RA23110280000015,RA24110030000030,7,Cross-Department
E00763,RA23110280000015,RA25110030000058,6,Cross-Department
E00764,RA23110280000015,RA25110280000049,4,Social
E00765,RA23110280000015,RA25110300000050,3,Cross-Department
E00766,RA23110280000015,RA26110280000088,1,Social
E00767,RA23110280000015,RA26110290000075,5,Cross-Department
E00768,RA23110280000016,RA23110280000017,4,Club
E00769,RA23110280000016,RA23110280000020,2,Social
E00770,RA23110280000016,RA23110290000015,4,Cross-Department
E00771,RA23110280000016,RA23110290000019,5,Cross-Department
E00772,RA23110280000016,RA24110280000026,2,Project
E00773,RA23110280000016,RA24110280000028,4,Academic
E00774,RA23110280000016,RA24110290000026,5,Cross-Department
E00775,RA23110280000016,RA25110030000064,2,Cross-Department
E00776,RA23110280000016,RA26110030000080,2,Cross-Department
E00777,RA23110280000016,RA26110030000082,2,Cross-Department
E00778,RA23110280000017,RA23110280000018,3,Social
E00779,RA23110280000017,RA23110280000019,4,Event
E00780,RA23110280000017,RA23110280000021,5,Project
E00781,RA23110280000017,RA23110290000002,12,Cross-Department
E00782,RA23110280000017,RA25110030000053,3,Cross-Department
E00783,RA23110280000017,RA25110290000055,4,Cross-Department
E00784,RA23110280000017,RA25110300000045,14,Cross-Department
E00785,RA23110280000017,RA26110030000077,7,Cross-Department
E00786,RA23110280000017,RA26110280000078,5,Academic
E00787,RA23110280000018,RA23110280000019,3,Project
E00788,RA23110280000018,RA23110280000020,7,Project
E00789,RA23110280000018,RA23110280000022,1,Academic
E00790,RA23110280000018,RA25110280000062,2,Club
E00791,RA23110280000018,RA26110030000072,5,Cross-Department
E00792,RA23110280000018,RA26110280000083,2,Event
E00793,RA23110280000019,RA23110280000020,3,Event
E00794,RA23110280000019,RA23110300000022,6,Cross-Department
E00795,RA23110280000019,RA24110030000035,3,Cross-Department
E00796,RA23110280000019,RA24110280000038,5,Club
E00797,RA23110280000019,RA24110300000026,6,Cross-Department
E00798,RA23110280000019,RA24110300000043,5,Cross-Department
E00799,RA23110280000019,RA25110030000064,5,Cross-Department
E00800,RA23110280000019,RA25110280000057,5,Social
E00801,RA23110280000019,RA25110290000061,3,Cross-Department
E00802,RA23110280000019,RA25110290000062,6,Cross-Department
E00803,RA23110280000019,RA26110030000081,5,Cross-Department
E00804,RA23110280000020,RA23110280000021,2,Club
E00805,RA23110280000020,RA23110300000018,5,Cross-Department
E00806,RA23110280000020,RA24110300000027,6,Cross-Department
E00807,RA23110280000020,RA24110300000041,2,Cross-Department
E00808,RA23110280000020,RA26110280000083,1,Social
E00809,RA23110280000021,RA23110280000022,2,Social
E00810,RA23110280000021,RA23110290000007,4,Cross-Department
E00811,RA23110280000021,RA23110300000003,4,Cross-Department
E00812,RA23110280000021,RA23110300000006,3,Cross-Department
E00813,RA23110280000021,RA24110030000024,4,Cross-Department
E00814,RA23110280000021,RA24110280000044,3,Event
E00815,RA23110280000021,RA25110030000059,9,Cross-Department
E00816,RA23110280000021,RA26110280000079,7,Club
E00817,RA23110280000021,RA26110280000084,4,Social
E00818,RA23110280000022,RA24110280000035,3,Project
E00819,RA23110280000022,RA25110290000053,6,Cross-Department
E00820,RA23110280000022,RA25110290000063,7,Cross-Department
E00821,RA23110280000022,RA26110290000087,4,Cross-Department
E00822,RA23110290000001,RA23110290000002,10,Event
E00823,RA23110290000001,RA23110290000005,3,Event
E00824,RA23110290000001,RA23110290000007,4,Social
E00825,RA23110290000001,RA23110290000008,3,Event
E00826,RA23110290000001,RA23110290000009,1,Project
E00827,RA23110290000001,RA23110290000010,3,Club
E00828,RA23110290000001,RA23110290000011,5,Event
E00829,RA23110290000001,RA23110290000014,4,Event
E00830,RA23110290000001,RA23110290000015,3,Event
E00831,RA23110290000001,RA23110290000016,1,Social
E00832,RA23110290000001,RA23110290000017,1,Project
E00833,RA23110290000001,RA23110290000020,5,Academic
E00834,RA23110290000001,RA23110290000022,4,Project
E00835,RA23110290000001,RA24110280000033,4,Cross-Department
E00836,RA23110290000001,RA25110290000046,9,Social
E00837,RA23110290000001,RA26110280000070,5,Cross-Department
E00838,RA23110290000001,RA26110290000077,2,Project
E00839,RA23110290000002,RA23110290000003,1,Club
E00840,RA23110290000002,RA23110290000004,4,Project
E00841,RA23110290000002,RA23110290000005,1,Academic
E00842,RA23110290000002,RA23110290000008,1,Social
E00843,RA23110290000002,RA23110290000009,2,Social
E00844,RA23110290000002,RA23110290000011,3,Social
E00845,RA23110290000002,RA23110290000013,1,Event
E00846,RA23110290000002,RA23110290000016,3,Project
E00847,RA23110290000002,RA23110290000017,2,Club
E00848,RA23110290000002,RA23110290000018,2,Academic
E00849,RA23110290000002,RA23110290000022,4,Club
E00850,RA23110290000002,RA25110280000048,5,Cross-Department
E00851,RA23110290000002,RA26110290000084,1,Project
E00852,RA23110290000003,RA23110290000004,4,Academic
E00853,RA23110290000003,RA23110290000005,3,Event
E00854,RA23110290000003,RA23110290000007,1,Academic
E00855,RA23110290000003,RA23110290000013,2,Academic
E00856,RA23110290000003,RA23110290000014,2,Project
E00857,RA23110290000003,RA23110290000016,2,Club
E00858,RA23110290000003,RA23110290000018,5,Club
E00859,RA23110290000003,RA23110290000019,1,Club
E00860,RA23110290000003,RA23110290000021,3,Academic
E00861,RA23110290000003,RA24110290000024,14,Project
E00862,RA23110290000003,RA24110290000033,9,Academic
E00863,RA23110290000003,RA25110030000061,4,Cross-Department
E00864,RA23110290000003,RA25110290000061,4,Project
E00865,RA23110290000003,RA26110290000082,2,Project
E00866,RA23110290000004,RA23110290000005,3,Event
E00867,RA23110290000004,RA23110290000007,2,Academic
E00868,RA23110290000004,RA23110290000010,9,Social
E00869,RA23110290000004,RA23110290000011,2,Project
E00870,RA23110290000004,RA23110290000012,4,Club
E00871,RA23110290000004,RA23110290000013,5,Academic
E00872,RA23110290000004,RA23110290000018,10,Academic
E00873,RA23110290000004,RA23110290000019,2,Social
E00874,RA23110290000004,RA23110290000020,4,Academic
E00875,RA23110290000004,RA23110290000021,2,Academic
E00876,RA23110290000004,RA24110290000036,1,Club
E00877,RA23110290000004,RA25110030000053,4,Cross-Department
E00878,RA23110290000004,RA25110290000047,2,Event
E00879,RA23110290000005,RA23110290000006,2,Event
E00880,RA23110290000005,RA23110290000008,4,Social
E00881,RA23110290000005,RA23110290000009,2,Project
E00882,RA23110290000005,RA23110290000010,2,Project
E00883,RA23110290000005,RA23110290000012,2,Project
E00884,RA23110290000005,RA23110290000015,3,Social
E00885,RA23110290000005,RA23110290000018,3,Social
E00886,RA23110290000005,RA23110290000022,2,Club
E00887,RA23110290000005,RA24110280000027,2,Cross-Department
E00888,RA23110290000005,RA25110290000066,1,Project
E00889,RA23110290000005,RA26110290000072,14,Academic
E00890,RA23110290000006,RA23110290000007,1,Club
E00891,RA23110290000006,RA23110290000008,6,Project
E00892,RA23110290000006,RA23110290000010,5,Academic
E00893,RA23110290000006,RA23110290000011,4,Event
E00894,RA23110290000006,RA23110290000016,3,Project
E00895,RA23110290000006,RA23110290000017,1,Club
E00896,RA23110290000006,RA23110290000019,5,Event
E00897,RA23110290000006,RA23110290000022,5,Event
E00898,RA23110290000006,RA24110280000032,5,Cross-Department
E00899,RA23110290000006,RA24110280000041,6,Cross-Department
E00900,RA23110290000006,RA25110030000047,3,Cross-Department
E00901,RA23110290000006,RA25110290000056,4,Club
E00902,RA23110290000006,RA25110290000065,1,Academic
E00903,RA23110290000006,RA26110030000076,3,Cross-Department
E00904,RA23110290000006,RA26110030000084,8,Cross-Department
E00905,RA23110290000006,RA26110280000086,2,Cross-Department
E00906,RA23110290000006,RA26110290000069,7,Project
E00907,RA23110290000006,RA26110540000080,4,Cross-Department
E00908,RA23110290000007,RA23110290000008,4,Event
E00909,RA23110290000007,RA23110290000011,1,Project
E00910,RA23110290000007,RA23110290000014,4,Event
E00911,RA23110290000007,RA23110290000017,1,Project
E00912,RA23110290000007,RA23110290000019,4,Project
E00913,RA23110290000007,RA23110290000020,5,Club
E00914,RA23110290000007,RA24110280000034,2,Cross-Department
E00915,RA23110290000007,RA24110290000035,4,Club
E00916,RA23110290000007,RA25110280000047,2,Cross-Department
E00917,RA23110290000007,RA26110030000075,6,Cross-Department
E00918,RA23110290000007,RA26110280000076,4,Cross-Department
E00919,RA23110290000007,RA26110280000080,4,Cross-Department
E00920,RA23110290000008,RA23110290000009,3,Event
E00921,RA23110290000008,RA23110290000010,9,Event
E00922,RA23110290000008,RA23110290000013,3,Project
E00923,RA23110290000008,RA23110290000015,1,Project
E00924,RA23110290000008,RA23110290000018,12,Project
E00925,RA23110290000008,RA26110030000069,4,Cross-Department
E00926,RA23110290000009,RA23110290000010,6,Social
E00927,RA23110290000009,RA23110290000016,1,Academic
E00928,RA23110290000009,RA23110290000017,4,Academic
E00929,RA23110290000009,RA23110290000020,4,Club
E00930,RA23110290000009,RA23110290000022,2,Club
E00931,RA23110290000009,RA24110280000036,12,Cross-Department
E00932,RA23110290000009,RA25110280000051,3,Cross-Department
E00933,RA23110290000009,RA26110290000080,1,Social
E00934,RA23110290000010,RA23110290000011,3,Social
E00935,RA23110290000010,RA23110290000012,2,Social
E00936,RA23110290000010,RA23110290000013,2,Event
E00937,RA23110290000010,RA23110290000019,4,Academic
E00938,RA23110290000010,RA23110290000021,1,Social
E00939,RA23110290000010,RA23110290000022,1,Social
E00940,RA23110290000010,RA24110280000025,10,Cross-Department
E00941,RA23110290000010,RA24110540000036,2,Cross-Department
E00942,RA23110290000010,RA25110030000047,4,Cross-Department
E00943,RA23110290000010,RA25110030000048,7,Cross-Department
E00944,RA23110290000010,RA26110030000075,8,Cross-Department
E00945,RA23110290000010,RA26110280000069,6,Cross-Department
E00946,RA23110290000011,RA23110290000012,1,Event
E00947,RA23110290000011,RA23110290000013,4,Club
E00948,RA23110290000011,RA23110290000015,3,Academic
E00949,RA23110290000011,RA23110290000018,3,Club
E00950,RA23110290000011,RA23110560000007,6,Cross-Department
E00951,RA23110290000011,RA24110030000030,6,Cross-Department
E00952,RA23110290000011,RA24110280000030,4,Cross-Department
E00953,RA23110290000011,RA24110280000037,8,Cross-Department
E00954,RA23110290000011,RA24110560000031,4,Cross-Department
E00955,RA23110290000011,RA25110030000054,5,Cross-Department
E00956,RA23110290000011,RA25110290000049,1,Social
E00957,RA23110290000011,RA25110290000061,6,Project
E00958,RA23110290000011,RA25110290000066,3,Academic
E00959,RA23110290000011,RA26110290000067,5,Event
E00960,RA23110290000012,RA23110290000013,2,Club
E00961,RA23110290000012,RA23110290000017,6,Project
E00962,RA23110290000012,RA23110290000018,12,Club
E00963,RA23110290000012,RA23110290000020,7,Project
E00964,RA23110290000012,RA23110290000021,5,Project
E00965,RA23110290000012,RA23110290000022,2,Social
E00966,RA23110290000012,RA24110280000030,2,Cross-Department
E00967,RA23110290000012,RA24110280000039,4,Cross-Department
E00968,RA23110290000012,RA24110290000024,3,Club
E00969,RA23110290000012,RA25110280000060,6,Cross-Department
E00970,RA23110290000012,RA26110290000068,3,Academic
E00971,RA23110290000013,RA23110290000014,10,Club
E00972,RA23110290000013,RA23110290000015,5,Social
E00973,RA23110290000013,RA23110290000016,12,Academic
E00974,RA23110290000013,RA23110290000018,2,Club
E00975,RA23110290000013,RA23110290000019,1,Social
E00976,RA23110290000013,RA24110030000024,6,Cross-Department
E00977,RA23110290000014,RA23110290000015,2,Project
E00978,RA23110290000014,RA23110290000017,3,Academic
E00979,RA23110290000014,RA23110290000021,1,Event
E00980,RA23110290000014,RA24110280000023,3,Cross-Department
E00981,RA23110290000014,RA25110030000053,3,Cross-Department
E00982,RA23110290000014,RA25110290000059,1,Social
E00983,RA23110290000014,RA26110030000088,2,Cross-Department
E00984,RA23110290000014,RA26110290000086,1,Event
E00985,RA23110290000015,RA23110290000016,1,Academic
E00986,RA23110290000015,RA23110290000017,2,Academic
E00987,RA23110290000015,RA23110290000018,4,Project
E00988,RA23110290000015,RA23110290000019,5,Project
E00989,RA23110290000015,RA23110290000022,2,Event
E00990,RA23110290000015,RA24110280000039,2,Cross-Department
E00991,RA23110290000015,RA25110030000050,6,Cross-Department
E00992,RA23110290000015,RA25110280000051,2,Cross-Department
E00993,RA23110290000015,RA26110030000080,8,Cross-Department
E00994,RA23110290000015,RA26110290000070,3,Event
E00995,RA23110290000015,RA26110290000087,5,Event
E00996,RA23110290000015,RA26110560000087,4,Cross-Department
E00997,RA23110290000016,RA23110290000017,5,Academic
E00998,RA23110290000016,RA23110290000020,4,Social
E00999,RA23110290000016,RA24110290000028,2,Academic
E01000,RA23110290000016,RA24110290000032,7,Social
E01001,RA23110290000016,RA25110030000051,5,Cross-Department
E01002,RA23110290000016,RA26110290000076,3,Club
E01003,RA23110290000017,RA23110290000018,4,Event
E01004,RA23110290000017,RA23110290000020,4,Social
E01005,RA23110290000017,RA23110290000022,2,Academic
E01006,RA23110290000017,RA25110030000063,7,Cross-Department
E01007,RA23110290000017,RA25110280000056,2,Cross-Department
E01008,RA23110290000018,RA23110290000019,1,Project
E01009,RA23110290000018,RA23110290000021,2,Social
E01010,RA23110290000018,RA24110280000034,5,Cross-Department
E01011,RA23110290000018,RA26110290000076,1,Project
E01012,RA23110290000019,RA23110290000020,1,Project
E01013,RA23110290000019,RA23110290000021,6,Social
E01014,RA23110290000019,RA23110300000004,5,Cross-Department
E01015,RA23110290000019,RA23110540000016,5,Cross-Department
E01016,RA23110290000019,RA24110030000034,12,Cross-Department
E01017,RA23110290000019,RA24110290000043,4,Academic
E01018,RA23110290000019,RA24110300000029,4,Cross-Department
E01019,RA23110290000019,RA25110280000066,3,Cross-Department
E01020,RA23110290000019,RA25110290000051,5,Club
E01021,RA23110290000019,RA26110030000072,3,Cross-Department
E01022,RA23110290000019,RA26110280000083,2,Cross-Department
E01023,RA23110290000019,RA26110300000080,4,Cross-Department
E01024,RA23110290000020,RA23110290000021,9,Academic
E01025,RA23110290000020,RA23110290000022,3,Club
E01026,RA23110290000020,RA24110280000036,7,Cross-Department
E01027,RA23110290000020,RA26110030000069,4,Cross-Department
E01028,RA23110290000020,RA26110280000068,2,Cross-Department
E01029,RA23110290000020,RA26110290000076,2,Project
E01030,RA23110290000021,RA23110290000022,4,Project
E01031,RA23110290000021,RA24110290000023,4,Event
E01032,RA23110290000021,RA25110290000045,2,Project
E01033,RA23110290000021,RA26110280000069,4,Cross-Department
E01034,RA23110290000022,RA24110290000033,4,Event
E01035,RA23110290000022,RA25110290000066,1,Project
E01036,RA23110290000022,RA26110290000072,6,Academic
E01037,RA23110290000022,RA26110290000084,2,Event
E01038,RA23110300000001,RA23110300000002,2,Academic
E01039,RA23110300000001,RA23110300000004,14,Academic
E01040,RA23110300000001,RA23110300000006,8,Academic
E01041,RA23110300000001,RA23110300000010,4,Event
E01042,RA23110300000001,RA23110300000013,7,Academic
E01043,RA23110300000001,RA23110300000018,5,Event
E01044,RA23110300000001,RA23110300000022,4,Club
E01045,RA23110300000001,RA24110280000026,4,Cross-Department
E01046,RA23110300000001,RA24110280000039,2,Cross-Department
E01047,RA23110300000001,RA25110030000057,6,Cross-Department
E01048,RA23110300000001,RA25110030000059,12,Cross-Department
E01049,RA23110300000001,RA25110300000050,3,Social
E01050,RA23110300000001,RA26110300000074,1,Event
E01051,RA23110300000002,RA23110300000003,2,Club
E01052,RA23110300000002,RA23110300000005,4,Academic
E01053,RA23110300000002,RA23110300000007,6,Academic
E01054,RA23110300000002,RA23110300000008,5,Event
E01055,RA23110300000002,RA23110300000010,5,Academic
E01056,RA23110300000002,RA23110300000012,1,Academic
E01057,RA23110300000002,RA23110300000013,4,Project
E01058,RA23110300000002,RA23110300000016,1,Event
E01059,RA23110300000002,RA23110300000017,3,Club
E01060,RA23110300000002,RA23110300000019,3,Social
E01061,RA23110300000002,RA24110300000028,6,Academic
E01062,RA23110300000002,RA25110030000059,4,Cross-Department
E01063,RA23110300000002,RA25110280000046,4,Cross-Department
E01064,RA23110300000002,RA25110300000050,4,Project
E01065,RA23110300000002,RA25110300000058,14,Project
E01066,RA23110300000002,RA26110030000068,14,Cross-Department
E01067,RA23110300000002,RA26110280000079,14,Cross-Department
E01068,RA23110300000003,RA23110300000004,4,Project
E01069,RA23110300000003,RA23110300000005,8,Project
E01070,RA23110300000003,RA23110300000007,5,Project
E01071,RA23110300000003,RA23110300000009,7,Project
E01072,RA23110300000003,RA23110300000010,1,Club
E01073,RA23110300000003,RA23110300000012,5,Social
E01074,RA23110300000003,RA23110300000013,1,Club
E01075,RA23110300000003,RA23110300000015,1,Event
E01076,RA23110300000003,RA23110300000017,1,Event
E01077,RA23110300000003,RA23110300000018,7,Social
E01078,RA23110300000003,RA24110030000030,7,Cross-Department
E01079,RA23110300000003,RA26110030000081,6,Cross-Department
E01080,RA23110300000003,RA26110300000079,4,Event
E01081,RA23110300000004,RA23110300000005,1,Event
E01082,RA23110300000004,RA23110300000008,3,Club
E01083,RA23110300000004,RA23110300000009,1,Academic
E01084,RA23110300000004,RA23110300000012,3,Club
E01085,RA23110300000004,RA23110300000013,1,Club
E01086,RA23110300000004,RA23110300000015,14,Social
E01087,RA23110300000004,RA23110300000016,2,Event
E01088,RA23110300000004,RA23110300000017,3,Project
E01089,RA23110300000004,RA23110300000020,6,Social
E01090,RA23110300000004,RA23110300000021,6,Club
E01091,RA23110300000004,RA24110280000023,5,Cross-Department
E01092,RA23110300000004,RA24110280000034,6,Cross-Department
E01093,RA23110300000004,RA25110030000066,3,Cross-Department
E01094,RA23110300000004,RA25110280000060,2,Cross-Department
E01095,RA23110300000004,RA26110280000073,3,Cross-Department
E01096,RA23110300000005,RA23110300000006,4,Social
E01097,RA23110300000005,RA23110300000007,4,Club
E01098,RA23110300000005,RA23110300000010,3,Social
E01099,RA23110300000005,RA23110300000012,5,Event
E01100,RA23110300000005,RA23110300000013,3,Club
E01101,RA23110300000005,RA23110300000015,1,Academic
E01102,RA23110300000005,RA23110300000016,2,Social
E01103,RA23110300000005,RA23110300000017,2,Event
E01104,RA23110300000005,RA24110030000032,4,Cross-Department
E01105,RA23110300000005,RA24110300000039,4,Academic
E01106,RA23110300000005,RA24110300000040,1,Academic
E01107,RA23110300000005,RA26110030000075,4,Cross-Department
E01108,RA23110300000005,RA26110280000072,4,Cross-Department
E01109,RA23110300000005,RA26110300000075,2,Club
E01110,RA23110300000005,RA26110300000080,14,Event
E01111,RA23110300000006,RA23110300000007,7,Event
E01112,RA23110300000006,RA24110280000043,6,Cross-Department
E01113,RA23110300000006,RA24110560000028,4,Cross-Department
E01114,RA23110300000006,RA25110300000052,5,Club
E01115,RA23110300000006,RA25110300000054,5,Social
E01116,RA23110300000006,RA26110300000079,1,Event
E01117,RA23110300000006,RA26110560000067,9,Cross-Department
E01118,RA23110300000007,RA23110300000008,2,Club
E01119,RA23110300000007,RA23110300000011,3,Club
E01120,RA23110300000007,RA23110300000013,1,Project
E01121,RA23110300000007,RA23110300000019,4,Academic
E01122,RA23110300000007,RA23110300000020,1,Project
E01123,RA23110300000007,RA23110300000021,3,Club
E01124,RA23110300000007,RA23110300000022,9,Event
E01125,RA23110300000007,RA24110280000026,6,Cross-Department
E01126,RA23110300000007,RA25110030000065,2,Cross-Department
E01127,RA23110300000007,RA25110280000062,6,Cross-Department
E01128,RA23110300000007,RA26110300000078,2,Event
E01129,RA23110300000008,RA23110300000009,2,Academic
E01130,RA23110300000008,RA23110300000010,3,Event
E01131,RA23110300000008,RA23110300000011,5,Social
E01132,RA23110300000008,RA23110300000017,8,Project
E01133,RA23110300000008,RA23110300000020,2,Event
E01134,RA23110300000008,RA23110300000021,3,Event
E01135,RA23110300000008,RA23110300000022,1,Club
E01136,RA23110300000008,RA25110030000045,4,Cross-Department
E01137,RA23110300000008,RA26110030000084,2,Cross-Department
E01138,RA23110300000008,RA26110280000069,6,Cross-Department
E01139,RA23110300000009,RA23110300000010,4,Academic
E01140,RA23110300000009,RA23110300000012,2,Event
E01141,RA23110300000009,RA23110300000014,3,Club
E01142,RA23110300000009,RA23110300000017,8,Social
E01143,RA23110300000009,RA23110300000018,12,Event
E01144,RA23110300000009,RA23110300000019,3,Academic
E01145,RA23110300000009,RA23110300000021,1,Project
E01146,RA23110300000009,RA24110280000031,4,Cross-Department
E01147,RA23110300000009,RA24110300000035,4,Event
E01148,RA23110300000009,RA25110280000053,5,Cross-Department
E01149,RA23110300000009,RA25110300000047,2,Event
E01150,RA23110300000009,RA25110300000065,6,Project
E01151,RA23110300000009,RA26110030000067,5,Cross-Department
E01152,RA23110300000009,RA26110030000085,9,Cross-Department
E01153,RA23110300000009,RA26110280000078,4,Cross-Department
E01154,RA23110300000009,RA26110280000083,5,Cross-Department
E01155,RA23110300000009,RA26110300000075,4,Academic
E01156,RA23110300000010,RA23110300000011,3,Social
E01157,RA23110300000010,RA23110300000012,7,Club
E01158,RA23110300000010,RA23110300000013,8,Social
E01159,RA23110300000010,RA23110300000014,8,Project
E01160,RA23110300000010,RA23110300000015,7,Club
E01161,RA23110300000010,RA23110300000016,2,Event
E01162,RA23110300000010,RA23110300000017,5,Social
E01163,RA23110300000010,RA24110280000032,4,Cross-Department
E01164,RA23110300000010,RA24110300000034,3,Academic
E01165,RA23110300000010,RA24110300000039,1,Project
E01166,RA23110300000010,RA25110030000058,2,Cross-Department
E01167,RA23110300000010,RA25110280000054,7,Cross-Department
E01168,RA23110300000010,RA25110300000060,4,Club
E01169,RA23110300000010,RA26110030000077,2,Cross-Department
E01170,RA23110300000010,RA26110300000071,1,Project
E01171,RA23110300000010,RA26110300000073,4,Academic
E01172,RA23110300000010,RA26110300000076,1,Event
E01173,RA23110300000011,RA23110300000012,5,Academic
E01174,RA23110300000011,RA23110300000014,3,Club
E01175,RA23110300000011,RA23110300000017,3,Club
E01176,RA23110300000011,RA23110300000019,4,Social
E01177,RA23110300000011,RA23110300000020,4,Club
E01178,RA23110300000011,RA23110300000021,6,Social
E01179,RA23110300000011,RA24110030000044,4,Cross-Department
E01180,RA23110300000011,RA24110300000044,2,Club
E01181,RA23110300000011,RA25110030000045,9,Cross-Department
E01182,RA23110300000011,RA25110030000046,8,Cross-Department
E01183,RA23110300000011,RA26110280000082,7,Cross-Department
E01184,RA23110300000012,RA23110300000013,5,Social
E01185,RA23110300000012,RA23110300000019,3,Academic
E01186,RA23110300000012,RA24110030000039,7,Cross-Department
E01187,RA23110300000012,RA24110300000033,1,Event
E01188,RA23110300000012,RA25110300000045,1,Social
E01189,RA23110300000012,RA26110030000071,6,Cross-Department
E01190,RA23110300000012,RA26110030000085,4,Cross-Department
E01191,RA23110300000012,RA26110280000071,5,Cross-Department
E01192,RA23110300000013,RA23110300000014,2,Social
E01193,RA23110300000013,RA23110300000018,5,Social
E01194,RA23110300000013,RA23110300000019,6,Event
E01195,RA23110300000013,RA23110560000015,2,Cross-Department
E01196,RA23110300000013,RA24110300000027,5,Academic
E01197,RA23110300000013,RA24110300000037,8,Club
E01198,RA23110300000014,RA23110300000015,5,Event
E01199,RA23110300000014,RA23110300000020,2,Project
E01200,RA23110300000014,RA23110300000021,4,Social
E01201,RA23110300000014,RA23110300000022,3,Event
E01202,RA23110300000014,RA24110300000038,14,Project
E01203,RA23110300000014,RA25110280000046,5,Cross-Department
E01204,RA23110300000014,RA25110280000053,3,Cross-Department
E01205,RA23110300000014,RA25110280000059,14,Cross-Department
E01206,RA23110300000014,RA25110300000050,2,Event
E01207,RA23110300000014,RA26110030000077,3,Cross-Department
E01208,RA23110300000014,RA26110280000076,4,Cross-Department
E01209,RA23110300000014,RA26110280000080,5,Cross-Department
E01210,RA23110300000015,RA23110300000016,3,Academic
E01211,RA23110300000015,RA23110300000017,1,Project
E01212,RA23110300000015,RA23110300000020,1,Project
E01213,RA23110300000015,RA23110300000021,6,Club
E01214,RA23110300000015,RA24110280000035,6,Cross-Department
E01215,RA23110300000015,RA24110280000043,7,Cross-Department
E01216,RA23110300000015,RA24110300000028,2,Social
E01217,RA23110300000015,RA26110300000076,3,Club
E01218,RA23110300000016,RA23110300000017,6,Academic
E01219,RA23110300000016,RA23110300000020,3,Project
E01220,RA23110300000016,RA23110300000021,1,Project
E01221,RA23110300000016,RA24110300000030,3,Social
E01222,RA23110300000016,RA25110030000050,6,Cross-Department
E01223,RA23110300000016,RA25110280000045,4,Cross-Department
E01224,RA23110300000016,RA25110300000049,2,Club
E01225,RA23110300000017,RA23110300000018,4,Project
E01226,RA23110300000017,RA23110300000021,1,Project
E01227,RA23110300000017,RA24110280000027,6,Cross-Department
E01228,RA23110300000017,RA25110030000049,5,Cross-Department
E01229,RA23110300000017,RA25110300000053,1,Project
E01230,RA23110300000017,RA26110280000067,4,Cross-Department
E01231,RA23110300000018,RA23110300000019,5,Club
E01232,RA23110300000018,RA23110300000020,2,Academic
E01233,RA23110300000018,RA23110300000022,3,Event
E01234,RA23110300000018,RA24110280000038,2,Cross-Department
E01235,RA23110300000018,RA24110300000039,1,Club
E01236,RA23110300000019,RA23110300000020,6,Club
E01237,RA23110300000019,RA24110030000028,5,Cross-Department
E01238,RA23110300000019,RA24110280000036,5,Cross-Department
E01239,RA23110300000019,RA25110030000061,4,Cross-Department
E01240,RA23110300000019,RA25110280000062,4,Cross-Department
E01241,RA23110300000019,RA25110280000063,6,Cross-Department
E01242,RA23110300000019,RA25110300000052,2,Social
E01243,RA23110300000019,RA26110030000077,6,Cross-Department
E01244,RA23110300000019,RA26110280000084,3,Cross-Department
E01245,RA23110300000020,RA23110300000021,1,Project
E01246,RA23110300000020,RA24110030000027,4,Cross-Department
E01247,RA23110300000020,RA25110030000045,3,Cross-Department
E01248,RA23110300000020,RA25110280000048,9,Cross-Department
E01249,RA23110300000020,RA25110300000066,1,Event
E01250,RA23110300000020,RA26110030000070,9,Cross-Department
E01251,RA23110300000020,RA26110030000072,10,Cross-Department
E01252,RA23110300000020,RA26110280000069,5,Cross-Department
E01253,RA23110300000020,RA26110280000080,5,Cross-Department
E01254,RA23110300000021,RA23110300000022,2,Project
E01255,RA23110300000021,RA24110280000033,6,Cross-Department
E01256,RA23110300000021,RA24110280000044,2,Cross-Department
E01257,RA23110300000021,RA25110030000054,7,Cross-Department
E01258,RA23110300000021,RA26110030000069,6,Cross-Department
E01259,RA23110300000022,RA24110300000031,3,Event
E01260,RA23110300000022,RA24110300000037,1,Academic
E01261,RA23110300000022,RA25110280000056,6,Cross-Department
E01262,RA23110300000022,RA25110300000045,5,Event
E01263,RA23110300000022,RA26110280000070,4,Cross-Department
E01264,RA23110540000001,RA23110540000002,2,Event
E01265,RA23110540000001,RA23110540000005,1,Project
E01266,RA23110540000001,RA23110540000006,1,Club
E01267,RA23110540000001,RA23110540000009,10,Club
E01268,RA23110540000001,RA23110540000010,4,Project
E01269,RA23110540000001,RA23110540000014,3,Club
E01270,RA23110540000001,RA23110540000022,1,Club
E01271,RA23110540000001,RA24110030000034,5,Cross-Department
E01272,RA23110540000001,RA24110030000042,5,Cross-Department
E01273,RA23110540000001,RA24110540000034,6,Academic
E01274,RA23110540000001,RA24110540000042,3,Project
E01275,RA23110540000001,RA25110270000060,5,Cross-Department
E01276,RA23110540000001,RA25110560000066,9,Cross-Department
E01277,RA23110540000001,RA26110270000074,5,Cross-Department
E01278,RA23110540000001,RA26110270000084,6,Cross-Department
E01279,RA23110540000002,RA23110540000003,1,Event
E01280,RA23110540000002,RA23110540000004,2,Academic
E01281,RA23110540000002,RA23110540000005,2,Academic
E01282,RA23110540000002,RA23110540000006,4,Event
E01283,RA23110540000002,RA23110540000012,2,Club
E01284,RA23110540000002,RA23110540000015,1,Club
E01285,RA23110540000002,RA23110540000019,1,Social
E01286,RA23110540000002,RA23110540000021,3,Social
E01287,RA23110540000002,RA23110540000022,2,Project
E01288,RA23110540000002,RA24110270000036,8,Cross-Department
E01289,RA23110540000002,RA24110560000025,3,Cross-Department
E01290,RA23110540000002,RA25110270000059,3,Cross-Department
E01291,RA23110540000002,RA25110540000049,4,Event
E01292,RA23110540000002,RA25110560000048,6,Cross-Department
E01293,RA23110540000002,RA25110560000053,6,Cross-Department
E01294,RA23110540000003,RA23110540000004,7,Academic
E01295,RA23110540000003,RA23110540000007,3,Project
E01296,RA23110540000003,RA23110540000010,1,Social
E01297,RA23110540000003,RA23110540000012,4,Academic
E01298,RA23110540000003,RA23110540000019,4,Project
E01299,RA23110540000003,RA23110540000021,7,Event
E01300,RA23110540000003,RA23110540000022,2,Project
E01301,RA23110540000003,RA24110540000034,1,Social
E01302,RA23110540000003,RA24110560000040,2,Cross-Department
E01303,RA23110540000003,RA25110290000063,3,Cross-Department
E01304,RA23110540000003,RA26110030000077,6,Cross-Department
E01305,RA23110540000003,RA26110030000084,8,Cross-Department
E01306,RA23110540000003,RA26110270000079,4,Cross-Department
E01307,RA23110540000003,RA26110540000076,2,Club
E01308,RA23110540000003,RA26110560000084,4,Cross-Department
E01309,RA23110540000004,RA23110540000005,2,Academic
E01310,RA23110540000004,RA23110540000010,2,Social
E01311,RA23110540000004,RA23110540000011,2,Event
E01312,RA23110540000004,RA23110540000012,2,Club
E01313,RA23110540000004,RA23110540000019,4,Club
E01314,RA23110540000004,RA23110540000021,4,Project
E01315,RA23110540000004,RA23110560000022,4,Cross-Department
E01316,RA23110540000004,RA25110560000049,3,Cross-Department
E01317,RA23110540000004,RA25110560000055,3,Cross-Department
E01318,RA23110540000004,RA26110560000085,7,Cross-Department
E01319,RA23110540000005,RA23110540000006,1,Club
E01320,RA23110540000005,RA23110540000008,3,Project
E01321,RA23110540000005,RA23110540000012,1,Project
E01322,RA23110540000005,RA23110540000015,3,Club
E01323,RA23110540000005,RA23110540000021,4,Social
E01324,RA23110540000005,RA23110540000022,3,Academic
E01325,RA23110540000005,RA24110030000031,5,Cross-Department
E01326,RA23110540000005,RA24110030000043,4,Cross-Department
E01327,RA23110540000005,RA25110540000056,2,Social
E01328,RA23110540000005,RA25110560000062,3,Cross-Department
E01329,RA23110540000005,RA26110270000068,6,Cross-Department
E01330,RA23110540000006,RA23110540000007,1,Academic
E01331,RA23110540000006,RA23110540000015,3,Academic
E01332,RA23110540000006,RA23110540000017,5,Academic
E01333,RA23110540000006,RA23110560000002,7,Cross-Department
E01334,RA23110540000006,RA23110560000021,3,Cross-Department
E01335,RA23110540000006,RA24110540000029,14,Club
E01336,RA23110540000006,RA24110540000033,2,Social
E01337,RA23110540000006,RA24110540000035,2,Social
E01338,RA23110540000006,RA24110540000043,6,Club
E01339,RA23110540000006,RA25110280000061,3,Cross-Department
E01340,RA23110540000006,RA25110560000058,5,Cross-Department
E01341,RA23110540000006,RA26110270000076,8,Cross-Department
E01342,RA23110540000007,RA23110540000008,4,Academic
E01343,RA23110540000007,RA23110540000014,4,Social
E01344,RA23110540000007,RA23110540000017,3,Club
E01345,RA23110540000007,RA23110540000018,4,Project
E01346,RA23110540000007,RA23110540000019,3,Club
E01347,RA23110540000007,RA23110540000021,7,Project
E01348,RA23110540000007,RA24110270000029,7,Cross-Department
E01349,RA23110540000007,RA24110270000036,3,Cross-Department
E01350,RA23110540000007,RA24110540000023,6,Club
E01351,RA23110540000007,RA24110560000024,3,Cross-Department
E01352,RA23110540000007,RA24110560000043,9,Cross-Department
E01353,RA23110540000007,RA25110540000047,5,Club
E01354,RA23110540000007,RA25110560000058,6,Cross-Department
E01355,RA23110540000007,RA26110270000073,3,Cross-Department
E01356,RA23110540000008,RA23110540000009,6,Club
E01357,RA23110540000008,RA23110540000010,4,Social
E01358,RA23110540000008,RA23110540000012,7,Club
E01359,RA23110540000008,RA23110540000015,5,Social
E01360,RA23110540000008,RA23110540000017,2,Project
E01361,RA23110540000008,RA23110540000020,4,Club
E01362,RA23110540000008,RA23110540000022,3,Project
E01363,RA23110540000008,RA23110560000004,7,Cross-Department
E01364,RA23110540000008,RA24110030000025,3,Cross-Department
E01365,RA23110540000008,RA24110030000036,4,Cross-Department
E01366,RA23110540000008,RA24110270000024,5,Cross-Department
E01367,RA23110540000008,RA25110030000058,5,Cross-Department
E01368,RA23110540000008,RA25110030000060,4,Cross-Department
E01369,RA23110540000008,RA25110270000061,4,Cross-Department
E01370,RA23110540000008,RA25110270000066,4,Cross-Department
E01371,RA23110540000008,RA25110540000052,2,Academic
E01372,RA23110540000008,RA25110540000054,7,Social
E01373,RA23110540000008,RA26110540000075,3,Academic
E01374,RA23110540000009,RA23110540000010,5,Event
E01375,RA23110540000009,RA23110540000012,3,Social
E01376,RA23110540000009,RA23110540000014,4,Project
E01377,RA23110540000009,RA23110540000015,3,Project
E01378,RA23110540000009,RA23110540000018,7,Academic
E01379,RA23110540000009,RA23110540000019,4,Academic
E01380,RA23110540000009,RA24110540000032,1,Academic
E01381,RA23110540000009,RA26110030000082,5,Cross-Department
E01382,RA23110540000009,RA26110540000082,3,Event
E01383,RA23110540000010,RA23110540000011,3,Club
E01384,RA23110540000010,RA23110540000013,2,Event
E01385,RA23110540000010,RA23110540000015,3,Academic
E01386,RA23110540000010,RA23110540000020,1,Social
E01387,RA23110540000010,RA23110560000005,2,Cross-Department
E01388,RA23110540000010,RA23110560000021,3,Cross-Department
E01389,RA23110540000010,RA24110270000043,3,Cross-Department
E01390,RA23110540000010,RA25110560000045,5,Cross-Department
E01391,RA23110540000010,RA26110540000068,2,Club
E01392,RA23110540000010,RA26110540000087,2,Project
E01393,RA23110540000011,RA23110540000012,6,Club
E01394,RA23110540000011,RA23110540000015,4,Project
E01395,RA23110540000011,RA23110540000016,1,Club
E01396,RA23110540000011,RA23110540000017,1,Academic
E01397,RA23110540000011,RA23110540000018,2,Club
E01398,RA23110540000011,RA23110540000019,9,Social
E01399,RA23110540000011,RA23110540000022,1,Club
E01400,RA23110540000011,RA24110030000025,3,Cross-Department
E01401,RA23110540000011,RA24110270000027,5,Cross-Department
E01402,RA23110540000011,RA25110270000066,3,Cross-Department
E01403,RA23110540000011,RA25110540000048,1,Project
E01404,RA23110540000011,RA25110560000052,3,Cross-Department
E01405,RA23110540000011,RA25110560000058,5,Cross-Department
E01406,RA23110540000011,RA26110560000071,5,Cross-Department
E01407,RA23110540000011,RA26110560000073,6,Cross-Department
E01408,RA23110540000012,RA23110540000013,5,Social
E01409,RA23110540000012,RA23110540000015,2,Academic
E01410,RA23110540000012,RA23110540000017,2,Event
E01411,RA23110540000012,RA23110540000018,2,Event
E01412,RA23110540000012,RA23110540000019,4,Social
E01413,RA23110540000012,RA23110560000019,4,Cross-Department
E01414,RA23110540000012,RA24110560000044,3,Cross-Department
E01415,RA23110540000012,RA25110540000052,1,Club
E01416,RA23110540000012,RA26110030000073,2,Cross-Department
E01417,RA23110540000012,RA26110540000078,4,Event
E01418,RA23110540000013,RA23110540000014,3,Event
E01419,RA23110540000013,RA23110540000015,1,Social
E01420,RA23110540000013,RA23110540000019,2,Social
E01421,RA23110540000013,RA23110540000021,5,Academic
E01422,RA23110540000013,RA24110540000038,8,Social
E01423,RA23110540000013,RA25110560000045,6,Cross-Department
E01424,RA23110540000013,RA26110030000068,3,Cross-Department
E01425,RA23110540000013,RA26110270000087,4,Cross-Department
E01426,RA23110540000014,RA23110540000015,1,Event
E01427,RA23110540000014,RA23110540000018,1,Event
E01428,RA23110540000014,RA23110540000022,2,Event
E01429,RA23110540000014,RA23110560000001,6,Cross-Department
E01430,RA23110540000014,RA23110560000021,6,Cross-Department
E01431,RA23110540000014,RA24110540000043,2,Project
E01432,RA23110540000014,RA25110540000051,4,Project
E01433,RA23110540000014,RA25110540000063,3,Social
E01434,RA23110540000014,RA25110560000047,4,Cross-Department
E01435,RA23110540000014,RA26110030000078,5,Cross-Department
E01436,RA23110540000014,RA26110540000073,5,Project
E01437,RA23110540000015,RA23110540000016,4,Academic
E01438,RA23110540000015,RA23110540000017,1,Academic
E01439,RA23110540000015,RA23110540000019,1,Club
E01440,RA23110540000015,RA23110540000020,3,Academic
E01441,RA23110540000015,RA23110540000021,9,Academic
E01442,RA23110540000015,RA23110560000009,9,Cross-Department
E01443,RA23110540000015,RA24110270000025,3,Cross-Department
E01444,RA23110540000015,RA24110270000044,3,Cross-Department
E01445,RA23110540000015,RA24110560000029,7,Cross-Department
E01446,RA23110540000015,RA25110540000048,3,Social
E01447,RA23110540000015,RA26110030000068,4,Cross-Department
E01448,RA23110540000015,RA26110270000079,5,Cross-Department
E01449,RA23110540000015,RA26110540000070,2,Project
E01450,RA23110540000015,RA26110540000086,3,Social
E01451,RA23110540000015,RA26110560000086,3,Cross-Department
E01452,RA23110540000016,RA23110540000017,4,Academic
E01453,RA23110540000016,RA23110540000018,3,Social
E01454,RA23110540000016,RA23110540000020,5,Project
E01455,RA23110540000016,RA23110560000014,6,Cross-Department
E01456,RA23110540000016,RA24110270000032,6,Cross-Department
E01457,RA23110540000016,RA25110030000055,5,Cross-Department
E01458,RA23110540000016,RA25110270000047,5,Cross-Department
E01459,RA23110540000016,RA25110540000050,4,Club
E01460,RA23110540000016,RA25110540000054,1,Academic
E01461,RA23110540000016,RA25110560000053,6,Cross-Department
E01462,RA23110540000016,RA26110270000085,4,Cross-Department
E01463,RA23110540000017,RA23110540000018,2,Academic
E01464,RA23110540000017,RA23110540000022,14,Academic
E01465,RA23110540000017,RA24110270000028,8,Cross-Department
E01466,RA23110540000017,RA25110540000052,2,Social
E01467,RA23110540000017,RA25110540000056,1,Project
E01468,RA23110540000017,RA25110560000055,3,Cross-Department
E01469,RA23110540000017,RA26110270000083,2,Cross-Department
E01470,RA23110540000017,RA26110540000077,3,Project
E01471,RA23110540000018,RA23110540000019,5,Social
E01472,RA23110540000018,RA24110270000023,3,Cross-Department
E01473,RA23110540000018,RA25110270000049,2,Cross-Department
E01474,RA23110540000018,RA25110270000052,3,Cross-Department
E01475,RA23110540000018,RA25110540000047,1,Club
E01476,RA23110540000018,RA25110540000053,5,Event
E01477,RA23110540000018,RA26110540000078,12,Project
E01478,RA23110540000018,RA26110540000079,3,Social
E01479,RA23110540000018,RA26110560000083,5,Cross-Department
E01480,RA23110540000019,RA23110540000020,1,Academic
E01481,RA23110540000019,RA23110540000021,1,Academic
E01482,RA23110540000019,RA23110540000022,3,Academic
E01483,RA23110540000019,RA24110540000038,1,Social
E01484,RA23110540000019,RA24110560000025,5,Cross-Department
E01485,RA23110540000019,RA24110560000028,3,Cross-Department
E01486,RA23110540000019,RA25110540000046,2,Club
E01487,RA23110540000019,RA26110030000083,7,Cross-Department
E01488,RA23110540000020,RA23110540000021,1,Academic
E01489,RA23110540000020,RA23110540000022,5,Project
E01490,RA23110540000020,RA24110030000027,3,Cross-Department
E01491,RA23110540000020,RA24110030000029,3,Cross-Department
E01492,RA23110540000020,RA24110290000043,5,Cross-Department
E01493,RA23110540000020,RA24110540000036,5,Social
E01494,RA23110540000020,RA24110560000024,3,Cross-Department
E01495,RA23110540000020,RA24110560000026,14,Cross-Department
E01496,RA23110540000020,RA24110560000028,4,Cross-Department
E01497,RA23110540000020,RA25110540000053,1,Social
E01498,RA23110540000020,RA26110030000078,9,Cross-Department
E01499,RA23110540000020,RA26110030000079,4,Cross-Department
E01500,RA23110540000020,RA26110270000072,8,Cross-Department
E01501,RA23110540000020,RA26110270000078,6,Cross-Department
E01502,RA23110540000020,RA26110270000084,2,Cross-Department
E01503,RA23110540000021,RA23110540000022,3,Project
E01504,RA23110540000021,RA23110560000011,7,Cross-Department
E01505,RA23110540000021,RA23110560000014,8,Cross-Department
E01506,RA23110540000021,RA24110030000032,5,Cross-Department
E01507,RA23110540000021,RA24110030000042,3,Cross-Department
E01508,RA23110540000021,RA25110540000055,1,Event
E01509,RA23110540000021,RA25110540000061,4,Academic
E01510,RA23110540000021,RA25110560000056,4,Cross-Department
E01511,RA23110540000021,RA26110030000077,6,Cross-Department
E01512,RA23110540000021,RA26110030000079,2,Cross-Department
E01513,RA23110540000022,RA23110560000006,4,Cross-Department
E01514,RA23110540000022,RA24110030000037,6,Cross-Department
E01515,RA23110540000022,RA26110030000069,2,Cross-Department
E01516,RA23110540000022,RA26110030000076,3,Cross-Department
E01517,RA23110540000022,RA26110270000082,3,Cross-Department
E01518,RA23110560000001,RA23110560000002,2,Project
E01519,RA23110560000001,RA23110560000004,4,Project
E01520,RA23110560000001,RA23110560000010,2,Event
E01521,RA23110560000001,RA23110560000013,9,Project
E01522,RA23110560000001,RA23110560000015,6,Event
E01523,RA23110560000001,RA23110560000020,3,Event
E01524,RA23110560000001,RA23110560000022,1,Project
E01525,RA23110560000001,RA24110540000023,5,Cross-Department
E01526,RA23110560000001,RA25110270000056,5,Cross-Department
E01527,RA23110560000001,RA26110540000086,4,Cross-Department
E01528,RA23110560000002,RA23110560000003,1,Project
E01529,RA23110560000002,RA23110560000004,2,Social
E01530,RA23110560000002,RA23110560000008,3,Club
E01531,RA23110560000002,RA23110560000009,3,Club
E01532,RA23110560000002,RA23110560000010,2,Social
E01533,RA23110560000002,RA23110560000011,3,Project
E01534,RA23110560000002,RA23110560000012,2,Club
E01535,RA23110560000002,RA23110560000013,2,Project
E01536,RA23110560000002,RA23110560000014,9,Project
E01537,RA23110560000002,RA23110560000016,1,Academic
E01538,RA23110560000002,RA23110560000017,2,Academic
E01539,RA23110560000002,RA23110560000019,4,Club
E01540,RA23110560000002,RA23110560000020,2,Project
E01541,RA23110560000002,RA23110560000021,3,Academic
E01542,RA23110560000002,RA24110560000024,2,Club
E01543,RA23110560000002,RA25110030000059,6,Cross-Department
E01544,RA23110560000002,RA26110540000067,5,Cross-Department
E01545,RA23110560000002,RA26110540000073,3,Cross-Department
E01546,RA23110560000002,RA26110560000088,5,Academic
E01547,RA23110560000003,RA23110560000004,5,Project
E01548,RA23110560000003,RA23110560000005,2,Academic
E01549,RA23110560000003,RA23110560000007,1,Project
E01550,RA23110560000003,RA23110560000011,6,Event
E01551,RA23110560000003,RA23110560000013,2,Project
E01552,RA23110560000003,RA23110560000015,4,Social
E01553,RA23110560000003,RA23110560000020,1,Social
E01554,RA23110560000003,RA23110560000021,7,Club
E01555,RA23110560000003,RA23110560000022,5,Academic
E01556,RA23110560000003,RA24110540000027,6,Cross-Department
E01557,RA23110560000003,RA24110540000037,7,Cross-Department
E01558,RA23110560000003,RA24110560000033,2,Social
E01559,RA23110560000003,RA25110560000061,2,Academic
E01560,RA23110560000003,RA26110270000072,6,Cross-Department
E01561,RA23110560000003,RA26110560000076,4,Academic
E01562,RA23110560000004,RA23110560000005,3,Club
E01563,RA23110560000004,RA23110560000007,3,Project
E01564,RA23110560000004,RA23110560000009,1,Event
E01565,RA23110560000004,RA23110560000016,5,Project
E01566,RA23110560000004,RA23110560000017,3,Social
E01567,RA23110560000004,RA23110560000018,1,Academic
E01568,RA23110560000004,RA24110540000028,4,Cross-Department
E01569,RA23110560000004,RA24110540000034,4,Cross-Department
E01570,RA23110560000004,RA25110270000060,7,Cross-Department
E01571,RA23110560000004,RA26110270000072,5,Cross-Department
E01572,RA23110560000005,RA23110560000006,6,Academic
E01573,RA23110560000005,RA23110560000007,5,Social
E01574,RA23110560000005,RA23110560000009,6,Club
E01575,RA23110560000005,RA23110560000011,7,Academic
E01576,RA23110560000005,RA23110560000014,5,Project
E01577,RA23110560000005,RA23110560000015,6,Social
E01578,RA23110560000005,RA23110560000017,10,Club
E01579,RA23110560000005,RA23110560000018,6,Event
E01580,RA23110560000005,RA23110560000019,5,Event
E01581,RA23110560000005,RA24110540000040,12,Cross-Department
E01582,RA23110560000005,RA24110560000031,3,Academic
E01583,RA23110560000005,RA24110560000041,1,Social
E01584,RA23110560000005,RA25110030000060,3,Cross-Department
E01585,RA23110560000005,RA25110560000050,4,Club
E01586,RA23110560000005,RA25110560000053,2,Social
E01587,RA23110560000005,RA26110270000079,10,Cross-Department
E01588,RA23110560000005,RA26110540000068,5,Cross-Department
E01589,RA23110560000006,RA23110560000007,3,Event
E01590,RA23110560000006,RA23110560000008,3,Social
E01591,RA23110560000006,RA23110560000010,1,Club
E01592,RA23110560000006,RA23110560000015,2,Event
E01593,RA23110560000006,RA23110560000018,6,Social
E01594,RA23110560000006,RA23110560000022,4,Club
E01595,RA23110560000006,RA24110560000035,3,Event
E01596,RA23110560000006,RA24110560000039,4,Event
E01597,RA23110560000006,RA24110560000044,3,Club
E01598,RA23110560000006,RA25110540000052,12,Cross-Department
E01599,RA23110560000007,RA23110560000008,3,Academic
E01600,RA23110560000007,RA23110560000011,1,Event
E01601,RA23110560000007,RA23110560000014,1,Project
E01602,RA23110560000007,RA23110560000019,1,Project
E01603,RA23110560000007,RA23110560000020,8,Event
E01604,RA23110560000007,RA23110560000021,1,Academic
E01605,RA23110560000007,RA24110030000030,5,Cross-Department
E01606,RA23110560000007,RA24110560000041,3,Social
E01607,RA23110560000007,RA25110270000046,10,Cross-Department
E01608,RA23110560000007,RA26110030000088,4,Cross-Department
E01609,RA23110560000007,RA26110560000070,1,Event
E01610,RA23110560000007,RA26110560000077,6,Social
E01611,RA23110560000008,RA23110560000009,2,Event
E01612,RA23110560000008,RA23110560000010,7,Social
E01613,RA23110560000008,RA23110560000012,2,Event
E01614,RA23110560000008,RA23110560000014,6,Academic
E01615,RA23110560000008,RA24110030000037,4,Cross-Department
E01616,RA23110560000008,RA24110540000023,4,Cross-Department
E01617,RA23110560000008,RA24110540000026,4,Cross-Department
E01618,RA23110560000008,RA25110030000062,4,Cross-Department
E01619,RA23110560000008,RA25110030000064,4,Cross-Department
E01620,RA23110560000008,RA25110540000050,4,Cross-Department
E01621,RA23110560000008,RA26110270000070,4,Cross-Department
E01622,RA23110560000008,RA26110270000079,10,Cross-Department
E01623,RA23110560000008,RA26110560000081,2,Club
E01624,RA23110560000009,RA23110560000010,4,Project
E01625,RA23110560000009,RA23110560000014,2,Social
E01626,RA23110560000009,RA23110560000015,4,Club
E01627,RA23110560000009,RA23110560000019,4,Event
E01628,RA23110560000009,RA23110560000020,8,Project
E01629,RA23110560000009,RA24110030000023,5,Cross-Department
E01630,RA23110560000009,RA24110540000034,4,Cross-Department
E01631,RA23110560000009,RA25110030000053,2,Cross-Department
E01632,RA23110560000009,RA25110270000051,14,Cross-Department
E01633,RA23110560000009,RA25110540000065,6,Cross-Department
E01634,RA23110560000009,RA25110560000052,2,Club
E01635,RA23110560000010,RA23110560000011,1,Club
E01636,RA23110560000010,RA23110560000013,2,Social
E01637,RA23110560000010,RA23110560000015,2,Social
E01638,RA23110560000010,RA23110560000018,5,Academic
E01639,RA23110560000010,RA23110560000020,3,Social
E01640,RA23110560000010,RA24110270000027,3,Cross-Department
E01641,RA23110560000010,RA24110540000035,4,Cross-Department
E01642,RA23110560000010,RA24110540000040,8,Cross-Department
E01643,RA23110560000010,RA24110560000024,2,Social
E01644,RA23110560000010,RA25110030000051,5,Cross-Department
E01645,RA23110560000010,RA25110270000056,9,Cross-Department
E01646,RA23110560000010,RA25110540000060,7,Cross-Department
E01647,RA23110560000010,RA26110030000087,7,Cross-Department
E01648,RA23110560000011,RA23110560000012,3,Project
E01649,RA23110560000011,RA23110560000013,2,Club
E01650,RA23110560000011,RA23110560000014,2,Social
E01651,RA23110560000011,RA23110560000015,1,Project
E01652,RA23110560000011,RA23110560000017,1,Social
E01653,RA23110560000011,RA23110560000018,2,Event
E01654,RA23110560000011,RA23110560000019,3,Social
E01655,RA23110560000011,RA23110560000020,2,Project
E01656,RA23110560000011,RA23110560000021,1,Project
E01657,RA23110560000011,RA24110560000024,2,Club
E01658,RA23110560000011,RA24110560000029,3,Academic
E01659,RA23110560000011,RA25110540000047,6,Cross-Department
E01660,RA23110560000011,RA25110540000055,3,Cross-Department
E01661,RA23110560000011,RA25110540000058,3,Cross-Department
E01662,RA23110560000011,RA25110540000065,7,Cross-Department
E01663,RA23110560000011,RA26110030000078,7,Cross-Department
E01664,RA23110560000011,RA26110270000075,3,Cross-Department
E01665,RA23110560000011,RA26110540000073,4,Cross-Department
E01666,RA23110560000012,RA23110560000013,1,Club
E01667,RA23110560000012,RA23110560000017,3,Academic
E01668,RA23110560000012,RA23110560000018,3,Social
E01669,RA23110560000012,RA23110560000020,1,Event
E01670,RA23110560000012,RA24110270000026,5,Cross-Department
E01671,RA23110560000012,RA24110540000035,4,Cross-Department
E01672,RA23110560000012,RA24110560000024,1,Project
E01673,RA23110560000012,RA25110030000049,4,Cross-Department
E01674,RA23110560000012,RA25110560000064,7,Social
E01675,RA23110560000012,RA25110560000066,1,Project
E01676,RA23110560000012,RA26110560000083,4,Social
E01677,RA23110560000013,RA23110560000014,4,Event
E01678,RA23110560000013,RA23110560000016,1,Event
E01679,RA23110560000013,RA23110560000017,3,Club
E01680,RA23110560000013,RA23110560000019,3,Academic
E01681,RA23110560000013,RA23110560000021,1,Club
E01682,RA23110560000013,RA25110030000061,8,Cross-Department
E01683,RA23110560000013,RA25110270000053,7,Cross-Department
E01684,RA23110560000013,RA25110540000051,2,Cross-Department
E01685,RA23110560000013,RA26110030000079,6,Cross-Department
E01686,RA23110560000013,RA26110270000068,3,Cross-Department
E01687,RA23110560000013,RA26110540000075,5,Cross-Department
E01688,RA23110560000014,RA23110560000015,1,Academic
E01689,RA23110560000014,RA23110560000016,4,Event
E01690,RA23110560000014,RA23110560000017,2,Project
E01691,RA23110560000014,RA23110560000018,2,Club
E01692,RA23110560000014,RA23110560000020,2,Academic
E01693,RA23110560000014,RA23110560000022,5,Project
E01694,RA23110560000014,RA24110540000037,4,Cross-Department
E01695,RA23110560000014,RA24110560000031,1,Event
E01696,RA23110560000014,RA26110030000088,9,Cross-Department
E01697,RA23110560000014,RA26110540000073,4,Cross-Department
E01698,RA23110560000014,RA26110540000080,9,Cross-Department
E01699,RA23110560000014,RA26110560000079,6,Project
E01700,RA23110560000015,RA23110560000016,1,Club
E01701,RA23110560000015,RA23110560000017,3,Project
E01702,RA23110560000015,RA23110560000020,2,Club
E01703,RA23110560000015,RA23110560000021,4,Academic
E01704,RA23110560000015,RA24110030000038,3,Cross-Department
E01705,RA23110560000015,RA24110270000040,7,Cross-Department
E01706,RA23110560000015,RA24110560000025,7,Event
E01707,RA23110560000015,RA25110540000052,4,Cross-Department
E01708,RA23110560000015,RA26110270000084,6,Cross-Department
E01709,RA23110560000016,RA23110560000017,3,Social
E01710,RA23110560000016,RA23110560000019,3,Club
E01711,RA23110560000016,RA23110560000021,10,Academic
E01712,RA23110560000016,RA23110560000022,1,Academic
E01713,RA23110560000016,RA24110030000044,5,Cross-Department
E01714,RA23110560000016,RA24110270000026,6,Cross-Department
E01715,RA23110560000016,RA24110560000027,4,Club
E01716,RA23110560000016,RA25110030000059,2,Cross-Department
E01717,RA23110560000016,RA25110540000062,2,Cross-Department
E01718,RA23110560000016,RA25110560000053,1,Project
E01719,RA23110560000016,RA26110270000070,7,Cross-Department
E01720,RA23110560000016,RA26110270000072,7,Cross-Department
E01721,RA23110560000016,RA26110270000080,3,Cross-Department
E01722,RA23110560000016,RA26110560000079,2,Project
E01723,RA23110560000017,RA23110560000018,3,Club
E01724,RA23110560000017,RA23110560000019,4,Club
E01725,RA23110560000017,RA23110560000022,2,Project
E01726,RA23110560000017,RA24110030000041,2,Cross-Department
E01727,RA23110560000017,RA25110560000064,6,Event
E01728,RA23110560000017,RA26110030000087,6,Cross-Department
E01729,RA23110560000017,RA26110270000075,5,Cross-Department
E01730,RA23110560000018,RA23110560000019,4,Social
E01731,RA23110560000018,RA23110560000020,3,Academic
E01732,RA23110560000018,RA24110030000035,6,Cross-Department
E01733,RA23110560000018,RA24110270000041,5,Cross-Department
E01734,RA23110560000018,RA24110270000044,3,Cross-Department
E01735,RA23110560000018,RA24110540000029,3,Cross-Department
E01736,RA23110560000018,RA25110560000051,2,Club
E01737,RA23110560000018,RA26110270000076,5,Cross-Department
E01738,RA23110560000019,RA23110560000020,2,Club
E01739,RA23110560000019,RA24110560000031,1,Social
E01740,RA23110560000019,RA24110560000034,4,Club
E01741,RA23110560000019,RA25110030000054,3,Cross-Department
E01742,RA23110560000019,RA25110270000055,2,Cross-Department
E01743,RA23110560000019,RA25110560000058,4,Social
E01744,RA23110560000019,RA25110560000062,5,Academic
E01745,RA23110560000019,RA26110270000069,4,Cross-Department
E01746,RA23110560000019,RA26110560000084,1,Project
E01747,RA23110560000020,RA23110560000021,7,Event
E01748,RA23110560000020,RA23110560000022,2,Project
E01749,RA23110560000020,RA24110270000024,5,Cross-Department
E01750,RA23110560000020,RA24110270000034,6,Cross-Department
E01751,RA23110560000020,RA24110540000030,7,Cross-Department
E01752,RA23110560000020,RA25110270000046,4,Cross-Department
E01753,RA23110560000020,RA25110270000061,4,Cross-Department
E01754,RA23110560000020,RA25110560000051,2,Social
E01755,RA23110560000020,RA26110030000069,4,Cross-Department
E01756,RA23110560000020,RA26110270000083,2,Cross-Department
E01757,RA23110560000020,RA26110540000078,5,Cross-Department
E01758,RA23110560000020,RA26110560000085,4,Club
E01759,RA23110560000021,RA23110560000022,2,Event
E01760,RA23110560000021,RA24110030000024,8,Cross-Department
E01761,RA23110560000021,RA24110030000029,14,Cross-Department
E01762,RA23110560000021,RA24110540000028,7,Cross-Department
E01763,RA23110560000021,RA24110560000028,1,Event
E01764,RA23110560000021,RA25110030000049,7,Cross-Department
E01765,RA23110560000022,RA24110030000037,3,Cross-Department
E01766,RA23110560000022,RA24110270000025,8,Cross-Department
E01767,RA23110560000022,RA25110540000051,6,Cross-Department
E01768,RA23110560000022,RA25110560000055,2,Academic
E01769,RA23110560000022,RA25110560000056,5,Social
E01770,RA23110560000022,RA26110560000083,3,Social
E01771,RA24110030000023,RA24110030000024,1,Social
E01772,RA24110030000023,RA24110030000025,1,Social
E01773,RA24110030000023,RA24110030000034,5,Project
E01774,RA24110030000023,RA24110030000035,4,Project
E01775,RA24110030000023,RA24110030000039,1,Academic
E01776,RA24110030000023,RA24110030000043,3,Social
E01777,RA24110030000023,RA24110030000044,3,Academic
E01778,RA24110030000023,RA24110290000038,5,Cross-Department
E01779,RA24110030000023,RA24110290000040,2,Cross-Department
E01780,RA24110030000023,RA24110300000037,2,Cross-Department
E01781,RA24110030000023,RA24110560000034,4,Cross-Department
E01782,RA24110030000023,RA25110030000046,5,Club
E01783,RA24110030000023,RA25110030000049,1,Club
E01784,RA24110030000023,RA25110290000054,7,Cross-Department
E01785,RA24110030000023,RA25110300000059,4,Cross-Department
E01786,RA24110030000023,RA25110540000062,7,Cross-Department
E01787,RA24110030000023,RA26110280000073,8,Cross-Department
E01788,RA24110030000023,RA26110280000080,4,Cross-Department
E01789,RA24110030000023,RA26110300000070,9,Cross-Department
E01790,RA24110030000023,RA26110300000079,3,Cross-Department
E01791,RA24110030000024,RA24110030000025,2,Project
E01792,RA24110030000024,RA24110030000026,5,Social
E01793,RA24110030000024,RA24110030000028,1,Event
E01794,RA24110030000024,RA24110030000029,2,Project
E01795,RA24110030000024,RA24110030000031,14,Academic
E01796,RA24110030000024,RA24110030000035,4,Event
E01797,RA24110030000024,RA24110030000038,1,Academic
E01798,RA24110030000024,RA24110030000040,2,Academic
E01799,RA24110030000024,RA24110030000041,3,Event
E01800,RA24110030000024,RA24110030000042,1,Club
E01801,RA24110030000024,RA24110030000043,2,Event
E01802,RA24110030000024,RA24110560000030,4,Cross-Department
E01803,RA24110030000024,RA24110560000034,2,Cross-Department
E01804,RA24110030000024,RA25110300000052,10,Cross-Department
E01805,RA24110030000024,RA25110300000059,8,Cross-Department
E01806,RA24110030000024,RA25110540000054,5,Cross-Department
E01807,RA24110030000024,RA25110560000046,5,Cross-Department
E01808,RA24110030000024,RA25110560000064,2,Cross-Department
E01809,RA24110030000024,RA26110030000082,2,Social
E01810,RA24110030000024,RA26110560000082,3,Cross-Department
E01811,RA24110030000025,RA24110030000026,5,Project
E01812,RA24110030000025,RA24110030000030,2,Event
E01813,RA24110030000025,RA24110030000031,2,Social
E01814,RA24110030000025,RA24110030000032,4,Event
E01815,RA24110030000025,RA24110030000033,1,Social
E01816,RA24110030000025,RA24110030000037,5,Club
E01817,RA24110030000025,RA24110030000043,8,Event
E01818,RA24110030000025,RA24110030000044,1,Social
E01819,RA24110030000025,RA24110300000027,6,Cross-Department
E01820,RA24110030000025,RA24110300000042,2,Cross-Department
E01821,RA24110030000025,RA24110540000044,6,Cross-Department
E01822,RA24110030000025,RA25110280000048,6,Cross-Department
E01823,RA24110030000025,RA25110280000053,4,Cross-Department
E01824,RA24110030000025,RA26110280000076,6,Cross-Department
E01825,RA24110030000025,RA26110290000072,3,Cross-Department
E01826,RA24110030000025,RA26110300000072,4,Cross-Department
E01827,RA24110030000025,RA26110300000073,2,Cross-Department
E01828,RA24110030000026,RA24110030000027,3,Club
E01829,RA24110030000026,RA24110030000037,1,Academic
E01830,RA24110030000026,RA24110030000040,1,Social
E01831,RA24110030000026,RA24110030000042,3,Club
E01832,RA24110030000026,RA25110290000065,3,Cross-Department
E01833,RA24110030000026,RA25110300000058,10,Cross-Department
E01834,RA24110030000026,RA26110030000083,4,Club
E01835,RA24110030000026,RA26110280000070,7,Cross-Department
E01836,RA24110030000026,RA26110290000071,6,Cross-Department
E01837,RA24110030000026,RA26110290000079,6,Cross-Department
E01838,RA24110030000027,RA24110030000028,8,Club
E01839,RA24110030000027,RA24110030000029,6,Club
E01840,RA24110030000027,RA24110030000031,2,Event
E01841,RA24110030000027,RA24110030000034,1,Social
E01842,RA24110030000027,RA24110030000037,2,Club
E01843,RA24110030000027,RA24110030000039,2,Academic
E01844,RA24110030000027,RA24110030000040,1,Event
E01845,RA24110030000027,RA24110030000041,5,Social
E01846,RA24110030000027,RA24110030000044,3,Club
E01847,RA24110030000027,RA24110280000025,4,Cross-Department
E01848,RA24110030000027,RA24110280000027,3,Cross-Department
E01849,RA24110030000027,RA24110280000040,4,Cross-Department
E01850,RA24110030000027,RA24110290000023,6,Cross-Department
E01851,RA24110030000027,RA24110290000029,3,Cross-Department
E01852,RA24110030000027,RA24110300000038,5,Cross-Department
E01853,RA24110030000027,RA24110540000029,5,Cross-Department
E01854,RA24110030000027,RA24110540000038,5,Cross-Department
E01855,RA24110030000027,RA25110280000053,7,Cross-Department
E01856,RA24110030000027,RA25110280000054,9,Cross-Department
E01857,RA24110030000027,RA25110290000066,5,Cross-Department
E01858,RA24110030000027,RA25110300000054,6,Cross-Department
E01859,RA24110030000027,RA25110540000046,3,Cross-Department
E01860,RA24110030000027,RA25110560000060,6,Cross-Department
E01861,RA24110030000027,RA26110300000083,12,Cross-Department
E01862,RA24110030000027,RA26110560000084,4,Cross-Department
E01863,RA24110030000028,RA24110030000029,5,Social
E01864,RA24110030000028,RA24110030000031,6,Event
E01865,RA24110030000028,RA24110030000033,1,Project
E01866,RA24110030000028,RA24110030000035,1,Academic
E01867,RA24110030000028,RA24110030000036,3,Social
E01868,RA24110030000028,RA24110030000042,12,Project
E01869,RA24110030000028,RA24110030000043,8,Project
E01870,RA24110030000028,RA24110030000044,3,Social
E01871,RA24110030000028,RA24110290000028,3,Cross-Department
E01872,RA24110030000028,RA24110290000033,4,Cross-Department
E01873,RA24110030000028,RA24110540000025,2,Cross-Department
E01874,RA24110030000028,RA25110030000050,1,Event
E01875,RA24110030000028,RA25110300000054,2,Cross-Department
E01876,RA24110030000028,RA25110300000063,6,Cross-Department
E01877,RA24110030000028,RA25110560000057,4,Cross-Department
E01878,RA24110030000028,RA26110030000087,3,Project
E01879,RA24110030000028,RA26110300000083,5,Cross-Department
E01880,RA24110030000029,RA24110030000030,5,Event
E01881,RA24110030000029,RA24110030000031,14,Project
E01882,RA24110030000029,RA24110030000033,6,Event
E01883,RA24110030000029,RA24110030000034,2,Club
E01884,RA24110030000029,RA24110030000038,3,Club
E01885,RA24110030000029,RA24110030000042,2,Project
E01886,RA24110030000029,RA24110280000029,6,Cross-Department
E01887,RA24110030000029,RA24110280000039,5,Cross-Department
E01888,RA24110030000029,RA24110540000044,7,Cross-Department
E01889,RA24110030000029,RA25110030000050,4,Social
E01890,RA24110030000029,RA25110290000054,5,Cross-Department
E01891,RA24110030000029,RA25110300000064,5,Cross-Department
E01892,RA24110030000029,RA25110540000053,5,Cross-Department
E01893,RA24110030000029,RA25110540000065,3,Cross-Department
E01894,RA24110030000029,RA25110560000057,4,Cross-Department
E01895,RA24110030000029,RA26110030000086,8,Academic
E01896,RA24110030000029,RA26110290000074,7,Cross-Department
E01897,RA24110030000030,RA24110030000031,4,Project
E01898,RA24110030000030,RA24110030000032,6,Club
E01899,RA24110030000030,RA24110030000034,4,Social
E01900,RA24110030000030,RA24110030000039,1,Academic
E01901,RA24110030000030,RA24110290000036,3,Cross-Department
E01902,RA24110030000030,RA25110290000048,4,Cross-Department
E01903,RA24110030000030,RA25110290000066,4,Cross-Department
E01904,RA24110030000030,RA25110540000057,7,Cross-Department
E01905,RA24110030000030,RA26110540000077,3,Cross-Department
E01906,RA24110030000030,RA26110560000083,5,Cross-Department
E01907,RA24110030000031,RA24110030000032,1,Social
E01908,RA24110030000031,RA24110030000033,3,Project
E01909,RA24110030000031,RA24110030000035,2,Project
E01910,RA24110030000031,RA24110030000036,6,Academic
E01911,RA24110030000031,RA24110030000037,5,Academic
E01912,RA24110030000031,RA24110030000041,10,Club
E01913,RA24110030000031,RA24110030000043,1,Club
E01914,RA24110030000031,RA24110300000030,7,Cross-Department
E01915,RA24110030000031,RA25110290000065,4,Cross-Department
E01916,RA24110030000031,RA25110540000061,3,Cross-Department
E01917,RA24110030000031,RA25110560000047,5,Cross-Department
E01918,RA24110030000031,RA26110560000076,6,Cross-Department
E01919,RA24110030000032,RA24110030000033,6,Event
E01920,RA24110030000032,RA24110030000034,9,Club
E01921,RA24110030000032,RA24110030000042,7,Academic
E01922,RA24110030000032,RA24110030000043,6,Academic
E01923,RA24110030000032,RA24110300000038,6,Cross-Department
E01924,RA24110030000032,RA24110540000043,5,Cross-Department
E01925,RA24110030000032,RA25110030000060,4,Academic
E01926,RA24110030000032,RA25110290000066,2,Cross-Department
E01927,RA24110030000032,RA26110280000080,4,Cross-Department
E01928,RA24110030000032,RA26110300000072,7,Cross-Department
E01929,RA24110030000032,RA26110300000079,4,Cross-Department
E01930,RA24110030000032,RA26110560000088,3,Cross-Department
E01931,RA24110030000033,RA24110030000034,8,Club
E01932,RA24110030000033,RA24110030000035,2,Event
E01933,RA24110030000033,RA24110030000038,8,Academic
E01934,RA24110030000033,RA24110030000039,2,Social
E01935,RA24110030000033,RA24110030000041,6,Club
E01936,RA24110030000033,RA24110280000034,6,Cross-Department
E01937,RA24110030000033,RA24110290000028,9,Cross-Department
E01938,RA24110030000033,RA25110030000047,5,Social
E01939,RA24110030000033,RA25110540000050,5,Cross-Department
E01940,RA24110030000033,RA25110540000059,4,Cross-Department
E01941,RA24110030000033,RA25110560000058,3,Cross-Department
E01942,RA24110030000033,RA26110030000074,2,Project
E01943,RA24110030000034,RA24110030000035,2,Social
E01944,RA24110030000034,RA24110030000039,3,Social
E01945,RA24110030000034,RA24110030000041,2,Academic
E01946,RA24110030000034,RA24110030000043,1,Social
E01947,RA24110030000034,RA24110030000044,5,Club
E01948,RA24110030000034,RA24110280000023,6,Cross-Department
E01949,RA24110030000034,RA24110290000032,8,Cross-Department
E01950,RA24110030000034,RA24110290000035,5,Cross-Department
E01951,RA24110030000034,RA25110300000046,3,Cross-Department
E01952,RA24110030000034,RA26110280000069,6,Cross-Department
E01953,RA24110030000034,RA26110280000072,5,Cross-Department
E01954,RA24110030000034,RA26110290000082,6,Cross-Department
E01955,RA24110030000034,RA26110540000073,5,Cross-Department
E01956,RA24110030000034,RA26110540000086,6,Cross-Department
E01957,RA24110030000035,RA24110030000036,5,Club
E01958,RA24110030000035,RA24110030000037,3,Club
E01959,RA24110030000035,RA24110030000040,1,Project
E01960,RA24110030000035,RA24110030000041,2,Social
E01961,RA24110030000035,RA24110030000043,4,Academic
E01962,RA24110030000035,RA24110300000025,3,Cross-Department
E01963,RA24110030000035,RA24110560000044,5,Cross-Department
E01964,RA24110030000035,RA25110280000060,5,Cross-Department
E01965,RA24110030000035,RA25110280000065,2,Cross-Department
E01966,RA24110030000035,RA25110560000064,9,Cross-Department
E01967,RA24110030000035,RA26110290000069,6,Cross-Department
E01968,RA24110030000036,RA24110030000037,3,Project
E01969,RA24110030000036,RA24110030000038,8,Event
E01970,RA24110030000036,RA24110030000040,3,Project
E01971,RA24110030000036,RA24110540000037,4,Cross-Department
E01972,RA24110030000036,RA24110560000035,9,Cross-Department
E01973,RA24110030000036,RA25110280000063,6,Cross-Department
E01974,RA24110030000036,RA25110290000051,2,Cross-Department
E01975,RA24110030000036,RA25110290000052,2,Cross-Department
E01976,RA24110030000036,RA25110300000062,3,Cross-Department
E01977,RA24110030000036,RA25110560000048,6,Cross-Department
E01978,RA24110030000037,RA24110030000038,6,Club
E01979,RA24110030000037,RA24110030000042,2,Club
E01980,RA24110030000037,RA24110030000044,2,Academic
E01981,RA24110030000037,RA24110300000030,2,Cross-Department
E01982,RA24110030000037,RA24110300000031,6,Cross-Department
E01983,RA24110030000037,RA24110540000027,4,Cross-Department
E01984,RA24110030000037,RA25110030000063,3,Social
E01985,RA24110030000037,RA25110560000057,4,Cross-Department
E01986,RA24110030000037,RA26110540000080,4,Cross-Department
E01987,RA24110030000037,RA26110560000073,7,Cross-Department
E01988,RA24110030000038,RA24110030000039,5,Event
E01989,RA24110030000038,RA24110030000041,4,Event
E01990,RA24110030000038,RA24110030000043,2,Academic
E01991,RA24110030000038,RA24110300000024,4,Cross-Department
E01992,RA24110030000038,RA25110280000056,7,Cross-Department
E01993,RA24110030000038,RA25110560000063,5,Cross-Department
E01994,RA24110030000038,RA26110030000068,7,Club
E01995,RA24110030000038,RA26110030000076,1,Event
E01996,RA24110030000038,RA26110540000082,3,Cross-Department
E01997,RA24110030000039,RA24110030000040,6,Club
E01998,RA24110030000039,RA24110030000042,7,Event
E01999,RA24110030000039,RA24110030000043,2,Event
E02000,RA24110030000039,RA24110030000044,14,Social
E02001,RA24110030000039,RA24110300000044,5,Cross-Department
E02002,RA24110030000039,RA24110560000040,6,Cross-Department
E02003,RA24110030000039,RA25110030000055,1,Project
E02004,RA24110030000039,RA25110290000059,6,Cross-Department
E02005,RA24110030000039,RA25110540000063,3,Cross-Department
E02006,RA24110030000039,RA26110300000073,5,Cross-Department
E02007,RA24110030000039,RA26110560000068,9,Cross-Department
E02008,RA24110030000040,RA24110030000041,4,Club
E02009,RA24110030000040,RA24110030000042,2,Event
E02010,RA24110030000040,RA24110030000043,5,Social
E02011,RA24110030000040,RA24110290000026,4,Cross-Department
E02012,RA24110030000040,RA25110290000046,5,Cross-Department
E02013,RA24110030000040,RA25110560000059,4,Cross-Department
E02014,RA24110030000040,RA26110280000086,8,Cross-Department
E02015,RA24110030000040,RA26110300000072,4,Cross-Department
E02016,RA24110030000040,RA26110540000070,2,Cross-Department
E02017,RA24110030000041,RA24110030000042,2,Project
E02018,RA24110030000041,RA24110030000043,1,Social
E02019,RA24110030000041,RA24110540000037,3,Cross-Department
E02020,RA24110030000041,RA25110030000047,5,Event
E02021,RA24110030000041,RA25110030000054,1,Academic
E02022,RA24110030000041,RA25110030000057,3,Academic
E02023,RA24110030000041,RA25110280000052,6,Cross-Department
E02024,RA24110030000041,RA25110280000056,3,Cross-Department
E02025,RA24110030000041,RA25110300000061,6,Cross-Department
E02026,RA24110030000041,RA25110560000047,4,Cross-Department
E02027,RA24110030000041,RA26110540000085,5,Cross-Department
E02028,RA24110030000041,RA26110560000081,7,Cross-Department
E02029,RA24110030000042,RA24110030000043,4,Project
E02030,RA24110030000042,RA24110280000032,6,Cross-Department
E02031,RA24110030000042,RA24110300000029,3,Cross-Department
E02032,RA24110030000042,RA24110300000042,8,Cross-Department
E02033,RA24110030000042,RA25110280000056,3,Cross-Department
E02034,RA24110030000042,RA25110560000058,6,Cross-Department
E02035,RA24110030000042,RA26110290000069,4,Cross-Department
E02036,RA24110030000043,RA24110030000044,5,Social
E02037,RA24110030000043,RA24110300000032,3,Cross-Department
E02038,RA24110030000043,RA26110290000087,2,Cross-Department
E02039,RA24110030000043,RA26110300000073,5,Cross-Department
E02040,RA24110030000043,RA26110540000070,5,Cross-Department
E02041,RA24110030000044,RA24110280000038,2,Cross-Department
E02042,RA24110030000044,RA24110300000029,4,Cross-Department
E02043,RA24110030000044,RA24110300000032,4,Cross-Department
E02044,RA24110030000044,RA24110560000031,2,Cross-Department
E02045,RA24110030000044,RA25110030000060,1,Social
E02046,RA24110030000044,RA25110280000065,5,Cross-Department
E02047,RA24110030000044,RA25110290000050,3,Cross-Department
E02048,RA24110030000044,RA25110290000066,7,Cross-Department
E02049,RA24110030000044,RA25110540000047,4,Cross-Department
E02050,RA24110030000044,RA26110030000073,3,Event
E02051,RA24110030000044,RA26110290000084,7,Cross-Department
E02052,RA24110030000044,RA26110540000074,5,Cross-Department
E02053,RA24110270000023,RA24110270000024,5,Project
E02054,RA24110270000023,RA24110270000025,3,Event
E02055,RA24110270000023,RA24110270000028,5,Project
E02056,RA24110270000023,RA24110270000030,1,Social
E02057,RA24110270000023,RA24110270000033,2,Project
E02058,RA24110270000023,RA24110270000034,1,Project
E02059,RA24110270000023,RA24110270000041,1,Social
E02060,RA24110270000023,RA24110270000042,5,Academic
E02061,RA24110270000023,RA24110270000043,2,Project
E02062,RA24110270000023,RA24110270000044,5,Academic
E02063,RA24110270000023,RA25110270000057,1,Club
E02064,RA24110270000023,RA25110270000061,1,Academic
E02065,RA24110270000023,RA26110270000078,1,Club
E02066,RA24110270000023,RA26110540000078,4,Cross-Department
E02067,RA24110270000024,RA24110270000025,1,Academic
E02068,RA24110270000024,RA24110270000030,12,Academic
E02069,RA24110270000024,RA24110270000031,2,Event
E02070,RA24110270000024,RA24110270000033,4,Event
E02071,RA24110270000024,RA24110270000034,3,Academic
E02072,RA24110270000024,RA24110270000036,2,Project
E02073,RA24110270000024,RA24110270000040,9,Project
E02074,RA24110270000024,RA24110270000043,2,Social
E02075,RA24110270000024,RA24110270000044,1,Project
E02076,RA24110270000024,RA24110540000024,4,Cross-Department
E02077,RA24110270000024,RA25110560000048,4,Cross-Department
E02078,RA24110270000024,RA25110560000066,4,Cross-Department
E02079,RA24110270000025,RA24110270000026,1,Club
E02080,RA24110270000025,RA24110270000027,6,Social
E02081,RA24110270000025,RA24110270000028,5,Event
E02082,RA24110270000025,RA24110270000031,3,Project
E02083,RA24110270000025,RA24110270000032,2,Club
E02084,RA24110270000025,RA24110270000033,2,Academic
E02085,RA24110270000025,RA24110270000034,5,Academic
E02086,RA24110270000025,RA24110270000037,2,Project
E02087,RA24110270000025,RA24110270000039,4,Academic
E02088,RA24110270000025,RA24110270000041,2,Academic
E02089,RA24110270000025,RA24110270000043,4,Club
E02090,RA24110270000025,RA24110270000044,4,Social
E02091,RA24110270000025,RA26110560000087,3,Cross-Department
E02092,RA24110270000026,RA24110270000027,4,Event
E02093,RA24110270000026,RA24110270000029,2,Project
E02094,RA24110270000026,RA24110270000033,8,Academic
E02095,RA24110270000026,RA24110270000037,1,Academic
E02096,RA24110270000026,RA24110270000040,6,Event
E02097,RA24110270000026,RA24110270000042,7,Social
E02098,RA24110270000026,RA24110540000039,12,Cross-Department
E02099,RA24110270000026,RA25110270000048,1,Social
E02100,RA24110270000026,RA25110270000052,1,Project
E02101,RA24110270000026,RA26110560000071,3,Cross-Department
E02102,RA24110270000027,RA24110270000028,1,Club
E02103,RA24110270000027,RA24110270000033,5,Academic
E02104,RA24110270000027,RA24110270000036,5,Club
E02105,RA24110270000027,RA24110270000038,1,Academic
E02106,RA24110270000027,RA24110540000034,6,Cross-Department
E02107,RA24110270000027,RA24110540000044,5,Cross-Department
E02108,RA24110270000027,RA25110270000056,2,Academic
E02109,RA24110270000027,RA25110540000047,6,Cross-Department
E02110,RA24110270000027,RA25110560000059,6,Cross-Department
E02111,RA24110270000027,RA26110540000070,3,Cross-Department
E02112,RA24110270000027,RA26110540000076,5,Cross-Department
E02113,RA24110270000027,RA26110560000087,3,Cross-Department
E02114,RA24110270000028,RA24110270000029,8,Academic
E02115,RA24110270000028,RA24110270000030,2,Social
E02116,RA24110270000028,RA24110270000034,3,Club
E02117,RA24110270000028,RA24110270000037,2,Event
E02118,RA24110270000028,RA24110270000038,5,Project
E02119,RA24110270000028,RA24110270000041,2,Project
E02120,RA24110270000028,RA24110270000042,4,Social
E02121,RA24110270000028,RA24110270000044,2,Club
E02122,RA24110270000028,RA25110270000050,1,Social
E02123,RA24110270000028,RA25110270000060,2,Academic
E02124,RA24110270000028,RA25110540000047,4,Cross-Department
E02125,RA24110270000028,RA25110560000048,4,Cross-Department
E02126,RA24110270000028,RA26110270000070,5,Project
E02127,RA24110270000028,RA26110270000082,5,Event
E02128,RA24110270000028,RA26110560000083,5,Cross-Department
E02129,RA24110270000029,RA24110270000030,12,Event
E02130,RA24110270000029,RA24110270000032,1,Project
E02131,RA24110270000029,RA24110270000034,12,Social
E02132,RA24110270000029,RA24110270000036,4,Club
E02133,RA24110270000029,RA24110270000037,5,Event
E02134,RA24110270000029,RA24110270000038,4,Social
E02135,RA24110270000029,RA24110270000039,3,Social
E02136,RA24110270000029,RA24110270000041,1,Academic
E02137,RA24110270000029,RA24110560000024,6,Cross-Department
E02138,RA24110270000029,RA26110270000079,1,Event
E02139,RA24110270000029,RA26110540000070,4,Cross-Department
E02140,RA24110270000030,RA24110270000031,1,Academic
E02141,RA24110270000030,RA24110270000032,5,Project
E02142,RA24110270000030,RA24110270000034,1,Event
E02143,RA24110270000030,RA24110270000035,5,Project
E02144,RA24110270000030,RA24110270000041,2,Project
E02145,RA24110270000030,RA25110270000045,2,Event
E02146,RA24110270000030,RA25110560000062,6,Cross-Department
E02147,RA24110270000030,RA26110540000067,2,Cross-Department
E02148,RA24110270000031,RA24110270000032,9,Event
E02149,RA24110270000031,RA24110270000036,1,Academic
E02150,RA24110270000031,RA24110270000040,9,Club
E02151,RA24110270000031,RA24110560000035,4,Cross-Department
E02152,RA24110270000031,RA25110270000056,1,Project
E02153,RA24110270000031,RA25110540000051,2,Cross-Department
E02154,RA24110270000031,RA25110560000061,4,Cross-Department
E02155,RA24110270000031,RA26110270000070,5,Project
E02156,RA24110270000032,RA24110270000033,1,Social
E02157,RA24110270000032,RA24110270000035,1,Academic
E02158,RA24110270000032,RA24110270000038,3,Social
E02159,RA24110270000032,RA24110270000040,4,Social
E02160,RA24110270000032,RA24110270000041,3,Club
E02161,RA24110270000032,RA24110270000044,2,Academic
E02162,RA24110270000032,RA24110540000031,7,Cross-Department
E02163,RA24110270000032,RA24110560000026,4,Cross-Department
E02164,RA24110270000032,RA24110560000032,5,Cross-Department
E02165,RA24110270000032,RA25110560000046,3,Cross-Department
E02166,RA24110270000032,RA25110560000065,4,Cross-Department
E02167,RA24110270000032,RA26110270000085,1,Academic
E02168,RA24110270000033,RA24110270000034,7,Project
E02169,RA24110270000033,RA24110270000035,1,Academic
E02170,RA24110270000033,RA24110270000036,2,Academic
E02171,RA24110270000033,RA24110270000041,5,Event
E02172,RA24110270000033,RA25110540000046,7,Cross-Department
E02173,RA24110270000033,RA26110270000069,4,Social
E02174,RA24110270000033,RA26110270000070,4,Club
E02175,RA24110270000033,RA26110270000080,14,Club
E02176,RA24110270000033,RA26110540000081,5,Cross-Department
E02177,RA24110270000033,RA26110540000083,4,Cross-Department
E02178,RA24110270000033,RA26110540000084,4,Cross-Department
E02179,RA24110270000033,RA26110540000086,8,Cross-Department
E02180,RA24110270000034,RA24110270000035,3,Event
E02181,RA24110270000034,RA24110270000037,3,Social
E02182,RA24110270000034,RA24110270000039,4,Social
E02183,RA24110270000034,RA24110270000041,1,Club
E02184,RA24110270000034,RA24110270000042,6,Event
E02185,RA24110270000034,RA24110560000031,6,Cross-Department
E02186,RA24110270000034,RA25110540000066,6,Cross-Department
E02187,RA24110270000034,RA26110270000068,3,Academic
E02188,RA24110270000034,RA26110270000081,2,Academic
E02189,RA24110270000035,RA24110270000036,1,Project
E02190,RA24110270000035,RA24110270000040,3,Club
E02191,RA24110270000035,RA25110270000045,2,Event
E02192,RA24110270000035,RA25110270000062,3,Social
E02193,RA24110270000035,RA25110540000065,5,Cross-Department
E02194,RA24110270000035,RA26110270000070,6,Social
E02195,RA24110270000036,RA24110270000037,8,Social
E02196,RA24110270000036,RA24110270000039,6,Project
E02197,RA24110270000036,RA24110270000042,8,Event
E02198,RA24110270000036,RA24110540000039,8,Cross-Department
E02199,RA24110270000036,RA24110560000044,5,Cross-Department
E02200,RA24110270000036,RA25110540000050,4,Cross-Department
E02201,RA24110270000036,RA25110540000051,3,Cross-Department
E02202,RA24110270000036,RA25110540000065,8,Cross-Department
E02203,RA24110270000036,RA25110560000048,4,Cross-Department
E02204,RA24110270000037,RA24110270000038,1,Event
E02205,RA24110270000037,RA24110540000030,6,Cross-Department
E02206,RA24110270000037,RA25110270000046,3,Club
E02207,RA24110270000037,RA25110270000048,5,Project
E02208,RA24110270000037,RA25110280000053,7,Cross-Department
E02209,RA24110270000037,RA26110270000079,2,Club
E02210,RA24110270000038,RA24110270000039,2,Project
E02211,RA24110270000038,RA24110270000043,5,Event
E02212,RA24110270000038,RA25110270000058,5,Event
E02213,RA24110270000038,RA25110540000066,3,Cross-Department
E02214,RA24110270000038,RA26110270000070,1,Project
E02215,RA24110270000038,RA26110270000071,4,Academic
E02216,RA24110270000038,RA26110270000077,1,Project
E02217,RA24110270000039,RA24110270000040,3,Event
E02218,RA24110270000039,RA24110270000044,1,Social
E02219,RA24110270000039,RA25110560000045,7,Cross-Department
E02220,RA24110270000039,RA26110270000081,3,Event
E02221,RA24110270000039,RA26110270000082,2,Academic
E02222,RA24110270000039,RA26110270000084,3,Event
E02223,RA24110270000039,RA26110560000077,5,Cross-Department
E02224,RA24110270000039,RA26110560000080,5,Cross-Department
E02225,RA24110270000040,RA24110270000041,1,Event
E02226,RA24110270000040,RA24110290000043,5,Cross-Department
E02227,RA24110270000040,RA26110560000071,7,Cross-Department
E02228,RA24110270000040,RA26110560000084,6,Cross-Department
E02229,RA24110270000041,RA24110270000042,4,Event
E02230,RA24110270000041,RA24110270000043,2,Project
E02231,RA24110270000041,RA24110270000044,2,Social
E02232,RA24110270000041,RA24110560000035,2,Cross-Department
E02233,RA24110270000041,RA24110560000041,7,Cross-Department
E02234,RA24110270000041,RA25110560000046,3,Cross-Department
E02235,RA24110270000041,RA26110270000079,3,Club
E02236,RA24110270000041,RA26110540000073,6,Cross-Department
E02237,RA24110270000042,RA24110270000043,7,Academic
E02238,RA24110270000042,RA24110270000044,1,Academic
E02239,RA24110270000042,RA24110560000037,4,Cross-Department
E02240,RA24110270000042,RA25110560000057,4,Cross-Department
E02241,RA24110270000042,RA26110270000073,8,Academic
E02242,RA24110270000043,RA24110270000044,5,Club
E02243,RA24110270000043,RA25110540000062,5,Cross-Department
E02244,RA24110270000043,RA26110270000076,1,Event
E02245,RA24110270000043,RA26110540000074,2,Cross-Department
E02246,RA24110270000044,RA24110540000040,8,Cross-Department
E02247,RA24110270000044,RA26110560000067,5,Cross-Department
E02248,RA24110270000044,RA26110560000083,3,Cross-Department
E02249,RA24110280000023,RA24110280000024,1,Event
E02250,RA24110280000023,RA24110280000026,1,Event
E02251,RA24110280000023,RA24110280000028,1,Social
E02252,RA24110280000023,RA24110280000031,1,Academic
E02253,RA24110280000023,RA24110280000032,5,Club
E02254,RA24110280000023,RA24110280000034,4,Event
E02255,RA24110280000023,RA24110280000036,3,Club
E02256,RA24110280000023,RA24110280000040,6,Social
E02257,RA24110280000023,RA24110280000043,2,Academic
E02258,RA24110280000023,RA24110280000044,5,Academic
E02259,RA24110280000023,RA24110290000043,10,Cross-Department
E02260,RA24110280000023,RA25110030000046,6,Cross-Department
E02261,RA24110280000023,RA25110030000052,2,Cross-Department
E02262,RA24110280000023,RA25110280000052,2,Event
E02263,RA24110280000023,RA25110300000048,5,Cross-Department
E02264,RA24110280000023,RA26110280000087,5,Event
E02265,RA24110280000024,RA24110280000025,1,Event
E02266,RA24110280000024,RA24110280000026,6,Academic
E02267,RA24110280000024,RA24110280000029,9,Event
E02268,RA24110280000024,RA24110280000033,7,Event
E02269,RA24110280000024,RA24110280000034,3,Academic
E02270,RA24110280000024,RA24110280000035,4,Event
E02271,RA24110280000024,RA24110280000036,2,Project
E02272,RA24110280000024,RA24110280000040,1,Club
E02273,RA24110280000024,RA24110280000041,4,Academic
E02274,RA24110280000024,RA24110280000042,5,Event
E02275,RA24110280000024,RA24110300000026,5,Cross-Department
E02276,RA24110280000024,RA24110300000031,4,Cross-Department
E02277,RA24110280000024,RA25110300000045,9,Cross-Department
E02278,RA24110280000024,RA25110300000065,8,Cross-Department
E02279,RA24110280000024,RA26110280000082,6,Social
E02280,RA24110280000024,RA26110300000077,7,Cross-Department
E02281,RA24110280000025,RA24110280000026,2,Academic
E02282,RA24110280000025,RA24110280000033,1,Club
E02283,RA24110280000025,RA24110280000036,1,Club
E02284,RA24110280000025,RA24110280000038,1,Academic
E02285,RA24110280000025,RA24110280000042,3,Event
E02286,RA24110280000025,RA25110280000048,1,Event
E02287,RA24110280000025,RA26110280000074,3,Academic
E02288,RA24110280000025,RA26110280000083,4,Club
E02289,RA24110280000025,RA26110290000078,5,Cross-Department
E02290,RA24110280000025,RA26110290000079,6,Cross-Department
E02291,RA24110280000025,RA26110300000072,2,Cross-Department
E02292,RA24110280000025,RA26110300000081,5,Cross-Department
E02293,RA24110280000026,RA24110280000027,1,Project
E02294,RA24110280000026,RA24110280000030,8,Social
E02295,RA24110280000026,RA24110280000032,3,Social
E02296,RA24110280000026,RA24110280000035,4,Academic
E02297,RA24110280000026,RA24110280000036,8,Project
E02298,RA24110280000026,RA24110280000042,1,Academic
E02299,RA24110280000026,RA24110280000044,7,Academic
E02300,RA24110280000026,RA24110300000042,6,Cross-Department
E02301,RA24110280000026,RA25110280000065,6,Academic
E02302,RA24110280000026,RA25110300000046,7,Cross-Department
E02303,RA24110280000026,RA25110300000055,4,Cross-Department
E02304,RA24110280000026,RA25110300000058,2,Cross-Department
E02305,RA24110280000026,RA26110030000079,5,Cross-Department
E02306,RA24110280000027,RA24110280000028,1,Social
E02307,RA24110280000027,RA24110280000031,1,Project
E02308,RA24110280000027,RA24110280000033,6,Club
E02309,RA24110280000027,RA24110280000034,3,Project
E02310,RA24110280000027,RA24110280000035,3,Event
E02311,RA24110280000027,RA24110280000038,5,Club
E02312,RA24110280000027,RA24110280000041,2,Event
E02313,RA24110280000027,RA24110280000044,1,Project
E02314,RA24110280000027,RA24110290000025,3,Cross-Department
E02315,RA24110280000027,RA24110300000044,8,Cross-Department
E02316,RA24110280000027,RA25110290000046,4,Cross-Department
E02317,RA24110280000027,RA25110290000061,3,Cross-Department
E02318,RA24110280000027,RA25110300000051,2,Cross-Department
E02319,RA24110280000027,RA25110300000052,6,Cross-Department
E02320,RA24110280000027,RA25110300000065,5,Cross-Department
E02321,RA24110280000027,RA26110030000086,3,Cross-Department
E02322,RA24110280000027,RA26110290000069,3,Cross-Department
E02323,RA24110280000027,RA26110290000074,6,Cross-Department
E02324,RA24110280000027,RA26110300000083,4,Cross-Department
E02325,RA24110280000027,RA26110300000086,2,Cross-Department
E02326,RA24110280000027,RA26110540000074,7,Cross-Department
E02327,RA24110280000028,RA24110280000029,1,Academic
E02328,RA24110280000028,RA24110280000030,1,Project
E02329,RA24110280000028,RA24110280000031,7,Event
E02330,RA24110280000028,RA24110280000036,5,Event
E02331,RA24110280000028,RA24110280000037,3,Club
E02332,RA24110280000028,RA24110280000040,1,Club
E02333,RA24110280000028,RA24110280000042,7,Club
E02334,RA24110280000028,RA24110280000044,3,Club
E02335,RA24110280000028,RA26110280000076,2,Project
E02336,RA24110280000029,RA24110280000030,1,Project
E02337,RA24110280000029,RA24110280000034,2,Academic
E02338,RA24110280000029,RA24110280000037,2,Event
E02339,RA24110280000029,RA24110280000038,7,Social
E02340,RA24110280000029,RA24110280000040,1,Academic
E02341,RA24110280000029,RA24110290000023,9,Cross-Department
E02342,RA24110280000029,RA24110300000023,5,Cross-Department
E02343,RA24110280000029,RA24110540000042,4,Cross-Department
E02344,RA24110280000029,RA25110300000049,2,Cross-Department
E02345,RA24110280000029,RA26110030000076,4,Cross-Department
E02346,RA24110280000029,RA26110300000068,5,Cross-Department
E02347,RA24110280000030,RA24110280000031,5,Project
E02348,RA24110280000030,RA24110280000036,4,Academic
E02349,RA24110280000030,RA24110280000039,9,Club
E02350,RA24110280000030,RA24110280000040,1,Event
E02351,RA24110280000030,RA24110280000042,3,Academic
E02352,RA24110280000030,RA24110280000043,1,Club
E02353,RA24110280000030,RA24110290000038,3,Cross-Department
E02354,RA24110280000030,RA25110030000056,4,Cross-Department
E02355,RA24110280000030,RA25110030000060,4,Cross-Department
E02356,RA24110280000030,RA25110030000061,3,Cross-Department
E02357,RA24110280000030,RA25110300000045,9,Cross-Department
E02358,RA24110280000030,RA25110300000064,3,Cross-Department
E02359,RA24110280000030,RA26110290000071,5,Cross-Department
E02360,RA24110280000030,RA26110300000087,2,Cross-Department
E02361,RA24110280000031,RA24110280000032,2,Event
E02362,RA24110280000031,RA24110280000033,7,Club
E02363,RA24110280000031,RA24110280000034,3,Project
E02364,RA24110280000031,RA24110280000037,7,Academic
E02365,RA24110280000031,RA24110280000038,5,Social
E02366,RA24110280000031,RA24110280000040,5,Project
E02367,RA24110280000031,RA24110280000041,2,Event
E02368,RA24110280000031,RA24110280000042,2,Social
E02369,RA24110280000031,RA24110280000043,1,Academic
E02370,RA24110280000031,RA24110280000044,3,Social
E02371,RA24110280000031,RA25110280000057,3,Project
E02372,RA24110280000031,RA25110300000050,3,Cross-Department
E02373,RA24110280000031,RA26110030000078,4,Cross-Department
E02374,RA24110280000031,RA26110280000085,2,Social
E02375,RA24110280000031,RA26110280000087,3,Social
E02376,RA24110280000031,RA26110300000082,3,Cross-Department
E02377,RA24110280000032,RA24110280000033,2,Event
E02378,RA24110280000032,RA24110280000034,5,Event
E02379,RA24110280000032,RA24110280000037,9,Project
E02380,RA24110280000032,RA24110280000043,8,Academic
E02381,RA24110280000032,RA24110280000044,9,Event
E02382,RA24110280000032,RA24110290000030,2,Cross-Department
E02383,RA24110280000032,RA25110300000055,3,Cross-Department
E02384,RA24110280000032,RA25110300000063,6,Cross-Department
E02385,RA24110280000032,RA26110030000076,3,Cross-Department
E02386,RA24110280000032,RA26110290000087,7,Cross-Department
E02387,RA24110280000033,RA24110280000034,1,Club
E02388,RA24110280000033,RA24110280000036,2,Social
E02389,RA24110280000033,RA24110280000037,3,Event
E02390,RA24110280000033,RA24110280000041,3,Club
E02391,RA24110280000033,RA24110300000029,6,Cross-Department
E02392,RA24110280000033,RA25110030000061,3,Cross-Department
E02393,RA24110280000033,RA25110280000053,2,Project
E02394,RA24110280000033,RA25110290000052,8,Cross-Department
E02395,RA24110280000033,RA25110300000062,5,Cross-Department
E02396,RA24110280000034,RA24110280000035,5,Event
E02397,RA24110280000034,RA24110280000036,2,Project
E02398,RA24110280000034,RA24110280000040,1,Club
E02399,RA24110280000034,RA24110280000041,5,Club
E02400,RA24110280000034,RA24110280000043,1,Academic
E02401,RA24110280000034,RA24110280000044,3,Project
E02402,RA24110280000034,RA24110300000032,4,Cross-Department
E02403,RA24110280000034,RA24110540000034,9,Cross-Department
E02404,RA24110280000034,RA25110030000049,2,Cross-Department
E02405,RA24110280000034,RA25110030000052,8,Cross-Department
E02406,RA24110280000034,RA25110030000064,4,Cross-Department
E02407,RA24110280000034,RA25110290000048,4,Cross-Department
E02408,RA24110280000034,RA26110290000077,4,Cross-Department
E02409,RA24110280000034,RA26110300000078,4,Cross-Department
E02410,RA24110280000035,RA24110280000036,3,Project
E02411,RA24110280000035,RA24110280000037,10,Club
E02412,RA24110280000035,RA24110280000038,4,Club
E02413,RA24110280000035,RA24110280000039,2,Club
E02414,RA24110280000035,RA24110300000028,2,Cross-Department
E02415,RA24110280000035,RA25110280000060,1,Club
E02416,RA24110280000035,RA25110280000063,3,Event
E02417,RA24110280000035,RA26110030000079,3,Cross-Department
E02418,RA24110280000036,RA24110280000037,2,Academic
E02419,RA24110280000036,RA24110280000039,1,Club
E02420,RA24110280000036,RA24110280000040,4,Project
E02421,RA24110280000036,RA24110280000042,2,Club
E02422,RA24110280000036,RA24110280000043,6,Event
E02423,RA24110280000036,RA24110280000044,4,Event
E02424,RA24110280000036,RA24110290000024,4,Cross-Department
E02425,RA24110280000036,RA25110280000052,2,Project
E02426,RA24110280000036,RA25110280000064,6,Event
E02427,RA24110280000036,RA26110290000080,5,Cross-Department
E02428,RA24110280000036,RA26110290000081,14,Cross-Department
E02429,RA24110280000037,RA24110280000038,8,Event
E02430,RA24110280000037,RA24110280000040,2,Academic
E02431,RA24110280000037,RA25110030000057,5,Cross-Department
E02432,RA24110280000037,RA25110270000064,7,Cross-Department
E02433,RA24110280000037,RA25110280000045,1,Social
E02434,RA24110280000037,RA25110280000049,7,Academic
E02435,RA24110280000037,RA26110280000069,1,Club
E02436,RA24110280000037,RA26110280000074,4,Project
E02437,RA24110280000037,RA26110280000079,4,Event
E02438,RA24110280000037,RA26110280000087,2,Event
E02439,RA24110280000037,RA26110290000069,3,Cross-Department
E02440,RA24110280000038,RA24110280000039,2,Club
E02441,RA24110280000038,RA24110280000041,2,Academic
E02442,RA24110280000038,RA24110280000042,5,Academic
E02443,RA24110280000038,RA24110280000044,3,Project
E02444,RA24110280000038,RA24110290000028,6,Cross-Department
E02445,RA24110280000038,RA25110280000048,4,Club
E02446,RA24110280000038,RA25110280000063,2,Social
E02447,RA24110280000038,RA26110030000074,5,Cross-Department
E02448,RA24110280000038,RA26110290000071,3,Cross-Department
E02449,RA24110280000039,RA24110280000040,2,Event
E02450,RA24110280000039,RA24110280000042,1,Social
E02451,RA24110280000039,RA24110280000043,9,Club
E02452,RA24110280000039,RA24110280000044,5,Project
E02453,RA24110280000039,RA24110290000023,7,Cross-Department
E02454,RA24110280000039,RA24110290000038,2,Cross-Department
E02455,RA24110280000039,RA24110300000041,2,Cross-Department
E02456,RA24110280000039,RA25110030000053,6,Cross-Department
E02457,RA24110280000039,RA25110280000060,1,Event
E02458,RA24110280000039,RA25110290000054,7,Cross-Department
E02459,RA24110280000039,RA25110300000046,4,Cross-Department
E02460,RA24110280000039,RA25110300000055,4,Cross-Department
E02461,RA24110280000039,RA26110030000074,5,Cross-Department
E02462,RA24110280000039,RA26110280000088,1,Social
E02463,RA24110280000039,RA26110290000071,5,Cross-Department
E02464,RA24110280000039,RA26110290000079,6,Cross-Department
E02465,RA24110280000039,RA26110290000087,6,Cross-Department
E02466,RA24110280000039,RA26110300000084,5,Cross-Department
E02467,RA24110280000040,RA24110280000041,2,Project
E02468,RA24110280000040,RA24110280000043,2,Event
E02469,RA24110280000040,RA24110300000038,9,Cross-Department
E02470,RA24110280000040,RA25110030000055,7,Cross-Department
E02471,RA24110280000040,RA26110280000076,4,Academic
E02472,RA24110280000040,RA26110280000077,2,Academic
E02473,RA24110280000041,RA24110280000042,3,Club
E02474,RA24110280000041,RA24110280000043,1,Event
E02475,RA24110280000041,RA26110280000085,4,Project
E02476,RA24110280000042,RA24110280000043,3,Project
E02477,RA24110280000042,RA25110030000066,4,Cross-Department
E02478,RA24110280000042,RA25110290000056,4,Cross-Department
E02479,RA24110280000043,RA24110280000044,3,Club
E02480,RA24110280000043,RA24110300000041,5,Cross-Department
E02481,RA24110280000043,RA25110030000062,12,Cross-Department
E02482,RA24110280000043,RA25110280000065,3,Project
E02483,RA24110280000043,RA26110030000087,2,Cross-Department
E02484,RA24110280000043,RA26110540000072,3,Cross-Department
E02485,RA24110280000043,RA26110540000073,8,Cross-Department
E02486,RA24110280000044,RA24110290000032,9,Cross-Department
E02487,RA24110280000044,RA24110300000025,4,Cross-Department
E02488,RA24110280000044,RA24110300000038,5,Cross-Department
E02489,RA24110280000044,RA24110300000042,4,Cross-Department
E02490,RA24110280000044,RA25110280000045,4,Club
E02491,RA24110280000044,RA25110290000055,12,Cross-Department
E02492,RA24110280000044,RA25110290000060,4,Cross-Department
E02493,RA24110280000044,RA25110560000059,7,Cross-Department
E02494,RA24110280000044,RA26110290000085,7,Cross-Department
E02495,RA24110280000044,RA26110290000086,2,Cross-Department
E02496,RA24110290000023,RA24110290000024,12,Event
E02497,RA24110290000023,RA24110290000025,6,Academic
E02498,RA24110290000023,RA24110290000028,2,Social
E02499,RA24110290000023,RA24110290000029,3,Project
E02500,RA24110290000023,RA24110290000032,2,Project
E02501,RA24110290000023,RA24110290000033,4,Project
E02502,RA24110290000023,RA24110290000034,9,Event
E02503,RA24110290000023,RA24110290000035,3,Project
E02504,RA24110290000023,RA24110290000037,1,Club
E02505,RA24110290000023,RA24110290000038,5,Social
E02506,RA24110290000023,RA24110290000039,1,Club
E02507,RA24110290000023,RA24110290000042,1,Project
E02508,RA24110290000023,RA24110290000043,1,Project
E02509,RA24110290000023,RA24110290000044,3,Academic
E02510,RA24110290000023,RA25110280000054,8,Cross-Department
E02511,RA24110290000023,RA25110290000061,6,Academic
E02512,RA24110290000023,RA26110030000088,7,Cross-Department
E02513,RA24110290000023,RA26110290000084,3,Social
E02514,RA24110290000023,RA26110290000087,2,Social
E02515,RA24110290000024,RA24110290000025,5,Academic
E02516,RA24110290000024,RA24110290000026,2,Event
E02517,RA24110290000024,RA24110290000029,5,Project
E02518,RA24110290000024,RA24110290000031,2,Club
E02519,RA24110290000024,RA24110290000033,2,Event
E02520,RA24110290000024,RA24110290000034,2,Academic
E02521,RA24110290000024,RA24110290000036,3,Project
E02522,RA24110290000024,RA24110290000038,3,Event
E02523,RA24110290000024,RA24110290000040,1,Club
E02524,RA24110290000024,RA25110030000045,4,Cross-Department
E02525,RA24110290000025,RA24110290000026,3,Academic
E02526,RA24110290000025,RA24110290000027,2,Project
E02527,RA24110290000025,RA24110290000030,3,Event
E02528,RA24110290000025,RA24110290000032,5,Project
E02529,RA24110290000025,RA24110290000036,3,Academic
E02530,RA24110290000025,RA24110290000038,4,Event
E02531,RA24110290000025,RA24110290000039,2,Social
E02532,RA24110290000025,RA24110290000041,6,Social
E02533,RA24110290000025,RA24110290000042,1,Academic
E02534,RA24110290000025,RA24110290000043,1,Project
E02535,RA24110290000025,RA24110290000044,6,Academic
E02536,RA24110290000025,RA25110280000052,9,Cross-Department
E02537,RA24110290000025,RA26110030000080,2,Cross-Department
E02538,RA24110290000025,RA26110280000077,2,Cross-Department
E02539,RA24110290000025,RA26110290000087,8,Project
E02540,RA24110290000026,RA24110290000027,2,Club
E02541,RA24110290000026,RA24110290000028,1,Event
E02542,RA24110290000026,RA24110290000029,6,Project
E02543,RA24110290000026,RA24110290000031,4,Project
E02544,RA24110290000026,RA24110290000032,6,Project
E02545,RA24110290000026,RA24110290000033,2,Academic
E02546,RA24110290000026,RA24110290000035,2,Project
E02547,RA24110290000026,RA24110290000037,3,Social
E02548,RA24110290000026,RA24110290000038,1,Club
E02549,RA24110290000026,RA24110290000039,3,Event
E02550,RA24110290000026,RA24110290000043,7,Academic
E02551,RA24110290000026,RA25110030000048,4,Cross-Department
E02552,RA24110290000026,RA25110030000055,3,Cross-Department
E02553,RA24110290000026,RA25110290000054,8,Club
E02554,RA24110290000026,RA25110290000055,1,Event
E02555,RA24110290000026,RA25110290000058,1,Project
E02556,RA24110290000026,RA25110290000066,5,Club
E02557,RA24110290000026,RA26110280000087,3,Cross-Department
E02558,RA24110290000027,RA24110290000028,1,Club
E02559,RA24110290000027,RA24110290000031,2,Academic
E02560,RA24110290000027,RA24110290000032,7,Event
E02561,RA24110290000027,RA24110290000040,3,Club
E02562,RA24110290000027,RA24110290000041,3,Club
E02563,RA24110290000027,RA24110290000043,1,Project
E02564,RA24110290000027,RA24110290000044,1,Project
E02565,RA24110290000027,RA26110030000068,2,Cross-Department
E02566,RA24110290000027,RA26110030000069,5,Cross-Department
E02567,RA24110290000028,RA24110290000029,4,Event
E02568,RA24110290000028,RA24110290000032,1,Project
E02569,RA24110290000028,RA24110290000035,2,Social
E02570,RA24110290000028,RA24110290000036,2,Event
E02571,RA24110290000028,RA24110290000039,5,Social
E02572,RA24110290000028,RA24110290000041,7,Club
E02573,RA24110290000028,RA24110290000043,7,Club
E02574,RA24110290000028,RA24110290000044,2,Event
E02575,RA24110290000028,RA26110030000088,12,Cross-Department
E02576,RA24110290000029,RA24110290000030,1,Academic
E02577,RA24110290000029,RA24110290000031,7,Social
E02578,RA24110290000029,RA24110290000032,1,Social
E02579,RA24110290000029,RA24110290000035,3,Social
E02580,RA24110290000029,RA24110290000039,4,Academic
E02581,RA24110290000029,RA24110290000041,8,Club
E02582,RA24110290000029,RA24110290000042,2,Club
E02583,RA24110290000029,RA24110290000043,2,Event
E02584,RA24110290000029,RA24110290000044,1,Project
E02585,RA24110290000029,RA25110030000050,6,Cross-Department
E02586,RA24110290000029,RA25110280000064,6,Cross-Department
E02587,RA24110290000029,RA26110280000067,6,Cross-Department
E02588,RA24110290000029,RA26110290000087,5,Academic
E02589,RA24110290000029,RA26110300000086,5,Cross-Department
E02590,RA24110290000030,RA24110290000031,7,Event
E02591,RA24110290000030,RA24110290000033,6,Club
E02592,RA24110290000030,RA24110290000035,4,Event
E02593,RA24110290000030,RA24110290000036,2,Academic
E02594,RA24110290000030,RA24110290000037,1,Social
E02595,RA24110290000030,RA24110290000040,5,Project
E02596,RA24110290000030,RA24110290000041,1,Social
E02597,RA24110290000030,RA24110290000043,4,Social
E02598,RA24110290000030,RA25110030000060,6,Cross-Department
E02599,RA24110290000030,RA26110280000080,7,Cross-Department
E02600,RA24110290000031,RA24110290000032,3,Club
E02601,RA24110290000031,RA24110290000033,1,Club
E02602,RA24110290000031,RA24110290000037,6,Event
E02603,RA24110290000031,RA24110290000040,4,Social
E02604,RA24110290000031,RA24110290000041,5,Club
E02605,RA24110290000031,RA24110290000043,4,Event
E02606,RA24110290000031,RA26110290000083,5,Event
E02607,RA24110290000032,RA24110290000033,1,Academic
E02608,RA24110290000032,RA24110290000035,6,Academic
E02609,RA24110290000032,RA24110290000038,7,Academic
E02610,RA24110290000032,RA24110290000039,5,Club
E02611,RA24110290000032,RA24110290000040,3,Club
E02612,RA24110290000032,RA25110280000060,5,Cross-Department
E02613,RA24110290000032,RA25110290000054,5,Academic
E02614,RA24110290000032,RA26110290000068,5,Academic
E02615,RA24110290000032,RA26110290000071,3,Social
E02616,RA24110290000033,RA24110290000034,4,Academic
E02617,RA24110290000033,RA24110290000035,7,Club
E02618,RA24110290000033,RA24110290000036,3,Academic
E02619,RA24110290000033,RA24110290000037,9,Event
E02620,RA24110290000033,RA24110290000038,2,Project
E02621,RA24110290000033,RA24110290000039,2,Project
E02622,RA24110290000033,RA24110290000040,3,Club
E02623,RA24110290000033,RA24110290000042,6,Social
E02624,RA24110290000033,RA25110030000053,5,Cross-Department
E02625,RA24110290000033,RA25110280000050,5,Cross-Department
E02626,RA24110290000033,RA25110290000051,5,Project
E02627,RA24110290000033,RA26110280000087,3,Cross-Department
E02628,RA24110290000033,RA26110290000075,1,Project
E02629,RA24110290000034,RA24110290000035,4,Event
E02630,RA24110290000034,RA24110290000038,1,Project
E02631,RA24110290000034,RA24110290000040,4,Academic
E02632,RA24110290000034,RA24110290000041,4,Club
E02633,RA24110290000034,RA24110290000044,2,Event
E02634,RA24110290000034,RA25110280000055,3,Cross-Department
E02635,RA24110290000034,RA26110030000079,4,Cross-Department
E02636,RA24110290000034,RA26110280000086,7,Cross-Department
E02637,RA24110290000035,RA24110290000036,3,Social
E02638,RA24110290000035,RA24110290000039,4,Academic
E02639,RA24110290000035,RA24110290000040,3,Academic
E02640,RA24110290000035,RA24110290000043,2,Project
E02641,RA24110290000035,RA24110290000044,10,Event
E02642,RA24110290000036,RA24110290000037,3,Club
E02643,RA24110290000036,RA24110290000040,1,Event
E02644,RA24110290000036,RA24110290000043,6,Academic
E02645,RA24110290000036,RA25110280000052,5,Cross-Department
E02646,RA24110290000036,RA25110290000061,1,Event
E02647,RA24110290000036,RA25110300000050,6,Cross-Department
E02648,RA24110290000036,RA26110030000080,3,Cross-Department
E02649,RA24110290000037,RA24110290000038,5,Event
E02650,RA24110290000037,RA24110290000039,1,Event
E02651,RA24110290000037,RA25110290000057,3,Club
E02652,RA24110290000037,RA25110540000045,5,Cross-Department
E02653,RA24110290000037,RA26110280000082,8,Cross-Department
E02654,RA24110290000037,RA26110290000070,3,Club
E02655,RA24110290000037,RA26110290000072,5,Event
E02656,RA24110290000038,RA24110290000039,5,Project
E02657,RA24110290000038,RA24110290000040,2,Social
E02658,RA24110290000038,RA24110290000042,2,Social
E02659,RA24110290000038,RA25110030000056,3,Cross-Department
E02660,RA24110290000038,RA25110030000058,5,Cross-Department
E02661,RA24110290000038,RA25110280000055,5,Cross-Department
E02662,RA24110290000038,RA26110290000071,2,Social
E02663,RA24110290000039,RA24110290000040,3,Project
E02664,RA24110290000039,RA24110290000042,3,Event
E02665,RA24110290000039,RA24110300000034,3,Cross-Department
E02666,RA24110290000039,RA25110030000050,5,Cross-Department
E02667,RA24110290000039,RA25110290000054,6,Event
E02668,RA24110290000039,RA26110030000068,5,Cross-Department
E02669,RA24110290000040,RA24110290000041,5,Social
E02670,RA24110290000040,RA24110290000042,6,Project
E02671,RA24110290000040,RA24110290000044,1,Project
E02672,RA24110290000040,RA25110030000047,5,Cross-Department
E02673,RA24110290000041,RA24110290000042,5,Club
E02674,RA24110290000041,RA24110290000043,3,Event
E02675,RA24110290000041,RA25110030000048,8,Cross-Department
E02676,RA24110290000041,RA25110030000056,4,Cross-Department
E02677,RA24110290000041,RA25110290000061,2,Event
E02678,RA24110290000041,RA25110290000062,6,Project
E02679,RA24110290000041,RA26110030000079,5,Cross-Department
E02680,RA24110290000041,RA26110290000072,1,Social
E02681,RA24110290000041,RA26110290000076,5,Project
E02682,RA24110290000042,RA24110290000043,6,Project
E02683,RA24110290000042,RA25110030000056,7,Cross-Department
E02684,RA24110290000042,RA25110030000066,5,Cross-Department
E02685,RA24110290000042,RA25110290000062,6,Club
E02686,RA24110290000043,RA24110290000044,2,Academic
E02687,RA24110290000043,RA25110030000046,6,Cross-Department
E02688,RA24110290000043,RA25110280000048,7,Cross-Department
E02689,RA24110290000043,RA25110280000066,3,Cross-Department
E02690,RA24110290000044,RA25110030000059,9,Cross-Department
E02691,RA24110290000044,RA25110280000050,5,Cross-Department
E02692,RA24110290000044,RA26110030000072,7,Cross-Department
E02693,RA24110290000044,RA26110540000084,7,Cross-Department
E02694,RA24110300000023,RA24110300000024,2,Academic
E02695,RA24110300000023,RA24110300000028,5,Event
E02696,RA24110300000023,RA24110300000031,2,Event
E02697,RA24110300000023,RA24110300000033,4,Event
E02698,RA24110300000023,RA24110300000034,9,Project
E02699,RA24110300000023,RA24110300000044,6,Event
E02700,RA24110300000023,RA25110280000045,6,Cross-Department
E02701,RA24110300000023,RA25110300000061,5,Club
E02702,RA24110300000023,RA26110280000071,5,Cross-Department
E02703,RA24110300000023,RA26110290000083,5,Cross-Department
E02704,RA24110300000024,RA24110300000025,2,Social
E02705,RA24110300000024,RA24110300000026,2,Project
E02706,RA24110300000024,RA24110300000028,4,Project
E02707,RA24110300000024,RA24110300000029,5,Project
E02708,RA24110300000024,RA24110300000031,5,Academic
E02709,RA24110300000024,RA24110300000034,3,Event
E02710,RA24110300000024,RA24110300000042,14,Social
E02711,RA24110300000024,RA24110300000044,2,Event
E02712,RA24110300000024,RA25110280000052,2,Cross-Department
E02713,RA24110300000024,RA25110300000063,1,Academic
E02714,RA24110300000024,RA26110030000073,8,Cross-Department
E02715,RA24110300000025,RA24110300000026,3,Academic
E02716,RA24110300000025,RA24110300000031,1,Academic
E02717,RA24110300000025,RA24110300000033,1,Academic
E02718,RA24110300000025,RA24110300000035,6,Event
E02719,RA24110300000025,RA24110300000038,5,Social
E02720,RA24110300000025,RA24110300000042,1,Project
E02721,RA24110300000025,RA24110300000043,3,Club
E02722,RA24110300000025,RA26110030000078,4,Cross-Department
E02723,RA24110300000026,RA24110300000027,4,Social
E02724,RA24110300000026,RA24110300000029,7,Academic
E02725,RA24110300000026,RA24110300000030,6,Event
E02726,RA24110300000026,RA24110300000031,5,Event
E02727,RA24110300000026,RA24110300000032,7,Event
E02728,RA24110300000026,RA24110300000034,9,Social
E02729,RA24110300000026,RA24110300000041,5,Academic
E02730,RA24110300000026,RA24110300000044,9,Event
E02731,RA24110300000026,RA26110300000080,5,Club
E02732,RA24110300000027,RA24110300000028,5,Club
E02733,RA24110300000027,RA24110300000030,1,Academic
E02734,RA24110300000027,RA24110300000031,2,Project
E02735,RA24110300000027,RA24110300000032,4,Club
E02736,RA24110300000027,RA24110300000033,1,Academic
E02737,RA24110300000027,RA24110300000035,1,Academic
E02738,RA24110300000027,RA24110300000037,1,Event
E02739,RA24110300000027,RA24110300000041,4,Event
E02740,RA24110300000027,RA24110300000042,9,Event
E02741,RA24110300000027,RA24110300000044,4,Social
E02742,RA24110300000027,RA25110030000047,7,Cross-Department
E02743,RA24110300000027,RA25110030000061,6,Cross-Department
E02744,RA24110300000027,RA25110280000057,3,Cross-Department
E02745,RA24110300000027,RA25110300000046,3,Academic
E02746,RA24110300000027,RA25110300000058,2,Club
E02747,RA24110300000027,RA25110300000064,1,Project
E02748,RA24110300000027,RA26110300000068,4,Academic
E02749,RA24110300000028,RA24110300000029,2,Social
E02750,RA24110300000028,RA24110300000032,7,Club
E02751,RA24110300000028,RA24110300000041,5,Academic
E02752,RA24110300000028,RA25110030000047,6,Cross-Department
E02753,RA24110300000028,RA26110030000078,7,Cross-Department
E02754,RA24110300000028,RA26110300000068,3,Academic
E02755,RA24110300000029,RA24110300000030,4,Club
E02756,RA24110300000029,RA24110300000031,3,Event
E02757,RA24110300000029,RA24110300000032,2,Event
E02758,RA24110300000029,RA24110300000034,2,Event
E02759,RA24110300000029,RA24110300000035,3,Academic
E02760,RA24110300000029,RA24110300000038,2,Club
E02761,RA24110300000029,RA24110300000039,7,Project
E02762,RA24110300000029,RA24110300000041,4,Project
E02763,RA24110300000029,RA24110300000042,7,Event
E02764,RA24110300000029,RA24110300000043,5,Event
E02765,RA24110300000029,RA24110300000044,9,Project
E02766,RA24110300000029,RA25110300000048,5,Club
E02767,RA24110300000029,RA26110300000086,2,Event
E02768,RA24110300000030,RA24110300000031,4,Project
E02769,RA24110300000030,RA24110300000038,1,Social
E02770,RA24110300000030,RA24110300000040,1,Academic
E02771,RA24110300000030,RA24110300000041,1,Project
E02772,RA24110300000030,RA25110300000064,2,Project
E02773,RA24110300000030,RA26110280000082,3,Cross-Department
E02774,RA24110300000031,RA24110300000032,7,Project
E02775,RA24110300000031,RA24110300000034,2,Academic
E02776,RA24110300000031,RA24110300000035,2,Club
E02777,RA24110300000031,RA24110300000044,5,Social
E02778,RA24110300000031,RA25110280000050,4,Cross-Department
E02779,RA24110300000031,RA25110300000049,1,Social
E02780,RA24110300000031,RA26110030000073,4,Cross-Department
E02781,RA24110300000031,RA26110280000087,6,Cross-Department
E02782,RA24110300000032,RA24110300000033,1,Social
E02783,RA24110300000032,RA24110300000035,3,Academic
E02784,RA24110300000032,RA24110300000037,4,Event
E02785,RA24110300000032,RA24110300000038,3,Social
E02786,RA24110300000032,RA24110300000039,2,Social
E02787,RA24110300000032,RA24110300000043,5,Club
E02788,RA24110300000032,RA24110300000044,2,Event
E02789,RA24110300000032,RA25110280000052,3,Cross-Department
E02790,RA24110300000032,RA25110280000059,5,Cross-Department
E02791,RA24110300000032,RA25110300000060,1,Club
E02792,RA24110300000032,RA26110030000072,7,Cross-Department
E02793,RA24110300000032,RA26110030000082,5,Cross-Department
E02794,RA24110300000032,RA26110300000084,3,Event
E02795,RA24110300000033,RA24110300000034,1,Event
E02796,RA24110300000033,RA24110300000036,5,Club
E02797,RA24110300000033,RA24110300000038,7,Academic
E02798,RA24110300000033,RA24110300000041,2,Project
E02799,RA24110300000033,RA24110300000042,6,Club
E02800,RA24110300000033,RA24110300000043,6,Academic
E02801,RA24110300000033,RA25110030000064,3,Cross-Department
E02802,RA24110300000033,RA25110280000058,2,Cross-Department
E02803,RA24110300000033,RA25110300000056,3,Academic
E02804,RA24110300000033,RA25110300000059,2,Club
E02805,RA24110300000033,RA26110280000082,2,Cross-Department
E02806,RA24110300000033,RA26110300000082,3,Club
E02807,RA24110300000034,RA24110300000035,2,Social
E02808,RA24110300000034,RA24110300000036,8,Project
E02809,RA24110300000034,RA24110300000038,1,Social
E02810,RA24110300000034,RA24110300000041,1,Academic
E02811,RA24110300000034,RA24110300000044,5,Event
E02812,RA24110300000035,RA24110300000036,4,Social
E02813,RA24110300000035,RA24110300000043,5,Academic
E02814,RA24110300000036,RA24110300000037,3,Project
E02815,RA24110300000036,RA24110300000038,1,Project
E02816,RA24110300000036,RA24110300000039,6,Club
E02817,RA24110300000036,RA24110300000043,2,Academic
E02818,RA24110300000036,RA24110300000044,5,Club
E02819,RA24110300000036,RA25110280000062,3,Cross-Department
E02820,RA24110300000036,RA26110300000074,3,Social
E02821,RA24110300000036,RA26110300000087,4,Academic
E02822,RA24110300000037,RA24110300000038,1,Event
E02823,RA24110300000037,RA24110300000040,4,Social
E02824,RA24110300000037,RA24110300000041,2,Project
E02825,RA24110300000037,RA24110300000042,5,Project
E02826,RA24110300000037,RA25110300000055,4,Social
E02827,RA24110300000037,RA26110300000078,2,Social
E02828,RA24110300000038,RA24110300000039,2,Event
E02829,RA24110300000038,RA24110300000042,3,Event
E02830,RA24110300000038,RA24110300000043,1,Event
E02831,RA24110300000038,RA26110280000067,3,Cross-Department
E02832,RA24110300000038,RA26110300000070,3,Social
E02833,RA24110300000039,RA24110300000040,9,Academic
E02834,RA24110300000039,RA24110300000042,2,Social
E02835,RA24110300000039,RA24110300000044,6,Social
E02836,RA24110300000039,RA25110280000060,8,Cross-Department
E02837,RA24110300000039,RA25110300000059,1,Academic
E02838,RA24110300000039,RA26110300000073,1,Academic
E02839,RA24110300000040,RA24110300000041,5,Project
E02840,RA24110300000040,RA24110300000042,3,Academic
E02841,RA24110300000040,RA24110300000043,2,Social
E02842,RA24110300000040,RA25110030000050,5,Cross-Department
E02843,RA24110300000041,RA24110300000042,2,Event
E02844,RA24110300000041,RA24110300000043,7,Social
E02845,RA24110300000041,RA25110300000061,1,Club
E02846,RA24110300000041,RA25110300000063,2,Event
E02847,RA24110300000041,RA26110280000084,3,Cross-Department
E02848,RA24110300000041,RA26110560000082,6,Cross-Department
E02849,RA24110300000042,RA24110300000043,8,Academic
E02850,RA24110300000042,RA24110300000044,1,Project
E02851,RA24110300000043,RA24110300000044,5,Academic
E02852,RA24110300000043,RA25110280000064,9,Cross-Department
E02853,RA24110300000043,RA25110280000066,4,Cross-Department
E02854,RA24110300000043,RA25110300000064,3,Social
E02855,RA24110300000043,RA26110280000071,7,Cross-Department
E02856,RA24110300000043,RA26110300000068,4,Academic
E02857,RA24110300000043,RA26110300000080,9,Event
E02858,RA24110300000044,RA25110030000049,4,Cross-Department
E02859,RA24110300000044,RA26110300000078,5,Social
E02860,RA24110540000023,RA24110540000024,6,Project
E02861,RA24110540000023,RA24110540000025,6,Event
E02862,RA24110540000023,RA24110540000028,5,Event
E02863,RA24110540000023,RA24110540000033,3,Event
E02864,RA24110540000023,RA24110540000035,1,Project
E02865,RA24110540000023,RA24110540000037,5,Project
E02866,RA24110540000023,RA24110540000040,3,Event
E02867,RA24110540000023,RA24110540000044,6,Social
E02868,RA24110540000023,RA25110030000059,4,Cross-Department
E02869,RA24110540000023,RA26110030000084,3,Cross-Department
E02870,RA24110540000023,RA26110270000071,5,Cross-Department
E02871,RA24110540000023,RA26110540000071,8,Event
E02872,RA24110540000024,RA24110540000025,3,Project
E02873,RA24110540000024,RA24110540000029,5,Club
E02874,RA24110540000024,RA24110540000033,6,Project
E02875,RA24110540000024,RA24110540000037,3,Club
E02876,RA24110540000024,RA25110270000049,5,Cross-Department
E02877,RA24110540000024,RA26110540000070,3,Academic
E02878,RA24110540000024,RA26110540000080,5,Club
E02879,RA24110540000025,RA24110540000026,1,Social
E02880,RA24110540000025,RA24110540000030,2,Social
E02881,RA24110540000025,RA24110540000031,2,Project
E02882,RA24110540000025,RA24110540000034,4,Social
E02883,RA24110540000025,RA24110540000036,2,Social
E02884,RA24110540000025,RA24110540000039,1,Academic
E02885,RA24110540000025,RA24110540000040,2,Club
E02886,RA24110540000025,RA24110540000042,2,Social
E02887,RA24110540000025,RA25110540000045,8,Project
E02888,RA24110540000025,RA26110030000078,3,Cross-Department
E02889,RA24110540000025,RA26110540000070,1,Event
E02890,RA24110540000025,RA26110540000072,8,Academic
E02891,RA24110540000025,RA26110560000084,5,Cross-Department
E02892,RA24110540000026,RA24110540000027,3,Club
E02893,RA24110540000026,RA24110540000031,3,Event
E02894,RA24110540000026,RA24110540000033,8,Academic
E02895,RA24110540000026,RA24110540000034,12,Academic
E02896,RA24110540000026,RA24110540000037,5,Club
E02897,RA24110540000026,RA24110540000042,12,Social
E02898,RA24110540000026,RA24110540000043,2,Project
E02899,RA24110540000026,RA24110540000044,2,Event
E02900,RA24110540000026,RA25110270000058,5,Cross-Department
E02901,RA24110540000026,RA25110270000065,2,Cross-Department
E02902,RA24110540000026,RA25110290000057,7,Cross-Department
E02903,RA24110540000026,RA26110030000070,4,Cross-Department
E02904,RA24110540000027,RA24110540000028,2,Club
E02905,RA24110540000027,RA24110540000029,5,Club
E02906,RA24110540000027,RA24110540000034,7,Academic
E02907,RA24110540000027,RA24110540000035,3,Social
E02908,RA24110540000027,RA24110540000038,4,Club
E02909,RA24110540000027,RA24110540000039,6,Event
E02910,RA24110540000027,RA24110540000040,3,Social
E02911,RA24110540000027,RA24110540000042,3,Project
E02912,RA24110540000027,RA24110540000043,5,Academic
E02913,RA24110540000027,RA25110270000054,5,Cross-Department
E02914,RA24110540000027,RA25110540000047,6,Academic
E02915,RA24110540000027,RA25110540000057,3,Club
E02916,RA24110540000027,RA25110540000058,5,Club
E02917,RA24110540000027,RA26110540000072,7,Social
E02918,RA24110540000027,RA26110540000076,3,Social
E02919,RA24110540000027,RA26110560000071,9,Cross-Department
E02920,RA24110540000028,RA24110540000029,1,Social
E02921,RA24110540000028,RA24110540000030,2,Project
E02922,RA24110540000028,RA24110540000032,6,Project
E02923,RA24110540000028,RA24110540000033,3,Project
E02924,RA24110540000028,RA24110540000039,1,Event
E02925,RA24110540000028,RA24110540000040,2,Club
E02926,RA24110540000028,RA24110540000041,3,Project
E02927,RA24110540000028,RA24110560000029,6,Cross-Department
E02928,RA24110540000028,RA25110270000045,2,Cross-Department
E02929,RA24110540000028,RA26110030000082,4,Cross-Department
E02930,RA24110540000028,RA26110540000083,5,Academic
E02931,RA24110540000029,RA24110540000030,8,Event
E02932,RA24110540000029,RA24110540000031,6,Club
E02933,RA24110540000029,RA24110540000036,2,Project
E02934,RA24110540000029,RA24110540000038,6,Academic
E02935,RA24110540000029,RA24110540000043,3,Club
E02936,RA24110540000029,RA24110540000044,6,Project
E02937,RA24110540000029,RA25110030000057,3,Cross-Department
E02938,RA24110540000029,RA25110560000047,5,Cross-Department
E02939,RA24110540000030,RA24110540000031,1,Social
E02940,RA24110540000030,RA24110540000035,8,Club
E02941,RA24110540000030,RA24110540000036,1,Club
E02942,RA24110540000030,RA24110540000038,2,Event
E02943,RA24110540000030,RA24110540000042,5,Academic
E02944,RA24110540000030,RA24110540000043,4,Club
E02945,RA24110540000030,RA25110540000057,1,Club
E02946,RA24110540000030,RA26110270000072,6,Cross-Department
E02947,RA24110540000031,RA24110540000032,14,Social
E02948,RA24110540000031,RA24110540000033,2,Project
E02949,RA24110540000031,RA24110540000034,1,Project
E02950,RA24110540000031,RA24110540000036,10,Club
E02951,RA24110540000031,RA24110540000040,3,Club
E02952,RA24110540000031,RA24110540000041,1,Academic
E02953,RA24110540000031,RA24110540000042,3,Academic
E02954,RA24110540000031,RA24110540000043,4,Event
E02955,RA24110540000031,RA25110030000055,7,Cross-Department
E02956,RA24110540000031,RA25110540000066,7,Social
E02957,RA24110540000031,RA26110030000073,4,Cross-Department
E02958,RA24110540000031,RA26110540000079,5,Club
E02959,RA24110540000031,RA26110540000088,4,Social
E02960,RA24110540000032,RA24110540000033,8,Club
E02961,RA24110540000032,RA24110540000036,4,Social
E02962,RA24110540000032,RA24110540000037,3,Club
E02963,RA24110540000032,RA24110540000041,7,Club
E02964,RA24110540000032,RA24110540000042,3,Club
E02965,RA24110540000032,RA24110540000044,5,Academic
E02966,RA24110540000032,RA25110270000054,6,Cross-Department
E02967,RA24110540000032,RA25110540000056,1,Club
E02968,RA24110540000032,RA26110270000071,5,Cross-Department
E02969,RA24110540000032,RA26110270000076,7,Cross-Department
E02970,RA24110540000033,RA24110540000034,1,Club
E02971,RA24110540000033,RA24110540000035,1,Club
E02972,RA24110540000033,RA24110540000036,5,Project
E02973,RA24110540000033,RA24110540000037,4,Project
E02974,RA24110540000033,RA24110540000040,1,Project
E02975,RA24110540000033,RA24110540000042,4,Academic
E02976,RA24110540000033,RA24110540000043,1,Club
E02977,RA24110540000033,RA24110560000031,3,Cross-Department
E02978,RA24110540000033,RA25110270000065,4,Cross-Department
E02979,RA24110540000033,RA25110560000055,4,Cross-Department
E02980,RA24110540000033,RA26110030000088,5,Cross-Department
E02981,RA24110540000033,RA26110270000070,5,Cross-Department
E02982,RA24110540000033,RA26110270000071,5,Cross-Department
E02983,RA24110540000033,RA26110270000079,3,Cross-Department
E02984,RA24110540000034,RA24110540000035,3,Social
E02985,RA24110540000034,RA24110540000036,1,Event
E02986,RA24110540000034,RA24110540000037,1,Club
E02987,RA24110540000034,RA24110560000029,4,Cross-Department
E02988,RA24110540000034,RA24110560000036,4,Cross-Department
E02989,RA24110540000034,RA25110030000045,5,Cross-Department
E02990,RA24110540000034,RA25110540000058,1,Social
E02991,RA24110540000034,RA25110560000050,7,Cross-Department
E02992,RA24110540000034,RA26110030000079,3,Cross-Department
E02993,RA24110540000034,RA26110280000080,5,Cross-Department
E02994,RA24110540000034,RA26110540000075,9,Club
E02995,RA24110540000035,RA24110540000036,3,Project
E02996,RA24110540000035,RA24110540000037,3,Event
E02997,RA24110540000035,RA24110540000039,3,Project
E02998,RA24110540000035,RA24110540000042,4,Project
E02999,RA24110540000035,RA24110540000043,1,Event
E03000,RA24110540000035,RA24110560000043,5,Cross-Department
E03001,RA24110540000035,RA25110270000045,5,Cross-Department
E03002,RA24110540000035,RA25110540000049,2,Event
E03003,RA24110540000035,RA25110560000045,5,Cross-Department
E03004,RA24110540000035,RA26110030000068,2,Cross-Department
E03005,RA24110540000035,RA26110030000078,3,Cross-Department
E03006,RA24110540000035,RA26110030000080,3,Cross-Department
E03007,RA24110540000035,RA26110270000073,4,Cross-Department
E03008,RA24110540000036,RA24110540000037,2,Club
E03009,RA24110540000036,RA24110540000042,3,Academic
E03010,RA24110540000036,RA24110540000043,4,Academic
E03011,RA24110540000036,RA24110560000024,4,Cross-Department
E03012,RA24110540000036,RA25110270000057,3,Cross-Department
E03013,RA24110540000036,RA26110270000071,10,Cross-Department
E03014,RA24110540000036,RA26110290000070,6,Cross-Department
E03015,RA24110540000036,RA26110540000081,6,Project
E03016,RA24110540000036,RA26110560000080,2,Cross-Department
E03017,RA24110540000037,RA24110540000038,3,Event
E03018,RA24110540000037,RA24110540000040,2,Academic
E03019,RA24110540000037,RA24110540000042,1,Project
E03020,RA24110540000037,RA24110540000043,3,Event
E03021,RA24110540000037,RA24110540000044,2,Event
E03022,RA24110540000037,RA24110560000025,2,Cross-Department
E03023,RA24110540000037,RA25110030000051,7,Cross-Department
E03024,RA24110540000037,RA25110030000058,6,Cross-Department
E03025,RA24110540000037,RA26110030000080,4,Cross-Department
E03026,RA24110540000037,RA26110030000088,3,Cross-Department
E03027,RA24110540000037,RA26110270000078,7,Cross-Department
E03028,RA24110540000038,RA24110540000039,1,Club
E03029,RA24110540000038,RA24110540000040,3,Event
E03030,RA24110540000038,RA24110540000041,4,Academic
E03031,RA24110540000038,RA24110540000043,2,Event
E03032,RA24110540000038,RA24110540000044,3,Social
E03033,RA24110540000038,RA25110540000049,1,Event
E03034,RA24110540000038,RA25110540000057,1,Project
E03035,RA24110540000038,RA26110270000071,2,Cross-Department
E03036,RA24110540000038,RA26110560000086,4,Cross-Department
E03037,RA24110540000039,RA24110540000040,2,Club
E03038,RA24110540000039,RA24110540000042,12,Social
E03039,RA24110540000039,RA24110560000035,2,Cross-Department
E03040,RA24110540000039,RA25110560000045,2,Cross-Department
E03041,RA24110540000039,RA25110560000049,3,Cross-Department
E03042,RA24110540000039,RA26110270000068,6,Cross-Department
E03043,RA24110540000040,RA24110540000041,3,Social
E03044,RA24110540000040,RA24110540000042,1,Academic
E03045,RA24110540000040,RA24110540000043,2,Club
E03046,RA24110540000040,RA25110030000053,2,Cross-Department
E03047,RA24110540000040,RA25110540000049,5,Social
E03048,RA24110540000040,RA25110560000058,5,Cross-Department
E03049,RA24110540000040,RA26110030000069,9,Cross-Department
E03050,RA24110540000040,RA26110030000080,3,Cross-Department
E03051,RA24110540000041,RA24110540000042,4,Club
E03052,RA24110540000041,RA24110560000026,4,Cross-Department
E03053,RA24110540000041,RA25110030000046,2,Cross-Department
E03054,RA24110540000041,RA25110270000053,3,Cross-Department
E03055,RA24110540000041,RA25110270000066,3,Cross-Department
E03056,RA24110540000041,RA25110560000066,6,Cross-Department
E03057,RA24110540000041,RA26110030000087,3,Cross-Department
E03058,RA24110540000042,RA24110540000043,4,Club
E03059,RA24110540000042,RA25110270000064,5,Cross-Department
E03060,RA24110540000042,RA25110540000057,2,Social
E03061,RA24110540000042,RA26110270000072,7,Cross-Department
E03062,RA24110540000042,RA26110540000081,4,Academic
E03063,RA24110540000043,RA24110540000044,12,Academic
E03064,RA24110540000043,RA24110560000030,5,Cross-Department
E03065,RA24110540000043,RA25110560000057,4,Cross-Department
E03066,RA24110540000043,RA26110030000069,6,Cross-Department
E03067,RA24110540000043,RA26110030000078,4,Cross-Department
E03068,RA24110540000044,RA25110270000055,4,Cross-Department
E03069,RA24110540000044,RA25110300000062,5,Cross-Department
E03070,RA24110540000044,RA25110540000058,4,Club
E03071,RA24110540000044,RA25110560000048,5,Cross-Department
E03072,RA24110540000044,RA26110560000072,4,Cross-Department
E03073,RA24110540000044,RA26110560000073,8,Cross-Department
E03074,RA24110560000023,RA24110560000024,2,Academic
E03075,RA24110560000023,RA24110560000028,2,Academic
E03076,RA24110560000023,RA24110560000031,2,Project
E03077,RA24110560000023,RA24110560000033,3,Event
E03078,RA24110560000023,RA24110560000037,3,Event
E03079,RA24110560000023,RA24110560000041,2,Academic
E03080,RA24110560000023,RA24110560000043,3,Event
E03081,RA24110560000023,RA24110560000044,1,Academic
E03082,RA24110560000023,RA25110540000059,5,Cross-Department
E03083,RA24110560000023,RA26110270000078,6,Cross-Department
E03084,RA24110560000023,RA26110560000067,3,Academic
E03085,RA24110560000024,RA24110560000025,2,Club
E03086,RA24110560000024,RA24110560000026,4,Event
E03087,RA24110560000024,RA24110560000028,4,Club
E03088,RA24110560000024,RA24110560000034,9,Academic
E03089,RA24110560000024,RA24110560000036,2,Academic
E03090,RA24110560000024,RA24110560000040,2,Social
E03091,RA24110560000024,RA24110560000042,5,Academic
E03092,RA24110560000024,RA25110030000047,7,Cross-Department
E03093,RA24110560000024,RA26110270000080,6,Cross-Department
E03094,RA24110560000024,RA26110560000085,4,Club
E03095,RA24110560000025,RA24110560000026,3,Project
E03096,RA24110560000025,RA24110560000027,4,Event
E03097,RA24110560000025,RA24110560000028,1,Academic
E03098,RA24110560000025,RA24110560000031,1,Project
E03099,RA24110560000025,RA24110560000032,5,Club
E03100,RA24110560000025,RA24110560000035,1,Club
E03101,RA24110560000025,RA24110560000037,6,Event
E03102,RA24110560000025,RA24110560000038,2,Social
E03103,RA24110560000025,RA24110560000039,3,Academic
E03104,RA24110560000025,RA24110560000042,6,Social
E03105,RA24110560000025,RA24110560000044,3,Academic
E03106,RA24110560000025,RA25110270000050,3,Cross-Department
E03107,RA24110560000025,RA25110270000053,9,Cross-Department
E03108,RA24110560000025,RA25110270000059,4,Cross-Department
E03109,RA24110560000025,RA26110030000082,14,Cross-Department
E03110,RA24110560000025,RA26110270000067,6,Cross-Department
E03111,RA24110560000025,RA26110560000076,4,Club
E03112,RA24110560000025,RA26110560000086,1,Social
E03113,RA24110560000026,RA24110560000027,2,Academic
E03114,RA24110560000026,RA24110560000030,3,Club
E03115,RA24110560000026,RA24110560000032,1,Social
E03116,RA24110560000026,RA24110560000033,3,Project
E03117,RA24110560000026,RA24110560000037,5,Project
E03118,RA24110560000026,RA24110560000038,3,Social
E03119,RA24110560000026,RA24110560000039,5,Social
E03120,RA24110560000026,RA24110560000042,3,Social
E03121,RA24110560000026,RA25110270000065,5,Cross-Department
E03122,RA24110560000026,RA25110560000049,2,Project
E03123,RA24110560000026,RA25110560000055,1,Club
E03124,RA24110560000026,RA25110560000057,2,Project
E03125,RA24110560000026,RA26110540000080,6,Cross-Department
E03126,RA24110560000027,RA24110560000028,8,Project
E03127,RA24110560000027,RA24110560000030,1,Social
E03128,RA24110560000027,RA24110560000034,1,Project
E03129,RA24110560000027,RA24110560000035,4,Event
E03130,RA24110560000027,RA24110560000036,3,Academic
E03131,RA24110560000027,RA24110560000037,5,Social
E03132,RA24110560000027,RA24110560000038,2,Project
E03133,RA24110560000027,RA24110560000040,3,Project
E03134,RA24110560000027,RA25110030000048,4,Cross-Department
E03135,RA24110560000027,RA25110560000046,4,Academic
E03136,RA24110560000027,RA26110030000077,4,Cross-Department
E03137,RA24110560000027,RA26110270000079,2,Cross-Department
E03138,RA24110560000027,RA26110560000081,3,Event
E03139,RA24110560000027,RA26110560000082,3,Event
E03140,RA24110560000028,RA24110560000029,9,Event
E03141,RA24110560000028,RA24110560000032,7,Event
E03142,RA24110560000028,RA24110560000033,2,Academic
E03143,RA24110560000028,RA24110560000034,3,Academic
E03144,RA24110560000028,RA24110560000036,4,Event
E03145,RA24110560000028,RA24110560000038,1,Academic
E03146,RA24110560000028,RA24110560000039,4,Event
E03147,RA24110560000028,RA24110560000041,2,Project
E03148,RA24110560000028,RA24110560000042,4,Social
E03149,RA24110560000028,RA26110030000087,4,Cross-Department
E03150,RA24110560000028,RA26110280000088,7,Cross-Department
E03151,RA24110560000029,RA24110560000030,2,Project
E03152,RA24110560000029,RA24110560000031,1,Project
E03153,RA24110560000029,RA24110560000034,2,Event
E03154,RA24110560000029,RA24110560000038,14,Academic
E03155,RA24110560000029,RA24110560000044,1,Event
E03156,RA24110560000029,RA25110270000063,4,Cross-Department
E03157,RA24110560000029,RA25110560000048,2,Project
E03158,RA24110560000029,RA26110030000086,3,Cross-Department
E03159,RA24110560000029,RA26110540000082,6,Cross-Department
E03160,RA24110560000029,RA26110560000068,2,Club
E03161,RA24110560000029,RA26110560000080,2,Social
E03162,RA24110560000030,RA24110560000031,1,Academic
E03163,RA24110560000030,RA24110560000033,5,Club
E03164,RA24110560000030,RA24110560000036,3,Club
E03165,RA24110560000030,RA24110560000042,7,Event
E03166,RA24110560000030,RA24110560000044,3,Academic
E03167,RA24110560000030,RA25110030000063,4,Cross-Department
E03168,RA24110560000030,RA26110540000072,5,Cross-Department
E03169,RA24110560000030,RA26110560000087,5,Academic
E03170,RA24110560000031,RA24110560000032,3,Event
E03171,RA24110560000031,RA24110560000033,8,Event
E03172,RA24110560000031,RA24110560000037,4,Academic
E03173,RA24110560000031,RA24110560000039,4,Project
E03174,RA24110560000031,RA24110560000040,7,Event
E03175,RA24110560000031,RA24110560000041,5,Club
E03176,RA24110560000031,RA24110560000042,4,Project
E03177,RA24110560000031,RA25110030000059,4,Cross-Department
E03178,RA24110560000031,RA25110560000061,1,Club
E03179,RA24110560000031,RA26110030000083,6,Cross-Department
E03180,RA24110560000031,RA26110270000083,7,Cross-Department
E03181,RA24110560000031,RA26110540000067,8,Cross-Department
E03182,RA24110560000031,RA26110540000082,7,Cross-Department
E03183,RA24110560000031,RA26110560000079,8,Club
E03184,RA24110560000032,RA24110560000033,2,Academic
E03185,RA24110560000032,RA24110560000035,4,Event
E03186,RA24110560000032,RA24110560000039,4,Social
E03187,RA24110560000032,RA24110560000043,9,Social
E03188,RA24110560000032,RA25110030000045,4,Cross-Department
E03189,RA24110560000032,RA25110030000063,4,Cross-Department
E03190,RA24110560000032,RA25110560000046,9,Event
E03191,RA24110560000032,RA26110540000081,7,Cross-Department
E03192,RA24110560000032,RA26110540000084,4,Cross-Department
E03193,RA24110560000032,RA26110540000088,4,Cross-Department
E03194,RA24110560000032,RA26110560000086,5,Social
E03195,RA24110560000033,RA24110560000034,5,Social
E03196,RA24110560000033,RA24110560000036,14,Social
E03197,RA24110560000033,RA24110560000038,1,Project
E03198,RA24110560000033,RA24110560000039,1,Club
E03199,RA24110560000033,RA24110560000041,3,Event
E03200,RA24110560000033,RA25110030000063,4,Cross-Department
E03201,RA24110560000033,RA25110560000048,5,Club
E03202,RA24110560000033,RA26110030000079,12,Cross-Department
E03203,RA24110560000033,RA26110540000083,4,Cross-Department
E03204,RA24110560000033,RA26110560000075,9,Club
E03205,RA24110560000034,RA24110560000035,2,Social
E03206,RA24110560000034,RA24110560000040,5,Club
E03207,RA24110560000034,RA24110560000041,7,Social
E03208,RA24110560000034,RA24110560000042,6,Project
E03209,RA24110560000034,RA24110560000044,7,Social
E03210,RA24110560000034,RA25110030000055,4,Cross-Department
E03211,RA24110560000034,RA25110560000052,4,Club
E03212,RA24110560000034,RA26110030000070,4,Cross-Department
E03213,RA24110560000034,RA26110030000087,5,Cross-Department
E03214,RA24110560000034,RA26110280000079,5,Cross-Department
E03215,RA24110560000035,RA24110560000036,2,Project
E03216,RA24110560000035,RA24110560000039,4,Project
E03217,RA24110560000035,RA24110560000041,4,Social
E03218,RA24110560000035,RA24110560000043,5,Event
E03219,RA24110560000035,RA25110030000050,4,Cross-Department
E03220,RA24110560000035,RA25110270000052,6,Cross-Department
E03221,RA24110560000036,RA24110560000037,2,Academic
E03222,RA24110560000036,RA24110560000039,4,Social
E03223,RA24110560000036,RA24110560000041,1,Club
E03224,RA24110560000036,RA24110560000044,3,Event
E03225,RA24110560000036,RA26110030000082,3,Cross-Department
E03226,RA24110560000036,RA26110270000079,9,Cross-Department
E03227,RA24110560000036,RA26110560000070,4,Academic
E03228,RA24110560000036,RA26110560000079,2,Social
E03229,RA24110560000037,RA24110560000038,2,Event
E03230,RA24110560000037,RA24110560000039,14,Event
E03231,RA24110560000037,RA24110560000040,3,Social
E03232,RA24110560000037,RA24110560000041,1,Project
E03233,RA24110560000037,RA24110560000042,3,Event
E03234,RA24110560000037,RA24110560000044,4,Event
E03235,RA24110560000037,RA25110290000064,3,Cross-Department
E03236,RA24110560000037,RA25110560000058,5,Social
E03237,RA24110560000037,RA25110560000062,8,Event
E03238,RA24110560000037,RA26110270000088,4,Cross-Department
E03239,RA24110560000037,RA26110560000069,3,Academic
E03240,RA24110560000037,RA26110560000078,3,Social
E03241,RA24110560000038,RA24110560000039,4,Project
E03242,RA24110560000038,RA24110560000040,5,Club
E03243,RA24110560000038,RA24110560000044,4,Club
E03244,RA24110560000038,RA26110270000081,4,Cross-Department
E03245,RA24110560000038,RA26110540000083,4,Cross-Department
E03246,RA24110560000039,RA24110560000040,3,Project
E03247,RA24110560000039,RA24110560000041,7,Club
E03248,RA24110560000039,RA24110560000044,5,Event
E03249,RA24110560000039,RA25110560000055,2,Academic
E03250,RA24110560000039,RA26110540000071,4,Cross-Department
E03251,RA24110560000040,RA24110560000041,5,Event
E03252,RA24110560000040,RA24110560000042,1,Academic
E03253,RA24110560000040,RA24110560000043,3,Event
E03254,RA24110560000040,RA25110030000049,5,Cross-Department
E03255,RA24110560000040,RA25110030000061,3,Cross-Department
E03256,RA24110560000040,RA26110030000067,5,Cross-Department
E03257,RA24110560000041,RA24110560000042,3,Academic
E03258,RA24110560000041,RA24110560000044,5,Social
E03259,RA24110560000041,RA25110270000049,3,Cross-Department
E03260,RA24110560000041,RA25110560000049,8,Academic
E03261,RA24110560000041,RA26110270000087,8,Cross-Department
E03262,RA24110560000041,RA26110560000081,4,Club
E03263,RA24110560000042,RA24110560000043,1,Club
E03264,RA24110560000042,RA25110030000045,4,Cross-Department
E03265,RA24110560000042,RA25110030000060,3,Cross-Department
E03266,RA24110560000042,RA25110540000056,9,Cross-Department
E03267,RA24110560000042,RA26110030000080,6,Cross-Department
E03268,RA24110560000042,RA26110270000078,4,Cross-Department
E03269,RA24110560000042,RA26110540000079,3,Cross-Department
E03270,RA24110560000042,RA26110540000086,5,Cross-Department
E03271,RA24110560000043,RA24110560000044,5,Social
E03272,RA24110560000043,RA26110030000076,2,Cross-Department
E03273,RA24110560000043,RA26110540000087,7,Cross-Department
E03274,RA24110560000044,RA26110030000081,7,Cross-Department
E03275,RA25110030000045,RA25110030000046,1,Project
E03276,RA25110030000045,RA25110030000052,12,Academic
E03277,RA25110030000045,RA25110030000054,4,Club
E03278,RA25110030000045,RA25110030000060,3,Club
E03279,RA25110030000045,RA25110030000062,1,Event
E03280,RA25110030000045,RA25110030000064,5,Club
E03281,RA25110030000045,RA25110030000066,3,Project
E03282,RA25110030000045,RA25110280000048,4,Cross-Department
E03283,RA25110030000045,RA25110280000057,5,Cross-Department
E03284,RA25110030000045,RA26110030000074,1,Social
E03285,RA25110030000045,RA26110030000081,5,Academic
E03286,RA25110030000045,RA26110280000073,3,Cross-Department
E03287,RA25110030000045,RA26110300000079,7,Cross-Department
E03288,RA25110030000046,RA25110030000047,3,Event
E03289,RA25110030000046,RA25110030000048,2,Club
E03290,RA25110030000046,RA25110030000050,2,Club
E03291,RA25110030000046,RA25110030000055,3,Event
E03292,RA25110030000046,RA25110030000057,9,Academic
E03293,RA25110030000046,RA25110030000059,1,Social
E03294,RA25110030000046,RA25110030000064,3,Academic
E03295,RA25110030000046,RA25110560000055,12,Cross-Department
E03296,RA25110030000046,RA26110030000082,5,Project
E03297,RA25110030000047,RA25110030000048,1,Social
E03298,RA25110030000047,RA25110030000049,3,Event
E03299,RA25110030000047,RA25110030000050,2,Event
E03300,RA25110030000047,RA25110030000052,5,Project
E03301,RA25110030000047,RA25110030000055,1,Social
E03302,RA25110030000047,RA25110030000057,5,Academic
E03303,RA25110030000047,RA25110030000059,3,Social
E03304,RA25110030000047,RA25110030000060,2,Project
E03305,RA25110030000047,RA25110030000061,2,Event
E03306,RA25110030000047,RA25110030000064,9,Event
E03307,RA25110030000047,RA25110280000057,3,Cross-Department
E03308,RA25110030000047,RA25110280000058,8,Cross-Department
E03309,RA25110030000047,RA25110300000052,5,Cross-Department
E03310,RA25110030000047,RA26110030000070,2,Social
E03311,RA25110030000047,RA26110030000078,5,Club
E03312,RA25110030000047,RA26110030000082,12,Club
E03313,RA25110030000047,RA26110280000082,6,Cross-Department
E03314,RA25110030000047,RA26110280000088,4,Cross-Department
E03315,RA25110030000047,RA26110540000082,4,Cross-Department
E03316,RA25110030000047,RA26110540000088,3,Cross-Department
E03317,RA25110030000048,RA25110030000049,4,Academic
E03318,RA25110030000048,RA25110030000050,1,Event
E03319,RA25110030000048,RA25110030000058,1,Club
E03320,RA25110030000048,RA25110030000059,3,Project
E03321,RA25110030000048,RA25110030000060,2,Project
E03322,RA25110030000048,RA25110030000062,4,Project
E03323,RA25110030000048,RA25110030000063,4,Project
E03324,RA25110030000048,RA25110030000065,3,Academic
E03325,RA25110030000048,RA25110030000066,12,Social
E03326,RA25110030000048,RA25110540000056,2,Cross-Department
E03327,RA25110030000048,RA26110540000081,5,Cross-Department
E03328,RA25110030000049,RA25110030000050,4,Club
E03329,RA25110030000049,RA25110030000056,4,Social
E03330,RA25110030000049,RA25110030000057,10,Club
E03331,RA25110030000049,RA25110030000058,5,Club
E03332,RA25110030000049,RA25110030000059,6,Project
E03333,RA25110030000049,RA25110030000061,2,Project
E03334,RA25110030000049,RA25110030000062,7,Academic
E03335,RA25110030000049,RA25110030000063,2,Club
E03336,RA25110030000049,RA25110030000065,6,Club
E03337,RA25110030000049,RA25110560000056,3,Cross-Department
E03338,RA25110030000049,RA26110290000082,3,Cross-Department
E03339,RA25110030000050,RA25110030000051,2,Social
E03340,RA25110030000050,RA25110030000052,6,Club
E03341,RA25110030000050,RA25110030000054,2,Club
E03342,RA25110030000050,RA25110030000055,7,Social
E03343,RA25110030000050,RA25110030000056,6,Academic
E03344,RA25110030000050,RA25110030000057,1,Academic
E03345,RA25110030000050,RA25110030000058,4,Social
E03346,RA25110030000050,RA25110030000061,7,Academic
E03347,RA25110030000050,RA25110030000062,2,Academic
E03348,RA25110030000050,RA25110540000052,4,Cross-Department
E03349,RA25110030000050,RA25110540000065,2,Cross-Department
E03350,RA25110030000050,RA26110030000076,1,Social
E03351,RA25110030000050,RA26110030000080,4,Event
E03352,RA25110030000050,RA26110280000071,5,Cross-Department
E03353,RA25110030000050,RA26110540000084,7,Cross-Department
E03354,RA25110030000051,RA25110030000052,2,Project
E03355,RA25110030000051,RA25110030000053,3,Social
E03356,RA25110030000051,RA25110030000054,5,Social
E03357,RA25110030000051,RA25110030000056,5,Project
E03358,RA25110030000051,RA25110030000062,3,Club
E03359,RA25110030000051,RA25110030000063,5,Social
E03360,RA25110030000051,RA25110030000065,4,Project
E03361,RA25110030000051,RA26110030000076,1,Social
E03362,RA25110030000051,RA26110280000085,6,Cross-Department
E03363,RA25110030000051,RA26110290000069,4,Cross-Department
E03364,RA25110030000051,RA26110560000088,3,Cross-Department
E03365,RA25110030000052,RA25110030000053,3,Project
E03366,RA25110030000052,RA25110030000054,2,Project
E03367,RA25110030000052,RA25110030000055,3,Academic
E03368,RA25110030000052,RA25110030000057,6,Social
E03369,RA25110030000052,RA25110030000059,3,Social
E03370,RA25110030000052,RA25110030000061,1,Academic
E03371,RA25110030000052,RA25110030000062,1,Social
E03372,RA25110030000052,RA25110030000065,2,Social
E03373,RA25110030000052,RA25110030000066,1,Academic
E03374,RA25110030000052,RA26110300000072,4,Cross-Department
E03375,RA25110030000052,RA26110540000069,14,Cross-Department
E03376,RA25110030000052,RA26110540000086,3,Cross-Department
E03377,RA25110030000052,RA26110540000087,4,Cross-Department
E03378,RA25110030000053,RA25110030000054,1,Event
E03379,RA25110030000053,RA25110030000056,1,Social
E03380,RA25110030000053,RA25110030000061,3,Club
E03381,RA25110030000053,RA25110030000063,9,Academic
E03382,RA25110030000053,RA25110030000066,2,Academic
E03383,RA25110030000053,RA25110560000048,4,Cross-Department
E03384,RA25110030000053,RA26110280000082,6,Cross-Department
E03385,RA25110030000053,RA26110280000088,3,Cross-Department
E03386,RA25110030000053,RA26110300000069,8,Cross-Department
E03387,RA25110030000054,RA25110030000055,1,Club
E03388,RA25110030000054,RA25110030000056,6,Event
E03389,RA25110030000054,RA25110030000057,5,Academic
E03390,RA25110030000054,RA25110030000058,3,Social
E03391,RA25110030000054,RA25110030000061,4,Social
E03392,RA25110030000054,RA25110030000062,1,Academic
E03393,RA25110030000054,RA25110280000052,4,Cross-Department
E03394,RA25110030000054,RA25110540000053,5,Cross-Department
E03395,RA25110030000054,RA26110030000069,4,Club
E03396,RA25110030000054,RA26110030000085,5,Academic
E03397,RA25110030000054,RA26110280000075,5,Cross-Department
E03398,RA25110030000054,RA26110280000076,7,Cross-Department
E03399,RA25110030000054,RA26110280000079,2,Cross-Department
E03400,RA25110030000054,RA26110560000080,5,Cross-Department
E03401,RA25110030000054,RA26110560000083,4,Cross-Department
E03402,RA25110030000055,RA25110030000056,1,Academic
E03403,RA25110030000055,RA25110030000057,8,Academic
E03404,RA25110030000055,RA25110030000059,1,Project
E03405,RA25110030000055,RA25110030000061,5,Social
E03406,RA25110030000055,RA25110030000065,9,Event
E03407,RA25110030000055,RA25110030000066,1,Club
E03408,RA25110030000055,RA25110560000063,4,Cross-Department
E03409,RA25110030000055,RA26110280000076,4,Cross-Department
E03410,RA25110030000055,RA26110290000069,6,Cross-Department
E03411,RA25110030000055,RA26110300000082,9,Cross-Department
E03412,RA25110030000056,RA25110030000057,2,Event
E03413,RA25110030000056,RA25110030000062,2,Event
E03414,RA25110030000056,RA25110290000049,4,Cross-Department
E03415,RA25110030000056,RA25110300000049,5,Cross-Department
E03416,RA25110030000056,RA25110300000050,6,Cross-Department
E03417,RA25110030000056,RA25110300000053,4,Cross-Department
E03418,RA25110030000056,RA25110560000056,6,Cross-Department
E03419,RA25110030000056,RA26110280000081,4,Cross-Department
E03420,RA25110030000057,RA25110030000058,2,Social
E03421,RA25110030000057,RA25110030000059,4,Academic
E03422,RA25110030000057,RA25110030000063,2,Club
E03423,RA25110030000057,RA25110030000066,3,Academic
E03424,RA25110030000057,RA25110290000053,4,Cross-Department
E03425,RA25110030000057,RA25110300000050,5,Cross-Department
E03426,RA25110030000057,RA26110300000087,5,Cross-Department
E03427,RA25110030000058,RA25110030000059,1,Social
E03428,RA25110030000058,RA25110030000061,5,Social
E03429,RA25110030000058,RA25110030000064,3,Academic
E03430,RA25110030000058,RA25110030000065,4,Project
E03431,RA25110030000058,RA25110290000046,4,Cross-Department
E03432,RA25110030000058,RA25110540000059,6,Cross-Department
E03433,RA25110030000058,RA25110540000060,5,Cross-Department
E03434,RA25110030000058,RA25110560000066,3,Cross-Department
E03435,RA25110030000058,RA26110030000077,2,Academic
E03436,RA25110030000058,RA26110280000073,14,Cross-Department
E03437,RA25110030000058,RA26110560000088,3,Cross-Department
E03438,RA25110030000059,RA25110030000060,6,Event
E03439,RA25110030000059,RA25110030000061,5,Academic
E03440,RA25110030000059,RA25110030000063,2,Social
E03441,RA25110030000059,RA25110030000064,1,Academic
E03442,RA25110030000059,RA25110030000065,4,Club
E03443,RA25110030000059,RA25110030000066,3,Project
E03444,RA25110030000059,RA25110280000050,6,Cross-Department
E03445,RA25110030000059,RA25110280000054,4,Cross-Department
E03446,RA25110030000059,RA26110030000071,6,Social
E03447,RA25110030000059,RA26110280000086,6,Cross-Department
E03448,RA25110030000059,RA26110300000067,6,Cross-Department
E03449,RA25110030000059,RA26110300000083,7,Cross-Department
E03450,RA25110030000059,RA26110540000087,2,Cross-Department
E03451,RA25110030000060,RA25110030000061,9,Project
E03452,RA25110030000060,RA25110030000065,5,Social
E03453,RA25110030000060,RA25110030000066,3,Academic
E03454,RA25110030000060,RA25110280000051,3,Cross-Department
E03455,RA25110030000060,RA26110030000069,6,Club
E03456,RA25110030000060,RA26110280000075,4,Cross-Department
E03457,RA25110030000060,RA26110540000069,3,Cross-Department
E03458,RA25110030000061,RA25110030000062,4,Club
E03459,RA25110030000061,RA25110030000063,3,Event
E03460,RA25110030000061,RA25110290000056,7,Cross-Department
E03461,RA25110030000061,RA25110290000066,4,Cross-Department
E03462,RA25110030000061,RA25110300000050,5,Cross-Department
E03463,RA25110030000061,RA26110290000082,4,Cross-Department
E03464,RA25110030000061,RA26110290000086,2,Cross-Department
E03465,RA25110030000061,RA26110300000073,7,Cross-Department
E03466,RA25110030000061,RA26110300000076,8,Cross-Department
E03467,RA25110030000061,RA26110560000087,4,Cross-Department
E03468,RA25110030000062,RA25110030000063,4,Event
E03469,RA25110030000062,RA25110030000064,5,Event
E03470,RA25110030000062,RA25110030000065,7,Project
E03471,RA25110030000062,RA25110290000063,4,Cross-Department
E03472,RA25110030000062,RA26110030000080,3,Academic
E03473,RA25110030000062,RA26110300000082,5,Cross-Department
E03474,RA25110030000063,RA25110030000064,8,Project
E03475,RA25110030000063,RA25110030000065,4,Project
E03476,RA25110030000063,RA25110030000066,3,Social
E03477,RA25110030000063,RA25110280000055,8,Cross-Department
E03478,RA25110030000063,RA25110300000050,9,Cross-Department
E03479,RA25110030000063,RA25110540000055,6,Cross-Department
E03480,RA25110030000063,RA25110560000065,4,Cross-Department
E03481,RA25110030000063,RA26110560000078,2,Cross-Department
E03482,RA25110030000064,RA25110030000065,6,Event
E03483,RA25110030000064,RA25110030000066,3,Academic
E03484,RA25110030000064,RA25110280000058,3,Cross-Department
E03485,RA25110030000064,RA25110290000065,6,Cross-Department
E03486,RA25110030000064,RA25110300000065,6,Cross-Department
E03487,RA25110030000064,RA25110540000045,6,Cross-Department
E03488,RA25110030000064,RA26110030000082,2,Social
E03489,RA25110030000064,RA26110280000072,3,Cross-Department
E03490,RA25110030000064,RA26110290000072,3,Cross-Department
E03491,RA25110030000064,RA26110300000069,5,Cross-Department
E03492,RA25110030000064,RA26110300000082,3,Cross-Department
E03493,RA25110030000064,RA26110300000084,3,Cross-Department
E03494,RA25110030000064,RA26110540000080,3,Cross-Department
E03495,RA25110030000064,RA26110560000072,3,Cross-Department
E03496,RA25110030000065,RA25110030000066,2,Academic
E03497,RA25110030000065,RA25110540000045,9,Cross-Department
E03498,RA25110030000065,RA26110030000085,2,Project
E03499,RA25110030000065,RA26110280000073,6,Cross-Department
E03500,RA25110030000066,RA25110280000054,4,Cross-Department
E03501,RA25110030000066,RA25110540000058,3,Cross-Department
E03502,RA25110030000066,RA25110560000045,5,Cross-Department
E03503,RA25110030000066,RA26110280000067,5,Cross-Department
E03504,RA25110030000066,RA26110280000082,2,Cross-Department
E03505,RA25110030000066,RA26110540000069,3,Cross-Department
E03506,RA25110270000045,RA25110270000046,1,Academic
E03507,RA25110270000045,RA25110270000047,5,Event
E03508,RA25110270000045,RA25110270000051,1,Academic
E03509,RA25110270000045,RA25110270000054,3,Club
E03510,RA25110270000045,RA25110270000060,2,Project
E03511,RA25110270000045,RA25110270000061,2,Project
E03512,RA25110270000045,RA25110270000062,6,Club
E03513,RA25110270000045,RA25110270000066,3,Event
E03514,RA25110270000045,RA25110540000054,5,Cross-Department
E03515,RA25110270000045,RA25110560000051,14,Cross-Department
E03516,RA25110270000045,RA26110270000070,3,Social
E03517,RA25110270000045,RA26110270000081,6,Academic
E03518,RA25110270000046,RA25110270000047,1,Project
E03519,RA25110270000046,RA25110270000048,4,Project
E03520,RA25110270000046,RA25110270000049,5,Project
E03521,RA25110270000046,RA25110270000050,4,Club
E03522,RA25110270000046,RA25110270000055,4,Project
E03523,RA25110270000046,RA25110270000056,2,Event
E03524,RA25110270000046,RA25110270000057,3,Event
E03525,RA25110270000046,RA25110270000061,2,Club
E03526,RA25110270000046,RA25110270000062,1,Club
E03527,RA25110270000046,RA25110270000063,1,Academic
E03528,RA25110270000046,RA25110270000064,1,Academic
E03529,RA25110270000046,RA25110270000065,1,Event
E03530,RA25110270000046,RA25110270000066,3,Event
E03531,RA25110270000046,RA26110560000069,3,Cross-Department
E03532,RA25110270000047,RA25110270000048,2,Event
E03533,RA25110270000047,RA25110270000050,1,Event
E03534,RA25110270000047,RA25110270000051,5,Project
E03535,RA25110270000047,RA25110270000052,2,Event
E03536,RA25110270000047,RA25110270000053,1,Event
E03537,RA25110270000047,RA25110270000054,3,Project
E03538,RA25110270000047,RA25110270000055,1,Project
E03539,RA25110270000047,RA25110270000058,8,Club
E03540,RA25110270000047,RA25110270000059,5,Event
E03541,RA25110270000047,RA25110270000060,3,Event
E03542,RA25110270000047,RA25110270000063,10,Social
E03543,RA25110270000047,RA25110540000058,2,Cross-Department
E03544,RA25110270000047,RA26110540000068,2,Cross-Department
E03545,RA25110270000047,RA26110540000074,9,Cross-Department
E03546,RA25110270000047,RA26110560000072,9,Cross-Department
E03547,RA25110270000048,RA25110270000049,1,Social
E03548,RA25110270000048,RA25110270000053,8,Club
E03549,RA25110270000048,RA25110270000055,7,Social
E03550,RA25110270000048,RA25110270000056,14,Project
E03551,RA25110270000048,RA25110270000058,2,Academic
E03552,RA25110270000048,RA25110270000059,5,Club
E03553,RA25110270000048,RA25110270000061,5,Club
E03554,RA25110270000048,RA25110270000062,4,Academic
E03555,RA25110270000048,RA25110270000064,7,Academic
E03556,RA25110270000048,RA26110540000085,8,Cross-Department
E03557,RA25110270000049,RA25110270000050,3,Event
E03558,RA25110270000049,RA25110270000052,1,Academic
E03559,RA25110270000049,RA25110270000059,8,Academic
E03560,RA25110270000049,RA25110270000062,2,Event
E03561,RA25110270000049,RA26110560000070,8,Cross-Department
E03562,RA25110270000050,RA25110270000051,3,Event
E03563,RA25110270000050,RA25110270000052,4,Social
E03564,RA25110270000050,RA25110270000054,5,Club
E03565,RA25110270000050,RA25110270000057,2,Club
E03566,RA25110270000050,RA25110270000058,4,Academic
E03567,RA25110270000050,RA25110270000059,6,Project
E03568,RA25110270000050,RA25110270000060,5,Project
E03569,RA25110270000050,RA25110270000061,2,Academic
E03570,RA25110270000050,RA25110270000062,9,Event
E03571,RA25110270000050,RA25110270000065,4,Event
E03572,RA25110270000050,RA25110540000051,5,Cross-Department
E03573,RA25110270000050,RA25110560000051,10,Cross-Department
E03574,RA25110270000050,RA26110270000067,1,Academic
E03575,RA25110270000050,RA26110270000088,4,Project
E03576,RA25110270000051,RA25110270000052,7,Academic
E03577,RA25110270000051,RA25110270000056,1,Event
E03578,RA25110270000051,RA25110270000058,2,Academic
E03579,RA25110270000051,RA25110270000059,1,Event
E03580,RA25110270000051,RA25110270000064,1,Event
E03581,RA25110270000051,RA26110560000069,5,Cross-Department
E03582,RA25110270000051,RA26110560000081,4,Cross-Department
E03583,RA25110270000052,RA25110270000053,3,Club
E03584,RA25110270000052,RA25110270000056,7,Club
E03585,RA25110270000052,RA25110270000057,1,Project
E03586,RA25110270000052,RA25110270000058,3,Project
E03587,RA25110270000052,RA25110270000059,2,Academic
E03588,RA25110270000052,RA25110270000060,7,Club
E03589,RA25110270000052,RA25110270000063,4,Club
E03590,RA25110270000052,RA25110270000064,2,Event
E03591,RA25110270000052,RA25110270000066,5,Club
E03592,RA25110270000052,RA25110540000061,6,Cross-Department
E03593,RA25110270000052,RA26110540000073,9,Cross-Department
E03594,RA25110270000053,RA25110270000054,5,Social
E03595,RA25110270000053,RA25110270000055,8,Project
E03596,RA25110270000053,RA25110270000056,2,Project
E03597,RA25110270000053,RA25110270000057,5,Academic
E03598,RA25110270000053,RA25110270000059,1,Club
E03599,RA25110270000053,RA25110270000061,3,Event
E03600,RA25110270000053,RA25110270000063,4,Academic
E03601,RA25110270000053,RA25110270000064,5,Club
E03602,RA25110270000053,RA25110270000066,4,Academic
E03603,RA25110270000053,RA26110030000078,8,Cross-Department
E03604,RA25110270000053,RA26110560000078,7,Cross-Department
E03605,RA25110270000054,RA25110270000055,3,Project
E03606,RA25110270000054,RA25110270000058,2,Event
E03607,RA25110270000054,RA25110270000064,3,Project
E03608,RA25110270000054,RA25110270000065,5,Social
E03609,RA25110270000054,RA25110540000066,4,Cross-Department
E03610,RA25110270000054,RA25110560000049,5,Cross-Department
E03611,RA25110270000054,RA26110560000068,4,Cross-Department
E03612,RA25110270000055,RA25110270000056,3,Social
E03613,RA25110270000055,RA25110270000060,3,Social
E03614,RA25110270000055,RA25110270000062,2,Social
E03615,RA25110270000055,RA25110270000064,3,Club
E03616,RA25110270000055,RA25110540000060,2,Cross-Department
E03617,RA25110270000055,RA25110560000062,6,Cross-Department
E03618,RA25110270000055,RA26110540000084,5,Cross-Department
E03619,RA25110270000055,RA26110560000085,5,Cross-Department
E03620,RA25110270000056,RA25110270000057,8,Academic
E03621,RA25110270000056,RA25110270000060,1,Project
E03622,RA25110270000056,RA25110270000062,4,Social
E03623,RA25110270000056,RA25110270000064,5,Club
E03624,RA25110270000056,RA26110270000067,3,Academic
E03625,RA25110270000057,RA25110270000058,3,Event
E03626,RA25110270000057,RA25110270000062,3,Club
E03627,RA25110270000057,RA25110270000065,5,Academic
E03628,RA25110270000057,RA25110270000066,3,Club
E03629,RA25110270000058,RA25110270000059,5,Project
E03630,RA25110270000058,RA25110270000061,1,Social
E03631,RA25110270000058,RA25110270000065,2,Club
E03632,RA25110270000058,RA25110540000048,9,Cross-Department
E03633,RA25110270000058,RA26110270000069,14,Project
E03634,RA25110270000058,RA26110540000072,3,Cross-Department
E03635,RA25110270000058,RA26110540000075,3,Cross-Department
E03636,RA25110270000059,RA25110270000060,1,Project
E03637,RA25110270000059,RA25110270000066,4,Project
E03638,RA25110270000059,RA26110270000075,7,Social
E03639,RA25110270000059,RA26110540000077,2,Cross-Department
E03640,RA25110270000059,RA26110560000083,2,Cross-Department
E03641,RA25110270000060,RA25110270000061,1,Project
E03642,RA25110270000060,RA25110270000063,3,Club
E03643,RA25110270000060,RA25110270000064,1,Social
E03644,RA25110270000060,RA26110270000075,1,Event
E03645,RA25110270000060,RA26110270000080,9,Social
E03646,RA25110270000060,RA26110270000082,2,Event
E03647,RA25110270000060,RA26110560000068,6,Cross-Department
E03648,RA25110270000061,RA25110270000062,5,Social
E03649,RA25110270000061,RA25110270000065,4,Club
E03650,RA25110270000061,RA25110270000066,5,Club
E03651,RA25110270000061,RA25110560000058,7,Cross-Department
E03652,RA25110270000061,RA26110270000074,6,Social
E03653,RA25110270000061,RA26110540000077,2,Cross-Department
E03654,RA25110270000062,RA25110270000063,1,Event
E03655,RA25110270000062,RA26110270000085,5,Academic
E03656,RA25110270000062,RA26110560000078,5,Cross-Department
E03657,RA25110270000063,RA25110270000064,3,Project
E03658,RA25110270000064,RA25110270000065,5,Academic
E03659,RA25110270000064,RA25110270000066,2,Social
E03660,RA25110270000065,RA25110270000066,8,Event
E03661,RA25110270000065,RA25110540000058,4,Cross-Department
E03662,RA25110270000065,RA25110540000063,6,Cross-Department
E03663,RA25110270000065,RA26110270000073,3,Social
E03664,RA25110270000065,RA26110540000079,2,Cross-Department
E03665,RA25110270000065,RA26110540000086,5,Cross-Department
E03666,RA25110270000065,RA26110560000067,5,Cross-Department
E03667,RA25110270000066,RA25110540000050,3,Cross-Department
E03668,RA25110270000066,RA25110560000064,4,Cross-Department
E03669,RA25110270000066,RA25110560000066,2,Cross-Department
E03670,RA25110270000066,RA26110270000070,1,Social
E03671,RA25110270000066,RA26110270000087,1,Event
E03672,RA25110270000066,RA26110540000085,3,Cross-Department
E03673,RA25110280000045,RA25110280000046,2,Club
E03674,RA25110280000045,RA25110280000050,2,Club
E03675,RA25110280000045,RA25110280000056,2,Academic
E03676,RA25110280000045,RA25110280000057,3,Club
E03677,RA25110280000045,RA25110280000058,6,Project
E03678,RA25110280000045,RA25110280000059,2,Club
E03679,RA25110280000045,RA25110280000063,1,Academic
E03680,RA25110280000045,RA25110280000066,1,Event
E03681,RA25110280000045,RA26110030000077,4,Cross-Department
E03682,RA25110280000045,RA26110030000087,2,Cross-Department
E03683,RA25110280000045,RA26110300000080,8,Cross-Department
E03684,RA25110280000046,RA25110280000047,2,Event
E03685,RA25110280000046,RA25110280000048,2,Social
E03686,RA25110280000046,RA25110280000050,4,Club
E03687,RA25110280000046,RA25110280000051,1,Academic
E03688,RA25110280000046,RA25110280000052,6,Project
E03689,RA25110280000046,RA25110280000053,2,Event
E03690,RA25110280000046,RA25110280000059,3,Event
E03691,RA25110280000046,RA25110280000063,3,Academic
E03692,RA25110280000046,RA26110290000079,6,Cross-Department
E03693,RA25110280000046,RA26110290000085,2,Cross-Department
E03694,RA25110280000047,RA25110280000048,2,Academic
E03695,RA25110280000047,RA25110280000050,1,Academic
E03696,RA25110280000047,RA25110280000053,1,Academic
E03697,RA25110280000047,RA25110280000055,1,Project
E03698,RA25110280000047,RA25110280000057,3,Academic
E03699,RA25110280000047,RA25110280000060,3,Social
E03700,RA25110280000047,RA25110280000063,10,Social
E03701,RA25110280000047,RA25110280000064,6,Social
E03702,RA25110280000047,RA26110030000078,14,Cross-Department
E03703,RA25110280000047,RA26110280000083,10,Project
E03704,RA25110280000048,RA25110280000049,5,Social
E03705,RA25110280000048,RA25110280000050,1,Social
E03706,RA25110280000048,RA25110280000052,2,Event
E03707,RA25110280000048,RA25110280000054,2,Social
E03708,RA25110280000048,RA25110280000059,4,Social
E03709,RA25110280000048,RA25110280000060,4,Event
E03710,RA25110280000048,RA25110280000064,2,Academic
E03711,RA25110280000048,RA25110280000066,3,Club
E03712,RA25110280000048,RA26110030000085,2,Cross-Department
E03713,RA25110280000049,RA25110280000050,5,Academic
E03714,RA25110280000049,RA25110280000052,6,Academic
E03715,RA25110280000049,RA25110280000054,1,Social
E03716,RA25110280000049,RA25110280000056,4,Event
E03717,RA25110280000049,RA25110280000057,3,Academic
E03718,RA25110280000049,RA25110280000059,4,Project
E03719,RA25110280000049,RA25110280000061,2,Social
E03720,RA25110280000049,RA25110280000064,1,Social
E03721,RA25110280000049,RA26110280000076,2,Academic
E03722,RA25110280000049,RA26110280000083,3,Academic
E03723,RA25110280000050,RA25110280000051,4,Project
E03724,RA25110280000050,RA25110280000052,1,Event
E03725,RA25110280000050,RA25110280000054,5,Club
E03726,RA25110280000050,RA25110280000055,3,Event
E03727,RA25110280000050,RA25110280000056,2,Social
E03728,RA25110280000050,RA25110280000058,9,Event
E03729,RA25110280000050,RA25110280000059,2,Social
E03730,RA25110280000050,RA25110280000061,2,Event
E03731,RA25110280000050,RA25110280000062,4,Project
E03732,RA25110280000050,RA25110280000064,1,Academic
E03733,RA25110280000050,RA25110280000065,3,Project
E03734,RA25110280000050,RA25110300000066,6,Cross-Department
E03735,RA25110280000050,RA26110300000075,3,Cross-Department
E03736,RA25110280000051,RA25110280000052,2,Club
E03737,RA25110280000051,RA25110280000054,3,Club
E03738,RA25110280000051,RA25110280000063,1,Academic
E03739,RA25110280000051,RA25110290000062,7,Cross-Department
E03740,RA25110280000051,RA25110300000052,5,Cross-Department
E03741,RA25110280000051,RA26110030000084,5,Cross-Department
E03742,RA25110280000052,RA25110280000053,1,Social
E03743,RA25110280000052,RA25110280000055,4,Event
E03744,RA25110280000052,RA25110280000056,1,Club
E03745,RA25110280000052,RA25110280000057,1,Event
E03746,RA25110280000052,RA25110280000060,3,Club
E03747,RA25110280000052,RA25110280000063,4,Social
E03748,RA25110280000052,RA25110280000065,5,Project
E03749,RA25110280000052,RA26110300000067,7,Cross-Department
E03750,RA25110280000052,RA26110300000078,5,Cross-Department
E03751,RA25110280000053,RA25110280000054,3,Academic
E03752,RA25110280000053,RA25110280000056,2,Club
E03753,RA25110280000053,RA25110280000060,4,Club
E03754,RA25110280000053,RA25110280000061,3,Club
E03755,RA25110280000053,RA25110300000045,3,Cross-Department
E03756,RA25110280000053,RA25110300000048,9,Cross-Department
E03757,RA25110280000053,RA25110300000065,5,Cross-Department
E03758,RA25110280000053,RA26110030000078,8,Cross-Department
E03759,RA25110280000053,RA26110280000070,4,Social
E03760,RA25110280000053,RA26110280000083,2,Social
E03761,RA25110280000053,RA26110290000077,5,Cross-Department
E03762,RA25110280000053,RA26110290000086,6,Cross-Department
E03763,RA25110280000054,RA25110280000055,3,Event
E03764,RA25110280000054,RA25110280000060,4,Social
E03765,RA25110280000054,RA25110280000061,1,Social
E03766,RA25110280000054,RA25110280000062,6,Social
E03767,RA25110280000054,RA25110280000064,6,Academic
E03768,RA25110280000054,RA25110280000066,7,Academic
E03769,RA25110280000054,RA25110290000066,6,Cross-Department
E03770,RA25110280000054,RA26110030000084,7,Cross-Department
E03771,RA25110280000054,RA26110300000078,3,Cross-Department
E03772,RA25110280000055,RA25110280000056,2,Club
E03773,RA25110280000055,RA25110280000057,2,Event
E03774,RA25110280000055,RA25110280000058,3,Club
E03775,RA25110280000055,RA25110280000059,3,Academic
E03776,RA25110280000055,RA25110280000060,5,Academic
E03777,RA25110280000055,RA25110280000061,3,Project
E03778,RA25110280000055,RA25110280000064,4,Event
E03779,RA25110280000055,RA25110280000065,5,Academic
E03780,RA25110280000055,RA25110280000066,2,Club
E03781,RA25110280000055,RA25110290000053,3,Cross-Department
E03782,RA25110280000055,RA26110280000088,3,Club
E03783,RA25110280000055,RA26110290000069,4,Cross-Department
E03784,RA25110280000056,RA25110280000057,3,Club
E03785,RA25110280000056,RA25110280000061,2,Academic
E03786,RA25110280000056,RA25110280000063,2,Project
E03787,RA25110280000056,RA25110280000065,1,Social
E03788,RA25110280000056,RA25110280000066,3,Project
E03789,RA25110280000056,RA25110290000055,8,Cross-Department
E03790,RA25110280000056,RA26110280000088,1,Social
E03791,RA25110280000057,RA25110280000058,2,Event
E03792,RA25110280000057,RA25110280000059,6,Academic
E03793,RA25110280000057,RA25110290000046,3,Cross-Department
E03794,RA25110280000057,RA25110300000052,3,Cross-Department
E03795,RA25110280000057,RA25110540000045,4,Cross-Department
E03796,RA25110280000057,RA26110030000085,2,Cross-Department
E03797,RA25110280000057,RA26110290000070,10,Cross-Department
E03798,RA25110280000058,RA25110280000059,2,Project
E03799,RA25110280000058,RA25110280000061,2,Social
E03800,RA25110280000058,RA25110280000064,4,Social
E03801,RA25110280000058,RA25110290000050,3,Cross-Department
E03802,RA25110280000058,RA25110290000064,4,Cross-Department
E03803,RA25110280000058,RA26110280000074,4,Club
E03804,RA25110280000058,RA26110280000085,3,Club
E03805,RA25110280000059,RA25110280000060,3,Social
E03806,RA25110280000059,RA25110280000063,5,Event
E03807,RA25110280000059,RA25110280000064,2,Event
E03808,RA25110280000059,RA25110280000065,8,Social
E03809,RA25110280000059,RA26110030000078,4,Cross-Department
E03810,RA25110280000060,RA25110280000061,6,Event
E03811,RA25110280000060,RA25110280000062,1,Academic
E03812,RA25110280000060,RA25110280000066,6,Academic
E03813,RA25110280000060,RA25110290000053,7,Cross-Department
E03814,RA25110280000060,RA25110300000054,4,Cross-Department
E03815,RA25110280000060,RA26110280000082,7,Club
E03816,RA25110280000060,RA26110300000076,3,Cross-Department
E03817,RA25110280000061,RA25110280000062,10,Social
E03818,RA25110280000061,RA25110280000063,3,Event
E03819,RA25110280000061,RA25110280000064,6,Club
E03820,RA25110280000061,RA25110280000065,1,Club
E03821,RA25110280000061,RA25110300000050,3,Cross-Department
E03822,RA25110280000061,RA26110030000077,7,Cross-Department
E03823,RA25110280000061,RA26110290000087,6,Cross-Department
E03824,RA25110280000062,RA25110280000063,2,Project
E03825,RA25110280000062,RA25110280000065,1,Social
E03826,RA25110280000062,RA26110290000073,3,Cross-Department
E03827,RA25110280000063,RA25110280000064,3,Project
E03828,RA25110280000063,RA26110270000067,4,Cross-Department
E03829,RA25110280000063,RA26110300000082,4,Cross-Department
E03830,RA25110280000064,RA25110280000065,6,Project
E03831,RA25110280000064,RA25110280000066,4,Event
E03832,RA25110280000064,RA25110290000065,4,Cross-Department
E03833,RA25110280000064,RA25110300000060,6,Cross-Department
E03834,RA25110280000065,RA25110280000066,3,Event
E03835,RA25110280000065,RA25110300000051,5,Cross-Department
E03836,RA25110280000065,RA26110280000087,4,Social
E03837,RA25110280000065,RA26110300000074,4,Cross-Department
E03838,RA25110280000066,RA25110290000049,8,Cross-Department
E03839,RA25110280000066,RA26110030000071,5,Cross-Department
E03840,RA25110280000066,RA26110280000084,1,Social
E03841,RA25110280000066,RA26110300000075,7,Cross-Department
E03842,RA25110280000066,RA26110300000088,8,Cross-Department
E03843,RA25110290000045,RA25110290000046,9,Project
E03844,RA25110290000045,RA25110290000048,5,Social
E03845,RA25110290000045,RA25110290000049,1,Project
E03846,RA25110290000045,RA25110290000056,5,Academic
E03847,RA25110290000045,RA25110290000059,3,Social
E03848,RA25110290000045,RA25110290000060,2,Club
E03849,RA25110290000045,RA25110290000061,1,Social
E03850,RA25110290000045,RA25110290000065,9,Project
E03851,RA25110290000045,RA25110290000066,6,Project
E03852,RA25110290000045,RA26110290000085,9,Club
E03853,RA25110290000046,RA25110290000047,4,Social
E03854,RA25110290000046,RA25110290000049,2,Event
E03855,RA25110290000046,RA25110290000051,1,Academic
E03856,RA25110290000046,RA25110290000053,3,Academic
E03857,RA25110290000046,RA25110290000054,8,Project
E03858,RA25110290000046,RA25110290000055,1,Project
E03859,RA25110290000046,RA25110290000057,2,Project
E03860,RA25110290000046,RA25110290000059,4,Project
E03861,RA25110290000046,RA26110030000076,3,Cross-Department
E03862,RA25110290000046,RA26110280000073,4,Cross-Department
E03863,RA25110290000046,RA26110290000071,4,Social
E03864,RA25110290000046,RA26110290000073,2,Project
E03865,RA25110290000047,RA25110290000048,6,Event
E03866,RA25110290000047,RA25110290000055,5,Club
E03867,RA25110290000047,RA25110290000056,5,Event
E03868,RA25110290000047,RA25110290000057,6,Academic
E03869,RA25110290000047,RA25110290000061,4,Academic
E03870,RA25110290000047,RA25110290000062,3,Event
E03871,RA25110290000047,RA25110290000063,1,Project
E03872,RA25110290000047,RA25110540000062,3,Cross-Department
E03873,RA25110290000047,RA26110290000071,6,Project
E03874,RA25110290000047,RA26110290000082,2,Social
E03875,RA25110290000047,RA26110290000087,2,Academic
E03876,RA25110290000048,RA25110290000049,8,Project
E03877,RA25110290000048,RA25110290000051,2,Event
E03878,RA25110290000048,RA25110290000061,5,Social
E03879,RA25110290000048,RA25110290000062,4,Event
E03880,RA25110290000048,RA25110290000065,4,Club
E03881,RA25110290000049,RA25110290000050,3,Event
E03882,RA25110290000049,RA25110290000056,1,Social
E03883,RA25110290000049,RA25110290000058,1,Academic
E03884,RA25110290000049,RA25110290000059,2,Event
E03885,RA25110290000049,RA25110290000062,2,Academic
E03886,RA25110290000049,RA25110290000063,1,Event
E03887,RA25110290000049,RA25110290000066,2,Event
E03888,RA25110290000049,RA26110030000086,7,Cross-Department
E03889,RA25110290000049,RA26110290000076,1,Event
E03890,RA25110290000050,RA25110290000051,6,Academic
E03891,RA25110290000050,RA25110290000054,1,Club
E03892,RA25110290000050,RA25110290000057,4,Project
E03893,RA25110290000050,RA25110290000060,2,Social
E03894,RA25110290000050,RA25110290000061,2,Academic
E03895,RA25110290000050,RA25110290000064,5,Event
E03896,RA25110290000050,RA25110290000065,12,Event
E03897,RA25110290000050,RA26110290000077,6,Social
E03898,RA25110290000051,RA25110290000052,6,Club
E03899,RA25110290000051,RA25110290000054,1,Club
E03900,RA25110290000051,RA25110290000057,2,Social
E03901,RA25110290000051,RA25110290000060,1,Club
E03902,RA25110290000051,RA25110290000062,2,Project
E03903,RA25110290000051,RA25110290000063,5,Project
E03904,RA25110290000051,RA25110290000065,1,Club
E03905,RA25110290000051,RA26110280000072,4,Cross-Department
E03906,RA25110290000051,RA26110290000077,1,Project
E03907,RA25110290000051,RA26110290000080,12,Event
E03908,RA25110290000052,RA25110290000053,4,Club
E03909,RA25110290000052,RA25110290000063,2,Event
E03910,RA25110290000052,RA25110290000065,3,Social
E03911,RA25110290000052,RA25110290000066,2,Project
E03912,RA25110290000052,RA26110030000070,6,Cross-Department
E03913,RA25110290000052,RA26110280000071,7,Cross-Department
E03914,RA25110290000052,RA26110280000077,5,Cross-Department
E03915,RA25110290000053,RA25110290000054,4,Event
E03916,RA25110290000053,RA25110290000055,2,Social
E03917,RA25110290000053,RA25110290000057,1,Event
E03918,RA25110290000053,RA25110290000058,4,Academic
E03919,RA25110290000053,RA25110290000059,1,Event
E03920,RA25110290000053,RA25110290000060,5,Project
E03921,RA25110290000053,RA25110290000061,3,Club
E03922,RA25110290000053,RA25110290000063,6,Social
E03923,RA25110290000053,RA25110290000064,2,Academic
E03924,RA25110290000053,RA25110290000066,5,Club
E03925,RA25110290000053,RA26110290000084,12,Social
E03926,RA25110290000054,RA25110290000055,2,Academic
E03927,RA25110290000054,RA25110290000056,2,Social
E03928,RA25110290000054,RA25110290000057,2,Event
E03929,RA25110290000054,RA25110290000059,1,Project
E03930,RA25110290000054,RA25110290000060,3,Club
E03931,RA25110290000054,RA25110290000061,1,Event
E03932,RA25110290000054,RA25110290000062,4,Social
E03933,RA25110290000054,RA25110290000065,6,Event
E03934,RA25110290000054,RA25110290000066,4,Club
E03935,RA25110290000054,RA26110290000068,1,Project
E03936,RA25110290000054,RA26110290000076,3,Project
E03937,RA25110290000055,RA25110290000056,1,Project
E03938,RA25110290000055,RA25110290000058,1,Project
E03939,RA25110290000055,RA25110290000059,6,Social
E03940,RA25110290000056,RA25110290000057,3,Academic
E03941,RA25110290000056,RA25110290000060,4,Academic
E03942,RA25110290000056,RA26110280000073,7,Cross-Department
E03943,RA25110290000056,RA26110290000074,4,Club
E03944,RA25110290000057,RA25110290000058,3,Social
E03945,RA25110290000057,RA25110290000063,2,Club
E03946,RA25110290000057,RA25110290000064,8,Social
E03947,RA25110290000057,RA25110290000066,4,Academic
E03948,RA25110290000057,RA26110280000081,3,Cross-Department
E03949,RA25110290000058,RA25110290000059,3,Project
E03950,RA25110290000058,RA25110290000060,3,Social
E03951,RA25110290000058,RA25110290000066,1,Academic
E03952,RA25110290000058,RA26110290000086,2,Event
E03953,RA25110290000058,RA26110290000087,3,Academic
E03954,RA25110290000059,RA25110290000060,2,Project
E03955,RA25110290000059,RA25110290000061,3,Social
E03956,RA25110290000059,RA25110290000062,4,Academic
E03957,RA25110290000059,RA26110290000088,4,Event
E03958,RA25110290000060,RA25110290000061,5,Academic
E03959,RA25110290000060,RA25110290000062,3,Project
E03960,RA25110290000060,RA25110290000066,1,Academic
E03961,RA25110290000061,RA25110290000062,5,Event
E03962,RA25110290000061,RA25110290000063,1,Club
E03963,RA25110290000061,RA25110290000064,3,Academic
E03964,RA25110290000061,RA25110290000065,3,Event
E03965,RA25110290000061,RA25110290000066,2,Project
E03966,RA25110290000061,RA26110280000069,5,Cross-Department
E03967,RA25110290000061,RA26110290000073,5,Social
E03968,RA25110290000062,RA25110290000063,14,Project
E03969,RA25110290000062,RA25110290000064,1,Social
E03970,RA25110290000062,RA25110290000066,6,Club
E03971,RA25110290000062,RA26110030000073,5,Cross-Department
E03972,RA25110290000062,RA26110030000086,4,Cross-Department
E03973,RA25110290000062,RA26110290000078,2,Project
E03974,RA25110290000063,RA25110290000064,3,Academic
E03975,RA25110290000063,RA25110290000065,3,Academic
E03976,RA25110290000063,RA26110030000069,2,Cross-Department
E03977,RA25110290000063,RA26110280000072,5,Cross-Department
E03978,RA25110290000063,RA26110280000083,6,Cross-Department
E03979,RA25110290000063,RA26110290000069,2,Club
E03980,RA25110290000064,RA25110290000065,5,Social
E03981,RA25110290000064,RA26110030000080,4,Cross-Department
E03982,RA25110290000064,RA26110030000084,4,Cross-Department
E03983,RA25110290000064,RA26110280000070,5,Cross-Department
E03984,RA25110290000064,RA26110280000079,3,Cross-Department
E03985,RA25110290000064,RA26110290000081,6,Project
E03986,RA25110290000065,RA25110290000066,2,Academic
E03987,RA25110290000065,RA26110270000080,5,Cross-Department
E03988,RA25110290000065,RA26110280000087,7,Cross-Department
E03989,RA25110290000066,RA26110290000070,2,Academic
E03990,RA25110300000045,RA25110300000046,5,Club
E03991,RA25110300000045,RA25110300000047,4,Project
E03992,RA25110300000045,RA25110300000048,5,Social
E03993,RA25110300000045,RA25110300000049,1,Project
E03994,RA25110300000045,RA25110300000050,5,Event
E03995,RA25110300000045,RA25110300000053,2,Academic
E03996,RA25110300000045,RA25110300000055,6,Social
E03997,RA25110300000045,RA25110300000056,2,Event
E03998,RA25110300000045,RA25110300000064,3,Event
E03999,RA25110300000045,RA25110300000065,7,Club
E04000,RA25110300000045,RA25110300000066,9,Project
E04001,RA25110300000045,RA25110540000066,3,Cross-Department
E04002,RA25110300000045,RA26110270000086,5,Cross-Department
E04003,RA25110300000045,RA26110300000073,6,Social
E04004,RA25110300000046,RA25110300000047,1,Academic
E04005,RA25110300000046,RA25110300000049,2,Club
E04006,RA25110300000046,RA25110300000052,4,Academic
E04007,RA25110300000046,RA25110300000053,3,Event
E04008,RA25110300000046,RA25110300000055,1,Event
E04009,RA25110300000046,RA25110300000056,2,Event
E04010,RA25110300000046,RA25110300000058,3,Social
E04011,RA25110300000046,RA25110300000063,4,Club
E04012,RA25110300000046,RA25110300000064,2,Project
E04013,RA25110300000046,RA25110300000065,6,Academic
E04014,RA25110300000046,RA25110300000066,5,Project
E04015,RA25110300000046,RA26110270000088,3,Cross-Department
E04016,RA25110300000047,RA25110300000048,4,Club
E04017,RA25110300000047,RA25110300000053,3,Academic
E04018,RA25110300000047,RA25110300000055,2,Social
E04019,RA25110300000047,RA25110300000062,1,Club
E04020,RA25110300000047,RA25110300000066,1,Project
E04021,RA25110300000047,RA26110300000079,1,Project
E04022,RA25110300000048,RA25110300000049,6,Social
E04023,RA25110300000048,RA25110300000050,2,Social
E04024,RA25110300000048,RA25110300000054,4,Event
E04025,RA25110300000048,RA25110300000056,7,Club
E04026,RA25110300000048,RA25110300000064,1,Club
E04027,RA25110300000048,RA25110300000066,10,Project
E04028,RA25110300000048,RA26110290000082,6,Cross-Department
E04029,RA25110300000048,RA26110300000083,1,Event
E04030,RA25110300000049,RA25110300000050,1,Project
E04031,RA25110300000049,RA25110300000052,7,Academic
E04032,RA25110300000049,RA25110300000055,2,Project
E04033,RA25110300000049,RA25110300000057,6,Academic
E04034,RA25110300000049,RA25110300000059,2,Academic
E04035,RA25110300000049,RA25110300000064,14,Social
E04036,RA25110300000049,RA25110300000065,4,Project
E04037,RA25110300000049,RA25110540000064,5,Cross-Department
E04038,RA25110300000049,RA26110280000081,2,Cross-Department
E04039,RA25110300000049,RA26110300000072,3,Project
E04040,RA25110300000049,RA26110300000083,7,Club
E04041,RA25110300000050,RA25110300000051,1,Academic
E04042,RA25110300000050,RA25110300000055,4,Club
E04043,RA25110300000050,RA25110300000057,8,Social
E04044,RA25110300000050,RA25110300000061,2,Event
E04045,RA25110300000050,RA25110300000065,6,Club
E04046,RA25110300000050,RA26110030000084,3,Cross-Department
E04047,RA25110300000050,RA26110290000068,6,Cross-Department
E04048,RA25110300000050,RA26110300000073,1,Academic
E04049,RA25110300000050,RA26110300000079,12,Club
E04050,RA25110300000050,RA26110300000084,6,Event
E04051,RA25110300000051,RA25110300000052,2,Event
E04052,RA25110300000051,RA25110300000054,9,Club
E04053,RA25110300000051,RA25110300000060,2,Social
E04054,RA25110300000051,RA25110300000062,4,Club
E04055,RA25110300000051,RA25110300000064,3,Event
E04056,RA25110300000051,RA25110300000066,2,Academic
E04057,RA25110300000051,RA26110540000084,3,Cross-Department
E04058,RA25110300000052,RA25110300000053,3,Project
E04059,RA25110300000052,RA25110300000054,2,Social
E04060,RA25110300000052,RA25110300000056,1,Club
E04061,RA25110300000052,RA25110300000059,1,Club
E04062,RA25110300000052,RA25110300000061,4,Club
E04063,RA25110300000052,RA26110300000088,1,Club
E04064,RA25110300000053,RA25110300000054,1,Academic
E04065,RA25110300000053,RA25110300000058,10,Project
E04066,RA25110300000053,RA25110300000060,6,Project
E04067,RA25110300000053,RA25110300000064,4,Social
E04068,RA25110300000053,RA26110280000087,4,Cross-Department
E04069,RA25110300000053,RA26110300000068,6,Academic
E04070,RA25110300000054,RA25110300000055,2,Project
E04071,RA25110300000054,RA25110300000057,5,Event
E04072,RA25110300000054,RA26110030000080,4,Cross-Department
E04073,RA25110300000054,RA26110030000087,2,Cross-Department
E04074,RA25110300000055,RA25110300000056,1,Social
E04075,RA25110300000055,RA25110300000057,6,Academic
E04076,RA25110300000055,RA25110300000059,4,Event
E04077,RA25110300000055,RA25110300000061,4,Social
E04078,RA25110300000055,RA25110300000063,4,Event
E04079,RA25110300000055,RA25110300000065,5,Event
E04080,RA25110300000055,RA25110300000066,1,Academic
E04081,RA25110300000055,RA26110030000076,5,Cross-Department
E04082,RA25110300000055,RA26110300000081,6,Event
E04083,RA25110300000056,RA25110300000057,5,Club
E04084,RA25110300000056,RA25110300000058,3,Project
E04085,RA25110300000056,RA25110300000060,1,Social
E04086,RA25110300000056,RA25110300000064,4,Academic
E04087,RA25110300000056,RA25110300000065,5,Event
E04088,RA25110300000056,RA26110030000068,6,Cross-Department
E04089,RA25110300000056,RA26110030000086,6,Cross-Department
E04090,RA25110300000057,RA25110300000058,1,Event
E04091,RA25110300000057,RA25110300000062,3,Event
E04092,RA25110300000057,RA25110300000063,6,Academic
E04093,RA25110300000057,RA25110300000064,6,Project
E04094,RA25110300000057,RA25110300000065,4,Social
E04095,RA25110300000057,RA25110300000066,3,Academic
E04096,RA25110300000058,RA25110300000059,1,Club
E04097,RA25110300000058,RA25110300000061,2,Academic
E04098,RA25110300000058,RA25110300000063,3,Club
E04099,RA25110300000058,RA25110300000066,4,Social
E04100,RA25110300000058,RA26110030000068,9,Cross-Department
E04101,RA25110300000058,RA26110030000070,4,Cross-Department
E04102,RA25110300000059,RA25110300000060,1,Social
E04103,RA25110300000059,RA25110300000064,6,Club
E04104,RA25110300000059,RA25110300000066,4,Event
E04105,RA25110300000059,RA26110280000072,3,Cross-Department
E04106,RA25110300000059,RA26110300000082,3,Social
E04107,RA25110300000060,RA25110300000061,8,Social
E04108,RA25110300000060,RA25110300000062,1,Social
E04109,RA25110300000060,RA25110300000063,6,Club
E04110,RA25110300000060,RA25110300000065,3,Social
E04111,RA25110300000060,RA25110300000066,6,Social
E04112,RA25110300000061,RA25110300000062,8,Club
E04113,RA25110300000061,RA25110300000064,1,Project
E04114,RA25110300000061,RA25110300000065,6,Project
E04115,RA25110300000061,RA26110300000086,4,Event
E04116,RA25110300000062,RA25110300000063,4,Event
E04117,RA25110300000062,RA26110030000077,8,Cross-Department
E04118,RA25110300000062,RA26110280000076,6,Cross-Department
E04119,RA25110300000063,RA25110300000064,1,Event
E04120,RA25110300000063,RA25110300000065,7,Club
E04121,RA25110300000063,RA26110030000069,4,Cross-Department
E04122,RA25110300000063,RA26110030000085,9,Cross-Department
E04123,RA25110300000063,RA26110280000078,5,Cross-Department
E04124,RA25110300000063,RA26110300000085,3,Club
E04125,RA25110300000063,RA26110300000086,4,Club
E04126,RA25110300000064,RA25110300000065,1,Event
E04127,RA25110300000064,RA25110300000066,1,Academic
E04128,RA25110300000064,RA26110280000076,3,Cross-Department
E04129,RA25110300000065,RA25110300000066,3,Social
E04130,RA25110300000065,RA26110300000082,6,Project
E04131,RA25110300000066,RA26110030000067,2,Cross-Department
E04132,RA25110540000045,RA25110540000046,3,Event
E04133,RA25110540000045,RA25110540000048,5,Event
E04134,RA25110540000045,RA25110540000051,2,Event
E04135,RA25110540000045,RA25110540000052,3,Project
E04136,RA25110540000045,RA25110540000053,8,Project
E04137,RA25110540000045,RA25110540000054,5,Club
E04138,RA25110540000045,RA25110540000056,6,Academic
E04139,RA25110540000045,RA25110540000066,2,Project
E04140,RA25110540000045,RA25110560000045,5,Cross-Department
E04141,RA25110540000045,RA25110560000057,6,Cross-Department
E04142,RA25110540000045,RA26110300000086,8,Cross-Department
E04143,RA25110540000046,RA25110540000047,1,Project
E04144,RA25110540000046,RA25110540000048,3,Event
E04145,RA25110540000046,RA25110540000050,3,Social
E04146,RA25110540000046,RA25110540000051,1,Academic
E04147,RA25110540000046,RA25110540000052,2,Academic
E04148,RA25110540000046,RA25110540000057,2,Project
E04149,RA25110540000046,RA25110540000060,3,Project
E04150,RA25110540000046,RA25110540000061,2,Project
E04151,RA25110540000046,RA25110540000064,5,Academic
E04152,RA25110540000046,RA25110540000065,4,Project
E04153,RA25110540000046,RA25110540000066,6,Academic
E04154,RA25110540000046,RA26110270000069,8,Cross-Department
E04155,RA25110540000047,RA25110540000048,5,Social
E04156,RA25110540000047,RA25110540000050,1,Social
E04157,RA25110540000047,RA25110540000052,1,Club
E04158,RA25110540000047,RA25110540000053,3,Event
E04159,RA25110540000047,RA25110540000055,5,Club
E04160,RA25110540000047,RA25110540000059,5,Social
E04161,RA25110540000047,RA25110540000062,3,Club
E04162,RA25110540000047,RA25110540000063,6,Project
E04163,RA25110540000047,RA25110560000057,6,Cross-Department
E04164,RA25110540000047,RA25110560000060,4,Cross-Department
E04165,RA25110540000047,RA26110030000088,2,Cross-Department
E04166,RA25110540000047,RA26110540000087,3,Project
E04167,RA25110540000047,RA26110560000079,2,Cross-Department
E04168,RA25110540000048,RA25110540000049,4,Event
E04169,RA25110540000048,RA25110540000051,1,Project
E04170,RA25110540000048,RA25110540000053,2,Academic
E04171,RA25110540000048,RA25110540000056,3,Social
E04172,RA25110540000048,RA25110540000057,1,Club
E04173,RA25110540000048,RA25110540000059,1,Academic
E04174,RA25110540000048,RA25110540000061,2,Project
E04175,RA25110540000048,RA25110540000065,6,Academic
E04176,RA25110540000048,RA26110540000067,1,Event
E04177,RA25110540000049,RA25110540000050,6,Club
E04178,RA25110540000049,RA25110540000051,2,Club
E04179,RA25110540000049,RA25110540000052,3,Club
E04180,RA25110540000049,RA25110540000054,4,Academic
E04181,RA25110540000049,RA25110540000057,9,Event
E04182,RA25110540000049,RA25110540000058,3,Social
E04183,RA25110540000049,RA25110540000062,1,Project
E04184,RA25110540000049,RA25110540000066,8,Social
E04185,RA25110540000049,RA25110560000051,3,Cross-Department
E04186,RA25110540000049,RA26110560000078,7,Cross-Department
E04187,RA25110540000050,RA25110540000051,4,Event
E04188,RA25110540000050,RA25110540000054,1,Project
E04189,RA25110540000050,RA25110540000055,1,Club
E04190,RA25110540000050,RA25110540000057,5,Club
E04191,RA25110540000050,RA25110540000058,4,Project
E04192,RA25110540000050,RA25110540000059,3,Social
E04193,RA25110540000050,RA25110540000062,7,Project
E04194,RA25110540000050,RA25110540000063,2,Event
E04195,RA25110540000050,RA25110540000066,2,Project
E04196,RA25110540000050,RA26110540000079,4,Club
E04197,RA25110540000050,RA26110540000083,2,Social
E04198,RA25110540000050,RA26110540000084,4,Academic
E04199,RA25110540000050,RA26110560000075,2,Cross-Department
E04200,RA25110540000051,RA25110540000052,6,Social
E04201,RA25110540000051,RA25110540000056,3,Project
E04202,RA25110540000051,RA25110540000062,5,Event
E04203,RA25110540000051,RA25110540000065,2,Club
E04204,RA25110540000051,RA26110560000076,7,Cross-Department
E04205,RA25110540000052,RA25110540000053,3,Event
E04206,RA25110540000052,RA25110540000054,1,Event
E04207,RA25110540000052,RA25110540000057,3,Club
E04208,RA25110540000052,RA25110540000060,6,Project
E04209,RA25110540000052,RA25110540000062,1,Event
E04210,RA25110540000052,RA25110540000063,3,Project
E04211,RA25110540000052,RA25110540000065,5,Event
E04212,RA25110540000052,RA26110540000071,1,Event
E04213,RA25110540000052,RA26110540000072,6,Academic
E04214,RA25110540000053,RA25110540000054,6,Academic
E04215,RA25110540000053,RA25110540000057,1,Club
E04216,RA25110540000053,RA25110540000060,3,Event
E04217,RA25110540000053,RA25110540000063,1,Academic
E04218,RA25110540000053,RA26110270000068,4,Cross-Department
E04219,RA25110540000053,RA26110540000073,9,Social
E04220,RA25110540000053,RA26110560000070,2,Cross-Department
E04221,RA25110540000054,RA25110540000055,2,Social
E04222,RA25110540000054,RA25110540000057,1,Club
E04223,RA25110540000054,RA25110540000059,3,Social
E04224,RA25110540000054,RA25110540000060,3,Social
E04225,RA25110540000054,RA25110540000061,1,Event
E04226,RA25110540000054,RA25110540000062,3,Project
E04227,RA25110540000054,RA25110540000066,1,Club
E04228,RA25110540000054,RA25110560000048,5,Cross-Department
E04229,RA25110540000054,RA25110560000055,7,Cross-Department
E04230,RA25110540000054,RA26110030000070,8,Cross-Department
E04231,RA25110540000054,RA26110560000076,5,Cross-Department
E04232,RA25110540000055,RA25110540000056,1,Club
E04233,RA25110540000055,RA25110540000057,1,Social
E04234,RA25110540000055,RA25110540000059,4,Social
E04235,RA25110540000055,RA25110540000062,5,Social
E04236,RA25110540000055,RA25110540000066,5,Social
E04237,RA25110540000055,RA25110560000059,14,Cross-Department
E04238,RA25110540000056,RA25110540000057,3,Social
E04239,RA25110540000056,RA25110540000060,4,Social
E04240,RA25110540000056,RA25110540000062,3,Project
E04241,RA25110540000056,RA25110540000063,4,Academic
E04242,RA25110540000056,RA25110540000064,1,Event
E04243,RA25110540000056,RA25110540000065,7,Social
E04244,RA25110540000056,RA25110540000066,4,Project
E04245,RA25110540000056,RA26110030000078,4,Cross-Department
E04246,RA25110540000056,RA26110270000068,6,Cross-Department
E04247,RA25110540000056,RA26110540000082,2,Project
E04248,RA25110540000057,RA25110540000058,1,Club
E04249,RA25110540000057,RA25110540000062,1,Academic
E04250,RA25110540000057,RA25110540000064,2,Academic
E04251,RA25110540000057,RA26110270000077,6,Cross-Department
E04252,RA25110540000057,RA26110540000075,1,Event
E04253,RA25110540000058,RA25110540000059,1,Project
E04254,RA25110540000058,RA25110540000062,3,Academic
E04255,RA25110540000058,RA25110540000063,3,Social
E04256,RA25110540000058,RA25110540000065,3,Social
E04257,RA25110540000058,RA25110540000066,1,Event
E04258,RA25110540000058,RA26110030000071,5,Cross-Department
E04259,RA25110540000059,RA25110540000060,3,Project
E04260,RA25110540000059,RA25110540000061,5,Event
E04261,RA25110540000059,RA25110540000065,1,Academic
E04262,RA25110540000059,RA25110540000066,9,Project
E04263,RA25110540000059,RA26110030000077,3,Cross-Department
E04264,RA25110540000059,RA26110560000074,6,Cross-Department
E04265,RA25110540000059,RA26110560000085,6,Cross-Department
E04266,RA25110540000060,RA25110540000061,4,Event
E04267,RA25110540000060,RA25110540000062,3,Event
E04268,RA25110540000060,RA25110540000065,4,Club
E04269,RA25110540000060,RA25110540000066,1,Academic
E04270,RA25110540000060,RA26110030000084,3,Cross-Department
E04271,RA25110540000060,RA26110560000070,2,Cross-Department
E04272,RA25110540000060,RA26110560000083,5,Cross-Department
E04273,RA25110540000060,RA26110560000088,2,Cross-Department
E04274,RA25110540000061,RA25110540000062,5,Project
E04275,RA25110540000061,RA25110540000065,8,Social
E04276,RA25110540000061,RA26110270000067,8,Cross-Department
E04277,RA25110540000061,RA26110540000070,5,Event
E04278,RA25110540000061,RA26110560000080,2,Cross-Department
E04279,RA25110540000062,RA25110540000063,1,Club
E04280,RA25110540000062,RA25110540000064,6,Project
E04281,RA25110540000062,RA25110560000048,4,Cross-Department
E04282,RA25110540000062,RA25110560000060,4,Cross-Department
E04283,RA25110540000062,RA26110030000086,3,Cross-Department
E04284,RA25110540000063,RA25110540000064,3,Club
E04285,RA25110540000063,RA25110540000065,2,Academic
E04286,RA25110540000063,RA25110540000066,4,Social
E04287,RA25110540000063,RA25110560000048,5,Cross-Department
E04288,RA25110540000063,RA26110540000077,1,Project
E04289,RA25110540000063,RA26110540000079,8,Club
E04290,RA25110540000063,RA26110540000087,7,Social
E04291,RA25110540000064,RA25110540000065,4,Project
E04292,RA25110540000064,RA25110540000066,3,Club
E04293,RA25110540000064,RA26110030000074,5,Cross-Department
E04294,RA25110540000064,RA26110030000078,2,Cross-Department
E04295,RA25110540000064,RA26110560000082,3,Cross-Department
E04296,RA25110540000065,RA25110540000066,1,Project
E04297,RA25110540000065,RA26110560000070,3,Cross-Department
E04298,RA25110540000066,RA26110270000087,2,Cross-Department
E04299,RA25110540000066,RA26110540000083,8,Event
E04300,RA25110560000045,RA25110560000046,8,Academic
E04301,RA25110560000045,RA25110560000049,3,Event
E04302,RA25110560000045,RA25110560000050,4,Academic
E04303,RA25110560000045,RA25110560000051,1,Project
E04304,RA25110560000045,RA25110560000054,7,Club
E04305,RA25110560000045,RA25110560000055,1,Club
E04306,RA25110560000045,RA25110560000056,5,Social
E04307,RA25110560000045,RA25110560000057,3,Event
E04308,RA25110560000045,RA25110560000064,5,Social
E04309,RA25110560000045,RA25110560000065,2,Academic
E04310,RA25110560000045,RA25110560000066,2,Club
E04311,RA25110560000045,RA26110270000069,3,Cross-Department
E04312,RA25110560000046,RA25110560000047,5,Academic
E04313,RA25110560000046,RA25110560000048,2,Social
E04314,RA25110560000046,RA25110560000055,4,Academic
E04315,RA25110560000046,RA25110560000065,3,Social
E04316,RA25110560000046,RA26110030000068,7,Cross-Department
E04317,RA25110560000046,RA26110560000088,4,Club
E04318,RA25110560000047,RA25110560000048,1,Academic
E04319,RA25110560000047,RA25110560000050,2,Social
E04320,RA25110560000047,RA25110560000051,6,Academic
E04321,RA25110560000047,RA25110560000053,8,Academic
E04322,RA25110560000047,RA25110560000054,5,Club
E04323,RA25110560000047,RA25110560000056,4,Social
E04324,RA25110560000047,RA25110560000058,7,Event
E04325,RA25110560000047,RA25110560000063,2,Project
E04326,RA25110560000047,RA25110560000066,1,Project
E04327,RA25110560000047,RA26110030000083,5,Cross-Department
E04328,RA25110560000047,RA26110540000087,5,Cross-Department
E04329,RA25110560000047,RA26110560000073,4,Club
E04330,RA25110560000047,RA26110560000076,3,Club
E04331,RA25110560000047,RA26110560000078,8,Social
E04332,RA25110560000047,RA26110560000087,2,Social
E04333,RA25110560000048,RA25110560000049,6,Project
E04334,RA25110560000048,RA25110560000056,1,Project
E04335,RA25110560000048,RA25110560000058,1,Social
E04336,RA25110560000048,RA25110560000060,2,Project
E04337,RA25110560000048,RA25110560000064,4,Social
E04338,RA25110560000048,RA25110560000066,4,Academic
E04339,RA25110560000048,RA26110030000068,4,Cross-Department
E04340,RA25110560000048,RA26110270000081,4,Cross-Department
E04341,RA25110560000049,RA25110560000050,2,Social
E04342,RA25110560000049,RA25110560000061,3,Academic
E04343,RA25110560000049,RA25110560000062,9,Club
E04344,RA25110560000049,RA25110560000063,8,Club
E04345,RA25110560000049,RA25110560000066,1,Club
E04346,RA25110560000049,RA26110270000078,4,Cross-Department
E04347,RA25110560000049,RA26110270000079,3,Cross-Department
E04348,RA25110560000050,RA25110560000051,1,Event
E04349,RA25110560000050,RA25110560000057,1,Club
E04350,RA25110560000050,RA25110560000065,2,Project
E04351,RA25110560000050,RA25110560000066,2,Social
E04352,RA25110560000050,RA26110030000072,6,Cross-Department
E04353,RA25110560000050,RA26110270000083,4,Cross-Department
E04354,RA25110560000051,RA25110560000052,1,Event
E04355,RA25110560000051,RA25110560000053,1,Project
E04356,RA25110560000051,RA25110560000055,4,Social
E04357,RA25110560000051,RA25110560000057,1,Project
E04358,RA25110560000051,RA25110560000059,4,Club
E04359,RA25110560000051,RA25110560000060,2,Event
E04360,RA25110560000051,RA25110560000061,2,Project
E04361,RA25110560000051,RA26110030000078,5,Cross-Department
E04362,RA25110560000051,RA26110270000075,6,Cross-Department
E04363,RA25110560000051,RA26110270000077,9,Cross-Department
E04364,RA25110560000052,RA25110560000053,1,Academic
E04365,RA25110560000052,RA25110560000055,6,Project
E04366,RA25110560000052,RA25110560000057,2,Event
E04367,RA25110560000052,RA25110560000058,12,Club
E04368,RA25110560000052,RA25110560000059,1,Social
E04369,RA25110560000052,RA25110560000060,5,Club
E04370,RA25110560000052,RA25110560000061,2,Project
E04371,RA25110560000052,RA25110560000065,8,Event
E04372,RA25110560000052,RA25110560000066,3,Event
E04373,RA25110560000052,RA26110270000077,4,Cross-Department
E04374,RA25110560000052,RA26110270000083,4,Cross-Department
E04375,RA25110560000052,RA26110560000071,1,Club
E04376,RA25110560000053,RA25110560000054,1,Project
E04377,RA25110560000053,RA25110560000057,8,Event
E04378,RA25110560000053,RA25110560000058,5,Social
E04379,RA25110560000053,RA25110560000059,4,Academic
E04380,RA25110560000053,RA25110560000062,3,Event
E04381,RA25110560000053,RA25110560000063,2,Event
E04382,RA25110560000053,RA25110560000065,2,Project
E04383,RA25110560000053,RA25110560000066,4,Event
E04384,RA25110560000054,RA25110560000055,1,Social
E04385,RA25110560000054,RA25110560000058,10,Social
E04386,RA25110560000054,RA25110560000060,3,Event
E04387,RA25110560000054,RA25110560000061,5,Academic
E04388,RA25110560000054,RA25110560000063,2,Event
E04389,RA25110560000054,RA25110560000064,8,Club
E04390,RA25110560000054,RA26110030000080,2,Cross-Department
E04391,RA25110560000054,RA26110560000077,2,Event
E04392,RA25110560000054,RA26110560000087,2,Academic
E04393,RA25110560000055,RA25110560000056,5,Academic
E04394,RA25110560000055,RA25110560000061,1,Event
E04395,RA25110560000055,RA25110560000063,3,Social
E04396,RA25110560000055,RA26110030000080,5,Cross-Department
E04397,RA25110560000055,RA26110270000088,14,Cross-Department
E04398,RA25110560000055,RA26110540000079,2,Cross-Department
E04399,RA25110560000055,RA26110560000078,3,Social
E04400,RA25110560000055,RA26110560000081,1,Academic
E04401,RA25110560000056,RA25110560000057,1,Club
E04402,RA25110560000056,RA25110560000058,4,Academic
E04403,RA25110560000056,RA25110560000059,5,Social
E04404,RA25110560000056,RA25110560000061,9,Club
E04405,RA25110560000056,RA26110540000079,3,Cross-Department
E04406,RA25110560000056,RA26110560000068,5,Event
E04407,RA25110560000057,RA25110560000058,4,Project
E04408,RA25110560000057,RA25110560000060,1,Club
E04409,RA25110560000057,RA25110560000063,8,Project
E04410,RA25110560000057,RA25110560000065,1,Event
E04411,RA25110560000057,RA26110030000077,10,Cross-Department
E04412,RA25110560000057,RA26110560000071,1,Club
E04413,RA25110560000057,RA26110560000083,3,Social
E04414,RA25110560000058,RA25110560000059,7,Project
E04415,RA25110560000058,RA25110560000062,4,Academic
E04416,RA25110560000058,RA25110560000063,3,Academic
E04417,RA25110560000058,RA25110560000064,5,Project
E04418,RA25110560000058,RA25110560000065,4,Project
E04419,RA25110560000058,RA25110560000066,1,Event
E04420,RA25110560000058,RA26110270000075,3,Cross-Department
E04421,RA25110560000058,RA26110560000077,4,Event
E04422,RA25110560000059,RA25110560000060,1,Social
E04423,RA25110560000059,RA25110560000061,1,Project
E04424,RA25110560000059,RA25110560000063,1,Academic
E04425,RA25110560000059,RA25110560000064,8,Academic
E04426,RA25110560000059,RA25110560000065,4,Social
E04427,RA25110560000059,RA25110560000066,3,Club
E04428,RA25110560000059,RA26110030000082,5,Cross-Department
E04429,RA25110560000059,RA26110560000078,3,Event
E04430,RA25110560000059,RA26110560000088,2,Club
E04431,RA25110560000060,RA25110560000061,9,Academic
E04432,RA25110560000060,RA25110560000062,6,Social
E04433,RA25110560000060,RA25110560000063,4,Academic
E04434,RA25110560000060,RA25110560000066,6,Event
E04435,RA25110560000060,RA26110030000081,7,Cross-Department
E04436,RA25110560000061,RA25110560000062,6,Event
E04437,RA25110560000061,RA25110560000064,6,Social
E04438,RA25110560000061,RA26110030000067,6,Cross-Department
E04439,RA25110560000062,RA25110560000063,1,Social
E04440,RA25110560000062,RA25110560000064,3,Project
E04441,RA25110560000062,RA25110560000065,1,Social
E04442,RA25110560000062,RA26110560000067,4,Social
E04443,RA25110560000062,RA26110560000079,3,Social
E04444,RA25110560000063,RA25110560000064,5,Event
E04445,RA25110560000063,RA25110560000065,1,Project
E04446,RA25110560000063,RA26110270000082,10,Cross-Department
E04447,RA25110560000063,RA26110540000078,2,Cross-Department
E04448,RA25110560000064,RA25110560000065,3,Club
E04449,RA25110560000064,RA25110560000066,3,Event
E04450,RA25110560000064,RA26110030000087,3,Cross-Department
E04451,RA25110560000065,RA25110560000066,5,Social
E04452,RA25110560000065,RA26110030000081,4,Cross-Department
E04453,RA25110560000065,RA26110560000081,4,Academic
E04454,RA25110560000066,RA26110270000079,9,Cross-Department
E04455,RA26110030000067,RA26110030000068,3,Academic
E04456,RA26110030000067,RA26110030000072,3,Event
E04457,RA26110030000067,RA26110030000074,5,Event
E04458,RA26110030000067,RA26110030000075,6,Club
E04459,RA26110030000067,RA26110030000080,1,Project
E04460,RA26110030000067,RA26110030000081,3,Project
E04461,RA26110030000067,RA26110030000083,2,Project
E04462,RA26110030000067,RA26110030000084,4,Social
E04463,RA26110030000067,RA26110030000088,3,Project
E04464,RA26110030000067,RA26110290000074,2,Cross-Department
E04465,RA26110030000067,RA26110560000083,7,Cross-Department
E04466,RA26110030000068,RA26110030000069,6,Academic
E04467,RA26110030000068,RA26110030000076,3,Academic
E04468,RA26110030000068,RA26110030000079,3,Project
E04469,RA26110030000068,RA26110030000080,2,Social
E04470,RA26110030000068,RA26110030000083,1,Event
E04471,RA26110030000068,RA26110030000084,10,Academic
E04472,RA26110030000068,RA26110030000086,2,Project
E04473,RA26110030000068,RA26110290000074,4,Cross-Department
E04474,RA26110030000068,RA26110290000085,6,Cross-Department
E04475,RA26110030000069,RA26110030000070,3,Event
E04476,RA26110030000069,RA26110030000071,9,Club
E04477,RA26110030000069,RA26110030000073,2,Club
E04478,RA26110030000069,RA26110030000075,1,Club
E04479,RA26110030000069,RA26110030000076,4,Social
E04480,RA26110030000069,RA26110030000077,6,Academic
E04481,RA26110030000069,RA26110030000078,2,Social
E04482,RA26110030000069,RA26110030000083,3,Social
E04483,RA26110030000069,RA26110290000084,7,Cross-Department
E04484,RA26110030000070,RA26110030000071,6,Club
E04485,RA26110030000070,RA26110030000075,2,Event
E04486,RA26110030000070,RA26110030000076,5,Academic
E04487,RA26110030000070,RA26110030000079,1,Project
E04488,RA26110030000070,RA26110030000083,7,Club
E04489,RA26110030000070,RA26110030000084,1,Event
E04490,RA26110030000070,RA26110030000085,2,Event
E04491,RA26110030000070,RA26110030000087,1,Social
E04492,RA26110030000070,RA26110290000081,5,Cross-Department
E04493,RA26110030000070,RA26110300000075,6,Cross-Department
E04494,RA26110030000070,RA26110560000067,5,Cross-Department
E04495,RA26110030000070,RA26110560000087,3,Cross-Department
E04496,RA26110030000071,RA26110030000072,2,Project
E04497,RA26110030000071,RA26110030000079,1,Social
E04498,RA26110030000071,RA26110030000081,4,Academic
E04499,RA26110030000071,RA26110030000082,1,Academic
E04500,RA26110030000071,RA26110030000083,2,Academic
E04501,RA26110030000071,RA26110030000085,2,Event
E04502,RA26110030000071,RA26110030000088,3,Social
E04503,RA26110030000071,RA26110290000070,6,Cross-Department
E04504,RA26110030000071,RA26110290000088,3,Cross-Department
E04505,RA26110030000071,RA26110300000077,5,Cross-Department
E04506,RA26110030000072,RA26110030000073,7,Project
E04507,RA26110030000072,RA26110030000075,6,Academic
E04508,RA26110030000072,RA26110030000079,2,Social
E04509,RA26110030000072,RA26110030000081,5,Academic
E04510,RA26110030000072,RA26110290000073,6,Cross-Department
E04511,RA26110030000072,RA26110290000079,5,Cross-Department
E04512,RA26110030000072,RA26110290000080,4,Cross-Department
E04513,RA26110030000072,RA26110540000082,14,Cross-Department
E04514,RA26110030000073,RA26110030000074,3,Event
E04515,RA26110030000073,RA26110030000081,4,Project
E04516,RA26110030000073,RA26110030000084,3,Academic
E04517,RA26110030000073,RA26110030000086,4,Academic
E04518,RA26110030000073,RA26110030000087,3,Event
E04519,RA26110030000073,RA26110560000072,3,Cross-Department
E04520,RA26110030000074,RA26110030000075,2,Project
E04521,RA26110030000074,RA26110030000076,3,Event
E04522,RA26110030000074,RA26110030000079,3,Academic
E04523,RA26110030000074,RA26110030000083,1,Social
E04524,RA26110030000074,RA26110030000084,4,Social
E04525,RA26110030000074,RA26110030000085,3,Academic
E04526,RA26110030000074,RA26110030000086,5,Club
E04527,RA26110030000074,RA26110030000087,1,Social
E04528,RA26110030000075,RA26110030000076,3,Academic
E04529,RA26110030000075,RA26110030000077,1,Academic
E04530,RA26110030000075,RA26110030000078,8,Club
E04531,RA26110030000075,RA26110030000081,1,Project
E04532,RA26110030000075,RA26110030000082,2,Event
E04533,RA26110030000075,RA26110030000083,1,Club
E04534,RA26110030000075,RA26110030000087,6,Academic
E04535,RA26110030000075,RA26110030000088,2,Academic
E04536,RA26110030000075,RA26110280000087,6,Cross-Department
E04537,RA26110030000075,RA26110540000074,3,Cross-Department
E04538,RA26110030000075,RA26110540000078,9,Cross-Department
E04539,RA26110030000076,RA26110030000077,2,Social
E04540,RA26110030000076,RA26110030000079,1,Club
E04541,RA26110030000076,RA26110030000085,5,Event
E04542,RA26110030000076,RA26110560000082,5,Cross-Department
E04543,RA26110030000077,RA26110030000078,12,Event
E04544,RA26110030000077,RA26110030000083,6,Event
E04545,RA26110030000077,RA26110030000085,4,Event
E04546,RA26110030000077,RA26110030000087,4,Academic
E04547,RA26110030000077,RA26110030000088,2,Club
E04548,RA26110030000077,RA26110540000080,4,Cross-Department
E04549,RA26110030000078,RA26110030000079,1,Project
E04550,RA26110030000078,RA26110030000081,7,Event
E04551,RA26110030000078,RA26110030000082,1,Event
E04552,RA26110030000078,RA26110030000084,5,Social
E04553,RA26110030000078,RA26110030000086,5,Project
E04554,RA26110030000078,RA26110300000086,3,Cross-Department
E04555,RA26110030000078,RA26110540000067,6,Cross-Department
E04556,RA26110030000078,RA26110540000081,4,Cross-Department
E04557,RA26110030000078,RA26110540000087,8,Cross-Department
E04558,RA26110030000079,RA26110030000080,6,Social
E04559,RA26110030000079,RA26110030000085,3,Academic
E04560,RA26110030000079,RA26110030000086,9,Social
E04561,RA26110030000079,RA26110030000088,5,Social
E04562,RA26110030000079,RA26110280000069,6,Cross-Department
E04563,RA26110030000079,RA26110540000067,7,Cross-Department
E04564,RA26110030000080,RA26110030000081,1,Club
E04565,RA26110030000080,RA26110030000082,8,Academic
E04566,RA26110030000080,RA26110030000083,2,Event
E04567,RA26110030000080,RA26110030000085,5,Club
E04568,RA26110030000080,RA26110030000087,5,Club
E04569,RA26110030000080,RA26110030000088,2,Social
E04570,RA26110030000080,RA26110540000073,4,Cross-Department
E04571,RA26110030000080,RA26110540000076,4,Cross-Department
E04572,RA26110030000080,RA26110560000072,3,Cross-Department
E04573,RA26110030000080,RA26110560000079,5,Cross-Department
E04574,RA26110030000081,RA26110030000082,5,Social
E04575,RA26110030000081,RA26110030000085,8,Academic
E04576,RA26110030000081,RA26110030000086,4,Club
E04577,RA26110030000081,RA26110030000088,4,Club
E04578,RA26110030000081,RA26110280000079,3,Cross-Department
E04579,RA26110030000081,RA26110300000078,6,Cross-Department
E04580,RA26110030000081,RA26110540000067,4,Cross-Department
E04581,RA26110030000082,RA26110030000083,6,Academic
E04582,RA26110030000082,RA26110030000084,2,Project
E04583,RA26110030000082,RA26110030000085,4,Project
E04584,RA26110030000082,RA26110030000087,3,Club
E04585,RA26110030000082,RA26110560000077,5,Cross-Department
E04586,RA26110030000083,RA26110030000084,3,Club
E04587,RA26110030000083,RA26110280000078,7,Cross-Department
E04588,RA26110030000083,RA26110290000086,12,Cross-Department
E04589,RA26110030000083,RA26110560000068,3,Cross-Department
E04590,RA26110030000083,RA26110560000073,5,Cross-Department
E04591,RA26110030000084,RA26110030000085,4,Event
E04592,RA26110030000084,RA26110030000088,5,Project
E04593,RA26110030000084,RA26110300000078,4,Cross-Department
E04594,RA26110030000084,RA26110540000072,5,Cross-Department
E04595,RA26110030000084,RA26110560000072,7,Cross-Department
E04596,RA26110030000085,RA26110030000086,1,Project
E04597,RA26110030000085,RA26110030000088,3,Event
E04598,RA26110030000085,RA26110280000081,6,Cross-Department
E04599,RA26110030000085,RA26110290000069,4,Cross-Department
E04600,RA26110030000085,RA26110290000077,4,Cross-Department
E04601,RA26110030000085,RA26110560000087,5,Cross-Department
E04602,RA26110030000086,RA26110030000087,6,Academic
E04603,RA26110030000086,RA26110030000088,2,Club
E04604,RA26110030000086,RA26110540000083,9,Cross-Department
E04605,RA26110030000086,RA26110560000082,4,Cross-Department
E04606,RA26110030000087,RA26110030000088,1,Academic
E04607,RA26110030000087,RA26110300000087,5,Cross-Department
E04608,RA26110030000087,RA26110300000088,3,Cross-Department
E04609,RA26110030000087,RA26110540000087,5,Cross-Department
E04610,RA26110030000088,RA26110540000068,6,Cross-Department
E04611,RA26110270000067,RA26110270000068,3,Academic
E04612,RA26110270000067,RA26110270000069,7,Project
E04613,RA26110270000067,RA26110270000073,8,Social
E04614,RA26110270000067,RA26110270000076,4,Club
E04615,RA26110270000067,RA26110270000078,3,Club
E04616,RA26110270000067,RA26110270000079,4,Social
E04617,RA26110270000067,RA26110270000081,1,Project
E04618,RA26110270000067,RA26110270000082,5,Academic
E04619,RA26110270000067,RA26110270000083,2,Academic
E04620,RA26110270000067,RA26110270000088,1,Project
E04621,RA26110270000068,RA26110270000069,8,Event
E04622,RA26110270000068,RA26110270000071,3,Social
E04623,RA26110270000068,RA26110270000072,1,Academic
E04624,RA26110270000068,RA26110270000074,3,Project
E04625,RA26110270000068,RA26110270000078,7,Project
E04626,RA26110270000068,RA26110270000079,1,Project
E04627,RA26110270000068,RA26110270000080,6,Project
E04628,RA26110270000068,RA26110270000082,3,Project
E04629,RA26110270000068,RA26110270000083,3,Social
E04630,RA26110270000068,RA26110270000084,2,Event
E04631,RA26110270000068,RA26110270000086,1,Club
E04632,RA26110270000068,RA26110270000087,8,Club
E04633,RA26110270000068,RA26110540000082,2,Cross-Department
E04634,RA26110270000068,RA26110560000086,2,Cross-Department
E04635,RA26110270000069,RA26110270000070,4,Social
E04636,RA26110270000069,RA26110270000080,3,Event
E04637,RA26110270000069,RA26110270000082,1,Academic
E04638,RA26110270000069,RA26110270000085,4,Academic
E04639,RA26110270000069,RA26110270000086,6,Academic
E04640,RA26110270000069,RA26110270000088,5,Event
E04641,RA26110270000070,RA26110270000071,1,Project
E04642,RA26110270000070,RA26110270000072,2,Social
E04643,RA26110270000070,RA26110270000073,4,Academic
E04644,RA26110270000070,RA26110270000074,5,Club
E04645,RA26110270000070,RA26110270000075,4,Project
E04646,RA26110270000070,RA26110270000080,4,Project
E04647,RA26110270000070,RA26110270000081,2,Social
E04648,RA26110270000070,RA26110270000082,3,Academic
E04649,RA26110270000070,RA26110270000083,2,Club
E04650,RA26110270000070,RA26110270000085,3,Event
E04651,RA26110270000070,RA26110270000086,2,Social
E04652,RA26110270000070,RA26110270000087,1,Club
E04653,RA26110270000070,RA26110540000080,9,Cross-Department
E04654,RA26110270000071,RA26110270000072,2,Social
E04655,RA26110270000071,RA26110270000074,5,Academic
E04656,RA26110270000071,RA26110270000077,2,Club
E04657,RA26110270000071,RA26110270000078,6,Academic
E04658,RA26110270000071,RA26110270000081,9,Social
E04659,RA26110270000071,RA26110270000086,4,Academic
E04660,RA26110270000071,RA26110560000068,3,Cross-Department
E04661,RA26110270000071,RA26110560000076,3,Cross-Department
E04662,RA26110270000072,RA26110270000073,5,Social
E04663,RA26110270000072,RA26110270000074,3,Social
E04664,RA26110270000072,RA26110270000076,1,Social
E04665,RA26110270000072,RA26110270000077,4,Project
E04666,RA26110270000072,RA26110270000078,5,Event
E04667,RA26110270000072,RA26110270000084,1,Club
E04668,RA26110270000072,RA26110270000085,6,Academic
E04669,RA26110270000072,RA26110270000087,8,Academic
E04670,RA26110270000072,RA26110560000073,7,Cross-Department
E04671,RA26110270000073,RA26110270000074,1,Project
E04672,RA26110270000073,RA26110270000076,3,Academic
E04673,RA26110270000073,RA26110270000077,5,Social
E04674,RA26110270000073,RA26110270000078,3,Event
E04675,RA26110270000073,RA26110270000079,6,Club
E04676,RA26110270000073,RA26110270000080,2,Project
E04677,RA26110270000073,RA26110270000081,6,Club
E04678,RA26110270000073,RA26110270000083,5,Academic
E04679,RA26110270000073,RA26110270000085,4,Event
E04680,RA26110270000073,RA26110560000075,6,Cross-Department
E04681,RA26110270000073,RA26110560000085,7,Cross-Department
E04682,RA26110270000073,RA26110560000088,7,Cross-Department
E04683,RA26110270000074,RA26110270000075,3,Social
E04684,RA26110270000074,RA26110270000077,3,Social
E04685,RA26110270000074,RA26110270000080,1,Academic
E04686,RA26110270000074,RA26110270000081,2,Academic
E04687,RA26110270000074,RA26110270000083,10,Social
E04688,RA26110270000074,RA26110270000084,6,Event
E04689,RA26110270000074,RA26110270000085,12,Project
E04690,RA26110270000074,RA26110540000086,5,Cross-Department
E04691,RA26110270000074,RA26110560000070,6,Cross-Department
E04692,RA26110270000075,RA26110270000076,2,Club
E04693,RA26110270000075,RA26110270000077,8,Project
E04694,RA26110270000075,RA26110270000078,4,Event
E04695,RA26110270000075,RA26110270000079,12,Social
E04696,RA26110270000075,RA26110270000083,1,Social
E04697,RA26110270000076,RA26110270000077,8,Academic
E04698,RA26110270000076,RA26110270000078,1,Academic
E04699,RA26110270000076,RA26110270000079,3,Club
E04700,RA26110270000076,RA26110270000080,2,Project
E04701,RA26110270000076,RA26110270000081,6,Club
E04702,RA26110270000076,RA26110270000084,5,Event
E04703,RA26110270000076,RA26110270000086,2,Club
E04704,RA26110270000076,RA26110560000070,4,Cross-Department
E04705,RA26110270000077,RA26110270000078,3,Project
E04706,RA26110270000077,RA26110270000080,4,Event
E04707,RA26110270000077,RA26110270000086,1,Event
E04708,RA26110270000077,RA26110540000071,5,Cross-Department
E04709,RA26110270000077,RA26110560000070,4,Cross-Department
E04710,RA26110270000078,RA26110270000079,9,Social
E04711,RA26110270000078,RA26110270000080,9,Social
E04712,RA26110270000078,RA26110270000084,3,Event
E04713,RA26110270000078,RA26110270000085,3,Club
E04714,RA26110270000078,RA26110270000088,3,Event
E04715,RA26110270000079,RA26110270000080,1,Social
E04716,RA26110270000079,RA26110270000081,1,Project
E04717,RA26110270000079,RA26110270000084,1,Social
E04718,RA26110270000079,RA26110270000086,4,Social
E04719,RA26110270000079,RA26110270000087,3,Academic
E04720,RA26110270000079,RA26110270000088,4,Academic
E04721,RA26110270000080,RA26110270000081,6,Event
E04722,RA26110270000080,RA26110270000082,1,Academic
E04723,RA26110270000080,RA26110270000086,4,Club
E04724,RA26110270000080,RA26110560000087,7,Cross-Department
E04725,RA26110270000081,RA26110270000082,2,Event
E04726,RA26110270000081,RA26110270000083,3,Social
E04727,RA26110270000081,RA26110270000087,1,Social
E04728,RA26110270000081,RA26110560000082,5,Cross-Department
E04729,RA26110270000081,RA26110560000086,3,Cross-Department
E04730,RA26110270000082,RA26110270000083,14,Social
E04731,RA26110270000082,RA26110270000086,2,Social
E04732,RA26110270000082,RA26110270000087,5,Club
E04733,RA26110270000082,RA26110270000088,7,Social
E04734,RA26110270000082,RA26110540000071,5,Cross-Department
E04735,RA26110270000083,RA26110270000084,4,Project
E04736,RA26110270000083,RA26110270000085,1,Club
E04737,RA26110270000083,RA26110540000080,6,Cross-Department
E04738,RA26110270000084,RA26110270000085,4,Club
E04739,RA26110270000084,RA26110290000082,6,Cross-Department
E04740,RA26110270000084,RA26110540000070,7,Cross-Department
E04741,RA26110270000085,RA26110270000086,3,Event
E04742,RA26110270000085,RA26110270000087,1,Social
E04743,RA26110270000085,RA26110270000088,8,Academic
E04744,RA26110270000085,RA26110560000088,4,Cross-Department
E04745,RA26110270000086,RA26110270000087,1,Project
E04746,RA26110270000086,RA26110540000068,5,Cross-Department
E04747,RA26110270000086,RA26110540000077,4,Cross-Department
E04748,RA26110270000086,RA26110560000068,9,Cross-Department
E04749,RA26110270000087,RA26110270000088,4,Academic
E04750,RA26110270000087,RA26110560000068,3,Cross-Department
E04751,RA26110280000067,RA26110280000068,3,Event
E04752,RA26110280000067,RA26110280000069,2,Event
E04753,RA26110280000067,RA26110280000070,2,Social
E04754,RA26110280000067,RA26110280000080,10,Academic
E04755,RA26110280000067,RA26110280000083,4,Project
E04756,RA26110280000067,RA26110280000084,5,Event
E04757,RA26110280000067,RA26110280000088,1,Social
E04758,RA26110280000068,RA26110280000069,1,Academic
E04759,RA26110280000068,RA26110280000073,3,Social
E04760,RA26110280000068,RA26110280000075,3,Event
E04761,RA26110280000068,RA26110280000076,4,Social
E04762,RA26110280000068,RA26110280000077,4,Academic
E04763,RA26110280000068,RA26110280000079,2,Club
E04764,RA26110280000068,RA26110280000087,4,Project
E04765,RA26110280000068,RA26110300000073,3,Cross-Department
E04766,RA26110280000069,RA26110280000070,1,Academic
E04767,RA26110280000069,RA26110280000072,6,Project
E04768,RA26110280000069,RA26110280000073,4,Event
E04769,RA26110280000069,RA26110280000075,4,Event
E04770,RA26110280000069,RA26110280000078,2,Project
E04771,RA26110280000069,RA26110280000080,4,Social
E04772,RA26110280000069,RA26110280000081,1,Academic
E04773,RA26110280000069,RA26110280000082,2,Project
E04774,RA26110280000069,RA26110280000085,2,Project
E04775,RA26110280000069,RA26110280000086,8,Social
E04776,RA26110280000069,RA26110280000087,1,Academic
E04777,RA26110280000069,RA26110280000088,4,Project
E04778,RA26110280000069,RA26110300000071,4,Cross-Department
E04779,RA26110280000070,RA26110280000071,4,Social
E04780,RA26110280000070,RA26110280000076,5,Club
E04781,RA26110280000070,RA26110280000081,1,Project
E04782,RA26110280000070,RA26110280000082,1,Project
E04783,RA26110280000070,RA26110280000084,1,Club
E04784,RA26110280000070,RA26110300000072,6,Cross-Department
E04785,RA26110280000071,RA26110280000072,3,Event
E04786,RA26110280000071,RA26110280000073,2,Academic
E04787,RA26110280000071,RA26110280000077,6,Event
E04788,RA26110280000071,RA26110280000080,3,Social
E04789,RA26110280000071,RA26110280000082,1,Project
E04790,RA26110280000071,RA26110280000084,1,Social
E04791,RA26110280000071,RA26110280000086,6,Academic
E04792,RA26110280000071,RA26110280000088,2,Club
E04793,RA26110280000071,RA26110290000083,4,Cross-Department
E04794,RA26110280000072,RA26110280000073,4,Academic
E04795,RA26110280000072,RA26110280000075,1,Social
E04796,RA26110280000072,RA26110280000077,2,Event
E04797,RA26110280000072,RA26110280000080,2,Project
E04798,RA26110280000072,RA26110280000081,7,Project
E04799,RA26110280000072,RA26110280000084,3,Club
E04800,RA26110280000072,RA26110280000085,12,Academic
E04801,RA26110280000072,RA26110280000086,2,Event
E04802,RA26110280000072,RA26110280000087,7,Social
E04803,RA26110280000072,RA26110290000080,5,Cross-Department
E04804,RA26110280000072,RA26110290000082,8,Cross-Department
E04805,RA26110280000073,RA26110280000074,2,Club
E04806,RA26110280000073,RA26110280000075,2,Project
E04807,RA26110280000073,RA26110280000087,8,Academic
E04808,RA26110280000073,RA26110280000088,5,Project
E04809,RA26110280000074,RA26110280000075,2,Project
E04810,RA26110280000074,RA26110280000077,1,Event
E04811,RA26110280000074,RA26110280000078,3,Academic
E04812,RA26110280000074,RA26110280000079,1,Project
E04813,RA26110280000074,RA26110280000081,3,Club
E04814,RA26110280000074,RA26110280000084,1,Project
E04815,RA26110280000074,RA26110280000086,3,Social
E04816,RA26110280000074,RA26110290000077,2,Cross-Department
E04817,RA26110280000074,RA26110290000078,3,Cross-Department
E04818,RA26110280000074,RA26110300000086,7,Cross-Department
E04819,RA26110280000075,RA26110280000076,4,Academic
E04820,RA26110280000075,RA26110280000079,2,Event
E04821,RA26110280000075,RA26110280000084,6,Club
E04822,RA26110280000075,RA26110280000085,7,Social
E04823,RA26110280000075,RA26110280000086,3,Club
E04824,RA26110280000075,RA26110280000087,1,Club
E04825,RA26110280000075,RA26110290000085,5,Cross-Department
E04826,RA26110280000076,RA26110280000077,3,Academic
E04827,RA26110280000076,RA26110280000082,1,Social
E04828,RA26110280000076,RA26110280000083,1,Social
E04829,RA26110280000076,RA26110280000085,8,Project
E04830,RA26110280000077,RA26110280000078,1,Social
E04831,RA26110280000077,RA26110280000083,1,Academic
E04832,RA26110280000078,RA26110280000079,3,Social
E04833,RA26110280000078,RA26110280000082,1,Academic
E04834,RA26110280000078,RA26110280000084,1,Social
E04835,RA26110280000078,RA26110280000086,12,Project
E04836,RA26110280000079,RA26110280000080,7,Project
E04837,RA26110280000079,RA26110280000084,4,Event
E04838,RA26110280000079,RA26110290000075,7,Cross-Department
E04839,RA26110280000080,RA26110280000081,3,Social
E04840,RA26110280000080,RA26110280000085,3,Social
E04841,RA26110280000080,RA26110280000086,3,Club
E04842,RA26110280000080,RA26110280000087,2,Club
E04843,RA26110280000081,RA26110280000082,3,Club
E04844,RA26110280000081,RA26110280000083,2,Social
E04845,RA26110280000081,RA26110280000084,2,Academic
E04846,RA26110280000081,RA26110280000085,4,Club
E04847,RA26110280000081,RA26110280000086,6,Academic
E04848,RA26110280000081,RA26110280000087,1,Club
E04849,RA26110280000081,RA26110300000084,3,Cross-Department
E04850,RA26110280000082,RA26110280000083,4,Club
E04851,RA26110280000082,RA26110280000086,2,Social
E04852,RA26110280000082,RA26110280000087,1,Club
E04853,RA26110280000082,RA26110280000088,2,Academic
E04854,RA26110280000082,RA26110300000077,6,Cross-Department
E04855,RA26110280000083,RA26110280000084,5,Project
E04856,RA26110280000083,RA26110280000085,12,Social
E04857,RA26110280000083,RA26110300000084,2,Cross-Department
E04858,RA26110280000083,RA26110300000088,3,Cross-Department
E04859,RA26110280000084,RA26110280000085,2,Academic
E04860,RA26110280000085,RA26110280000086,10,Project
E04861,RA26110280000085,RA26110290000072,8,Cross-Department
E04862,RA26110280000085,RA26110300000081,10,Cross-Department
E04863,RA26110280000085,RA26110300000088,5,Cross-Department
E04864,RA26110280000086,RA26110280000087,1,Social
E04865,RA26110280000086,RA26110280000088,2,Social
E04866,RA26110280000087,RA26110280000088,1,Club
E04867,RA26110280000087,RA26110290000071,4,Cross-Department
E04868,RA26110280000087,RA26110300000070,12,Cross-Department
E04869,RA26110280000087,RA26110300000073,4,Cross-Department
E04870,RA26110290000067,RA26110290000068,3,Event
E04871,RA26110290000067,RA26110290000070,4,Academic
E04872,RA26110290000067,RA26110290000071,3,Club
E04873,RA26110290000067,RA26110290000074,1,Club
E04874,RA26110290000067,RA26110290000077,4,Club
E04875,RA26110290000067,RA26110290000079,1,Social
E04876,RA26110290000067,RA26110290000084,1,Event
E04877,RA26110290000067,RA26110290000087,7,Club
E04878,RA26110290000067,RA26110290000088,1,Social
E04879,RA26110290000068,RA26110290000069,1,Event
E04880,RA26110290000068,RA26110290000070,3,Project
E04881,RA26110290000068,RA26110290000074,4,Social
E04882,RA26110290000068,RA26110290000075,9,Academic
E04883,RA26110290000068,RA26110290000080,1,Event
E04884,RA26110290000068,RA26110290000081,5,Club
E04885,RA26110290000068,RA26110290000082,3,Event
E04886,RA26110290000068,RA26110290000086,1,Event
E04887,RA26110290000068,RA26110290000087,7,Social
E04888,RA26110290000068,RA26110290000088,2,Academic
E04889,RA26110290000069,RA26110290000070,2,Event
E04890,RA26110290000069,RA26110290000074,3,Event
E04891,RA26110290000069,RA26110290000079,3,Social
E04892,RA26110290000069,RA26110290000083,4,Event
E04893,RA26110290000069,RA26110290000085,3,Social
E04894,RA26110290000069,RA26110290000087,3,Social
E04895,RA26110290000070,RA26110290000071,9,Project
E04896,RA26110290000070,RA26110290000072,5,Event
E04897,RA26110290000070,RA26110290000073,3,Social
E04898,RA26110290000070,RA26110290000075,2,Academic
E04899,RA26110290000070,RA26110290000081,3,Social
E04900,RA26110290000070,RA26110290000083,3,Academic
E04901,RA26110290000070,RA26110290000085,6,Event
E04902,RA26110290000070,RA26110290000088,2,Project
E04903,RA26110290000071,RA26110290000072,4,Club
E04904,RA26110290000071,RA26110290000074,3,Academic
E04905,RA26110290000071,RA26110290000080,4,Project
E04906,RA26110290000071,RA26110290000083,1,Club
E04907,RA26110290000071,RA26110290000084,4,Academic
E04908,RA26110290000071,RA26110290000087,1,Social
E04909,RA26110290000072,RA26110290000073,1,Club
E04910,RA26110290000072,RA26110290000074,2,Club
E04911,RA26110290000072,RA26110290000077,4,Project
E04912,RA26110290000072,RA26110290000078,1,Event
E04913,RA26110290000072,RA26110290000079,4,Event
E04914,RA26110290000072,RA26110290000080,1,Event
E04915,RA26110290000072,RA26110290000083,1,Club
E04916,RA26110290000072,RA26110290000084,6,Social
E04917,RA26110290000072,RA26110290000085,2,Event
E04918,RA26110290000072,RA26110290000086,6,Academic
E04919,RA26110290000072,RA26110290000087,5,Academic
E04920,RA26110290000072,RA26110290000088,1,Academic
E04921,RA26110290000073,RA26110290000074,1,Club
E04922,RA26110290000073,RA26110290000081,3,Event
E04923,RA26110290000073,RA26110290000086,5,Social
E04924,RA26110290000073,RA26110290000088,2,Social
E04925,RA26110290000074,RA26110290000075,6,Club
E04926,RA26110290000074,RA26110290000078,6,Academic
E04927,RA26110290000074,RA26110290000080,2,Project
E04928,RA26110290000074,RA26110290000081,10,Academic
E04929,RA26110290000074,RA26110290000082,9,Club
E04930,RA26110290000074,RA26110290000084,3,Event
E04931,RA26110290000074,RA26110290000085,1,Event
E04932,RA26110290000074,RA26110290000086,4,Academic
E04933,RA26110290000075,RA26110290000076,1,Social
E04934,RA26110290000075,RA26110290000077,1,Project
E04935,RA26110290000075,RA26110290000079,4,Club
E04936,RA26110290000075,RA26110290000083,4,Club
E04937,RA26110290000076,RA26110290000077,1,Club
E04938,RA26110290000076,RA26110290000080,6,Academic
E04939,RA26110290000076,RA26110290000082,3,Project
E04940,RA26110290000076,RA26110290000084,2,Academic
E04941,RA26110290000076,RA26110290000085,2,Club
E04942,RA26110290000076,RA26110290000086,2,Social
E04943,RA26110290000076,RA26110290000088,2,Event
E04944,RA26110290000077,RA26110290000078,1,Event
E04945,RA26110290000077,RA26110290000079,1,Project
E04946,RA26110290000077,RA26110290000080,10,Academic
E04947,RA26110290000077,RA26110290000082,4,Social
E04948,RA26110290000077,RA26110290000086,3,Event
E04949,RA26110290000077,RA26110290000088,2,Event
E04950,RA26110290000078,RA26110290000079,2,Project
E04951,RA26110290000078,RA26110290000082,4,Event
E04952,RA26110290000078,RA26110290000084,4,Academic
E04953,RA26110290000078,RA26110290000086,3,Academic
E04954,RA26110290000078,RA26110290000088,2,Social
E04955,RA26110290000079,RA26110290000080,1,Project
E04956,RA26110290000079,RA26110290000081,1,Project
E04957,RA26110290000079,RA26110290000083,3,Academic
E04958,RA26110290000079,RA26110290000087,6,Project
E04959,RA26110290000080,RA26110290000081,1,Social
E04960,RA26110290000080,RA26110290000082,8,Event
E04961,RA26110290000080,RA26110290000084,12,Social
E04962,RA26110290000080,RA26110290000086,1,Academic
E04963,RA26110290000080,RA26110290000088,1,Social
E04964,RA26110290000081,RA26110290000082,5,Event
E04965,RA26110290000081,RA26110290000085,3,Social
E04966,RA26110290000081,RA26110290000086,2,Academic
E04967,RA26110290000082,RA26110290000083,1,Social
E04968,RA26110290000082,RA26110290000084,7,Club
E04969,RA26110290000082,RA26110290000085,2,Project
E04970,RA26110290000082,RA26110290000086,3,Club
E04971,RA26110290000082,RA26110290000087,2,Club
E04972,RA26110290000082,RA26110540000068,8,Cross-Department
E04973,RA26110290000083,RA26110290000084,2,Academic
E04974,RA26110290000083,RA26110290000086,2,Social
E04975,RA26110290000084,RA26110290000085,2,Social
E04976,RA26110290000084,RA26110290000086,1,Event
E04977,RA26110290000084,RA26110290000088,3,Event
E04978,RA26110290000085,RA26110290000086,1,Project
E04979,RA26110290000085,RA26110290000087,3,Social
E04980,RA26110290000085,RA26110290000088,1,Project
E04981,RA26110290000086,RA26110290000087,1,Social
E04982,RA26110290000086,RA26110290000088,1,Club
E04983,RA26110290000087,RA26110290000088,6,Project
E04984,RA26110300000067,RA26110300000068,6,Club
E04985,RA26110300000067,RA26110300000071,1,Social
E04986,RA26110300000067,RA26110300000072,2,Academic
E04987,RA26110300000067,RA26110300000074,1,Social
E04988,RA26110300000067,RA26110300000076,4,Project
E04989,RA26110300000067,RA26110300000078,5,Club
E04990,RA26110300000067,RA26110300000079,2,Social
E04991,RA26110300000067,RA26110300000082,7,Event
E04992,RA26110300000067,RA26110300000083,3,Academic
E04993,RA26110300000067,RA26110300000084,1,Club
E04994,RA26110300000067,RA26110300000087,1,Academic
E04995,RA26110300000067,RA26110300000088,2,Social
E04996,RA26110300000068,RA26110300000069,1,Social
E04997,RA26110300000068,RA26110300000071,2,Club
E04998,RA26110300000068,RA26110300000072,3,Project
E04999,RA26110300000068,RA26110300000076,5,Club
E05000,RA26110300000068,RA26110300000079,1,Academic
E05001,RA26110300000068,RA26110300000080,2,Project
E05002,RA26110300000068,RA26110300000081,1,Event
E05003,RA26110300000068,RA26110300000082,3,Club
E05004,RA26110300000068,RA26110300000085,7,Academic
E05005,RA26110300000069,RA26110300000070,1,Academic
E05006,RA26110300000069,RA26110300000072,2,Event
E05007,RA26110300000069,RA26110300000073,1,Event
E05008,RA26110300000069,RA26110300000075,1,Social
E05009,RA26110300000069,RA26110300000079,8,Project
E05010,RA26110300000069,RA26110300000082,3,Club
E05011,RA26110300000069,RA26110300000085,3,Club
E05012,RA26110300000069,RA26110300000086,5,Event
E05013,RA26110300000070,RA26110300000071,3,Project
E05014,RA26110300000070,RA26110300000073,3,Club
E05015,RA26110300000070,RA26110300000074,6,Social
E05016,RA26110300000070,RA26110300000075,8,Club
E05017,RA26110300000070,RA26110300000076,2,Academic
E05018,RA26110300000070,RA26110300000077,4,Event
E05019,RA26110300000070,RA26110300000080,2,Academic
E05020,RA26110300000070,RA26110300000084,5,Event
E05021,RA26110300000070,RA26110300000086,6,Project
E05022,RA26110300000071,RA26110300000072,1,Project
E05023,RA26110300000071,RA26110300000078,4,Academic
E05024,RA26110300000071,RA26110300000079,1,Project
E05025,RA26110300000071,RA26110300000080,6,Project
E05026,RA26110300000071,RA26110300000082,1,Event
E05027,RA26110300000071,RA26110300000085,2,Event
E05028,RA26110300000071,RA26110300000087,3,Social
E05029,RA26110300000072,RA26110300000073,1,Project
E05030,RA26110300000072,RA26110300000074,1,Academic
E05031,RA26110300000072,RA26110300000075,4,Club
E05032,RA26110300000072,RA26110300000077,1,Club
E05033,RA26110300000072,RA26110300000078,1,Social
E05034,RA26110300000072,RA26110300000079,4,Academic
E05035,RA26110300000072,RA26110300000083,7,Academic
E05036,RA26110300000072,RA26110300000084,5,Project
E05037,RA26110300000072,RA26110300000085,3,Event
E05038,RA26110300000072,RA26110300000086,3,Event
E05039,RA26110300000072,RA26110300000088,8,Event
E05040,RA26110300000073,RA26110300000074,4,Academic
E05041,RA26110300000073,RA26110300000076,2,Event
E05042,RA26110300000073,RA26110300000077,5,Academic
E05043,RA26110300000073,RA26110300000079,9,Club
E05044,RA26110300000073,RA26110300000080,9,Social
E05045,RA26110300000073,RA26110300000085,6,Event
E05046,RA26110300000073,RA26110300000086,4,Academic
E05047,RA26110300000073,RA26110300000087,5,Project
E05048,RA26110300000074,RA26110300000075,4,Club
E05049,RA26110300000074,RA26110300000079,1,Project
E05050,RA26110300000074,RA26110300000080,5,Event
E05051,RA26110300000074,RA26110300000082,6,Club
E05052,RA26110300000074,RA26110300000086,3,Event
E05053,RA26110300000074,RA26110300000087,4,Event
E05054,RA26110300000074,RA26110300000088,1,Project
E05055,RA26110300000075,RA26110300000076,5,Club
E05056,RA26110300000075,RA26110300000077,1,Event
E05057,RA26110300000075,RA26110300000078,1,Project
E05058,RA26110300000075,RA26110300000079,4,Academic
E05059,RA26110300000075,RA26110300000082,3,Academic
E05060,RA26110300000076,RA26110300000077,5,Club
E05061,RA26110300000076,RA26110300000079,2,Social
E05062,RA26110300000076,RA26110300000080,3,Academic
E05063,RA26110300000076,RA26110300000082,5,Club
E05064,RA26110300000076,RA26110300000083,8,Project
E05065,RA26110300000076,RA26110300000087,4,Social
E05066,RA26110300000076,RA26110300000088,4,Social
E05067,RA26110300000077,RA26110300000078,1,Project
E05068,RA26110300000077,RA26110300000080,2,Project
E05069,RA26110300000077,RA26110300000085,2,Academic
E05070,RA26110300000078,RA26110300000079,2,Academic
E05071,RA26110300000078,RA26110300000081,4,Project
E05072,RA26110300000078,RA26110300000083,3,Event
E05073,RA26110300000079,RA26110300000080,2,Academic
E05074,RA26110300000079,RA26110300000081,1,Social
E05075,RA26110300000079,RA26110300000082,5,Event
E05076,RA26110300000079,RA26110300000083,7,Project
E05077,RA26110300000079,RA26110300000084,1,Event
E05078,RA26110300000079,RA26110300000085,2,Social
E05079,RA26110300000079,RA26110300000086,6,Club
E05080,RA26110300000080,RA26110300000081,1,Academic
E05081,RA26110300000080,RA26110300000082,12,Event
E05082,RA26110300000080,RA26110300000083,8,Club
E05083,RA26110300000080,RA26110300000084,2,Social
E05084,RA26110300000080,RA26110300000087,4,Event
E05085,RA26110300000081,RA26110300000082,4,Club
E05086,RA26110300000081,RA26110300000084,8,Club
E05087,RA26110300000081,RA26110300000085,3,Project
E05088,RA26110300000081,RA26110300000086,5,Social
E05089,RA26110300000081,RA26110300000087,1,Social
E05090,RA26110300000082,RA26110300000083,2,Academic
E05091,RA26110300000082,RA26110300000084,6,Event
E05092,RA26110300000082,RA26110300000086,5,Academic
E05093,RA26110300000082,RA26110300000087,7,Event
E05094,RA26110300000082,RA26110300000088,1,Social
E05095,RA26110300000083,RA26110300000084,2,Social
E05096,RA26110300000083,RA26110300000085,6,Academic
E05097,RA26110300000083,RA26110300000088,3,Event
E05098,RA26110300000084,RA26110300000085,1,Club
E05099,RA26110300000084,RA26110300000088,5,Project
E05100,RA26110300000085,RA26110300000086,3,Academic
E05101,RA26110300000085,RA26110300000087,1,Club
E05102,RA26110300000085,RA26110300000088,8,Club
E05103,RA26110300000086,RA26110300000087,3,Event
E05104,RA26110300000087,RA26110300000088,1,Event
E05105,RA26110540000067,RA26110540000068,3,Academic
E05106,RA26110540000067,RA26110540000073,1,Social
E05107,RA26110540000067,RA26110540000075,2,Project
E05108,RA26110540000067,RA26110540000077,8,Event
E05109,RA26110540000067,RA26110540000079,6,Social
E05110,RA26110540000067,RA26110540000080,3,Project
E05111,RA26110540000067,RA26110540000082,1,Club
E05112,RA26110540000067,RA26110540000083,8,Academic
E05113,RA26110540000067,RA26110540000084,2,Social
E05114,RA26110540000067,RA26110540000088,3,Social
E05115,RA26110540000067,RA26110560000080,7,Cross-Department
E05116,RA26110540000068,RA26110540000069,4,Project
E05117,RA26110540000068,RA26110540000070,3,Event
E05118,RA26110540000068,RA26110540000072,1,Academic
E05119,RA26110540000068,RA26110540000075,3,Academic
E05120,RA26110540000068,RA26110540000078,2,Project
E05121,RA26110540000068,RA26110540000080,3,Social
E05122,RA26110540000068,RA26110540000086,3,Event
E05123,RA26110540000068,RA26110540000087,14,Event
E05124,RA26110540000068,RA26110560000085,7,Cross-Department
E05125,RA26110540000069,RA26110540000070,1,Club
E05126,RA26110540000069,RA26110540000074,1,Social
E05127,RA26110540000069,RA26110540000078,3,Academic
E05128,RA26110540000069,RA26110540000080,3,Project
E05129,RA26110540000069,RA26110540000085,1,Social
E05130,RA26110540000069,RA26110540000087,2,Event
E05131,RA26110540000070,RA26110540000071,3,Event
E05132,RA26110540000070,RA26110540000072,3,Event
E05133,RA26110540000070,RA26110540000074,4,Social
E05134,RA26110540000070,RA26110540000075,5,Club
E05135,RA26110540000070,RA26110540000079,1,Club
E05136,RA26110540000070,RA26110540000081,3,Academic
E05137,RA26110540000070,RA26110540000082,3,Project
E05138,RA26110540000070,RA26110540000086,2,Club
E05139,RA26110540000071,RA26110540000072,10,Project
E05140,RA26110540000071,RA26110540000074,4,Event
E05141,RA26110540000071,RA26110540000077,2,Event
E05142,RA26110540000071,RA26110540000081,2,Social
E05143,RA26110540000071,RA26110540000083,3,Club
E05144,RA26110540000071,RA26110540000085,2,Social
E05145,RA26110540000071,RA26110540000086,1,Academic
E05146,RA26110540000071,RA26110540000088,3,Academic
E05147,RA26110540000072,RA26110540000073,1,Social
E05148,RA26110540000072,RA26110540000079,7,Social
E05149,RA26110540000072,RA26110540000088,4,Academic
E05150,RA26110540000072,RA26110560000079,4,Cross-Department
E05151,RA26110540000073,RA26110540000074,9,Club
E05152,RA26110540000073,RA26110540000075,1,Academic
E05153,RA26110540000073,RA26110540000081,7,Club
E05154,RA26110540000073,RA26110540000082,6,Project
E05155,RA26110540000073,RA26110540000084,2,Project
E05156,RA26110540000073,RA26110540000085,4,Academic
E05157,RA26110540000074,RA26110540000075,3,Project
E05158,RA26110540000074,RA26110540000076,5,Event
E05159,RA26110540000074,RA26110540000077,6,Academic
E05160,RA26110540000074,RA26110540000079,2,Academic
E05161,RA26110540000074,RA26110540000084,2,Project
E05162,RA26110540000075,RA26110540000076,6,Club
E05163,RA26110540000075,RA26110540000077,2,Event
E05164,RA26110540000075,RA26110540000082,6,Project
E05165,RA26110540000075,RA26110540000084,3,Project
E05166,RA26110540000075,RA26110540000085,3,Academic
E05167,RA26110540000075,RA26110540000086,3,Event
E05168,RA26110540000075,RA26110540000087,8,Project
E05169,RA26110540000076,RA26110540000077,2,Social
E05170,RA26110540000076,RA26110540000078,4,Club
E05171,RA26110540000076,RA26110540000079,7,Social
E05172,RA26110540000076,RA26110540000080,4,Club
E05173,RA26110540000076,RA26110540000084,2,Social
E05174,RA26110540000076,RA26110540000086,4,Club
E05175,RA26110540000076,RA26110540000088,4,Social
E05176,RA26110540000077,RA26110540000078,8,Academic
E05177,RA26110540000077,RA26110540000079,2,Event
E05178,RA26110540000077,RA26110540000084,14,Academic
E05179,RA26110540000078,RA26110540000079,5,Event
E05180,RA26110540000078,RA26110540000082,4,Club
E05181,RA26110540000078,RA26110540000084,3,Event
E05182,RA26110540000078,RA26110540000085,6,Academic
E05183,RA26110540000078,RA26110560000070,4,Cross-Department
E05184,RA26110540000079,RA26110540000080,3,Event
E05185,RA26110540000079,RA26110540000084,2,Social
E05186,RA26110540000079,RA26110540000087,8,Club
E05187,RA26110540000079,RA26110540000088,3,Social
E05188,RA26110540000080,RA26110540000081,2,Project
E05189,RA26110540000080,RA26110540000082,9,Academic
E05190,RA26110540000080,RA26110540000083,5,Club
E05191,RA26110540000080,RA26110540000085,4,Project
E05192,RA26110540000080,RA26110540000086,6,Academic
E05193,RA26110540000080,RA26110540000088,5,Project
E05194,RA26110540000081,RA26110540000082,7,Project
E05195,RA26110540000081,RA26110540000085,6,Project
E05196,RA26110540000081,RA26110540000086,6,Project
E05197,RA26110540000081,RA26110540000088,6,Event
E05198,RA26110540000081,RA26110560000071,5,Cross-Department
E05199,RA26110540000082,RA26110540000083,6,Project
E05200,RA26110540000082,RA26110540000085,1,Club
E05201,RA26110540000083,RA26110540000084,1,Project
E05202,RA26110540000083,RA26110540000086,1,Event
E05203,RA26110540000084,RA26110540000085,1,Academic
E05204,RA26110540000084,RA26110540000088,7,Academic
E05205,RA26110540000084,RA26110560000076,4,Cross-Department
E05206,RA26110540000085,RA26110540000086,6,Event
E05207,RA26110540000085,RA26110540000087,1,Social
E05208,RA26110540000086,RA26110540000087,3,Project
E05209,RA26110540000086,RA26110560000069,5,Cross-Department
E05210,RA26110540000087,RA26110540000088,1,Club
E05211,RA26110540000087,RA26110560000069,4,Cross-Department
E05212,RA26110540000087,RA26110560000088,5,Cross-Department
E05213,RA26110560000067,RA26110560000068,3,Club
E05214,RA26110560000067,RA26110560000073,2,Event
E05215,RA26110560000067,RA26110560000074,7,Social
E05216,RA26110560000067,RA26110560000079,4,Event
E05217,RA26110560000067,RA26110560000082,7,Project
E05218,RA26110560000067,RA26110560000085,9,Event
E05219,RA26110560000067,RA26110560000087,3,Club
E05220,RA26110560000067,RA26110560000088,2,Academic
E05221,RA26110560000068,RA26110560000069,4,Club
E05222,RA26110560000068,RA26110560000072,4,Event
E05223,RA26110560000068,RA26110560000073,3,Social
E05224,RA26110560000068,RA26110560000077,4,Academic
E05225,RA26110560000068,RA26110560000079,3,Project
E05226,RA26110560000068,RA26110560000080,4,Event
E05227,RA26110560000068,RA26110560000081,1,Project
E05228,RA26110560000068,RA26110560000083,1,Academic
E05229,RA26110560000068,RA26110560000085,4,Academic
E05230,RA26110560000068,RA26110560000086,2,Academic
E05231,RA26110560000069,RA26110560000070,2,Club
E05232,RA26110560000069,RA26110560000071,2,Event
E05233,RA26110560000069,RA26110560000072,1,Event
E05234,RA26110560000069,RA26110560000073,1,Academic
E05235,RA26110560000069,RA26110560000081,2,Club
E05236,RA26110560000069,RA26110560000083,3,Club
E05237,RA26110560000069,RA26110560000086,1,Academic
E05238,RA26110560000070,RA26110560000071,9,Social
E05239,RA26110560000070,RA26110560000074,2,Event
E05240,RA26110560000070,RA26110560000078,6,Event
E05241,RA26110560000070,RA26110560000079,3,Academic
E05242,RA26110560000070,RA26110560000081,3,Club
E05243,RA26110560000070,RA26110560000082,2,Event
E05244,RA26110560000070,RA26110560000083,1,Academic
E05245,RA26110560000070,RA26110560000085,6,Project
E05246,RA26110560000070,RA26110560000088,1,Social
E05247,RA26110560000071,RA26110560000072,1,Project
E05248,RA26110560000071,RA26110560000073,1,Project
E05249,RA26110560000071,RA26110560000081,2,Social
E05250,RA26110560000071,RA26110560000085,3,Social
E05251,RA26110560000071,RA26110560000086,1,Event
E05252,RA26110560000071,RA26110560000087,5,Social
E05253,RA26110560000072,RA26110560000073,5,Club
E05254,RA26110560000072,RA26110560000075,7,Project
E05255,RA26110560000072,RA26110560000084,4,Social
E05256,RA26110560000072,RA26110560000085,2,Club
E05257,RA26110560000072,RA26110560000086,2,Academic
E05258,RA26110560000073,RA26110560000074,7,Club
E05259,RA26110560000073,RA26110560000075,4,Club
E05260,RA26110560000073,RA26110560000078,1,Event
E05261,RA26110560000073,RA26110560000081,2,Club
E05262,RA26110560000073,RA26110560000082,4,Academic
E05263,RA26110560000073,RA26110560000087,5,Event
E05264,RA26110560000074,RA26110560000075,3,Social
E05265,RA26110560000074,RA26110560000076,5,Event
E05266,RA26110560000074,RA26110560000083,3,Social
E05267,RA26110560000074,RA26110560000084,2,Event
E05268,RA26110560000074,RA26110560000085,1,Project
E05269,RA26110560000074,RA26110560000088,5,Academic
E05270,RA26110560000075,RA26110560000076,4,Academic
E05271,RA26110560000075,RA26110560000078,6,Project
E05272,RA26110560000075,RA26110560000079,1,Project
E05273,RA26110560000075,RA26110560000080,2,Club
E05274,RA26110560000075,RA26110560000083,4,Event
E05275,RA26110560000075,RA26110560000086,1,Project
E05276,RA26110560000075,RA26110560000088,2,Club
E05277,RA26110560000076,RA26110560000077,1,Club
E05278,RA26110560000076,RA26110560000080,8,Academic
E05279,RA26110560000076,RA26110560000081,5,Club
E05280,RA26110560000076,RA26110560000082,5,Social
E05281,RA26110560000076,RA26110560000085,5,Academic
E05282,RA26110560000076,RA26110560000086,2,Academic
E05283,RA26110560000077,RA26110560000078,3,Project
E05284,RA26110560000077,RA26110560000080,8,Project
E05285,RA26110560000077,RA26110560000081,2,Social
E05286,RA26110560000077,RA26110560000082,4,Event
E05287,RA26110560000078,RA26110560000079,2,Event
E05288,RA26110560000078,RA26110560000080,2,Event
E05289,RA26110560000078,RA26110560000081,4,Social
E05290,RA26110560000078,RA26110560000082,1,Social
E05291,RA26110560000078,RA26110560000083,3,Event
E05292,RA26110560000078,RA26110560000084,2,Event
E05293,RA26110560000078,RA26110560000085,2,Social
E05294,RA26110560000078,RA26110560000087,5,Academic
E05295,RA26110560000079,RA26110560000080,3,Project
E05296,RA26110560000079,RA26110560000083,3,Project
E05297,RA26110560000079,RA26110560000085,1,Project
E05298,RA26110560000079,RA26110560000087,7,Social
E05299,RA26110560000079,RA26110560000088,10,Social
E05300,RA26110560000080,RA26110560000081,2,Academic
E05301,RA26110560000080,RA26110560000086,3,Project
E05302,RA26110560000080,RA26110560000087,1,Project
E05303,RA26110560000080,RA26110560000088,1,Club
E05304,RA26110560000081,RA26110560000082,4,Club
E05305,RA26110560000081,RA26110560000085,1,Project
E05306,RA26110560000081,RA26110560000086,1,Social
E05307,RA26110560000081,RA26110560000087,1,Club
E05308,RA26110560000081,RA26110560000088,5,Event
E05309,RA26110560000082,RA26110560000083,1,Club
E05310,RA26110560000082,RA26110560000088,3,Event
E05311,RA26110560000083,RA26110560000084,1,Social
E05312,RA26110560000083,RA26110560000085,1,Project
E05313,RA26110560000083,RA26110560000086,2,Event
E05314,RA26110560000084,RA26110560000085,2,Social
E05315,RA26110560000084,RA26110560000088,2,Social
E05316,RA26110560000085,RA26110560000086,3,Project
E05317,RA26110560000085,RA26110560000087,8,Club
E05318,RA26110560000086,RA26110560000087,2,Social
E05319,RA26110560000086,RA26110560000088,2,Club
E05320,RA26110560000087,RA26110560000088,2,Academic
